build-desktop (windows-latest)	Set up job	﻿2026-08-01T13:59:15.9705698Z Current runner version: '2.336.0'
build-desktop (windows-latest)	Set up job	2026-08-01T13:59:15.9752956Z ##[group]Runner Image Provisioner
build-desktop (windows-latest)	Set up job	2026-08-01T13:59:15.9753870Z Hosted Compute Agent
build-desktop (windows-latest)	Set up job	2026-08-01T13:59:15.9754456Z Version: 20260707.563
build-desktop (windows-latest)	Set up job	2026-08-01T13:59:15.9755017Z Commit: 02667638d2b423fbc733a8e32a88b44996a3ba6e
build-desktop (windows-latest)	Set up job	2026-08-01T13:59:15.9755753Z Build Date: 2026-07-07T19:33:50Z
build-desktop (windows-latest)	Set up job	2026-08-01T13:59:15.9756391Z Worker ID: {24c83927-2ddf-4656-9726-b842ae470567}
build-desktop (windows-latest)	Set up job	2026-08-01T13:59:15.9757054Z Azure Region: westus2
build-desktop (windows-latest)	Set up job	2026-08-01T13:59:15.9757617Z ##[endgroup]
build-desktop (windows-latest)	Set up job	2026-08-01T13:59:15.9759028Z ##[group]Operating System
build-desktop (windows-latest)	Set up job	2026-08-01T13:59:15.9759703Z Microsoft Windows Server 2025
build-desktop (windows-latest)	Set up job	2026-08-01T13:59:15.9760764Z 10.0.26100
build-desktop (windows-latest)	Set up job	2026-08-01T13:59:15.9761307Z Datacenter
build-desktop (windows-latest)	Set up job	2026-08-01T13:59:15.9761827Z ##[endgroup]
build-desktop (windows-latest)	Set up job	2026-08-01T13:59:15.9762355Z ##[group]Runner Image
build-desktop (windows-latest)	Set up job	2026-08-01T13:59:15.9762920Z Image: windows-2025-vs2026
build-desktop (windows-latest)	Set up job	2026-08-01T13:59:15.9763528Z Version: 20260714.173.1
build-desktop (windows-latest)	Set up job	2026-08-01T13:59:15.9764636Z Included Software: https://github.com/actions/runner-images/blob/win25-vs2026/20260714.173/images/windows/Windows2025-VS2026-Readme.md
build-desktop (windows-latest)	Set up job	2026-08-01T13:59:15.9766643Z Image Release: https://github.com/actions/runner-images/releases/tag/win25-vs2026%2F20260714.173
build-desktop (windows-latest)	Set up job	2026-08-01T13:59:15.9767596Z ##[endgroup]
build-desktop (windows-latest)	Set up job	2026-08-01T13:59:15.9770713Z ##[group]GITHUB_TOKEN Permissions
build-desktop (windows-latest)	Set up job	2026-08-01T13:59:15.9772801Z Actions: write
build-desktop (windows-latest)	Set up job	2026-08-01T13:59:15.9773438Z ArtifactMetadata: write
build-desktop (windows-latest)	Set up job	2026-08-01T13:59:15.9774020Z Attestations: write
build-desktop (windows-latest)	Set up job	2026-08-01T13:59:15.9774540Z Checks: write
build-desktop (windows-latest)	Set up job	2026-08-01T13:59:15.9775063Z CodeQuality: write
build-desktop (windows-latest)	Set up job	2026-08-01T13:59:15.9775589Z Contents: write
build-desktop (windows-latest)	Set up job	2026-08-01T13:59:15.9776438Z CopilotRequests: write
build-desktop (windows-latest)	Set up job	2026-08-01T13:59:15.9776994Z Deployments: write
build-desktop (windows-latest)	Set up job	2026-08-01T13:59:15.9777502Z Discussions: write
build-desktop (windows-latest)	Set up job	2026-08-01T13:59:15.9778035Z Drives: write
build-desktop (windows-latest)	Set up job	2026-08-01T13:59:15.9778528Z Issues: write
build-desktop (windows-latest)	Set up job	2026-08-01T13:59:15.9779011Z Metadata: read
build-desktop (windows-latest)	Set up job	2026-08-01T13:59:15.9779583Z Models: read
build-desktop (windows-latest)	Set up job	2026-08-01T13:59:15.9780081Z Packages: write
build-desktop (windows-latest)	Set up job	2026-08-01T13:59:15.9781040Z Pages: write
build-desktop (windows-latest)	Set up job	2026-08-01T13:59:15.9781632Z PullRequests: write
build-desktop (windows-latest)	Set up job	2026-08-01T13:59:15.9782176Z RepositoryProjects: write
build-desktop (windows-latest)	Set up job	2026-08-01T13:59:15.9782789Z SecurityEvents: write
build-desktop (windows-latest)	Set up job	2026-08-01T13:59:15.9783328Z Statuses: write
build-desktop (windows-latest)	Set up job	2026-08-01T13:59:15.9783853Z VulnerabilityAlerts: read
build-desktop (windows-latest)	Set up job	2026-08-01T13:59:15.9784423Z ##[endgroup]
build-desktop (windows-latest)	Set up job	2026-08-01T13:59:15.9786703Z Secret source: Actions
build-desktop (windows-latest)	Set up job	2026-08-01T13:59:15.9787784Z Prepare workflow directory
build-desktop (windows-latest)	Set up job	2026-08-01T13:59:16.0148563Z Prepare all required actions
build-desktop (windows-latest)	Set up job	2026-08-01T13:59:16.0215938Z Getting action download info
build-desktop (windows-latest)	Set up job	2026-08-01T13:59:16.3629104Z Download action repository 'actions/checkout@v4' (SHA:11d5960a326750d5838078e36cf38b85af677262)
build-desktop (windows-latest)	Set up job	2026-08-01T13:59:16.6674446Z Download action repository 'actions/setup-node@v4' (SHA:49933ea5288caeca8642d1e84afbd3f7d6820020)
build-desktop (windows-latest)	Set up job	2026-08-01T13:59:16.8352420Z Download action repository 'dtolnay/rust-toolchain@stable' (SHA:4cda84d5c5c54efe2404f9d843567869ab1699d4)
build-desktop (windows-latest)	Set up job	2026-08-01T13:59:16.9654012Z Download action repository 'tauri-apps/tauri-action@v0.5.2' (SHA:efcf29f3275be7c39922887eede87441f012b79b)
build-desktop (windows-latest)	Set up job	2026-08-01T13:59:17.2704834Z Download action repository 'actions/upload-artifact@v4' (SHA:ea165f8d65b6e75b540449e92b4886f43607fa02)
build-desktop (windows-latest)	Set up job	2026-08-01T13:59:17.6724713Z Complete job name: build-desktop (windows-latest)
build-desktop (windows-latest)	Run actions/checkout@v4	﻿2026-08-01T13:59:17.8345130Z Node 20 is being deprecated. This workflow is running with Node 24 by default. If you need to temporarily use Node 20, you can set the ACTIONS_ALLOW_USE_UNSECURE_NODE_VERSION=true environment variable. For more information see: https://github.blog/changelog/2025-09-19-deprecation-of-node-20-on-github-actions-runners/
build-desktop (windows-latest)	Run actions/checkout@v4	2026-08-01T13:59:17.8355704Z ##[group]Run actions/checkout@v4
build-desktop (windows-latest)	Run actions/checkout@v4	2026-08-01T13:59:17.8356484Z with:
build-desktop (windows-latest)	Run actions/checkout@v4	2026-08-01T13:59:17.8356918Z   repository: sudo0bora/BoraPlayer
build-desktop (windows-latest)	Run actions/checkout@v4	2026-08-01T13:59:17.8362142Z   token: ***
build-desktop (windows-latest)	Run actions/checkout@v4	2026-08-01T13:59:17.8362566Z   ssh-strict: true
build-desktop (windows-latest)	Run actions/checkout@v4	2026-08-01T13:59:17.8362978Z   ssh-user: git
build-desktop (windows-latest)	Run actions/checkout@v4	2026-08-01T13:59:17.8363392Z   persist-credentials: true
build-desktop (windows-latest)	Run actions/checkout@v4	2026-08-01T13:59:17.8363863Z   clean: true
build-desktop (windows-latest)	Run actions/checkout@v4	2026-08-01T13:59:17.8364289Z   sparse-checkout-cone-mode: true
build-desktop (windows-latest)	Run actions/checkout@v4	2026-08-01T13:59:17.8366709Z   fetch-depth: 1
build-desktop (windows-latest)	Run actions/checkout@v4	2026-08-01T13:59:17.8367156Z   fetch-tags: false
build-desktop (windows-latest)	Run actions/checkout@v4	2026-08-01T13:59:17.8367592Z   show-progress: true
build-desktop (windows-latest)	Run actions/checkout@v4	2026-08-01T13:59:17.8368020Z   lfs: false
build-desktop (windows-latest)	Run actions/checkout@v4	2026-08-01T13:59:17.8368410Z   submodules: false
build-desktop (windows-latest)	Run actions/checkout@v4	2026-08-01T13:59:17.8368887Z   set-safe-directory: true
build-desktop (windows-latest)	Run actions/checkout@v4	2026-08-01T13:59:17.8369376Z   allow-unsafe-pr-checkout: false
build-desktop (windows-latest)	Run actions/checkout@v4	2026-08-01T13:59:17.8370232Z ##[endgroup]
build-desktop (windows-latest)	Run actions/checkout@v4	2026-08-01T13:59:17.9961578Z Syncing repository: sudo0bora/BoraPlayer
build-desktop (windows-latest)	Run actions/checkout@v4	2026-08-01T13:59:17.9963683Z ##[group]Getting Git version info
build-desktop (windows-latest)	Run actions/checkout@v4	2026-08-01T13:59:17.9964419Z Working directory is 'D:\a\BoraPlayer\BoraPlayer'
build-desktop (windows-latest)	Run actions/checkout@v4	2026-08-01T13:59:18.1031406Z [command]"C:\Program Files\Git\bin\git.exe" version
build-desktop (windows-latest)	Run actions/checkout@v4	2026-08-01T13:59:18.4900695Z git version 2.55.0.windows.2
build-desktop (windows-latest)	Run actions/checkout@v4	2026-08-01T13:59:18.4950234Z ##[endgroup]
build-desktop (windows-latest)	Run actions/checkout@v4	2026-08-01T13:59:18.4970812Z Temporarily overriding HOME='D:\a\_temp\afb97d8c-dc68-42c8-8364-0fdf7d23df8b' before making global git config changes
build-desktop (windows-latest)	Run actions/checkout@v4	2026-08-01T13:59:18.4972395Z Adding repository directory to the temporary git global config as a safe directory
build-desktop (windows-latest)	Run actions/checkout@v4	2026-08-01T13:59:18.4981751Z [command]"C:\Program Files\Git\bin\git.exe" config --global --add safe.directory D:\a\BoraPlayer\BoraPlayer
build-desktop (windows-latest)	Run actions/checkout@v4	2026-08-01T13:59:18.5649695Z Deleting the contents of 'D:\a\BoraPlayer\BoraPlayer'
build-desktop (windows-latest)	Run actions/checkout@v4	2026-08-01T13:59:18.5656259Z ##[group]Initializing the repository
build-desktop (windows-latest)	Run actions/checkout@v4	2026-08-01T13:59:18.5664508Z [command]"C:\Program Files\Git\bin\git.exe" init D:\a\BoraPlayer\BoraPlayer
build-desktop (windows-latest)	Run actions/checkout@v4	2026-08-01T13:59:18.6588349Z Initialized empty Git repository in D:/a/BoraPlayer/BoraPlayer/.git/
build-desktop (windows-latest)	Run actions/checkout@v4	2026-08-01T13:59:18.6635046Z [command]"C:\Program Files\Git\bin\git.exe" remote add origin https://github.com/sudo0bora/BoraPlayer
build-desktop (windows-latest)	Run actions/checkout@v4	2026-08-01T13:59:18.7245497Z ##[endgroup]
build-desktop (windows-latest)	Run actions/checkout@v4	2026-08-01T13:59:18.7246659Z ##[group]Disabling automatic garbage collection
build-desktop (windows-latest)	Run actions/checkout@v4	2026-08-01T13:59:18.7253527Z [command]"C:\Program Files\Git\bin\git.exe" config --local gc.auto 0
build-desktop (windows-latest)	Run actions/checkout@v4	2026-08-01T13:59:18.7552625Z ##[endgroup]
build-desktop (windows-latest)	Run actions/checkout@v4	2026-08-01T13:59:18.7553747Z ##[group]Setting up auth
build-desktop (windows-latest)	Run actions/checkout@v4	2026-08-01T13:59:18.7565282Z [command]"C:\Program Files\Git\bin\git.exe" config --local --name-only --get-regexp core\.sshCommand
build-desktop (windows-latest)	Run actions/checkout@v4	2026-08-01T13:59:18.7865695Z [command]"C:\Program Files\Git\bin\git.exe" submodule foreach --recursive "sh -c \"git config --local --name-only --get-regexp 'core\.sshCommand' && git config --local --unset-all 'core.sshCommand' || :\""
build-desktop (windows-latest)	Run actions/checkout@v4	2026-08-01T13:59:20.2483333Z [command]"C:\Program Files\Git\bin\git.exe" config --local --name-only --get-regexp http\.https\:\/\/github\.com\/\.extraheader
build-desktop (windows-latest)	Run actions/checkout@v4	2026-08-01T13:59:20.2782981Z [command]"C:\Program Files\Git\bin\git.exe" submodule foreach --recursive "sh -c \"git config --local --name-only --get-regexp 'http\.https\:\/\/github\.com\/\.extraheader' && git config --local --unset-all 'http.https://github.com/.extraheader' || :\""
build-desktop (windows-latest)	Run actions/checkout@v4	2026-08-01T13:59:20.8308995Z [command]"C:\Program Files\Git\bin\git.exe" config --local --name-only --get-regexp ^includeIf\.gitdir:
build-desktop (windows-latest)	Run actions/checkout@v4	2026-08-01T13:59:20.8618901Z [command]"C:\Program Files\Git\bin\git.exe" submodule foreach --recursive "git config --local --show-origin --name-only --get-regexp remote.origin.url"
build-desktop (windows-latest)	Run actions/checkout@v4	2026-08-01T13:59:21.4003607Z [command]"C:\Program Files\Git\bin\git.exe" config --local http.https://github.com/.extraheader "AUTHORIZATION: basic ***"
build-desktop (windows-latest)	Run actions/checkout@v4	2026-08-01T13:59:21.4319893Z ##[endgroup]
build-desktop (windows-latest)	Run actions/checkout@v4	2026-08-01T13:59:21.4320818Z ##[group]Fetching the repository
build-desktop (windows-latest)	Run actions/checkout@v4	2026-08-01T13:59:21.4333794Z [command]"C:\Program Files\Git\bin\git.exe" -c protocol.version=2 fetch --no-tags --prune --no-recurse-submodules --depth=1 origin +bd75172388e9db320e8567845cae726788dec5c2:refs/tags/v1.0.17
build-desktop (windows-latest)	Run actions/checkout@v4	2026-08-01T13:59:23.4960552Z From https://github.com/sudo0bora/BoraPlayer
build-desktop (windows-latest)	Run actions/checkout@v4	2026-08-01T13:59:23.4961468Z  * [new ref]         bd75172388e9db320e8567845cae726788dec5c2 -> v1.0.17
build-desktop (windows-latest)	Run actions/checkout@v4	2026-08-01T13:59:23.4997614Z ##[endgroup]
build-desktop (windows-latest)	Run actions/checkout@v4	2026-08-01T13:59:23.5000794Z ##[group]Determining the checkout info
build-desktop (windows-latest)	Run actions/checkout@v4	2026-08-01T13:59:23.5001551Z ##[endgroup]
build-desktop (windows-latest)	Run actions/checkout@v4	2026-08-01T13:59:23.5012238Z [command]"C:\Program Files\Git\bin\git.exe" sparse-checkout disable
build-desktop (windows-latest)	Run actions/checkout@v4	2026-08-01T13:59:23.5505166Z [command]"C:\Program Files\Git\bin\git.exe" config --local --unset-all extensions.worktreeConfig
build-desktop (windows-latest)	Run actions/checkout@v4	2026-08-01T13:59:23.5822631Z ##[group]Checking out the ref
build-desktop (windows-latest)	Run actions/checkout@v4	2026-08-01T13:59:23.5832657Z [command]"C:\Program Files\Git\bin\git.exe" checkout --progress --force refs/tags/v1.0.17
build-desktop (windows-latest)	Run actions/checkout@v4	2026-08-01T13:59:23.9344574Z Note: switching to 'refs/tags/v1.0.17'.
build-desktop (windows-latest)	Run actions/checkout@v4	2026-08-01T13:59:23.9345067Z 
build-desktop (windows-latest)	Run actions/checkout@v4	2026-08-01T13:59:23.9345430Z You are in 'detached HEAD' state. You can look around, make experimental
build-desktop (windows-latest)	Run actions/checkout@v4	2026-08-01T13:59:23.9346180Z changes and commit them, and you can discard any commits you make in this
build-desktop (windows-latest)	Run actions/checkout@v4	2026-08-01T13:59:23.9346985Z state without impacting any branches by switching back to a branch.
build-desktop (windows-latest)	Run actions/checkout@v4	2026-08-01T13:59:23.9347475Z 
build-desktop (windows-latest)	Run actions/checkout@v4	2026-08-01T13:59:23.9347810Z If you want to create a new branch to retain commits you create, you may
build-desktop (windows-latest)	Run actions/checkout@v4	2026-08-01T13:59:23.9348635Z do so (now or later) by using -c with the switch command. Example:
build-desktop (windows-latest)	Run actions/checkout@v4	2026-08-01T13:59:23.9349041Z 
build-desktop (windows-latest)	Run actions/checkout@v4	2026-08-01T13:59:23.9349187Z   git switch -c <new-branch-name>
build-desktop (windows-latest)	Run actions/checkout@v4	2026-08-01T13:59:23.9349427Z 
build-desktop (windows-latest)	Run actions/checkout@v4	2026-08-01T13:59:23.9349528Z Or undo this operation with:
build-desktop (windows-latest)	Run actions/checkout@v4	2026-08-01T13:59:23.9349859Z 
build-desktop (windows-latest)	Run actions/checkout@v4	2026-08-01T13:59:23.9350380Z   git switch -
build-desktop (windows-latest)	Run actions/checkout@v4	2026-08-01T13:59:23.9350585Z 
build-desktop (windows-latest)	Run actions/checkout@v4	2026-08-01T13:59:23.9350950Z Turn off this advice by setting config variable advice.detachedHead to false
build-desktop (windows-latest)	Run actions/checkout@v4	2026-08-01T13:59:23.9351334Z 
build-desktop (windows-latest)	Run actions/checkout@v4	2026-08-01T13:59:23.9351510Z HEAD is now at bd75172 Explicit bundle config, non-fatal debug step
build-desktop (windows-latest)	Run actions/checkout@v4	2026-08-01T13:59:23.9481039Z ##[endgroup]
build-desktop (windows-latest)	Run actions/checkout@v4	2026-08-01T13:59:23.9882810Z [command]"C:\Program Files\Git\bin\git.exe" log -1 --format=%H
build-desktop (windows-latest)	Run actions/checkout@v4	2026-08-01T13:59:24.0149583Z bd75172388e9db320e8567845cae726788dec5c2
build-desktop (windows-latest)	Setup Node.js	﻿2026-08-01T13:59:24.0620295Z Node 20 is being deprecated. This workflow is running with Node 24 by default. If you need to temporarily use Node 20, you can set the ACTIONS_ALLOW_USE_UNSECURE_NODE_VERSION=true environment variable. For more information see: https://github.blog/changelog/2025-09-19-deprecation-of-node-20-on-github-actions-runners/
build-desktop (windows-latest)	Setup Node.js	2026-08-01T13:59:24.0622280Z ##[group]Run actions/setup-node@v4
build-desktop (windows-latest)	Setup Node.js	2026-08-01T13:59:24.0622544Z with:
build-desktop (windows-latest)	Setup Node.js	2026-08-01T13:59:24.0622718Z   node-version: 20
build-desktop (windows-latest)	Setup Node.js	2026-08-01T13:59:24.0622894Z   cache: npm
build-desktop (windows-latest)	Setup Node.js	2026-08-01T13:59:24.0623057Z   always-auth: false
build-desktop (windows-latest)	Setup Node.js	2026-08-01T13:59:24.0623244Z   check-latest: false
build-desktop (windows-latest)	Setup Node.js	2026-08-01T13:59:24.0625797Z   token: ***
build-desktop (windows-latest)	Setup Node.js	2026-08-01T13:59:24.0625972Z ##[endgroup]
build-desktop (windows-latest)	Setup Node.js	2026-08-01T13:59:24.2470153Z Attempting to download 20...
build-desktop (windows-latest)	Setup Node.js	2026-08-01T13:59:24.2650685Z (node:5904) [DEP0040] DeprecationWarning: The `punycode` module is deprecated. Please use a userland alternative instead.
build-desktop (windows-latest)	Setup Node.js	2026-08-01T13:59:24.8236035Z (Use `node --trace-deprecation ...` to show where the warning was created)
build-desktop (windows-latest)	Setup Node.js	2026-08-01T13:59:24.8315542Z Acquiring 20.20.2 - x64 from https://github.com/actions/node-versions/releases/download/20.20.2-23521894959/node-20.20.2-win32-x64.7z
build-desktop (windows-latest)	Setup Node.js	2026-08-01T13:59:25.2092272Z Extracting ...
build-desktop (windows-latest)	Setup Node.js	2026-08-01T13:59:27.4575686Z Adding to the cache ...
build-desktop (windows-latest)	Setup Node.js	2026-08-01T13:59:30.9814969Z ##[group]Environment details
build-desktop (windows-latest)	Setup Node.js	2026-08-01T13:59:32.1079275Z node: v20.20.2
build-desktop (windows-latest)	Setup Node.js	2026-08-01T13:59:32.1079707Z npm: 10.8.2
build-desktop (windows-latest)	Setup Node.js	2026-08-01T13:59:32.1079949Z yarn: 1.22.22
build-desktop (windows-latest)	Setup Node.js	2026-08-01T13:59:32.1080540Z ##[endgroup]
build-desktop (windows-latest)	Setup Node.js	2026-08-01T13:59:32.1879694Z [command]C:\Windows\system32\cmd.exe /D /S /C "C:\hostedtoolcache\windows\node\20.20.2\x64\npm.cmd config get cache"
build-desktop (windows-latest)	Setup Node.js	2026-08-01T13:59:32.5172291Z C:\npm\cache
build-desktop (windows-latest)	Setup Node.js	2026-08-01T13:59:32.9233306Z npm cache is not found
build-desktop (windows-latest)	Install Rust stable	﻿2026-08-01T13:59:32.9715042Z ##[group]Run dtolnay/rust-toolchain@stable
build-desktop (windows-latest)	Install Rust stable	2026-08-01T13:59:32.9715505Z with:
build-desktop (windows-latest)	Install Rust stable	2026-08-01T13:59:32.9715720Z   toolchain: stable
build-desktop (windows-latest)	Install Rust stable	2026-08-01T13:59:32.9715954Z ##[endgroup]
build-desktop (windows-latest)	Install Rust stable	2026-08-01T13:59:32.9811409Z ##[start-action display=Run : parse toolchain version;id=__dtolnay_rust-toolchain.parse]
build-desktop (windows-latest)	Install Rust stable	2026-08-01T13:59:32.9968887Z ##[group]Run : parse toolchain version
build-desktop (windows-latest)	Install Rust stable	2026-08-01T13:59:32.9969253Z [36;1m: parse toolchain version[0m
build-desktop (windows-latest)	Install Rust stable	2026-08-01T13:59:32.9969515Z [36;1mif [[ -z $toolchain ]]; then[0m
build-desktop (windows-latest)	Install Rust stable	2026-08-01T13:59:32.9970025Z [36;1m  # GitHub does not enforce `required: true` inputs itself. https://github.com/actions/runner/issues/1070[0m
build-desktop (windows-latest)	Install Rust stable	2026-08-01T13:59:32.9970819Z [36;1m  echo "'toolchain' is a required input" >&2[0m
build-desktop (windows-latest)	Install Rust stable	2026-08-01T13:59:32.9971103Z [36;1m  exit 1[0m
build-desktop (windows-latest)	Install Rust stable	2026-08-01T13:59:32.9971410Z [36;1melif [[ $toolchain =~ ^stable' '[0-9]+' '(year|month|week|day)s?' 'ago$ ]]; then[0m
build-desktop (windows-latest)	Install Rust stable	2026-08-01T13:59:32.9971806Z [36;1m  if [[ Windows == macOS ]]; then[0m
build-desktop (windows-latest)	Install Rust stable	2026-08-01T13:59:32.9972315Z [36;1m    echo "toolchain=1.$((($(date -v-$(sed 's/stable \([0-9]*\) \(.\).*/\1\2/' <<< $toolchain) +%s)/60/60/24-16569)/7/6))" >> $GITHUB_OUTPUT[0m
build-desktop (windows-latest)	Install Rust stable	2026-08-01T13:59:32.9972868Z [36;1m  else[0m
build-desktop (windows-latest)	Install Rust stable	2026-08-01T13:59:32.9973254Z [36;1m    echo "toolchain=1.$((($(date --date "${toolchain#stable }" +%s)/60/60/24-16569)/7/6))" >> $GITHUB_OUTPUT[0m
build-desktop (windows-latest)	Install Rust stable	2026-08-01T13:59:32.9973686Z [36;1m  fi[0m
build-desktop (windows-latest)	Install Rust stable	2026-08-01T13:59:32.9973959Z [36;1melif [[ $toolchain =~ ^stable' 'minus' '[0-9]+' 'releases?$ ]]; then[0m
build-desktop (windows-latest)	Install Rust stable	2026-08-01T13:59:32.9974470Z [36;1m  echo "toolchain=1.$((($(date +%s)/60/60/24-16569)/7/6-${toolchain//[^0-9]/}))" >> $GITHUB_OUTPUT[0m
build-desktop (windows-latest)	Install Rust stable	2026-08-01T13:59:32.9974915Z [36;1melif [[ $toolchain =~ ^1\.[0-9]+$ ]]; then[0m
build-desktop (windows-latest)	Install Rust stable	2026-08-01T13:59:32.9975409Z [36;1m  echo "toolchain=1.$((i=${toolchain#1.}, c=($(date +%s)/60/60/24-16569)/7/6, i+9*i*(10*i<=c)+90*i*(100*i<=c)))" >> $GITHUB_OUTPUT[0m
build-desktop (windows-latest)	Install Rust stable	2026-08-01T13:59:32.9976349Z [36;1melse[0m
build-desktop (windows-latest)	Install Rust stable	2026-08-01T13:59:32.9976583Z [36;1m  echo "toolchain=$toolchain" >> $GITHUB_OUTPUT[0m
build-desktop (windows-latest)	Install Rust stable	2026-08-01T13:59:32.9976872Z [36;1mfi[0m
build-desktop (windows-latest)	Install Rust stable	2026-08-01T13:59:32.9998955Z shell: C:\Program Files\Git\bin\bash.EXE --noprofile --norc -e -o pipefail {0}
build-desktop (windows-latest)	Install Rust stable	2026-08-01T13:59:32.9999363Z env:
build-desktop (windows-latest)	Install Rust stable	2026-08-01T13:59:32.9999517Z   toolchain: stable
build-desktop (windows-latest)	Install Rust stable	2026-08-01T13:59:32.9999697Z ##[endgroup]
build-desktop (windows-latest)	Install Rust stable	2026-08-01T13:59:33.1721845Z ##[end-action id=__dtolnay_rust-toolchain.parse;outcome=success;conclusion=success;duration_ms=190]
build-desktop (windows-latest)	Install Rust stable	2026-08-01T13:59:33.1732482Z ##[start-action display=Run : construct rustup command line;id=__dtolnay_rust-toolchain.flags]
build-desktop (windows-latest)	Install Rust stable	2026-08-01T13:59:33.1904463Z ##[group]Run : construct rustup command line
build-desktop (windows-latest)	Install Rust stable	2026-08-01T13:59:33.1904978Z [36;1m: construct rustup command line[0m
build-desktop (windows-latest)	Install Rust stable	2026-08-01T13:59:33.1905662Z [36;1mecho "targets=$(for t in ${targets//,/ }; do echo -n ' --target' $t; done)" >> $GITHUB_OUTPUT[0m
build-desktop (windows-latest)	Install Rust stable	2026-08-01T13:59:33.1906714Z [36;1mecho "components=$(for c in ${components//,/ }; do echo -n ' --component' $c; done)" >> $GITHUB_OUTPUT[0m
build-desktop (windows-latest)	Install Rust stable	2026-08-01T13:59:33.1907615Z [36;1mecho "downgrade=" >> $GITHUB_OUTPUT[0m
build-desktop (windows-latest)	Install Rust stable	2026-08-01T13:59:33.1927399Z shell: C:\Program Files\Git\bin\bash.EXE --noprofile --norc -e -o pipefail {0}
build-desktop (windows-latest)	Install Rust stable	2026-08-01T13:59:33.1927794Z env:
build-desktop (windows-latest)	Install Rust stable	2026-08-01T13:59:33.1927952Z   targets: 
build-desktop (windows-latest)	Install Rust stable	2026-08-01T13:59:33.1928110Z   components: 
build-desktop (windows-latest)	Install Rust stable	2026-08-01T13:59:33.1928272Z ##[endgroup]
build-desktop (windows-latest)	Install Rust stable	2026-08-01T13:59:33.2568485Z ##[end-action id=__dtolnay_rust-toolchain.flags;outcome=success;conclusion=success;duration_ms=83]
build-desktop (windows-latest)	Install Rust stable	2026-08-01T13:59:33.2572873Z ##[start-action display=Run : set $CARGO_HOME;id=__dtolnay_rust-toolchain.__run]
build-desktop (windows-latest)	Install Rust stable	2026-08-01T13:59:33.2699120Z ##[group]Run : set $CARGO_HOME
build-desktop (windows-latest)	Install Rust stable	2026-08-01T13:59:33.2699387Z [36;1m: set $CARGO_HOME[0m
build-desktop (windows-latest)	Install Rust stable	2026-08-01T13:59:33.2699723Z [36;1mecho CARGO_HOME=${CARGO_HOME:-"$USERPROFILE\.cargo"} >> $GITHUB_ENV[0m
build-desktop (windows-latest)	Install Rust stable	2026-08-01T13:59:33.2715746Z shell: C:\Program Files\Git\bin\bash.EXE --noprofile --norc -e -o pipefail {0}
build-desktop (windows-latest)	Install Rust stable	2026-08-01T13:59:33.2716138Z ##[endgroup]
build-desktop (windows-latest)	Install Rust stable	2026-08-01T13:59:33.3118861Z ##[end-action id=__dtolnay_rust-toolchain.__run;outcome=success;conclusion=success;duration_ms=54]
build-desktop (windows-latest)	Install Rust stable	2026-08-01T13:59:33.3123017Z ##[start-action display=Run : install rustup if needed;id=__dtolnay_rust-toolchain.__run_2]
build-desktop (windows-latest)	Install Rust stable	2026-08-01T13:59:33.3154293Z ##[end-action id=__dtolnay_rust-toolchain.__run_2;outcome=skipped;conclusion=skipped;duration_ms=0]
build-desktop (windows-latest)	Install Rust stable	2026-08-01T13:59:33.3158138Z ##[start-action display=Run : install rustup if needed on windows;id=__dtolnay_rust-toolchain.__run_3]
build-desktop (windows-latest)	Install Rust stable	2026-08-01T13:59:33.3297583Z ##[group]Run : install rustup if needed on windows
build-desktop (windows-latest)	Install Rust stable	2026-08-01T13:59:33.3297928Z [36;1m: install rustup if needed on windows[0m
build-desktop (windows-latest)	Install Rust stable	2026-08-01T13:59:33.3298235Z [36;1mif ! command -v rustup &>/dev/null; then[0m
build-desktop (windows-latest)	Install Rust stable	2026-08-01T13:59:33.3299130Z [36;1m  curl --proto '=https' --tlsv1.2 --retry 10 --retry-connrefused --location --silent --show-error --fail https://win.rustup.rs/x86_64 --output 'D:\a\_temp\rustup-init.exe'[0m
build-desktop (windows-latest)	Install Rust stable	2026-08-01T13:59:33.3299977Z [36;1m  'D:\a\_temp\rustup-init.exe' --default-toolchain none --no-modify-path -y[0m
build-desktop (windows-latest)	Install Rust stable	2026-08-01T13:59:33.3300405Z [36;1m  echo "$CARGO_HOME\bin" >> $GITHUB_PATH[0m
build-desktop (windows-latest)	Install Rust stable	2026-08-01T13:59:33.3300675Z [36;1mfi[0m
build-desktop (windows-latest)	Install Rust stable	2026-08-01T13:59:33.3318126Z shell: C:\Program Files\Git\bin\bash.EXE --noprofile --norc -e -o pipefail {0}
build-desktop (windows-latest)	Install Rust stable	2026-08-01T13:59:33.3318525Z env:
build-desktop (windows-latest)	Install Rust stable	2026-08-01T13:59:33.3318708Z   CARGO_HOME: C:\Users\runneradmin\.cargo
build-desktop (windows-latest)	Install Rust stable	2026-08-01T13:59:33.3318953Z ##[endgroup]
build-desktop (windows-latest)	Install Rust stable	2026-08-01T13:59:33.3806403Z ##[end-action id=__dtolnay_rust-toolchain.__run_3;outcome=success;conclusion=success;duration_ms=64]
build-desktop (windows-latest)	Install Rust stable	2026-08-01T13:59:33.3810594Z ##[start-action display=rustup toolchain install stable;id=__dtolnay_rust-toolchain.__run_4]
build-desktop (windows-latest)	Install Rust stable	2026-08-01T13:59:33.3935929Z ##[group]Run rustup toolchain install stable --profile minimal --no-self-update
build-desktop (windows-latest)	Install Rust stable	2026-08-01T13:59:33.3936476Z [36;1mrustup toolchain install stable --profile minimal --no-self-update[0m
build-desktop (windows-latest)	Install Rust stable	2026-08-01T13:59:33.3952825Z shell: C:\Program Files\Git\bin\bash.EXE --noprofile --norc -e -o pipefail {0}
build-desktop (windows-latest)	Install Rust stable	2026-08-01T13:59:33.3953226Z env:
build-desktop (windows-latest)	Install Rust stable	2026-08-01T13:59:33.3953413Z   CARGO_HOME: C:\Users\runneradmin\.cargo
build-desktop (windows-latest)	Install Rust stable	2026-08-01T13:59:33.3953700Z   RUSTUP_PERMIT_COPY_RENAME: 1
build-desktop (windows-latest)	Install Rust stable	2026-08-01T13:59:33.3953911Z ##[endgroup]
build-desktop (windows-latest)	Install Rust stable	2026-08-01T13:59:36.8472050Z info: syncing channel updates for stable-x86_64-pc-windows-msvc
build-desktop (windows-latest)	Install Rust stable	2026-08-01T13:59:37.3112725Z info: latest update on 2026-07-16 for version 1.97.1 (8bab26f4f 2026-07-14)
build-desktop (windows-latest)	Install Rust stable	2026-08-01T13:59:37.3415597Z info: removing previous version of component clippy
build-desktop (windows-latest)	Install Rust stable	2026-08-01T13:59:37.3688568Z info: removing previous version of component rustfmt
build-desktop (windows-latest)	Install Rust stable	2026-08-01T13:59:37.3834348Z info: removing previous version of component rust-std for target x86_64-pc-windows-gnu
build-desktop (windows-latest)	Install Rust stable	2026-08-01T13:59:37.5182993Z info: removing previous version of component rust-std for target i686-pc-windows-msvc
build-desktop (windows-latest)	Install Rust stable	2026-08-01T13:59:37.6242567Z info: removing previous version of component cargo
build-desktop (windows-latest)	Install Rust stable	2026-08-01T13:59:37.7425307Z info: removing previous version of component rust-std
build-desktop (windows-latest)	Install Rust stable	2026-08-01T13:59:37.8322204Z info: removing previous version of component rustc
build-desktop (windows-latest)	Install Rust stable	2026-08-01T13:59:37.9228852Z info: downloading 7 components
build-desktop (windows-latest)	Install Rust stable	2026-08-01T13:59:51.4281169Z 
build-desktop (windows-latest)	Install Rust stable	2026-08-01T13:59:51.4584526Z   stable-x86_64-pc-windows-msvc updated - rustc 1.97.1 (8bab26f4f 2026-07-14) (from rustc 1.97.0 (2d8144b78 2026-07-07))
build-desktop (windows-latest)	Install Rust stable	2026-08-01T13:59:51.4585319Z 
build-desktop (windows-latest)	Install Rust stable	2026-08-01T13:59:51.4699530Z ##[end-action id=__dtolnay_rust-toolchain.__run_4;outcome=success;conclusion=success;duration_ms=18088]
build-desktop (windows-latest)	Install Rust stable	2026-08-01T13:59:51.4705185Z ##[start-action display=Run rustup default stable;id=__dtolnay_rust-toolchain.__run_5]
build-desktop (windows-latest)	Install Rust stable	2026-08-01T13:59:51.4839989Z ##[group]Run rustup default stable
build-desktop (windows-latest)	Install Rust stable	2026-08-01T13:59:51.4840266Z [36;1mrustup default stable[0m
build-desktop (windows-latest)	Install Rust stable	2026-08-01T13:59:51.4856294Z shell: C:\Program Files\Git\bin\bash.EXE --noprofile --norc -e -o pipefail {0}
build-desktop (windows-latest)	Install Rust stable	2026-08-01T13:59:51.4856712Z env:
build-desktop (windows-latest)	Install Rust stable	2026-08-01T13:59:51.4856902Z   CARGO_HOME: C:\Users\runneradmin\.cargo
build-desktop (windows-latest)	Install Rust stable	2026-08-01T13:59:51.4857149Z ##[endgroup]
build-desktop (windows-latest)	Install Rust stable	2026-08-01T13:59:51.5583139Z info: using existing install for stable-x86_64-pc-windows-msvc
build-desktop (windows-latest)	Install Rust stable	2026-08-01T13:59:51.5627448Z info: default toolchain set to stable-x86_64-pc-windows-msvc
build-desktop (windows-latest)	Install Rust stable	2026-08-01T13:59:51.5628739Z 
build-desktop (windows-latest)	Install Rust stable	2026-08-01T13:59:51.5828353Z   stable-x86_64-pc-windows-msvc unchanged - rustc 1.97.1 (8bab26f4f 2026-07-14)
build-desktop (windows-latest)	Install Rust stable	2026-08-01T13:59:51.5828776Z 
build-desktop (windows-latest)	Install Rust stable	2026-08-01T13:59:51.5909203Z ##[end-action id=__dtolnay_rust-toolchain.__run_5;outcome=success;conclusion=success;duration_ms=120]
build-desktop (windows-latest)	Install Rust stable	2026-08-01T13:59:51.5913755Z ##[start-action display=Run : create cachekey;id=__dtolnay_rust-toolchain.rustc-version]
build-desktop (windows-latest)	Install Rust stable	2026-08-01T13:59:51.6046558Z ##[group]Run : create cachekey
build-desktop (windows-latest)	Install Rust stable	2026-08-01T13:59:51.6046843Z [36;1m: create cachekey[0m
build-desktop (windows-latest)	Install Rust stable	2026-08-01T13:59:51.6047332Z [36;1mDATE=$(rustc +stable --version --verbose | sed -ne 's/^commit-date: \(20[0-9][0-9]\)-\([01][0-9]\)-\([0-3][0-9]\)$/\1\2\3/p')[0m
build-desktop (windows-latest)	Install Rust stable	2026-08-01T13:59:51.6048853Z [36;1mHASH=$(rustc +stable --version --verbose | sed -ne 's/^commit-hash: //p')[0m
build-desktop (windows-latest)	Install Rust stable	2026-08-01T13:59:51.6049345Z [36;1mecho "cachekey=$(echo $DATE$HASH | head -c12)" >> $GITHUB_OUTPUT[0m
build-desktop (windows-latest)	Install Rust stable	2026-08-01T13:59:51.6066444Z shell: C:\Program Files\Git\bin\bash.EXE --noprofile --norc -e -o pipefail {0}
build-desktop (windows-latest)	Install Rust stable	2026-08-01T13:59:51.6066851Z env:
build-desktop (windows-latest)	Install Rust stable	2026-08-01T13:59:51.6067045Z   CARGO_HOME: C:\Users\runneradmin\.cargo
build-desktop (windows-latest)	Install Rust stable	2026-08-01T13:59:51.6067295Z ##[endgroup]
build-desktop (windows-latest)	Install Rust stable	2026-08-01T13:59:52.6049393Z ##[end-action id=__dtolnay_rust-toolchain.rustc-version;outcome=success;conclusion=success;duration_ms=1013]
build-desktop (windows-latest)	Install Rust stable	2026-08-01T13:59:52.6052195Z ##[start-action display=Run : disable incremental compilation;id=__dtolnay_rust-toolchain.__run_6]
build-desktop (windows-latest)	Install Rust stable	2026-08-01T13:59:52.6186865Z ##[group]Run : disable incremental compilation
build-desktop (windows-latest)	Install Rust stable	2026-08-01T13:59:52.6187208Z [36;1m: disable incremental compilation[0m
build-desktop (windows-latest)	Install Rust stable	2026-08-01T13:59:52.6187502Z [36;1mif [ -z "${CARGO_INCREMENTAL+set}" ]; then[0m
build-desktop (windows-latest)	Install Rust stable	2026-08-01T13:59:52.6187816Z [36;1m  echo CARGO_INCREMENTAL=0 >> $GITHUB_ENV[0m
build-desktop (windows-latest)	Install Rust stable	2026-08-01T13:59:52.6188068Z [36;1mfi[0m
build-desktop (windows-latest)	Install Rust stable	2026-08-01T13:59:52.6204668Z shell: C:\Program Files\Git\bin\bash.EXE --noprofile --norc -e -o pipefail {0}
build-desktop (windows-latest)	Install Rust stable	2026-08-01T13:59:52.6205071Z env:
build-desktop (windows-latest)	Install Rust stable	2026-08-01T13:59:52.6205256Z   CARGO_HOME: C:\Users\runneradmin\.cargo
build-desktop (windows-latest)	Install Rust stable	2026-08-01T13:59:52.6205520Z ##[endgroup]
build-desktop (windows-latest)	Install Rust stable	2026-08-01T13:59:52.6629613Z ##[end-action id=__dtolnay_rust-toolchain.__run_6;outcome=success;conclusion=success;duration_ms=57]
build-desktop (windows-latest)	Install Rust stable	2026-08-01T13:59:52.6633184Z ##[start-action display=Run : enable colors in Cargo output;id=__dtolnay_rust-toolchain.__run_7]
build-desktop (windows-latest)	Install Rust stable	2026-08-01T13:59:52.6777091Z ##[group]Run : enable colors in Cargo output
build-desktop (windows-latest)	Install Rust stable	2026-08-01T13:59:52.6777421Z [36;1m: enable colors in Cargo output[0m
build-desktop (windows-latest)	Install Rust stable	2026-08-01T13:59:52.6777714Z [36;1mif [ -z "${CARGO_TERM_COLOR+set}" ]; then[0m
build-desktop (windows-latest)	Install Rust stable	2026-08-01T13:59:52.6778030Z [36;1m  echo CARGO_TERM_COLOR=always >> $GITHUB_ENV[0m
build-desktop (windows-latest)	Install Rust stable	2026-08-01T13:59:52.6778293Z [36;1mfi[0m
build-desktop (windows-latest)	Install Rust stable	2026-08-01T13:59:52.6793850Z shell: C:\Program Files\Git\bin\bash.EXE --noprofile --norc -e -o pipefail {0}
build-desktop (windows-latest)	Install Rust stable	2026-08-01T13:59:52.6794251Z env:
build-desktop (windows-latest)	Install Rust stable	2026-08-01T13:59:52.6794439Z   CARGO_HOME: C:\Users\runneradmin\.cargo
build-desktop (windows-latest)	Install Rust stable	2026-08-01T13:59:52.6794696Z   CARGO_INCREMENTAL: 0
build-desktop (windows-latest)	Install Rust stable	2026-08-01T13:59:52.6794889Z ##[endgroup]
build-desktop (windows-latest)	Install Rust stable	2026-08-01T13:59:52.7202609Z ##[end-action id=__dtolnay_rust-toolchain.__run_7;outcome=success;conclusion=success;duration_ms=56]
build-desktop (windows-latest)	Install Rust stable	2026-08-01T13:59:52.7207115Z ##[start-action display=Run : enable Cargo sparse registry;id=__dtolnay_rust-toolchain.__run_8]
build-desktop (windows-latest)	Install Rust stable	2026-08-01T13:59:52.7340626Z ##[group]Run : enable Cargo sparse registry
build-desktop (windows-latest)	Install Rust stable	2026-08-01T13:59:52.7340953Z [36;1m: enable Cargo sparse registry[0m
build-desktop (windows-latest)	Install Rust stable	2026-08-01T13:59:52.7341296Z [36;1m# implemented in 1.66, stabilized in 1.68, made default in 1.70[0m
build-desktop (windows-latest)	Install Rust stable	2026-08-01T13:59:52.7341939Z [36;1mif [ -z "${CARGO_REGISTRIES_CRATES_IO_PROTOCOL+set}" -o -f "D:\a\_temp"/.implicit_cargo_registries_crates_io_protocol ]; then[0m
build-desktop (windows-latest)	Install Rust stable	2026-08-01T13:59:52.7342619Z [36;1m  if rustc +stable --version --verbose | grep -q '^release: 1\.6[89]\.'; then[0m
build-desktop (windows-latest)	Install Rust stable	2026-08-01T13:59:52.7343149Z [36;1m    touch "D:\a\_temp"/.implicit_cargo_registries_crates_io_protocol || true[0m
build-desktop (windows-latest)	Install Rust stable	2026-08-01T13:59:52.7343618Z [36;1m    echo CARGO_REGISTRIES_CRATES_IO_PROTOCOL=sparse >> $GITHUB_ENV[0m
build-desktop (windows-latest)	Install Rust stable	2026-08-01T13:59:52.7344094Z [36;1m  elif rustc +stable --version --verbose | grep -q '^release: 1\.6[67]\.'; then[0m
build-desktop (windows-latest)	Install Rust stable	2026-08-01T13:59:52.7344750Z [36;1m    touch "D:\a\_temp"/.implicit_cargo_registries_crates_io_protocol || true[0m
build-desktop (windows-latest)	Install Rust stable	2026-08-01T13:59:52.7345190Z [36;1m    echo CARGO_REGISTRIES_CRATES_IO_PROTOCOL=git >> $GITHUB_ENV[0m
build-desktop (windows-latest)	Install Rust stable	2026-08-01T13:59:52.7345513Z [36;1m  fi[0m
build-desktop (windows-latest)	Install Rust stable	2026-08-01T13:59:52.7345677Z [36;1mfi[0m
build-desktop (windows-latest)	Install Rust stable	2026-08-01T13:59:52.7361432Z shell: C:\Program Files\Git\bin\bash.EXE --noprofile --norc -e -o pipefail {0}
build-desktop (windows-latest)	Install Rust stable	2026-08-01T13:59:52.7361828Z env:
build-desktop (windows-latest)	Install Rust stable	2026-08-01T13:59:52.7362015Z   CARGO_HOME: C:\Users\runneradmin\.cargo
build-desktop (windows-latest)	Install Rust stable	2026-08-01T13:59:52.7362274Z   CARGO_INCREMENTAL: 0
build-desktop (windows-latest)	Install Rust stable	2026-08-01T13:59:52.7362655Z   CARGO_TERM_COLOR: always
build-desktop (windows-latest)	Install Rust stable	2026-08-01T13:59:52.7362862Z ##[endgroup]
build-desktop (windows-latest)	Install Rust stable	2026-08-01T13:59:52.9232322Z ##[end-action id=__dtolnay_rust-toolchain.__run_8;outcome=success;conclusion=success;duration_ms=202]
build-desktop (windows-latest)	Install Rust stable	2026-08-01T13:59:52.9237080Z ##[start-action display=Run : work around spurious network errors in curl 8.0;id=__dtolnay_rust-toolchain.__run_9]
build-desktop (windows-latest)	Install Rust stable	2026-08-01T13:59:52.9370107Z ##[group]Run : work around spurious network errors in curl 8.0
build-desktop (windows-latest)	Install Rust stable	2026-08-01T13:59:52.9370529Z [36;1m: work around spurious network errors in curl 8.0[0m
build-desktop (windows-latest)	Install Rust stable	2026-08-01T13:59:52.9371046Z [36;1m# https://rust-lang.zulipchat.com/#narrow/stream/246057-t-cargo/topic/timeout.20investigation[0m
build-desktop (windows-latest)	Install Rust stable	2026-08-01T13:59:52.9371632Z [36;1mif rustc +stable --version --verbose | grep -q '^release: 1\.7[01]\.'; then[0m
build-desktop (windows-latest)	Install Rust stable	2026-08-01T13:59:52.9372063Z [36;1m  echo CARGO_HTTP_MULTIPLEXING=false >> $GITHUB_ENV[0m
build-desktop (windows-latest)	Install Rust stable	2026-08-01T13:59:52.9372421Z [36;1mfi[0m
build-desktop (windows-latest)	Install Rust stable	2026-08-01T13:59:52.9388406Z shell: C:\Program Files\Git\bin\bash.EXE --noprofile --norc -e -o pipefail {0}
build-desktop (windows-latest)	Install Rust stable	2026-08-01T13:59:52.9388815Z env:
build-desktop (windows-latest)	Install Rust stable	2026-08-01T13:59:52.9389005Z   CARGO_HOME: C:\Users\runneradmin\.cargo
build-desktop (windows-latest)	Install Rust stable	2026-08-01T13:59:52.9389255Z   CARGO_INCREMENTAL: 0
build-desktop (windows-latest)	Install Rust stable	2026-08-01T13:59:52.9389448Z   CARGO_TERM_COLOR: always
build-desktop (windows-latest)	Install Rust stable	2026-08-01T13:59:52.9389641Z ##[endgroup]
build-desktop (windows-latest)	Install Rust stable	2026-08-01T13:59:53.0481644Z ##[end-action id=__dtolnay_rust-toolchain.__run_9;outcome=success;conclusion=success;duration_ms=124]
build-desktop (windows-latest)	Install Rust stable	2026-08-01T13:59:53.0486378Z ##[start-action display=Run rustc +stable --version --verbose;id=__dtolnay_rust-toolchain.__run_10]
build-desktop (windows-latest)	Install Rust stable	2026-08-01T13:59:53.0618781Z ##[group]Run rustc +stable --version --verbose
build-desktop (windows-latest)	Install Rust stable	2026-08-01T13:59:53.0619109Z [36;1mrustc +stable --version --verbose[0m
build-desktop (windows-latest)	Install Rust stable	2026-08-01T13:59:53.0635027Z shell: C:\Program Files\Git\bin\bash.EXE --noprofile --norc -e -o pipefail {0}
build-desktop (windows-latest)	Install Rust stable	2026-08-01T13:59:53.0635415Z env:
build-desktop (windows-latest)	Install Rust stable	2026-08-01T13:59:53.0635604Z   CARGO_HOME: C:\Users\runneradmin\.cargo
build-desktop (windows-latest)	Install Rust stable	2026-08-01T13:59:53.0635856Z   CARGO_INCREMENTAL: 0
build-desktop (windows-latest)	Install Rust stable	2026-08-01T13:59:53.0636046Z   CARGO_TERM_COLOR: always
build-desktop (windows-latest)	Install Rust stable	2026-08-01T13:59:53.0636259Z ##[endgroup]
build-desktop (windows-latest)	Install Rust stable	2026-08-01T13:59:53.1521236Z rustc 1.97.1 (8bab26f4f 2026-07-14)
build-desktop (windows-latest)	Install Rust stable	2026-08-01T13:59:53.1521724Z binary: rustc
build-desktop (windows-latest)	Install Rust stable	2026-08-01T13:59:53.1522056Z commit-hash: 8bab26f4f68e0e26f0bb7960be334d5b520ea452
build-desktop (windows-latest)	Install Rust stable	2026-08-01T13:59:53.1522386Z commit-date: 2026-07-14
build-desktop (windows-latest)	Install Rust stable	2026-08-01T13:59:53.1522635Z host: x86_64-pc-windows-msvc
build-desktop (windows-latest)	Install Rust stable	2026-08-01T13:59:53.1522859Z release: 1.97.1
build-desktop (windows-latest)	Install Rust stable	2026-08-01T13:59:53.1524079Z LLVM version: 22.1.6
build-desktop (windows-latest)	Install Rust stable	2026-08-01T13:59:53.1641309Z ##[end-action id=__dtolnay_rust-toolchain.__run_10;outcome=success;conclusion=success;duration_ms=115]
build-desktop (windows-latest)	Install frontend dependencies	﻿2026-08-01T13:59:53.1817871Z ##[group]Run npm install
build-desktop (windows-latest)	Install frontend dependencies	2026-08-01T13:59:53.1818199Z [36;1mnpm install[0m
build-desktop (windows-latest)	Install frontend dependencies	2026-08-01T13:59:53.2594695Z shell: C:\Program Files\PowerShell\7\pwsh.EXE -command ". '{0}'"
build-desktop (windows-latest)	Install frontend dependencies	2026-08-01T13:59:53.2595082Z env:
build-desktop (windows-latest)	Install frontend dependencies	2026-08-01T13:59:53.2595285Z   CARGO_HOME: C:\Users\runneradmin\.cargo
build-desktop (windows-latest)	Install frontend dependencies	2026-08-01T13:59:53.2595562Z   CARGO_INCREMENTAL: 0
build-desktop (windows-latest)	Install frontend dependencies	2026-08-01T13:59:53.2595781Z   CARGO_TERM_COLOR: always
build-desktop (windows-latest)	Install frontend dependencies	2026-08-01T13:59:53.2596020Z ##[endgroup]
build-desktop (windows-latest)	Install frontend dependencies	2026-08-01T13:59:54.8439173Z 
build-desktop (windows-latest)	Install frontend dependencies	2026-08-01T13:59:54.8440659Z added 1 package, changed 1 package, and audited 5 packages in 1s
build-desktop (windows-latest)	Install frontend dependencies	2026-08-01T13:59:54.8440999Z 
build-desktop (windows-latest)	Install frontend dependencies	2026-08-01T13:59:54.8441162Z 1 package is looking for funding
build-desktop (windows-latest)	Install frontend dependencies	2026-08-01T13:59:54.8441418Z   run `npm fund` for details
build-desktop (windows-latest)	Install frontend dependencies	2026-08-01T13:59:54.8452233Z 
build-desktop (windows-latest)	Install frontend dependencies	2026-08-01T13:59:54.8452458Z found 0 vulnerabilities
build-desktop (windows-latest)	Build Tauri Desktop	﻿2026-08-01T13:59:55.0106681Z Node 20 is being deprecated. This workflow is running with Node 24 by default. If you need to temporarily use Node 20, you can set the ACTIONS_ALLOW_USE_UNSECURE_NODE_VERSION=true environment variable. For more information see: https://github.blog/changelog/2025-09-19-deprecation-of-node-20-on-github-actions-runners/
build-desktop (windows-latest)	Build Tauri Desktop	2026-08-01T13:59:55.0108134Z ##[group]Run tauri-apps/tauri-action@v0.5.2
build-desktop (windows-latest)	Build Tauri Desktop	2026-08-01T13:59:55.0108395Z with:
build-desktop (windows-latest)	Build Tauri Desktop	2026-08-01T13:59:55.0108565Z   releaseDraft: false
build-desktop (windows-latest)	Build Tauri Desktop	2026-08-01T13:59:55.0108756Z   prerelease: false
build-desktop (windows-latest)	Build Tauri Desktop	2026-08-01T13:59:55.0108936Z   projectPath: .
build-desktop (windows-latest)	Build Tauri Desktop	2026-08-01T13:59:55.0109350Z   includeDebug: false
build-desktop (windows-latest)	Build Tauri Desktop	2026-08-01T13:59:55.0109534Z   includeRelease: true
build-desktop (windows-latest)	Build Tauri Desktop	2026-08-01T13:59:55.0109734Z   includeUpdaterJson: true
build-desktop (windows-latest)	Build Tauri Desktop	2026-08-01T13:59:55.0109962Z   updaterJsonKeepUniversal: false
build-desktop (windows-latest)	Build Tauri Desktop	2026-08-01T13:59:55.0110182Z env:
build-desktop (windows-latest)	Build Tauri Desktop	2026-08-01T13:59:55.0110352Z   CARGO_HOME: C:\Users\runneradmin\.cargo
build-desktop (windows-latest)	Build Tauri Desktop	2026-08-01T13:59:55.0110593Z   CARGO_INCREMENTAL: 0
build-desktop (windows-latest)	Build Tauri Desktop	2026-08-01T13:59:55.0110777Z   CARGO_TERM_COLOR: always
build-desktop (windows-latest)	Build Tauri Desktop	2026-08-01T13:59:55.0113585Z   GITHUB_TOKEN: ***
build-desktop (windows-latest)	Build Tauri Desktop	2026-08-01T13:59:55.0113783Z ##[endgroup]
build-desktop (windows-latest)	Build Tauri Desktop	2026-08-01T13:59:55.2124785Z running npm [ 'run', 'tauri', 'build' ]
build-desktop (windows-latest)	Build Tauri Desktop	2026-08-01T13:59:55.5856601Z 
build-desktop (windows-latest)	Build Tauri Desktop	2026-08-01T13:59:55.5856953Z > tauri
build-desktop (windows-latest)	Build Tauri Desktop	2026-08-01T13:59:55.5857285Z > tauri build
build-desktop (windows-latest)	Build Tauri Desktop	2026-08-01T13:59:55.5857479Z 
build-desktop (windows-latest)	Build Tauri Desktop	2026-08-01T13:59:57.4015762Z         Info Looking up installed tauri packages to check mismatched versions...
build-desktop (windows-latest)	Build Tauri Desktop	2026-08-01T13:59:58.4087079Z [1m[92m    Updating[0m crates.io index
build-desktop (windows-latest)	Build Tauri Desktop	2026-08-01T13:59:59.6929036Z [1m[92m     Locking[0m 425 packages to latest compatible versions
build-desktop (windows-latest)	Build Tauri Desktop	2026-08-01T13:59:59.7011569Z [1m[92m      Adding[0m generic-array v0.14.7 [1m[93m(available: v0.14.9)[0m
build-desktop (windows-latest)	Build Tauri Desktop	2026-08-01T13:59:59.7465101Z [1m[92m      Adding[0m toml v0.8.2 [1m[93m(available: v0.8.23)[0m
build-desktop (windows-latest)	Build Tauri Desktop	2026-08-01T13:59:59.7472199Z [1m[92m      Adding[0m toml_datetime v0.6.3 [1m[93m(available: v0.6.11)[0m
build-desktop (windows-latest)	Build Tauri Desktop	2026-08-01T13:59:59.7481846Z [1m[92m      Adding[0m toml_edit v0.20.2 [1m[93m(available: v0.20.7)[0m
build-desktop (windows-latest)	Build Tauri Desktop	2026-08-01T13:59:59.7843920Z [1m[92m Downloading[0m crates ...
build-desktop (windows-latest)	Build Tauri Desktop	2026-08-01T13:59:59.8939836Z [1m[92m  Downloaded[0m adler2 v2.0.1
build-desktop (windows-latest)	Build Tauri Desktop	2026-08-01T13:59:59.9445708Z [1m[92m  Downloaded[0m schemars v0.8.22
build-desktop (windows-latest)	Build Tauri Desktop	2026-08-01T14:00:01.4852740Z [1m[92m  Downloaded[0m rustc-hash v2.1.3
build-desktop (windows-latest)	Build Tauri Desktop	2026-08-01T14:00:01.5260899Z [1m[92m  Downloaded[0m serde_derive v1.0.229
build-desktop (windows-latest)	Build Tauri Desktop	2026-08-01T14:00:01.6546939Z [1m[92m  Downloaded[0m rustc_version v0.4.1
build-desktop (windows-latest)	Build Tauri Desktop	2026-08-01T14:00:01.7232498Z [1m[92m  Downloaded[0m windows-future v0.2.1
build-desktop (windows-latest)	Build Tauri Desktop	2026-08-01T14:00:01.7529820Z [1m[92m  Downloaded[0m thiserror v2.0.19
build-desktop (windows-latest)	Build Tauri Desktop	2026-08-01T14:00:01.8761207Z [1m[92m  Downloaded[0m serialize-to-javascript v0.1.2
build-desktop (windows-latest)	Build Tauri Desktop	2026-08-01T14:00:01.8895804Z [1m[92m  Downloaded[0m serialize-to-javascript-impl v0.1.2
build-desktop (windows-latest)	Build Tauri Desktop	2026-08-01T14:00:01.9018754Z [1m[92m  Downloaded[0m ref-cast-impl v1.0.26
build-desktop (windows-latest)	Build Tauri Desktop	2026-08-01T14:00:01.9250920Z [1m[92m  Downloaded[0m icu_normalizer v2.2.0
build-desktop (windows-latest)	Build Tauri Desktop	2026-08-01T14:00:01.9853946Z [1m[92m  Downloaded[0m icu_properties v2.2.0
build-desktop (windows-latest)	Build Tauri Desktop	2026-08-01T14:00:02.0201479Z [1m[92m  Downloaded[0m vswhom-sys v0.1.3
build-desktop (windows-latest)	Build Tauri Desktop	2026-08-01T14:00:02.0489089Z [1m[92m  Downloaded[0m serde_spanned v1.1.1
build-desktop (windows-latest)	Build Tauri Desktop	2026-08-01T14:00:02.0594973Z [1m[92m  Downloaded[0m string_cache_codegen v0.6.1
build-desktop (windows-latest)	Build Tauri Desktop	2026-08-01T14:00:02.0674899Z [1m[92m  Downloaded[0m tinyvec_macros v0.1.1
build-desktop (windows-latest)	Build Tauri Desktop	2026-08-01T14:00:02.0778237Z [1m[92m  Downloaded[0m version_check v0.9.5
build-desktop (windows-latest)	Build Tauri Desktop	2026-08-01T14:00:02.1469548Z [1m[92m  Downloaded[0m scopeguard v1.2.0
build-desktop (windows-latest)	Build Tauri Desktop	2026-08-01T14:00:02.2142927Z [1m[92m  Downloaded[0m serde_derive_internals v0.29.1
build-desktop (windows-latest)	Build Tauri Desktop	2026-08-01T14:00:02.2867230Z [1m[92m  Downloaded[0m vswhom v0.1.0
build-desktop (windows-latest)	Build Tauri Desktop	2026-08-01T14:00:02.3471561Z [1m[92m  Downloaded[0m same-file v1.0.6
build-desktop (windows-latest)	Build Tauri Desktop	2026-08-01T14:00:02.3741949Z [1m[92m  Downloaded[0m schemars_derive v0.8.22
build-desktop (windows-latest)	Build Tauri Desktop	2026-08-01T14:00:02.4131684Z [1m[92m  Downloaded[0m serde_repr v0.1.21
build-desktop (windows-latest)	Build Tauri Desktop	2026-08-01T14:00:02.4590885Z [1m[92m  Downloaded[0m servo_arc v0.4.3
build-desktop (windows-latest)	Build Tauri Desktop	2026-08-01T14:00:02.5128928Z [1m[92m  Downloaded[0m unic-char-property v0.9.0
build-desktop (windows-latest)	Build Tauri Desktop	2026-08-01T14:00:02.6033095Z [1m[92m  Downloaded[0m typeid v1.0.3
build-desktop (windows-latest)	Build Tauri Desktop	2026-08-01T14:00:02.6593417Z [1m[92m  Downloaded[0m unic-ucd-version v0.9.0
build-desktop (windows-latest)	Build Tauri Desktop	2026-08-01T14:00:02.6733736Z [1m[92m  Downloaded[0m ident_case v1.0.1
build-desktop (windows-latest)	Build Tauri Desktop	2026-08-01T14:00:02.6829791Z [1m[92m  Downloaded[0m option-ext v0.2.0
build-desktop (windows-latest)	Build Tauri Desktop	2026-08-01T14:00:03.3782105Z [1m[92m  Downloaded[0m schemars v1.2.2
build-desktop (windows-latest)	Build Tauri Desktop	2026-08-01T14:00:03.6339515Z [1m[92m  Downloaded[0m synstructure v0.13.2
build-desktop (windows-latest)	Build Tauri Desktop	2026-08-01T14:00:03.6534844Z [1m[92m  Downloaded[0m idna_adapter v1.2.2
build-desktop (windows-latest)	Build Tauri Desktop	2026-08-01T14:00:03.6661143Z [1m[92m  Downloaded[0m indexmap v1.9.3
build-desktop (windows-latest)	Build Tauri Desktop	2026-08-01T14:00:03.7463977Z [1m[92m  Downloaded[0m num-conv v0.2.2
build-desktop (windows-latest)	Build Tauri Desktop	2026-08-01T14:00:03.7547384Z [1m[92m  Downloaded[0m once_cell v1.21.4
build-desktop (windows-latest)	Build Tauri Desktop	2026-08-01T14:00:03.8039793Z [1m[92m  Downloaded[0m shlex v2.0.1
build-desktop (windows-latest)	Build Tauri Desktop	2026-08-01T14:00:03.8228605Z [1m[92m  Downloaded[0m simd-adler32 v0.3.10
build-desktop (windows-latest)	Build Tauri Desktop	2026-08-01T14:00:03.8486842Z [1m[92m  Downloaded[0m siphasher v1.0.3
build-desktop (windows-latest)	Build Tauri Desktop	2026-08-01T14:00:04.4559561Z [1m[92m  Downloaded[0m tauri-plugin v2.6.3
build-desktop (windows-latest)	Build Tauri Desktop	2026-08-01T14:00:04.4682113Z [1m[92m  Downloaded[0m tendril v0.5.1
build-desktop (windows-latest)	Build Tauri Desktop	2026-08-01T14:00:04.4895915Z [1m[92m  Downloaded[0m thiserror v1.0.69
build-desktop (windows-latest)	Build Tauri Desktop	2026-08-01T14:00:04.5917102Z [1m[92m  Downloaded[0m urlpattern v0.3.0
build-desktop (windows-latest)	Build Tauri Desktop	2026-08-01T14:00:04.6118708Z [1m[92m  Downloaded[0m webview2-com v0.38.2
build-desktop (windows-latest)	Build Tauri Desktop	2026-08-01T14:00:04.6233307Z [1m[92m  Downloaded[0m winapi-util v0.1.11
build-desktop (windows-latest)	Build Tauri Desktop	2026-08-01T14:00:04.6368903Z [1m[92m  Downloaded[0m windows-numerics v0.2.0
build-desktop (windows-latest)	Build Tauri Desktop	2026-08-01T14:00:04.6526781Z [1m[92m  Downloaded[0m serde v1.0.229
build-desktop (windows-latest)	Build Tauri Desktop	2026-08-01T14:00:04.6812152Z [1m[92m  Downloaded[0m sha2 v0.10.9
build-desktop (windows-latest)	Build Tauri Desktop	2026-08-01T14:00:04.7121429Z [1m[92m  Downloaded[0m strsim v0.11.1
build-desktop (windows-latest)	Build Tauri Desktop	2026-08-01T14:00:04.7243244Z [1m[92m  Downloaded[0m ref-cast v1.0.26
build-desktop (windows-latest)	Build Tauri Desktop	2026-08-01T14:00:04.7598554Z [1m[92m  Downloaded[0m serde_core v1.0.229
build-desktop (windows-latest)	Build Tauri Desktop	2026-08-01T14:00:04.7870485Z [1m[92m  Downloaded[0m serde_with_macros v3.21.0
build-desktop (windows-latest)	Build Tauri Desktop	2026-08-01T14:00:04.8031743Z [1m[92m  Downloaded[0m tauri-winres v0.3.6
build-desktop (windows-latest)	Build Tauri Desktop	2026-08-01T14:00:04.8260473Z [1m[92m  Downloaded[0m toml_datetime v1.1.1+spec-1.1.0
build-desktop (windows-latest)	Build Tauri Desktop	2026-08-01T14:00:04.8396122Z [1m[92m  Downloaded[0m toml_writer v1.1.2+spec-1.1.0
build-desktop (windows-latest)	Build Tauri Desktop	2026-08-01T14:00:04.8511946Z [1m[92m  Downloaded[0m unic-char-range v0.9.0
build-desktop (windows-latest)	Build Tauri Desktop	2026-08-01T14:00:04.8672292Z [1m[92m  Downloaded[0m unic-ucd-ident v0.9.0
build-desktop (windows-latest)	Build Tauri Desktop	2026-08-01T14:00:04.8955734Z [1m[92m  Downloaded[0m utf8_iter v1.0.4
build-desktop (windows-latest)	Build Tauri Desktop	2026-08-01T14:00:04.9134039Z [1m[92m  Downloaded[0m walkdir v2.5.0
build-desktop (windows-latest)	Build Tauri Desktop	2026-08-01T14:00:04.9342859Z [1m[92m  Downloaded[0m web_atoms v0.2.5
build-desktop (windows-latest)	Build Tauri Desktop	2026-08-01T14:00:04.9438960Z [1m[92m  Downloaded[0m cookie v0.18.1
build-desktop (windows-latest)	Build Tauri Desktop	2026-08-01T14:00:04.9707110Z [1m[92m  Downloaded[0m mime v0.3.17
build-desktop (windows-latest)	Build Tauri Desktop	2026-08-01T14:00:04.9855479Z [1m[92m  Downloaded[0m percent-encoding v2.3.2
build-desktop (windows-latest)	Build Tauri Desktop	2026-08-01T14:00:04.9946760Z [1m[92m  Downloaded[0m schemars v0.9.0
build-desktop (windows-latest)	Build Tauri Desktop	2026-08-01T14:00:05.1711824Z [1m[92m  Downloaded[0m semver v1.0.28
build-desktop (windows-latest)	Build Tauri Desktop	2026-08-01T14:00:05.1977344Z [1m[92m  Downloaded[0m softbuffer v0.4.8
build-desktop (windows-latest)	Build Tauri Desktop	2026-08-01T14:00:05.2351024Z [1m[92m  Downloaded[0m tauri-codegen v2.6.3
build-desktop (windows-latest)	Build Tauri Desktop	2026-08-01T14:00:05.2480492Z [1m[92m  Downloaded[0m tauri-macros v2.6.3
build-desktop (windows-latest)	Build Tauri Desktop	2026-08-01T14:00:05.2604437Z [1m[92m  Downloaded[0m thiserror-impl v1.0.69
build-desktop (windows-latest)	Build Tauri Desktop	2026-08-01T14:00:05.2729221Z [1m[92m  Downloaded[0m thiserror-impl v2.0.19
build-desktop (windows-latest)	Build Tauri Desktop	2026-08-01T14:00:05.2864247Z [1m[92m  Downloaded[0m time-core v0.1.9
build-desktop (windows-latest)	Build Tauri Desktop	2026-08-01T14:00:05.2952529Z [1m[92m  Downloaded[0m toml v0.9.12+spec-1.1.0
build-desktop (windows-latest)	Build Tauri Desktop	2026-08-01T14:00:05.3289947Z [1m[92m  Downloaded[0m unic-common v0.9.0
build-desktop (windows-latest)	Build Tauri Desktop	2026-08-01T14:00:05.3354389Z [1m[92m  Downloaded[0m uuid v1.24.0
build-desktop (windows-latest)	Build Tauri Desktop	2026-08-01T14:00:05.3574797Z [1m[92m  Downloaded[0m webview2-com-macros v0.8.1
build-desktop (windows-latest)	Build Tauri Desktop	2026-08-01T14:00:05.3685238Z [1m[92m  Downloaded[0m windows-collections v0.2.0
build-desktop (windows-latest)	Build Tauri Desktop	2026-08-01T14:00:05.3780123Z [1m[92m  Downloaded[0m windows-interface v0.59.3
build-desktop (windows-latest)	Build Tauri Desktop	2026-08-01T14:00:05.3852358Z [1m[92m  Downloaded[0m windows-link v0.1.3
build-desktop (windows-latest)	Build Tauri Desktop	2026-08-01T14:00:05.3923448Z [1m[92m  Downloaded[0m windows-targets v0.52.6
build-desktop (windows-latest)	Build Tauri Desktop	2026-08-01T14:00:05.4005420Z [1m[92m  Downloaded[0m zerofrom-derive v0.1.7
build-desktop (windows-latest)	Build Tauri Desktop	2026-08-01T14:00:05.4131734Z [1m[92m  Downloaded[0m alloc-stdlib v0.2.4
build-desktop (windows-latest)	Build Tauri Desktop	2026-08-01T14:00:05.4243513Z [1m[92m  Downloaded[0m ctor-proc-macro v0.0.7
build-desktop (windows-latest)	Build Tauri Desktop	2026-08-01T14:00:05.4325114Z [1m[92m  Downloaded[0m itoa v1.0.18
build-desktop (windows-latest)	Build Tauri Desktop	2026-08-01T14:00:05.4444629Z [1m[92m  Downloaded[0m time-macros v0.2.32
build-desktop (windows-latest)	Build Tauri Desktop	2026-08-01T14:00:05.7026773Z [1m[92m  Downloaded[0m tinyvec v1.12.0
build-desktop (windows-latest)	Build Tauri Desktop	2026-08-01T14:00:05.7215581Z [1m[92m  Downloaded[0m socket2 v0.6.5
build-desktop (windows-latest)	Build Tauri Desktop	2026-08-01T14:00:05.7337485Z [1m[92m  Downloaded[0m tinystr v0.8.3
build-desktop (windows-latest)	Build Tauri Desktop	2026-08-01T14:00:05.7506377Z [1m[92m  Downloaded[0m tray-icon v0.24.2
build-desktop (windows-latest)	Build Tauri Desktop	2026-08-01T14:00:05.7679467Z [1m[92m  Downloaded[0m serde-untagged v0.1.9
build-desktop (windows-latest)	Build Tauri Desktop	2026-08-01T14:00:05.7812977Z [1m[92m  Downloaded[0m dtor v0.3.0
build-desktop (windows-latest)	Build Tauri Desktop	2026-08-01T14:00:05.7908465Z [1m[92m  Downloaded[0m string_cache v0.9.0
build-desktop (windows-latest)	Build Tauri Desktop	2026-08-01T14:00:05.8108147Z [1m[92m  Downloaded[0m tauri-build v2.6.3
build-desktop (windows-latest)	Build Tauri Desktop	2026-08-01T14:00:05.8234939Z [1m[92m  Downloaded[0m toml v1.1.4+spec-1.1.0
build-desktop (windows-latest)	Build Tauri Desktop	2026-08-01T14:00:05.8548384Z [1m[92m  Downloaded[0m toml_parser v1.1.3+spec-1.1.0
build-desktop (windows-latest)	Build Tauri Desktop	2026-08-01T14:00:05.8722959Z [1m[92m  Downloaded[0m regex v1.13.1
build-desktop (windows-latest)	Build Tauri Desktop	2026-08-01T14:00:05.9106795Z [1m[92m  Downloaded[0m stable_deref_trait v1.2.1
build-desktop (windows-latest)	Build Tauri Desktop	2026-08-01T14:00:05.9180679Z [1m[92m  Downloaded[0m toml_datetime v0.7.5+spec-1.1.0
build-desktop (windows-latest)	Build Tauri Desktop	2026-08-01T14:00:05.9267807Z [1m[92m  Downloaded[0m ctor v0.8.0
build-desktop (windows-latest)	Build Tauri Desktop	2026-08-01T14:00:05.9348705Z [1m[92m  Downloaded[0m digest v0.10.7
build-desktop (windows-latest)	Build Tauri Desktop	2026-08-01T14:00:05.9531528Z [1m[92m  Downloaded[0m powerfmt v0.2.0
build-desktop (windows-latest)	Build Tauri Desktop	2026-08-01T14:00:05.9630350Z [1m[92m  Downloaded[0m smallvec v1.15.2
build-desktop (windows-latest)	Build Tauri Desktop	2026-08-01T14:00:05.9724464Z [1m[92m  Downloaded[0m tauri-plugin-log v2.9.0
build-desktop (windows-latest)	Build Tauri Desktop	2026-08-01T14:00:05.9913787Z [1m[92m  Downloaded[0m typenum v1.20.1
build-desktop (windows-latest)	Build Tauri Desktop	2026-08-01T14:00:06.0107618Z [1m[92m  Downloaded[0m unicode-ident v1.0.24
build-desktop (windows-latest)	Build Tauri Desktop	2026-08-01T14:00:06.0325763Z [1m[92m  Downloaded[0m unicode-segmentation v1.13.3
build-desktop (windows-latest)	Build Tauri Desktop	2026-08-01T14:00:06.0485987Z [1m[92m  Downloaded[0m url v2.5.8
build-desktop (windows-latest)	Build Tauri Desktop	2026-08-01T14:00:06.0677639Z [1m[92m  Downloaded[0m windows-core v0.61.2
build-desktop (windows-latest)	Build Tauri Desktop	2026-08-01T14:00:06.0965238Z [1m[92m  Downloaded[0m windows-strings v0.4.2
build-desktop (windows-latest)	Build Tauri Desktop	2026-08-01T14:00:06.1150119Z [1m[92m  Downloaded[0m dyn-clone v1.0.20
build-desktop (windows-latest)	Build Tauri Desktop	2026-08-01T14:00:06.1285863Z [1m[92m  Downloaded[0m icu_provider v2.2.0
build-desktop (windows-latest)	Build Tauri Desktop	2026-08-01T14:00:06.1481251Z [1m[92m  Downloaded[0m selectors v0.36.1
build-desktop (windows-latest)	Build Tauri Desktop	2026-08-01T14:00:06.1630172Z [1m[92m  Downloaded[0m tauri-runtime v2.11.3
build-desktop (windows-latest)	Build Tauri Desktop	2026-08-01T14:00:06.1729771Z [1m[92m  Downloaded[0m tauri-runtime-wry v2.11.4
build-desktop (windows-latest)	Build Tauri Desktop	2026-08-01T14:00:06.1897266Z [1m[92m  Downloaded[0m tauri-utils v2.9.3
build-desktop (windows-latest)	Build Tauri Desktop	2026-08-01T14:00:06.2152737Z [1m[92m  Downloaded[0m tracing-core v0.1.36
build-desktop (windows-latest)	Build Tauri Desktop	2026-08-01T14:00:06.2364483Z [1m[92m  Downloaded[0m dirs v6.0.0
build-desktop (windows-latest)	Build Tauri Desktop	2026-08-01T14:00:06.2468898Z [1m[92m  Downloaded[0m embed-resource v3.0.11
build-desktop (windows-latest)	Build Tauri Desktop	2026-08-01T14:00:06.2650619Z [1m[92m  Downloaded[0m serde_json v1.0.151
build-desktop (windows-latest)	Build Tauri Desktop	2026-08-01T14:00:06.3264285Z [1m[92m  Downloaded[0m new_debug_unreachable v1.0.6
build-desktop (windows-latest)	Build Tauri Desktop	2026-08-01T14:00:06.3354595Z [1m[92m  Downloaded[0m phf_generator v0.13.1
build-desktop (windows-latest)	Build Tauri Desktop	2026-08-01T14:00:06.3444596Z [1m[92m  Downloaded[0m phf_shared v0.13.1
build-desktop (windows-latest)	Build Tauri Desktop	2026-08-01T14:00:06.3518296Z [1m[92m  Downloaded[0m precomputed-hash v0.1.1
build-desktop (windows-latest)	Build Tauri Desktop	2026-08-01T14:00:06.3571837Z [1m[92m  Downloaded[0m serde_with v3.21.0
build-desktop (windows-latest)	Build Tauri Desktop	2026-08-01T14:00:06.4819039Z [1m[92m  Downloaded[0m windows-implement v0.60.2
build-desktop (windows-latest)	Build Tauri Desktop	2026-08-01T14:00:06.4902698Z [1m[92m  Downloaded[0m yoke-derive v0.8.2
build-desktop (windows-latest)	Build Tauri Desktop	2026-08-01T14:00:06.4988259Z [1m[92m  Downloaded[0m crossbeam-channel v0.5.16
build-desktop (windows-latest)	Build Tauri Desktop	2026-08-01T14:00:06.5309696Z [1m[92m  Downloaded[0m time v0.3.55
build-desktop (windows-latest)	Build Tauri Desktop	2026-08-01T14:00:06.6582833Z [1m[92m  Downloaded[0m windows-threading v0.1.0
build-desktop (windows-latest)	Build Tauri Desktop	2026-08-01T14:00:06.6683917Z [1m[92m  Downloaded[0m cargo-platform v0.1.9
build-desktop (windows-latest)	Build Tauri Desktop	2026-08-01T14:00:06.6782004Z [1m[92m  Downloaded[0m markup5ever v0.38.0
build-desktop (windows-latest)	Build Tauri Desktop	2026-08-01T14:00:06.6913248Z [1m[92m  Downloaded[0m regex-syntax v0.8.11
build-desktop (windows-latest)	Build Tauri Desktop	2026-08-01T14:00:06.7273323Z [1m[92m  Downloaded[0m syn v2.0.119
build-desktop (windows-latest)	Build Tauri Desktop	2026-08-01T14:00:07.3533708Z [1m[92m  Downloaded[0m syn v3.0.3
build-desktop (windows-latest)	Build Tauri Desktop	2026-08-01T14:00:07.4327185Z [1m[92m  Downloaded[0m tauri v2.11.5
build-desktop (windows-latest)	Build Tauri Desktop	2026-08-01T14:00:07.5479783Z [1m[92m  Downloaded[0m windows-link v0.2.1
build-desktop (windows-latest)	Build Tauri Desktop	2026-08-01T14:00:07.5550782Z [1m[92m  Downloaded[0m zerofrom v0.1.8
build-desktop (windows-latest)	Build Tauri Desktop	2026-08-01T14:00:07.5622936Z [1m[92m  Downloaded[0m alloc-no-stdlib v2.0.4
build-desktop (windows-latest)	Build Tauri Desktop	2026-08-01T14:00:07.5772547Z [1m[92m  Downloaded[0m block-buffer v0.10.4
build-desktop (windows-latest)	Build Tauri Desktop	2026-08-01T14:00:07.5858103Z [1m[92m  Downloaded[0m cfg-if v1.0.4
build-desktop (windows-latest)	Build Tauri Desktop	2026-08-01T14:00:07.5964108Z [1m[92m  Downloaded[0m tao v0.35.3
build-desktop (windows-latest)	Build Tauri Desktop	2026-08-01T14:00:07.6799446Z [1m[92m  Downloaded[0m potential_utf v0.1.5
build-desktop (windows-latest)	Build Tauri Desktop	2026-08-01T14:00:07.6879645Z [1m[92m  Downloaded[0m windows-result v0.3.4
build-desktop (windows-latest)	Build Tauri Desktop	2026-08-01T14:00:07.7004620Z [1m[92m  Downloaded[0m windows-version v0.1.7
build-desktop (windows-latest)	Build Tauri Desktop	2026-08-01T14:00:07.7078089Z [1m[92m  Downloaded[0m bit-vec v0.8.0
build-desktop (windows-latest)	Build Tauri Desktop	2026-08-01T14:00:07.7194074Z [1m[92m  Downloaded[0m bs58 v0.5.1
build-desktop (windows-latest)	Build Tauri Desktop	2026-08-01T14:00:07.7392993Z [1m[92m  Downloaded[0m byteorder v1.5.0
build-desktop (windows-latest)	Build Tauri Desktop	2026-08-01T14:00:07.7521865Z [1m[92m  Downloaded[0m dirs-sys v0.5.0
build-desktop (windows-latest)	Build Tauri Desktop	2026-08-01T14:00:07.7647565Z [1m[92m  Downloaded[0m icu_normalizer_data v2.2.0
build-desktop (windows-latest)	Build Tauri Desktop	2026-08-01T14:00:07.7785886Z [1m[92m  Downloaded[0m infer v0.19.0
build-desktop (windows-latest)	Build Tauri Desktop	2026-08-01T14:00:07.8003988Z [1m[92m  Downloaded[0m json-patch v3.0.1
build-desktop (windows-latest)	Build Tauri Desktop	2026-08-01T14:00:07.8204574Z [1m[92m  Downloaded[0m pin-project-lite v0.2.17
build-desktop (windows-latest)	Build Tauri Desktop	2026-08-01T14:00:07.8804723Z [1m[92m  Downloaded[0m quote v1.0.47
build-desktop (windows-latest)	Build Tauri Desktop	2026-08-01T14:00:07.9039580Z [1m[92m  Downloaded[0m tracing v0.1.44
build-desktop (windows-latest)	Build Tauri Desktop	2026-08-01T14:00:07.9826690Z [1m[92m  Downloaded[0m winreg v0.55.0
build-desktop (windows-latest)	Build Tauri Desktop	2026-08-01T14:00:08.0089098Z [1m[92m  Downloaded[0m zmij v1.0.23
build-desktop (windows-latest)	Build Tauri Desktop	2026-08-01T14:00:08.0218845Z [1m[92m  Downloaded[0m autocfg v1.5.1
build-desktop (windows-latest)	Build Tauri Desktop	2026-08-01T14:00:08.0383386Z [1m[92m  Downloaded[0m bit-set v0.8.0
build-desktop (windows-latest)	Build Tauri Desktop	2026-08-01T14:00:08.0482123Z [1m[92m  Downloaded[0m bitflags v1.3.2
build-desktop (windows-latest)	Build Tauri Desktop	2026-08-01T14:00:08.0848776Z [1m[92m  Downloaded[0m cargo_metadata v0.19.2
build-desktop (windows-latest)	Build Tauri Desktop	2026-08-01T14:00:08.1001358Z [1m[92m  Downloaded[0m cpufeatures v0.2.17
build-desktop (windows-latest)	Build Tauri Desktop	2026-08-01T14:00:08.1112655Z [1m[92m  Downloaded[0m crc32fast v1.5.0
build-desktop (windows-latest)	Build Tauri Desktop	2026-08-01T14:00:08.1252111Z [1m[92m  Downloaded[0m crossbeam-utils v0.8.22
build-desktop (windows-latest)	Build Tauri Desktop	2026-08-01T14:00:08.1525150Z [1m[92m  Downloaded[0m fnv v1.0.7
build-desktop (windows-latest)	Build Tauri Desktop	2026-08-01T14:00:08.1598876Z [1m[92m  Downloaded[0m foldhash v0.2.0
build-desktop (windows-latest)	Build Tauri Desktop	2026-08-01T14:00:08.1705266Z [1m[92m  Downloaded[0m generic-array v0.14.7
build-desktop (windows-latest)	Build Tauri Desktop	2026-08-01T14:00:08.1829545Z [1m[92m  Downloaded[0m lock_api v0.4.14
build-desktop (windows-latest)	Build Tauri Desktop	2026-08-01T14:00:08.1919961Z [1m[92m  Downloaded[0m num-traits v0.2.19
build-desktop (windows-latest)	Build Tauri Desktop	2026-08-01T14:00:08.2152645Z [1m[92m  Downloaded[0m phf_macros v0.13.1
build-desktop (windows-latest)	Build Tauri Desktop	2026-08-01T14:00:08.2225724Z [1m[92m  Downloaded[0m raw-window-handle v0.6.2
build-desktop (windows-latest)	Build Tauri Desktop	2026-08-01T14:00:08.2379913Z [1m[92m  Downloaded[0m regex-automata v0.4.16
build-desktop (windows-latest)	Build Tauri Desktop	2026-08-01T14:00:08.3957219Z [1m[92m  Downloaded[0m equivalent v1.0.2
build-desktop (windows-latest)	Build Tauri Desktop	2026-08-01T14:00:08.8392090Z [1m[92m  Downloaded[0m jsonptr v0.6.3
build-desktop (windows-latest)	Build Tauri Desktop	2026-08-01T14:00:08.8635156Z [1m[92m  Downloaded[0m parking_lot v0.12.5
build-desktop (windows-latest)	Build Tauri Desktop	2026-08-01T14:00:08.8837945Z [1m[92m  Downloaded[0m parking_lot_core v0.9.12
build-desktop (windows-latest)	Build Tauri Desktop	2026-08-01T14:00:08.9026046Z [1m[92m  Downloaded[0m phf_codegen v0.13.1
build-desktop (windows-latest)	Build Tauri Desktop	2026-08-01T14:00:08.9140347Z [1m[92m  Downloaded[0m tokio v1.53.1
build-desktop (windows-latest)	Build Tauri Desktop	2026-08-01T14:00:09.3000416Z [1m[92m  Downloaded[0m writeable v0.6.3
build-desktop (windows-latest)	Build Tauri Desktop	2026-08-01T14:00:09.3161001Z [1m[92m  Downloaded[0m yoke v0.8.3
build-desktop (windows-latest)	Build Tauri Desktop	2026-08-01T14:00:09.3300955Z [1m[92m  Downloaded[0m zerovec-derive v0.11.3
build-desktop (windows-latest)	Build Tauri Desktop	2026-08-01T14:00:09.3422131Z [1m[92m  Downloaded[0m camino v1.2.5
build-desktop (windows-latest)	Build Tauri Desktop	2026-08-01T14:00:09.3531046Z [1m[92m  Downloaded[0m cargo_toml v0.22.3
build-desktop (windows-latest)	Build Tauri Desktop	2026-08-01T14:00:09.3667560Z [1m[92m  Downloaded[0m crypto-common v0.1.7
build-desktop (windows-latest)	Build Tauri Desktop	2026-08-01T14:00:09.3771305Z [1m[92m  Downloaded[0m dtor-proc-macro v0.0.6
build-desktop (windows-latest)	Build Tauri Desktop	2026-08-01T14:00:09.3850583Z [1m[92m  Downloaded[0m dunce v1.0.5
build-desktop (windows-latest)	Build Tauri Desktop	2026-08-01T14:00:09.3952572Z [1m[92m  Downloaded[0m keyboard-types v0.7.0
build-desktop (windows-latest)	Build Tauri Desktop	2026-08-01T14:00:09.4104998Z [1m[92m  Downloaded[0m litemap v0.8.2
build-desktop (windows-latest)	Build Tauri Desktop	2026-08-01T14:00:09.4297460Z [1m[92m  Downloaded[0m log v0.4.33
build-desktop (windows-latest)	Build Tauri Desktop	2026-08-01T14:00:09.4464227Z [1m[92m  Downloaded[0m phf v0.13.1
build-desktop (windows-latest)	Build Tauri Desktop	2026-08-01T14:00:09.4576988Z [1m[92m  Downloaded[0m plist v1.10.0
build-desktop (windows-latest)	Build Tauri Desktop	2026-08-01T14:00:09.4952823Z [1m[92m  Downloaded[0m anyhow v1.0.104
build-desktop (windows-latest)	Build Tauri Desktop	2026-08-01T14:00:09.5301901Z [1m[92m  Downloaded[0m bitflags v2.13.1
build-desktop (windows-latest)	Build Tauri Desktop	2026-08-01T14:00:09.5792308Z [1m[92m  Downloaded[0m form_urlencoded v1.2.2
build-desktop (windows-latest)	Build Tauri Desktop	2026-08-01T14:00:09.5859693Z [1m[92m  Downloaded[0m miniz_oxide v0.8.9
build-desktop (windows-latest)	Build Tauri Desktop	2026-08-01T14:00:09.6047125Z [1m[92m  Downloaded[0m proc-macro2 v1.0.107
build-desktop (windows-latest)	Build Tauri Desktop	2026-08-01T14:00:09.6296627Z [1m[92m  Downloaded[0m window-vibrancy v0.6.0
build-desktop (windows-latest)	Build Tauri Desktop	2026-08-01T14:00:09.6607139Z [1m[92m  Downloaded[0m zerotrie v0.2.4
build-desktop (windows-latest)	Build Tauri Desktop	2026-08-01T14:00:10.0658422Z [1m[92m  Downloaded[0m base64 v0.22.1
build-desktop (windows-latest)	Build Tauri Desktop	2026-08-01T14:00:10.0960311Z [1m[92m  Downloaded[0m bytes v1.12.1
build-desktop (windows-latest)	Build Tauri Desktop	2026-08-01T14:00:10.1442136Z [1m[92m  Downloaded[0m cc v1.4.0
build-desktop (windows-latest)	Build Tauri Desktop	2026-08-01T14:00:10.1663285Z [1m[92m  Downloaded[0m cfb v0.7.3
build-desktop (windows-latest)	Build Tauri Desktop	2026-08-01T14:00:10.1965651Z [1m[92m  Downloaded[0m darling v0.23.0
build-desktop (windows-latest)	Build Tauri Desktop	2026-08-01T14:00:10.2561151Z [1m[92m  Downloaded[0m displaydoc v0.2.7
build-desktop (windows-latest)	Build Tauri Desktop	2026-08-01T14:00:10.2786562Z [1m[92m  Downloaded[0m fastrand v2.5.0
build-desktop (windows-latest)	Build Tauri Desktop	2026-08-01T14:00:10.2889506Z [1m[92m  Downloaded[0m find-msvc-tools v0.1.9
build-desktop (windows-latest)	Build Tauri Desktop	2026-08-01T14:00:10.3027879Z [1m[92m  Downloaded[0m flate2 v1.1.9
build-desktop (windows-latest)	Build Tauri Desktop	2026-08-01T14:00:10.3480616Z [1m[92m  Downloaded[0m getrandom v0.3.4
build-desktop (windows-latest)	Build Tauri Desktop	2026-08-01T14:00:10.3776776Z [1m[92m  Downloaded[0m getrandom v0.4.3
build-desktop (windows-latest)	Build Tauri Desktop	2026-08-01T14:00:10.4087718Z [1m[92m  Downloaded[0m glob v0.3.4
build-desktop (windows-latest)	Build Tauri Desktop	2026-08-01T14:00:10.4219990Z [1m[92m  Downloaded[0m http v1.5.0
build-desktop (windows-latest)	Build Tauri Desktop	2026-08-01T14:00:10.4486106Z [1m[92m  Downloaded[0m indexmap v2.14.0
build-desktop (windows-latest)	Build Tauri Desktop	2026-08-01T14:00:10.4875779Z [1m[92m  Downloaded[0m muda v0.19.3
build-desktop (windows-latest)	Build Tauri Desktop	2026-08-01T14:00:10.5176156Z [1m[92m  Downloaded[0m dtoa v1.0.11
build-desktop (windows-latest)	Build Tauri Desktop	2026-08-01T14:00:10.5293386Z [1m[92m  Downloaded[0m hex v0.4.3
build-desktop (windows-latest)	Build Tauri Desktop	2026-08-01T14:00:10.5420394Z [1m[92m  Downloaded[0m cssparser v0.36.0
build-desktop (windows-latest)	Build Tauri Desktop	2026-08-01T14:00:10.5601374Z [1m[92m  Downloaded[0m cssparser-macros v0.6.1
build-desktop (windows-latest)	Build Tauri Desktop	2026-08-01T14:00:10.5662230Z [1m[92m  Downloaded[0m darling_macro v0.23.0
build-desktop (windows-latest)	Build Tauri Desktop	2026-08-01T14:00:10.5722290Z [1m[92m  Downloaded[0m deranged v0.5.8
build-desktop (windows-latest)	Build Tauri Desktop	2026-08-01T14:00:10.5825612Z [1m[92m  Downloaded[0m dpi v0.1.2
build-desktop (windows-latest)	Build Tauri Desktop	2026-08-01T14:00:10.5912173Z [1m[92m  Downloaded[0m dtoa-short v0.3.5
build-desktop (windows-latest)	Build Tauri Desktop	2026-08-01T14:00:10.5973923Z [1m[92m  Downloaded[0m fdeflate v0.3.7
build-desktop (windows-latest)	Build Tauri Desktop	2026-08-01T14:00:10.6131292Z [1m[92m  Downloaded[0m erased-serde v0.4.10
build-desktop (windows-latest)	Build Tauri Desktop	2026-08-01T14:00:10.6319975Z [1m[92m  Downloaded[0m memchr v2.8.3
build-desktop (windows-latest)	Build Tauri Desktop	2026-08-01T14:00:10.6732287Z [1m[92m  Downloaded[0m png v0.17.16
build-desktop (windows-latest)	Build Tauri Desktop	2026-08-01T14:00:10.7036934Z [1m[92m  Downloaded[0m derive_more v2.1.1
build-desktop (windows-latest)	Build Tauri Desktop	2026-08-01T14:00:10.8368401Z [1m[92m  Downloaded[0m dom_query v0.27.0
build-desktop (windows-latest)	Build Tauri Desktop	2026-08-01T14:00:10.8788653Z [1m[92m  Downloaded[0m icu_collections v2.2.0
build-desktop (windows-latest)	Build Tauri Desktop	2026-08-01T14:00:10.9381052Z [1m[92m  Downloaded[0m idna v1.1.0
build-desktop (windows-latest)	Build Tauri Desktop	2026-08-01T14:00:10.9560219Z [1m[92m  Downloaded[0m mio v1.2.2
build-desktop (windows-latest)	Build Tauri Desktop	2026-08-01T14:00:11.0069895Z [1m[92m  Downloaded[0m heck v0.5.0
build-desktop (windows-latest)	Build Tauri Desktop	2026-08-01T14:00:11.0206007Z [1m[92m  Downloaded[0m ico v0.5.0
build-desktop (windows-latest)	Build Tauri Desktop	2026-08-01T14:00:11.0507142Z [1m[92m  Downloaded[0m icu_properties_data v2.2.0
build-desktop (windows-latest)	Build Tauri Desktop	2026-08-01T14:00:11.1531130Z [1m[92m  Downloaded[0m zerovec v0.11.6
build-desktop (windows-latest)	Build Tauri Desktop	2026-08-01T14:00:11.2078182Z [1m[92m  Downloaded[0m hashbrown v0.17.1
build-desktop (windows-latest)	Build Tauri Desktop	2026-08-01T14:00:11.2461930Z [1m[92m  Downloaded[0m derive_more-impl v2.1.1
build-desktop (windows-latest)	Build Tauri Desktop	2026-08-01T14:00:11.2894568Z [1m[92m  Downloaded[0m hashbrown v0.12.3
build-desktop (windows-latest)	Build Tauri Desktop	2026-08-01T14:00:11.3131522Z [1m[92m  Downloaded[0m winnow v0.7.15
build-desktop (windows-latest)	Build Tauri Desktop	2026-08-01T14:00:11.8784287Z [1m[92m  Downloaded[0m aho-corasick v1.1.4
build-desktop (windows-latest)	Build Tauri Desktop	2026-08-01T14:00:11.9172499Z [1m[92m  Downloaded[0m html5ever v0.38.0
build-desktop (windows-latest)	Build Tauri Desktop	2026-08-01T14:00:11.9475230Z [1m[92m  Downloaded[0m winnow v1.0.4
build-desktop (windows-latest)	Build Tauri Desktop	2026-08-01T14:00:12.0301949Z [1m[92m  Downloaded[0m wry v0.55.1
build-desktop (windows-latest)	Build Tauri Desktop	2026-08-01T14:00:12.0951612Z [1m[92m  Downloaded[0m brotli-decompressor v5.0.3
build-desktop (windows-latest)	Build Tauri Desktop	2026-08-01T14:00:12.1301176Z [1m[92m  Downloaded[0m darling_core v0.23.0
build-desktop (windows-latest)	Build Tauri Desktop	2026-08-01T14:00:12.1853290Z [1m[92m  Downloaded[0m quick-xml v0.41.0
build-desktop (windows-latest)	Build Tauri Desktop	2026-08-01T14:00:12.2235944Z [1m[92m  Downloaded[0m chrono v0.4.45
build-desktop (windows-latest)	Build Tauri Desktop	2026-08-01T14:00:12.2644793Z [1m[92m  Downloaded[0m fern v0.7.1
build-desktop (windows-latest)	Build Tauri Desktop	2026-08-01T14:00:12.2922694Z [1m[92m  Downloaded[0m icu_locale_core v2.2.0
build-desktop (windows-latest)	Build Tauri Desktop	2026-08-01T14:00:12.3602920Z [1m[92m  Downloaded[0m brotli v8.0.4
build-desktop (windows-latest)	Build Tauri Desktop	2026-08-01T14:00:12.4302754Z [1m[92m  Downloaded[0m windows_x86_64_msvc v0.52.6
build-desktop (windows-latest)	Build Tauri Desktop	2026-08-01T14:00:12.4522953Z [1m[92m  Downloaded[0m libc v0.2.189
build-desktop (windows-latest)	Build Tauri Desktop	2026-08-01T14:00:13.3075594Z [1m[92m  Downloaded[0m windows-sys v0.59.0
build-desktop (windows-latest)	Build Tauri Desktop	2026-08-01T14:00:13.6002543Z [1m[92m  Downloaded[0m windows-sys v0.61.2
build-desktop (windows-latest)	Build Tauri Desktop	2026-08-01T14:00:13.8972175Z [1m[92m  Downloaded[0m webview2-com-sys v0.38.2
build-desktop (windows-latest)	Build Tauri Desktop	2026-08-01T14:00:13.9916758Z [1m[92m  Downloaded[0m windows v0.61.3
build-desktop (windows-latest)	Build Tauri Desktop	2026-08-01T14:00:16.4167827Z [1m[92m   Compiling[0m proc-macro2 v1.0.107
build-desktop (windows-latest)	Build Tauri Desktop	2026-08-01T14:00:16.4168947Z [1m[92m   Compiling[0m unicode-ident v1.0.24
build-desktop (windows-latest)	Build Tauri Desktop	2026-08-01T14:00:16.4170003Z [1m[92m   Compiling[0m quote v1.0.47
build-desktop (windows-latest)	Build Tauri Desktop	2026-08-01T14:00:16.4170655Z [1m[92m   Compiling[0m serde_core v1.0.229
build-desktop (windows-latest)	Build Tauri Desktop	2026-08-01T14:00:16.5699888Z [1m[92m   Compiling[0m siphasher v1.0.3
build-desktop (windows-latest)	Build Tauri Desktop	2026-08-01T14:00:16.7634497Z [1m[92m   Compiling[0m phf_shared v0.13.1
build-desktop (windows-latest)	Build Tauri Desktop	2026-08-01T14:00:16.9806860Z [1m[92m   Compiling[0m cfg-if v1.0.4
build-desktop (windows-latest)	Build Tauri Desktop	2026-08-01T14:00:17.0166912Z [1m[92m   Compiling[0m fastrand v2.5.0
build-desktop (windows-latest)	Build Tauri Desktop	2026-08-01T14:00:17.1374940Z [1m[92m   Compiling[0m icu_properties_data v2.2.0
build-desktop (windows-latest)	Build Tauri Desktop	2026-08-01T14:00:18.5203002Z [1m[92m   Compiling[0m icu_normalizer_data v2.2.0
build-desktop (windows-latest)	Build Tauri Desktop	2026-08-01T14:00:18.5907872Z [1m[92m   Compiling[0m phf_generator v0.13.1
build-desktop (windows-latest)	Build Tauri Desktop	2026-08-01T14:00:18.8615307Z [1m[92m   Compiling[0m stable_deref_trait v1.2.1
build-desktop (windows-latest)	Build Tauri Desktop	2026-08-01T14:00:18.9336477Z [1m[92m   Compiling[0m zmij v1.0.23
build-desktop (windows-latest)	Build Tauri Desktop	2026-08-01T14:00:19.2865059Z [1m[92m   Compiling[0m smallvec v1.15.2
build-desktop (windows-latest)	Build Tauri Desktop	2026-08-01T14:00:20.0147168Z [1m[92m   Compiling[0m syn v2.0.119
build-desktop (windows-latest)	Build Tauri Desktop	2026-08-01T14:00:20.1615296Z [1m[92m   Compiling[0m syn v3.0.3
build-desktop (windows-latest)	Build Tauri Desktop	2026-08-01T14:00:22.2306509Z [1m[92m   Compiling[0m thiserror v2.0.19
build-desktop (windows-latest)	Build Tauri Desktop	2026-08-01T14:00:22.6732124Z [1m[92m   Compiling[0m windows-link v0.2.1
build-desktop (windows-latest)	Build Tauri Desktop	2026-08-01T14:00:22.7326903Z [1m[92m   Compiling[0m parking_lot_core v0.9.12
build-desktop (windows-latest)	Build Tauri Desktop	2026-08-01T14:00:23.0222503Z [1m[92m   Compiling[0m serde v1.0.229
build-desktop (windows-latest)	Build Tauri Desktop	2026-08-01T14:00:23.4591287Z [1m[92m   Compiling[0m typeid v1.0.3
build-desktop (windows-latest)	Build Tauri Desktop	2026-08-01T14:00:23.4681157Z [1m[92m   Compiling[0m memchr v2.8.3
build-desktop (windows-latest)	Build Tauri Desktop	2026-08-01T14:00:23.7822852Z [1m[92m   Compiling[0m num-conv v0.2.2
build-desktop (windows-latest)	Build Tauri Desktop	2026-08-01T14:00:23.9698443Z [1m[92m   Compiling[0m time-core v0.1.9
build-desktop (windows-latest)	Build Tauri Desktop	2026-08-01T14:00:24.1856593Z [1m[92m   Compiling[0m displaydoc v0.2.7
build-desktop (windows-latest)	Build Tauri Desktop	2026-08-01T14:00:24.2428030Z [1m[92m   Compiling[0m serde_derive v1.0.229
build-desktop (windows-latest)	Build Tauri Desktop	2026-08-01T14:00:24.4712107Z [1m[92m   Compiling[0m thiserror-impl v2.0.19
build-desktop (windows-latest)	Build Tauri Desktop	2026-08-01T14:00:25.3486200Z [1m[92m   Compiling[0m synstructure v0.13.2
build-desktop (windows-latest)	Build Tauri Desktop	2026-08-01T14:00:26.3652570Z [1m[92m   Compiling[0m phf_codegen v0.13.1
build-desktop (windows-latest)	Build Tauri Desktop	2026-08-01T14:00:26.4751551Z [1m[92m   Compiling[0m erased-serde v0.4.10
build-desktop (windows-latest)	Build Tauri Desktop	2026-08-01T14:00:26.5210234Z [1m[92m   Compiling[0m writeable v0.6.3
build-desktop (windows-latest)	Build Tauri Desktop	2026-08-01T14:00:26.7747333Z [1m[92m   Compiling[0m litemap v0.8.2
build-desktop (windows-latest)	Build Tauri Desktop	2026-08-01T14:00:26.7846757Z [1m[92m   Compiling[0m strsim v0.11.1
build-desktop (windows-latest)	Build Tauri Desktop	2026-08-01T14:00:27.0112901Z [1m[92m   Compiling[0m itoa v1.0.18
build-desktop (windows-latest)	Build Tauri Desktop	2026-08-01T14:00:27.2177381Z [1m[92m   Compiling[0m thiserror v1.0.69
build-desktop (windows-latest)	Build Tauri Desktop	2026-08-01T14:00:27.2320928Z [1m[92m   Compiling[0m ident_case v1.0.1
build-desktop (windows-latest)	Build Tauri Desktop	2026-08-01T14:00:27.3354607Z [1m[92m   Compiling[0m darling_core v0.23.0
build-desktop (windows-latest)	Build Tauri Desktop	2026-08-01T14:00:27.6986595Z [1m[92m   Compiling[0m utf8_iter v1.0.4
build-desktop (windows-latest)	Build Tauri Desktop	2026-08-01T14:00:27.9628254Z [1m[92m   Compiling[0m anyhow v1.0.104
build-desktop (windows-latest)	Build Tauri Desktop	2026-08-01T14:00:28.3451478Z [1m[92m   Compiling[0m windows_x86_64_msvc v0.52.6
build-desktop (windows-latest)	Build Tauri Desktop	2026-08-01T14:00:28.3937113Z [1m[92m   Compiling[0m zerofrom-derive v0.1.7
build-desktop (windows-latest)	Build Tauri Desktop	2026-08-01T14:00:28.6124337Z [1m[92m   Compiling[0m yoke-derive v0.8.2
build-desktop (windows-latest)	Build Tauri Desktop	2026-08-01T14:00:29.3175966Z [1m[92m   Compiling[0m zerovec-derive v0.11.3
build-desktop (windows-latest)	Build Tauri Desktop	2026-08-01T14:00:30.4381382Z [1m[92m   Compiling[0m phf_macros v0.13.1
build-desktop (windows-latest)	Build Tauri Desktop	2026-08-01T14:00:30.5289189Z [1m[92m   Compiling[0m zerofrom v0.1.8
build-desktop (windows-latest)	Build Tauri Desktop	2026-08-01T14:00:30.6678645Z [1m[92m   Compiling[0m yoke v0.8.3
build-desktop (windows-latest)	Build Tauri Desktop	2026-08-01T14:00:31.0951461Z [1m[92m   Compiling[0m zerovec v0.11.6
build-desktop (windows-latest)	Build Tauri Desktop	2026-08-01T14:00:31.5800961Z [1m[92m   Compiling[0m zerotrie v0.2.4
build-desktop (windows-latest)	Build Tauri Desktop	2026-08-01T14:00:31.9663057Z [1m[92m   Compiling[0m tinystr v0.8.3
build-desktop (windows-latest)	Build Tauri Desktop	2026-08-01T14:00:31.9782070Z [1m[92m   Compiling[0m potential_utf v0.1.5
build-desktop (windows-latest)	Build Tauri Desktop	2026-08-01T14:00:31.9804755Z [1m[92m   Compiling[0m thiserror-impl v1.0.69
build-desktop (windows-latest)	Build Tauri Desktop	2026-08-01T14:00:32.1417494Z [1m[92m   Compiling[0m icu_collections v2.2.0
build-desktop (windows-latest)	Build Tauri Desktop	2026-08-01T14:00:32.2120110Z [1m[92m   Compiling[0m icu_locale_core v2.2.0
build-desktop (windows-latest)	Build Tauri Desktop	2026-08-01T14:00:32.3403656Z [1m[92m   Compiling[0m darling_macro v0.23.0
build-desktop (windows-latest)	Build Tauri Desktop	2026-08-01T14:00:32.8269872Z [1m[92m   Compiling[0m scopeguard v1.2.0
build-desktop (windows-latest)	Build Tauri Desktop	2026-08-01T14:00:32.8702264Z [1m[92m   Compiling[0m new_debug_unreachable v1.0.6
build-desktop (windows-latest)	Build Tauri Desktop	2026-08-01T14:00:32.9099598Z [1m[92m   Compiling[0m lock_api v0.4.14
build-desktop (windows-latest)	Build Tauri Desktop	2026-08-01T14:00:32.9290037Z [1m[92m   Compiling[0m darling v0.23.0
build-desktop (windows-latest)	Build Tauri Desktop	2026-08-01T14:00:33.2262257Z [1m[92m   Compiling[0m phf v0.13.1
build-desktop (windows-latest)	Build Tauri Desktop	2026-08-01T14:00:33.4773436Z [1m[92m   Compiling[0m string_cache_codegen v0.6.1
build-desktop (windows-latest)	Build Tauri Desktop	2026-08-01T14:00:33.8323039Z [1m[92m   Compiling[0m icu_provider v2.2.0
build-desktop (windows-latest)	Build Tauri Desktop	2026-08-01T14:00:33.9346888Z [1m[92m   Compiling[0m winnow v1.0.4
build-desktop (windows-latest)	Build Tauri Desktop	2026-08-01T14:00:34.1058509Z [1m[92m   Compiling[0m serde_json v1.0.151
build-desktop (windows-latest)	Build Tauri Desktop	2026-08-01T14:00:34.1497317Z [1m[92m   Compiling[0m getrandom v0.4.3
build-desktop (windows-latest)	Build Tauri Desktop	2026-08-01T14:00:34.2932860Z [1m[92m   Compiling[0m precomputed-hash v0.1.1
build-desktop (windows-latest)	Build Tauri Desktop	2026-08-01T14:00:34.4009481Z [1m[92m   Compiling[0m icu_normalizer v2.2.0
build-desktop (windows-latest)	Build Tauri Desktop	2026-08-01T14:00:34.4125734Z [1m[92m   Compiling[0m icu_properties v2.2.0
build-desktop (windows-latest)	Build Tauri Desktop	2026-08-01T14:00:34.4455953Z [1m[92m   Compiling[0m web_atoms v0.2.5
build-desktop (windows-latest)	Build Tauri Desktop	2026-08-01T14:00:34.5248714Z [1m[92m   Compiling[0m toml_parser v1.1.3+spec-1.1.0
build-desktop (windows-latest)	Build Tauri Desktop	2026-08-01T14:00:35.2385550Z [1m[92m   Compiling[0m parking_lot v0.12.5
build-desktop (windows-latest)	Build Tauri Desktop	2026-08-01T14:00:35.5979371Z [1m[92m   Compiling[0m serde_with_macros v3.21.0
build-desktop (windows-latest)	Build Tauri Desktop	2026-08-01T14:00:35.6380481Z [1m[92m   Compiling[0m windows-sys v0.61.2
build-desktop (windows-latest)	Build Tauri Desktop	2026-08-01T14:00:35.8110395Z [1m[92m   Compiling[0m serde_spanned v1.1.1
build-desktop (windows-latest)	Build Tauri Desktop	2026-08-01T14:00:36.3122339Z [1m[92m   Compiling[0m toml_writer v1.1.2+spec-1.1.0
build-desktop (windows-latest)	Build Tauri Desktop	2026-08-01T14:00:36.4950244Z [1m[92m   Compiling[0m ctor-proc-macro v0.0.7
build-desktop (windows-latest)	Build Tauri Desktop	2026-08-01T14:00:36.5616113Z [1m[92m   Compiling[0m libc v0.2.189
build-desktop (windows-latest)	Build Tauri Desktop	2026-08-01T14:00:36.9421472Z [1m[92m   Compiling[0m idna_adapter v1.2.2
build-desktop (windows-latest)	Build Tauri Desktop	2026-08-01T14:00:37.0790378Z [1m[92m   Compiling[0m string_cache v0.9.0
build-desktop (windows-latest)	Build Tauri Desktop	2026-08-01T14:00:37.7750619Z [1m[92m   Compiling[0m semver v1.0.28
build-desktop (windows-latest)	Build Tauri Desktop	2026-08-01T14:00:38.2196002Z [1m[92m   Compiling[0m percent-encoding v2.3.2
build-desktop (windows-latest)	Build Tauri Desktop	2026-08-01T14:00:38.4309926Z [1m[92m   Compiling[0m log v0.4.33
build-desktop (windows-latest)	Build Tauri Desktop	2026-08-01T14:00:38.5054606Z [1m[92m   Compiling[0m version_check v0.9.5
build-desktop (windows-latest)	Build Tauri Desktop	2026-08-01T14:00:38.6615518Z [1m[92m   Compiling[0m autocfg v1.5.1
build-desktop (windows-latest)	Build Tauri Desktop	2026-08-01T14:00:38.7665601Z [1m[92m   Compiling[0m dtoa v1.0.11
build-desktop (windows-latest)	Build Tauri Desktop	2026-08-01T14:00:38.9080246Z [1m[92m   Compiling[0m dtoa-short v0.3.5
build-desktop (windows-latest)	Build Tauri Desktop	2026-08-01T14:00:38.9205644Z [1m[92m   Compiling[0m form_urlencoded v1.2.2
build-desktop (windows-latest)	Build Tauri Desktop	2026-08-01T14:00:39.1085256Z [1m[92m   Compiling[0m uuid v1.24.0
build-desktop (windows-latest)	Build Tauri Desktop	2026-08-01T14:00:39.2018648Z [1m[92m   Compiling[0m idna v1.1.0
build-desktop (windows-latest)	Build Tauri Desktop	2026-08-01T14:00:39.2253199Z [1m[92m   Compiling[0m indexmap v1.9.3
build-desktop (windows-latest)	Build Tauri Desktop	2026-08-01T14:00:39.6966704Z [1m[92m   Compiling[0m tendril v0.5.1
build-desktop (windows-latest)	Build Tauri Desktop	2026-08-01T14:00:40.0844821Z [1m[92m   Compiling[0m cssparser-macros v0.6.1
build-desktop (windows-latest)	Build Tauri Desktop	2026-08-01T14:00:40.1864602Z [1m[92m   Compiling[0m derive_more-impl v2.1.1
build-desktop (windows-latest)	Build Tauri Desktop	2026-08-01T14:00:40.2411121Z [1m[92m   Compiling[0m selectors v0.36.1
build-desktop (windows-latest)	Build Tauri Desktop	2026-08-01T14:00:40.5666009Z [1m[92m   Compiling[0m aho-corasick v1.1.4
build-desktop (windows-latest)	Build Tauri Desktop	2026-08-01T14:00:40.7366379Z [1m[92m   Compiling[0m toml_datetime v1.1.1+spec-1.1.0
build-desktop (windows-latest)	Build Tauri Desktop	2026-08-01T14:00:40.7511510Z [1m[92m   Compiling[0m alloc-no-stdlib v2.0.4
build-desktop (windows-latest)	Build Tauri Desktop	2026-08-01T14:00:40.8587748Z [1m[92m   Compiling[0m unic-char-range v0.9.0
build-desktop (windows-latest)	Build Tauri Desktop	2026-08-01T14:00:40.9722710Z [1m[92m   Compiling[0m byteorder v1.5.0
build-desktop (windows-latest)	Build Tauri Desktop	2026-08-01T14:00:41.1142381Z [1m[92m   Compiling[0m camino v1.2.5
build-desktop (windows-latest)	Build Tauri Desktop	2026-08-01T14:00:41.2853774Z [1m[92m   Compiling[0m unic-common v0.9.0
build-desktop (windows-latest)	Build Tauri Desktop	2026-08-01T14:00:41.3757169Z [1m[92m   Compiling[0m windows-link v0.1.3
build-desktop (windows-latest)	Build Tauri Desktop	2026-08-01T14:00:41.4462058Z [1m[92m   Compiling[0m regex-syntax v0.8.11
build-desktop (windows-latest)	Build Tauri Desktop	2026-08-01T14:00:41.5184946Z [1m[92m   Compiling[0m unic-ucd-version v0.9.0
build-desktop (windows-latest)	Build Tauri Desktop	2026-08-01T14:00:41.5771297Z [1m[92m   Compiling[0m toml v1.1.4+spec-1.1.0
build-desktop (windows-latest)	Build Tauri Desktop	2026-08-01T14:00:41.7384562Z [1m[92m   Compiling[0m derive_more v2.1.1
build-desktop (windows-latest)	Build Tauri Desktop	2026-08-01T14:00:41.8789210Z [1m[92m   Compiling[0m unic-char-property v0.9.0
build-desktop (windows-latest)	Build Tauri Desktop	2026-08-01T14:00:41.9795862Z [1m[92m   Compiling[0m alloc-stdlib v0.2.4
build-desktop (windows-latest)	Build Tauri Desktop	2026-08-01T14:00:42.2051564Z [1m[92m   Compiling[0m cssparser v0.36.0
build-desktop (windows-latest)	Build Tauri Desktop	2026-08-01T14:00:43.3947883Z [1m[92m   Compiling[0m markup5ever v0.38.0
build-desktop (windows-latest)	Build Tauri Desktop	2026-08-01T14:00:43.5773578Z [1m[92m   Compiling[0m url v2.5.8
build-desktop (windows-latest)	Build Tauri Desktop	2026-08-01T14:00:43.8127664Z [1m[92m   Compiling[0m winapi-util v0.1.11
build-desktop (windows-latest)	Build Tauri Desktop	2026-08-01T14:00:44.0272432Z [1m[92m   Compiling[0m serde_derive_internals v0.29.1
build-desktop (windows-latest)	Build Tauri Desktop	2026-08-01T14:00:44.0777100Z [1m[92m   Compiling[0m servo_arc v0.4.3
build-desktop (windows-latest)	Build Tauri Desktop	2026-08-01T14:00:44.2633682Z [1m[92m   Compiling[0m regex-automata v0.4.16
build-desktop (windows-latest)	Build Tauri Desktop	2026-08-01T14:00:44.7909468Z [1m[92m   Compiling[0m equivalent v1.0.2
build-desktop (windows-latest)	Build Tauri Desktop	2026-08-01T14:00:44.8586800Z [1m[92m   Compiling[0m bitflags v2.13.1
build-desktop (windows-latest)	Build Tauri Desktop	2026-08-01T14:00:45.1071839Z [1m[92m   Compiling[0m hashbrown v0.12.3
build-desktop (windows-latest)	Build Tauri Desktop	2026-08-01T14:00:45.5390445Z [1m[92m   Compiling[0m rustc-hash v2.1.3
build-desktop (windows-latest)	Build Tauri Desktop	2026-08-01T14:00:45.6674296Z [1m[92m   Compiling[0m powerfmt v0.2.0
build-desktop (windows-latest)	Build Tauri Desktop	2026-08-01T14:00:45.6944447Z [1m[92m   Compiling[0m fnv v1.0.7
build-desktop (windows-latest)	Build Tauri Desktop	2026-08-01T14:00:45.7753862Z [1m[92m   Compiling[0m schemars v0.8.22
build-desktop (windows-latest)	Build Tauri Desktop	2026-08-01T14:00:45.8393659Z [1m[92m   Compiling[0m shlex v2.0.1
build-desktop (windows-latest)	Build Tauri Desktop	2026-08-01T14:00:45.9032334Z [1m[92m   Compiling[0m deranged v0.5.8
build-desktop (windows-latest)	Build Tauri Desktop	2026-08-01T14:00:46.0034554Z [1m[92m   Compiling[0m find-msvc-tools v0.1.9
build-desktop (windows-latest)	Build Tauri Desktop	2026-08-01T14:00:47.3065485Z [1m[92m   Compiling[0m hashbrown v0.17.1
build-desktop (windows-latest)	Build Tauri Desktop	2026-08-01T14:00:47.6522466Z [1m[92m   Compiling[0m bit-vec v0.8.0
build-desktop (windows-latest)	Build Tauri Desktop	2026-08-01T14:00:47.9483248Z [1m[92m   Compiling[0m bit-set v0.8.0
build-desktop (windows-latest)	Build Tauri Desktop	2026-08-01T14:00:48.1287739Z [1m[92m   Compiling[0m indexmap v2.14.0
build-desktop (windows-latest)	Build Tauri Desktop	2026-08-01T14:00:48.1813933Z [1m[92m   Compiling[0m time v0.3.55
build-desktop (windows-latest)	Build Tauri Desktop	2026-08-01T14:00:48.5741409Z [1m[92m   Compiling[0m regex v1.13.1
build-desktop (windows-latest)	Build Tauri Desktop	2026-08-01T14:00:49.1386050Z [1m[92m   Compiling[0m cc v1.4.0
build-desktop (windows-latest)	Build Tauri Desktop	2026-08-01T14:00:49.8162815Z [1m[92m   Compiling[0m cfb v0.7.3
build-desktop (windows-latest)	Build Tauri Desktop	2026-08-01T14:00:50.8940093Z [1m[92m   Compiling[0m schemars_derive v0.8.22
build-desktop (windows-latest)	Build Tauri Desktop	2026-08-01T14:00:51.4137007Z [1m[92m   Compiling[0m same-file v1.0.6
build-desktop (windows-latest)	Build Tauri Desktop	2026-08-01T14:00:51.6306235Z [1m[92m   Compiling[0m html5ever v0.38.0
build-desktop (windows-latest)	Build Tauri Desktop	2026-08-01T14:00:51.6510687Z [1m[92m   Compiling[0m brotli-decompressor v5.0.3
build-desktop (windows-latest)	Build Tauri Desktop	2026-08-01T14:00:52.1564800Z [1m[92m   Compiling[0m unic-ucd-ident v0.9.0
build-desktop (windows-latest)	Build Tauri Desktop	2026-08-01T14:00:52.9735181Z [1m[92m   Compiling[0m jsonptr v0.6.3
build-desktop (windows-latest)	Build Tauri Desktop	2026-08-01T14:00:53.0389712Z [1m[92m   Compiling[0m cargo-platform v0.1.9
build-desktop (windows-latest)	Build Tauri Desktop	2026-08-01T14:00:53.2265115Z [1m[92m   Compiling[0m quick-xml v0.41.0
build-desktop (windows-latest)	Build Tauri Desktop	2026-08-01T14:00:53.3645292Z [1m[92m   Compiling[0m foldhash v0.2.0
build-desktop (windows-latest)	Build Tauri Desktop	2026-08-01T14:00:53.5843481Z [1m[92m   Compiling[0m bytes v1.12.1
build-desktop (windows-latest)	Build Tauri Desktop	2026-08-01T14:00:53.5917385Z [1m[92m   Compiling[0m base64 v0.22.1
build-desktop (windows-latest)	Build Tauri Desktop	2026-08-01T14:00:53.9125446Z [1m[92m   Compiling[0m dyn-clone v1.0.20
build-desktop (windows-latest)	Build Tauri Desktop	2026-08-01T14:00:54.0269220Z [1m[92m   Compiling[0m dunce v1.0.5
build-desktop (windows-latest)	Build Tauri Desktop	2026-08-01T14:00:54.1975727Z [1m[92m   Compiling[0m plist v1.10.0
build-desktop (windows-latest)	Build Tauri Desktop	2026-08-01T14:00:54.5363101Z [1m[92m   Compiling[0m http v1.5.0
build-desktop (windows-latest)	Build Tauri Desktop	2026-08-01T14:00:55.5678204Z [1m[92m   Compiling[0m dom_query v0.27.0
build-desktop (windows-latest)	Build Tauri Desktop	2026-08-01T14:00:56.0371316Z [1m[92m   Compiling[0m json-patch v3.0.1
build-desktop (windows-latest)	Build Tauri Desktop	2026-08-01T14:00:56.7429143Z [1m[92m   Compiling[0m cargo_metadata v0.19.2
build-desktop (windows-latest)	Build Tauri Desktop	2026-08-01T14:00:57.0086774Z [1m[92m   Compiling[0m brotli v8.0.4
build-desktop (windows-latest)	Build Tauri Desktop	2026-08-01T14:00:58.2711532Z [1m[92m   Compiling[0m urlpattern v0.3.0
build-desktop (windows-latest)	Build Tauri Desktop	2026-08-01T14:00:59.1795933Z [1m[92m   Compiling[0m serde-untagged v0.1.9
build-desktop (windows-latest)	Build Tauri Desktop	2026-08-01T14:00:59.4904537Z [1m[92m   Compiling[0m walkdir v2.5.0
build-desktop (windows-latest)	Build Tauri Desktop	2026-08-01T14:00:59.8999442Z [1m[92m   Compiling[0m vswhom-sys v0.1.3
build-desktop (windows-latest)	Build Tauri Desktop	2026-08-01T14:00:59.9906647Z [1m[92m   Compiling[0m infer v0.19.0
build-desktop (windows-latest)	Build Tauri Desktop	2026-08-01T14:01:00.3271386Z [1m[92m   Compiling[0m windows-strings v0.4.2
build-desktop (windows-latest)	Build Tauri Desktop	2026-08-01T14:01:00.6622803Z [1m[92m   Compiling[0m windows-result v0.3.4
build-desktop (windows-latest)	Build Tauri Desktop	2026-08-01T14:01:00.9115586Z [1m[92m   Compiling[0m serde_with v3.21.0
build-desktop (windows-latest)	Build Tauri Desktop	2026-08-01T14:01:01.2453853Z [1m[92m   Compiling[0m ctor v0.8.0
build-desktop (windows-latest)	Build Tauri Desktop	2026-08-01T14:01:01.3703394Z [1m[92m   Compiling[0m windows-implement v0.60.2
build-desktop (windows-latest)	Build Tauri Desktop	2026-08-01T14:01:01.9906389Z [1m[92m   Compiling[0m windows-interface v0.59.3
build-desktop (windows-latest)	Build Tauri Desktop	2026-08-01T14:01:02.3793646Z [1m[92m   Compiling[0m glob v0.3.4
build-desktop (windows-latest)	Build Tauri Desktop	2026-08-01T14:01:03.1133172Z [1m[92m   Compiling[0m windows-core v0.61.2
build-desktop (windows-latest)	Build Tauri Desktop	2026-08-01T14:01:03.8778113Z [1m[92m   Compiling[0m tauri-utils v2.9.3
build-desktop (windows-latest)	Build Tauri Desktop	2026-08-01T14:01:04.0813983Z [1m[92m   Compiling[0m windows-targets v0.52.6
build-desktop (windows-latest)	Build Tauri Desktop	2026-08-01T14:01:04.7191248Z [1m[92m   Compiling[0m windows-sys v0.59.0
build-desktop (windows-latest)	Build Tauri Desktop	2026-08-01T14:01:09.1635408Z [1m[92m   Compiling[0m winreg v0.55.0
build-desktop (windows-latest)	Build Tauri Desktop	2026-08-01T14:01:09.2379618Z [1m[92m   Compiling[0m vswhom v0.1.0
build-desktop (windows-latest)	Build Tauri Desktop	2026-08-01T14:01:09.5990219Z [1m[92m   Compiling[0m windows-threading v0.1.0
build-desktop (windows-latest)	Build Tauri Desktop	2026-08-01T14:01:09.7362294Z [1m[92m   Compiling[0m generic-array v0.14.7
build-desktop (windows-latest)	Build Tauri Desktop	2026-08-01T14:01:09.9897515Z [1m[92m   Compiling[0m rustc_version v0.4.1
build-desktop (windows-latest)	Build Tauri Desktop	2026-08-01T14:01:10.3669972Z [1m[92m   Compiling[0m toml_datetime v0.7.5+spec-1.1.0
build-desktop (windows-latest)	Build Tauri Desktop	2026-08-01T14:01:11.0632192Z [1m[92m   Compiling[0m winnow v0.7.15
build-desktop (windows-latest)	Build Tauri Desktop	2026-08-01T14:01:11.9387487Z [1m[92m   Compiling[0m option-ext v0.2.0
build-desktop (windows-latest)	Build Tauri Desktop	2026-08-01T14:01:12.0190542Z [1m[92m   Compiling[0m dirs-sys v0.5.0
build-desktop (windows-latest)	Build Tauri Desktop	2026-08-01T14:01:12.8124866Z [1m[92m   Compiling[0m embed-resource v3.0.11
build-desktop (windows-latest)	Build Tauri Desktop	2026-08-01T14:01:12.9249579Z [1m[92m   Compiling[0m windows-future v0.2.1
build-desktop (windows-latest)	Build Tauri Desktop	2026-08-01T14:01:13.1911615Z [1m[92m   Compiling[0m windows-collections v0.2.0
build-desktop (windows-latest)	Build Tauri Desktop	2026-08-01T14:01:13.4894236Z [1m[92m   Compiling[0m toml v0.9.12+spec-1.1.0
build-desktop (windows-latest)	Build Tauri Desktop	2026-08-01T14:01:13.5242915Z [1m[92m   Compiling[0m windows-numerics v0.2.0
build-desktop (windows-latest)	Build Tauri Desktop	2026-08-01T14:01:13.5462165Z [1m[92m   Compiling[0m time-macros v0.2.32
build-desktop (windows-latest)	Build Tauri Desktop	2026-08-01T14:01:13.8660085Z [1m[92m   Compiling[0m simd-adler32 v0.3.10
build-desktop (windows-latest)	Build Tauri Desktop	2026-08-01T14:01:14.5202518Z [1m[92m   Compiling[0m typenum v1.20.1
build-desktop (windows-latest)	Build Tauri Desktop	2026-08-01T14:01:16.0222933Z [1m[92m   Compiling[0m crc32fast v1.5.0
build-desktop (windows-latest)	Build Tauri Desktop	2026-08-01T14:01:16.0881232Z [1m[92m   Compiling[0m heck v0.5.0
build-desktop (windows-latest)	Build Tauri Desktop	2026-08-01T14:01:16.7728913Z [1m[92m   Compiling[0m cargo_toml v0.22.3
build-desktop (windows-latest)	Build Tauri Desktop	2026-08-01T14:01:17.2764707Z [1m[92m   Compiling[0m windows v0.61.3
build-desktop (windows-latest)	Build Tauri Desktop	2026-08-01T14:01:22.3688602Z [1m[92m   Compiling[0m tauri-winres v0.3.6
build-desktop (windows-latest)	Build Tauri Desktop	2026-08-01T14:01:28.5785409Z [1m[92m   Compiling[0m dirs v6.0.0
build-desktop (windows-latest)	Build Tauri Desktop	2026-08-01T14:01:29.0654702Z [1m[92m   Compiling[0m webview2-com-sys v0.38.2
build-desktop (windows-latest)	Build Tauri Desktop	2026-08-01T14:01:30.2890712Z [1m[92m   Compiling[0m adler2 v2.0.1
build-desktop (windows-latest)	Build Tauri Desktop	2026-08-01T14:01:32.3724311Z [1m[92m   Compiling[0m crossbeam-utils v0.8.22
build-desktop (windows-latest)	Build Tauri Desktop	2026-08-01T14:01:32.7640517Z [1m[92m   Compiling[0m raw-window-handle v0.6.2
build-desktop (windows-latest)	Build Tauri Desktop	2026-08-01T14:01:41.8304022Z [1m[92m   Compiling[0m miniz_oxide v0.8.9
build-desktop (windows-latest)	Build Tauri Desktop	2026-08-01T14:01:43.0907458Z [1m[92m   Compiling[0m tauri-build v2.6.3
build-desktop (windows-latest)	Build Tauri Desktop	2026-08-01T14:01:47.5650160Z [1m[92m   Compiling[0m dpi v0.1.2
build-desktop (windows-latest)	Build Tauri Desktop	2026-08-01T14:01:48.1207791Z [1m[92m   Compiling[0m cookie v0.18.1
build-desktop (windows-latest)	Build Tauri Desktop	2026-08-01T14:01:56.7251186Z [1m[92m   Compiling[0m flate2 v1.1.9
build-desktop (windows-latest)	Build Tauri Desktop	2026-08-01T14:02:03.8225392Z [1m[92m   Compiling[0m block-buffer v0.10.4
build-desktop (windows-latest)	Build Tauri Desktop	2026-08-01T14:02:03.9595451Z [1m[92m   Compiling[0m crypto-common v0.1.7
build-desktop (windows-latest)	Build Tauri Desktop	2026-08-01T14:02:04.0779312Z [1m[92m   Compiling[0m fdeflate v0.3.7
build-desktop (windows-latest)	Build Tauri Desktop	2026-08-01T14:02:04.6617075Z [1m[92m   Compiling[0m windows-version v0.1.7
build-desktop (windows-latest)	Build Tauri Desktop	2026-08-01T14:02:04.8246359Z [1m[92m   Compiling[0m webview2-com-macros v0.8.1
build-desktop (windows-latest)	Build Tauri Desktop	2026-08-01T14:02:07.0429006Z [1m[92m   Compiling[0m once_cell v1.21.4
build-desktop (windows-latest)	Build Tauri Desktop	2026-08-01T14:02:07.3507333Z [1m[92m   Compiling[0m bitflags v1.3.2
build-desktop (windows-latest)	Build Tauri Desktop	2026-08-01T14:02:10.0860268Z [1m[92m   Compiling[0m pin-project-lite v0.2.17
build-desktop (windows-latest)	Build Tauri Desktop	2026-08-01T14:02:10.1957584Z [1m[92m   Compiling[0m unicode-segmentation v1.13.3
build-desktop (windows-latest)	Build Tauri Desktop	2026-08-01T14:02:13.8481126Z [1m[92m   Compiling[0m webview2-com v0.38.2
build-desktop (windows-latest)	Build Tauri Desktop	2026-08-01T14:02:16.8602943Z [1m[92m   Compiling[0m png v0.17.16
build-desktop (windows-latest)	Build Tauri Desktop	2026-08-01T14:02:20.2922607Z [1m[92m   Compiling[0m digest v0.10.7
build-desktop (windows-latest)	Build Tauri Desktop	2026-08-01T14:02:22.1152944Z [1m[92m   Compiling[0m crossbeam-channel v0.5.16
build-desktop (windows-latest)	Build Tauri Desktop	2026-08-01T14:02:30.6832441Z [1m[92m   Compiling[0m tauri v2.11.5
build-desktop (windows-latest)	Build Tauri Desktop	2026-08-01T14:02:32.2265014Z [1m[92m   Compiling[0m tracing-core v0.1.36
build-desktop (windows-latest)	Build Tauri Desktop	2026-08-01T14:02:32.3479358Z [1m[92m   Compiling[0m cpufeatures v0.2.17
build-desktop (windows-latest)	Build Tauri Desktop	2026-08-01T14:02:33.6736176Z [1m[92m   Compiling[0m tauri-runtime v2.11.3
build-desktop (windows-latest)	Build Tauri Desktop	2026-08-01T14:02:33.6988272Z [1m[92m   Compiling[0m wry v0.55.1
build-desktop (windows-latest)	Build Tauri Desktop	2026-08-01T14:02:33.9799229Z [1m[92m   Compiling[0m tracing v0.1.44
build-desktop (windows-latest)	Build Tauri Desktop	2026-08-01T14:02:34.1473331Z [1m[92m   Compiling[0m sha2 v0.10.9
build-desktop (windows-latest)	Build Tauri Desktop	2026-08-01T14:02:35.1109028Z [1m[92m   Compiling[0m ico v0.5.0
build-desktop (windows-latest)	Build Tauri Desktop	2026-08-01T14:02:35.1388241Z [1m[92m   Compiling[0m tauri-plugin v2.6.3
build-desktop (windows-latest)	Build Tauri Desktop	2026-08-01T14:02:35.7355877Z [1m[92m   Compiling[0m tauri-runtime-wry v2.11.4
build-desktop (windows-latest)	Build Tauri Desktop	2026-08-01T14:02:36.0172806Z [1m[92m   Compiling[0m getrandom v0.3.4
build-desktop (windows-latest)	Build Tauri Desktop	2026-08-01T14:02:36.2727423Z [1m[92m   Compiling[0m tauri-plugin-log v2.9.0
build-desktop (windows-latest)	Build Tauri Desktop	2026-08-01T14:02:36.4384463Z [1m[92m   Compiling[0m tauri-codegen v2.6.3
build-desktop (windows-latest)	Build Tauri Desktop	2026-08-01T14:02:36.7642347Z [1m[92m   Compiling[0m tao v0.35.3
build-desktop (windows-latest)	Build Tauri Desktop	2026-08-01T14:02:39.2433084Z [1m[92m   Compiling[0m softbuffer v0.4.8
build-desktop (windows-latest)	Build Tauri Desktop	2026-08-01T14:02:42.5931817Z [1m[92m   Compiling[0m keyboard-types v0.7.0
build-desktop (windows-latest)	Build Tauri Desktop	2026-08-01T14:02:45.6267473Z [1m[92m   Compiling[0m serialize-to-javascript-impl v0.1.2
build-desktop (windows-latest)	Build Tauri Desktop	2026-08-01T14:02:46.1453517Z [1m[92m   Compiling[0m serialize-to-javascript v0.1.2
build-desktop (windows-latest)	Build Tauri Desktop	2026-08-01T14:02:47.4321362Z [1m[92m   Compiling[0m muda v0.19.3
build-desktop (windows-latest)	Build Tauri Desktop	2026-08-01T14:02:47.7680250Z [1m[92m   Compiling[0m tauri-macros v2.6.3
build-desktop (windows-latest)	Build Tauri Desktop	2026-08-01T14:02:50.2423765Z [1m[92m   Compiling[0m window-vibrancy v0.6.0
build-desktop (windows-latest)	Build Tauri Desktop	2026-08-01T14:02:50.8000694Z [1m[92m   Compiling[0m tokio v1.53.1
build-desktop (windows-latest)	Build Tauri Desktop	2026-08-01T14:02:50.8421142Z [1m[92m   Compiling[0m serde_repr v0.1.21
build-desktop (windows-latest)	Build Tauri Desktop	2026-08-01T14:02:53.4664701Z [1m[92m   Compiling[0m mime v0.3.17
build-desktop (windows-latest)	Build Tauri Desktop	2026-08-01T14:02:54.3921744Z [1m[92m   Compiling[0m fern v0.7.1
build-desktop (windows-latest)	Build Tauri Desktop	2026-08-01T14:02:57.8568042Z [1m[92m   Compiling[0m app v0.1.0 (D:\a\BoraPlayer\BoraPlayer\src-tauri)
build-desktop (windows-latest)	Build Tauri Desktop	2026-08-01T14:04:38.1350517Z [1m[92m    Finished[0m `release` profile [optimized] target(s) in 4m 39s
build-desktop (windows-latest)	Build Tauri Desktop	2026-08-01T14:04:38.2586807Z        Built application at: D:\a\BoraPlayer\BoraPlayer\src-tauri\target\release\app.exe
build-desktop (windows-latest)	Build Tauri Desktop	2026-08-01T14:04:38.2700596Z         Info Patching D:\a\BoraPlayer\BoraPlayer\src-tauri\target\release\app.exe with bundle type information: msi
build-desktop (windows-latest)	Build Tauri Desktop	2026-08-01T14:04:38.2862158Z         Info Verifying wix package
build-desktop (windows-latest)	Build Tauri Desktop	2026-08-01T14:04:38.2862957Z  Downloading https://github.com/wixtoolset/wix3/releases/download/wix3141rtm/wix314-binaries.zip
build-desktop (windows-latest)	Build Tauri Desktop	2026-08-01T14:04:38.5420163Z         Info validating hash
build-desktop (windows-latest)	Build Tauri Desktop	2026-08-01T14:04:38.6661455Z         Info extracting WIX
build-desktop (windows-latest)	Build Tauri Desktop	2026-08-01T14:04:39.1087017Z         Info Target: x64
build-desktop (windows-latest)	Build Tauri Desktop	2026-08-01T14:04:39.1119591Z failed to bundle project: `Couldn't find a .ico icon`
build-desktop (windows-latest)	Build Tauri Desktop	2026-08-01T14:04:39.1130335Z        Error failed to bundle project: `Couldn't find a .ico icon`
build-desktop (windows-latest)	Build Tauri Desktop	2026-08-01T14:04:39.1473497Z ##[error]Command failed with exit code 1: npm run tauri build
build-desktop (windows-latest)	Post Run actions/checkout@v4	﻿2026-08-01T14:04:39.1813804Z Node 20 is being deprecated. This workflow is running with Node 24 by default. If you need to temporarily use Node 20, you can set the ACTIONS_ALLOW_USE_UNSECURE_NODE_VERSION=true environment variable. For more information see: https://github.blog/changelog/2025-09-19-deprecation-of-node-20-on-github-actions-runners/
build-desktop (windows-latest)	Post Run actions/checkout@v4	2026-08-01T14:04:39.1815131Z Post job cleanup.
build-desktop (windows-latest)	Post Run actions/checkout@v4	2026-08-01T14:04:39.3893518Z [command]"C:\Program Files\Git\bin\git.exe" version
build-desktop (windows-latest)	Post Run actions/checkout@v4	2026-08-01T14:04:39.4165639Z git version 2.55.0.windows.2
build-desktop (windows-latest)	Post Run actions/checkout@v4	2026-08-01T14:04:39.4229843Z Temporarily overriding HOME='D:\a\_temp\5ef2ad89-68d8-439a-ae87-b3254ddabd03' before making global git config changes
build-desktop (windows-latest)	Post Run actions/checkout@v4	2026-08-01T14:04:39.4231373Z Adding repository directory to the temporary git global config as a safe directory
build-desktop (windows-latest)	Post Run actions/checkout@v4	2026-08-01T14:04:39.4240078Z [command]"C:\Program Files\Git\bin\git.exe" config --global --add safe.directory D:\a\BoraPlayer\BoraPlayer
build-desktop (windows-latest)	Post Run actions/checkout@v4	2026-08-01T14:04:39.4541688Z [command]"C:\Program Files\Git\bin\git.exe" config --local --name-only --get-regexp core\.sshCommand
build-desktop (windows-latest)	Post Run actions/checkout@v4	2026-08-01T14:04:39.4864899Z [command]"C:\Program Files\Git\bin\git.exe" submodule foreach --recursive "sh -c \"git config --local --name-only --get-regexp 'core\.sshCommand' && git config --local --unset-all 'core.sshCommand' || :\""
build-desktop (windows-latest)	Post Run actions/checkout@v4	2026-08-01T14:04:40.5100830Z [command]"C:\Program Files\Git\bin\git.exe" config --local --name-only --get-regexp http\.https\:\/\/github\.com\/\.extraheader
build-desktop (windows-latest)	Post Run actions/checkout@v4	2026-08-01T14:04:40.5379338Z http.https://github.com/.extraheader
build-desktop (windows-latest)	Post Run actions/checkout@v4	2026-08-01T14:04:40.5423698Z [command]"C:\Program Files\Git\bin\git.exe" config --local --unset-all http.https://github.com/.extraheader
build-desktop (windows-latest)	Post Run actions/checkout@v4	2026-08-01T14:04:40.5723262Z [command]"C:\Program Files\Git\bin\git.exe" submodule foreach --recursive "sh -c \"git config --local --name-only --get-regexp 'http\.https\:\/\/github\.com\/\.extraheader' && git config --local --unset-all 'http.https://github.com/.extraheader' || :\""
build-desktop (windows-latest)	Post Run actions/checkout@v4	2026-08-01T14:04:41.0999122Z [command]"C:\Program Files\Git\bin\git.exe" config --local --name-only --get-regexp ^includeIf\.gitdir:
build-desktop (windows-latest)	Post Run actions/checkout@v4	2026-08-01T14:04:41.1291124Z [command]"C:\Program Files\Git\bin\git.exe" submodule foreach --recursive "git config --local --show-origin --name-only --get-regexp remote.origin.url"
build-desktop (windows-latest)	Complete job	﻿2026-08-01T14:04:41.6826877Z Cleaning up orphan processes
build-desktop (windows-latest)	Complete job	2026-08-01T14:04:41.7099724Z Terminate orphan process: pid (2000) (vctip)
build-desktop (windows-latest)	Complete job	2026-08-01T14:04:41.7573562Z ##[warning]Node.js 20 is deprecated. The following actions target Node.js 20 but are being forced to run on Node.js 24: actions/checkout@v4, actions/setup-node@v4, tauri-apps/tauri-action@v0.5.2. For more information see: https://github.blog/changelog/2025-09-19-deprecation-of-node-20-on-github-actions-runners/
build-desktop (ubuntu-22.04)	Set up job	﻿2026-08-01T13:59:15.6503204Z Current runner version: '2.336.0'
build-desktop (ubuntu-22.04)	Set up job	2026-08-01T13:59:15.6525915Z ##[group]Runner Image Provisioner
build-desktop (ubuntu-22.04)	Set up job	2026-08-01T13:59:15.6526926Z Hosted Compute Agent
build-desktop (ubuntu-22.04)	Set up job	2026-08-01T13:59:15.6527491Z Version: 20260707.563
build-desktop (ubuntu-22.04)	Set up job	2026-08-01T13:59:15.6528064Z Commit: 02667638d2b423fbc733a8e32a88b44996a3ba6e
build-desktop (ubuntu-22.04)	Set up job	2026-08-01T13:59:15.6528798Z Build Date: 2026-07-07T19:33:50Z
build-desktop (ubuntu-22.04)	Set up job	2026-08-01T13:59:15.6529466Z Worker ID: {ecafc38d-1113-4c12-a20f-bdf626a421a1}
build-desktop (ubuntu-22.04)	Set up job	2026-08-01T13:59:15.6530399Z Azure Region: westus3
build-desktop (ubuntu-22.04)	Set up job	2026-08-01T13:59:15.6530983Z ##[endgroup]
build-desktop (ubuntu-22.04)	Set up job	2026-08-01T13:59:15.6532306Z ##[group]Operating System
build-desktop (ubuntu-22.04)	Set up job	2026-08-01T13:59:15.6532912Z Ubuntu
build-desktop (ubuntu-22.04)	Set up job	2026-08-01T13:59:15.6533425Z 22.04.5
build-desktop (ubuntu-22.04)	Set up job	2026-08-01T13:59:15.6533891Z LTS
build-desktop (ubuntu-22.04)	Set up job	2026-08-01T13:59:15.6534436Z ##[endgroup]
build-desktop (ubuntu-22.04)	Set up job	2026-08-01T13:59:15.6534955Z ##[group]Runner Image
build-desktop (ubuntu-22.04)	Set up job	2026-08-01T13:59:15.6535520Z Image: ubuntu-22.04
build-desktop (ubuntu-22.04)	Set up job	2026-08-01T13:59:15.6536076Z Version: 20260720.234.2
build-desktop (ubuntu-22.04)	Set up job	2026-08-01T13:59:15.6537078Z Included Software: https://github.com/actions/runner-images/blob/ubuntu22/20260720.234/images/ubuntu/Ubuntu2204-Readme.md
build-desktop (ubuntu-22.04)	Set up job	2026-08-01T13:59:15.6538695Z Image Release: https://github.com/actions/runner-images/releases/tag/ubuntu22%2F20260720.234
build-desktop (ubuntu-22.04)	Set up job	2026-08-01T13:59:15.6539764Z ##[endgroup]
build-desktop (ubuntu-22.04)	Set up job	2026-08-01T13:59:15.6542943Z ##[group]GITHUB_TOKEN Permissions
build-desktop (ubuntu-22.04)	Set up job	2026-08-01T13:59:15.6545414Z Actions: write
build-desktop (ubuntu-22.04)	Set up job	2026-08-01T13:59:15.6545992Z ArtifactMetadata: write
build-desktop (ubuntu-22.04)	Set up job	2026-08-01T13:59:15.6546800Z Attestations: write
build-desktop (ubuntu-22.04)	Set up job	2026-08-01T13:59:15.6547374Z Checks: write
build-desktop (ubuntu-22.04)	Set up job	2026-08-01T13:59:15.6547917Z CodeQuality: write
build-desktop (ubuntu-22.04)	Set up job	2026-08-01T13:59:15.6548472Z Contents: write
build-desktop (ubuntu-22.04)	Set up job	2026-08-01T13:59:15.6549006Z CopilotRequests: write
build-desktop (ubuntu-22.04)	Set up job	2026-08-01T13:59:15.6549806Z Deployments: write
build-desktop (ubuntu-22.04)	Set up job	2026-08-01T13:59:15.6550476Z Discussions: write
build-desktop (ubuntu-22.04)	Set up job	2026-08-01T13:59:15.6551021Z Drives: write
build-desktop (ubuntu-22.04)	Set up job	2026-08-01T13:59:15.6551543Z Issues: write
build-desktop (ubuntu-22.04)	Set up job	2026-08-01T13:59:15.6552055Z Metadata: read
build-desktop (ubuntu-22.04)	Set up job	2026-08-01T13:59:15.6552659Z Models: read
build-desktop (ubuntu-22.04)	Set up job	2026-08-01T13:59:15.6553181Z Packages: write
build-desktop (ubuntu-22.04)	Set up job	2026-08-01T13:59:15.6553712Z Pages: write
build-desktop (ubuntu-22.04)	Set up job	2026-08-01T13:59:15.6554205Z PullRequests: write
build-desktop (ubuntu-22.04)	Set up job	2026-08-01T13:59:15.6554795Z RepositoryProjects: write
build-desktop (ubuntu-22.04)	Set up job	2026-08-01T13:59:15.6555427Z SecurityEvents: write
build-desktop (ubuntu-22.04)	Set up job	2026-08-01T13:59:15.6555989Z Statuses: write
build-desktop (ubuntu-22.04)	Set up job	2026-08-01T13:59:15.6556542Z VulnerabilityAlerts: read
build-desktop (ubuntu-22.04)	Set up job	2026-08-01T13:59:15.6557111Z ##[endgroup]
build-desktop (ubuntu-22.04)	Set up job	2026-08-01T13:59:15.6559196Z Secret source: Actions
build-desktop (ubuntu-22.04)	Set up job	2026-08-01T13:59:15.6560632Z Prepare workflow directory
build-desktop (ubuntu-22.04)	Set up job	2026-08-01T13:59:15.6870829Z Prepare all required actions
build-desktop (ubuntu-22.04)	Set up job	2026-08-01T13:59:15.6921646Z Getting action download info
build-desktop (ubuntu-22.04)	Set up job	2026-08-01T13:59:16.0675415Z Download action repository 'actions/checkout@v4' (SHA:11d5960a326750d5838078e36cf38b85af677262)
build-desktop (ubuntu-22.04)	Set up job	2026-08-01T13:59:16.7077615Z Download action repository 'actions/setup-node@v4' (SHA:49933ea5288caeca8642d1e84afbd3f7d6820020)
build-desktop (ubuntu-22.04)	Set up job	2026-08-01T13:59:16.9676660Z Download action repository 'dtolnay/rust-toolchain@stable' (SHA:4cda84d5c5c54efe2404f9d843567869ab1699d4)
build-desktop (ubuntu-22.04)	Set up job	2026-08-01T13:59:17.1832677Z Download action repository 'tauri-apps/tauri-action@v0.5.2' (SHA:efcf29f3275be7c39922887eede87441f012b79b)
build-desktop (ubuntu-22.04)	Set up job	2026-08-01T13:59:17.7889433Z Download action repository 'actions/upload-artifact@v4' (SHA:ea165f8d65b6e75b540449e92b4886f43607fa02)
build-desktop (ubuntu-22.04)	Set up job	2026-08-01T13:59:18.0040412Z Complete job name: build-desktop (ubuntu-22.04)
build-desktop (ubuntu-22.04)	Run actions/checkout@v4	﻿2026-08-01T13:59:18.0680369Z Node 20 is being deprecated. This workflow is running with Node 24 by default. If you need to temporarily use Node 20, you can set the ACTIONS_ALLOW_USE_UNSECURE_NODE_VERSION=true environment variable. For more information see: https://github.blog/changelog/2025-09-19-deprecation-of-node-20-on-github-actions-runners/
build-desktop (ubuntu-22.04)	Run actions/checkout@v4	2026-08-01T13:59:18.0687589Z ##[group]Run actions/checkout@v4
build-desktop (ubuntu-22.04)	Run actions/checkout@v4	2026-08-01T13:59:18.0688138Z with:
build-desktop (ubuntu-22.04)	Run actions/checkout@v4	2026-08-01T13:59:18.0688569Z   repository: sudo0bora/BoraPlayer
build-desktop (ubuntu-22.04)	Run actions/checkout@v4	2026-08-01T13:59:18.0691247Z   token: ***
build-desktop (ubuntu-22.04)	Run actions/checkout@v4	2026-08-01T13:59:18.0691607Z   ssh-strict: true
build-desktop (ubuntu-22.04)	Run actions/checkout@v4	2026-08-01T13:59:18.0692017Z   ssh-user: git
build-desktop (ubuntu-22.04)	Run actions/checkout@v4	2026-08-01T13:59:18.0692385Z   persist-credentials: true
build-desktop (ubuntu-22.04)	Run actions/checkout@v4	2026-08-01T13:59:18.0692791Z   clean: true
build-desktop (ubuntu-22.04)	Run actions/checkout@v4	2026-08-01T13:59:18.0693319Z   sparse-checkout-cone-mode: true
build-desktop (ubuntu-22.04)	Run actions/checkout@v4	2026-08-01T13:59:18.0693733Z   fetch-depth: 1
build-desktop (ubuntu-22.04)	Run actions/checkout@v4	2026-08-01T13:59:18.0694135Z   fetch-tags: false
build-desktop (ubuntu-22.04)	Run actions/checkout@v4	2026-08-01T13:59:18.0694720Z   show-progress: true
build-desktop (ubuntu-22.04)	Run actions/checkout@v4	2026-08-01T13:59:18.0695069Z   lfs: false
build-desktop (ubuntu-22.04)	Run actions/checkout@v4	2026-08-01T13:59:18.0695440Z   submodules: false
build-desktop (ubuntu-22.04)	Run actions/checkout@v4	2026-08-01T13:59:18.0695901Z   set-safe-directory: true
build-desktop (ubuntu-22.04)	Run actions/checkout@v4	2026-08-01T13:59:18.0696339Z   allow-unsafe-pr-checkout: false
build-desktop (ubuntu-22.04)	Run actions/checkout@v4	2026-08-01T13:59:18.0696913Z ##[endgroup]
build-desktop (ubuntu-22.04)	Run actions/checkout@v4	2026-08-01T13:59:18.1639685Z Syncing repository: sudo0bora/BoraPlayer
build-desktop (ubuntu-22.04)	Run actions/checkout@v4	2026-08-01T13:59:18.1641537Z ##[group]Getting Git version info
build-desktop (ubuntu-22.04)	Run actions/checkout@v4	2026-08-01T13:59:18.1642115Z Working directory is '/home/runner/work/BoraPlayer/BoraPlayer'
build-desktop (ubuntu-22.04)	Run actions/checkout@v4	2026-08-01T13:59:18.1642898Z [command]/usr/bin/git version
build-desktop (ubuntu-22.04)	Run actions/checkout@v4	2026-08-01T13:59:18.2436164Z git version 2.54.0
build-desktop (ubuntu-22.04)	Run actions/checkout@v4	2026-08-01T13:59:18.2455130Z ##[endgroup]
build-desktop (ubuntu-22.04)	Run actions/checkout@v4	2026-08-01T13:59:18.2470789Z Temporarily overriding HOME='/home/runner/work/_temp/1cd48bd6-0aaa-49e0-9afd-7ab30adf8c13' before making global git config changes
build-desktop (ubuntu-22.04)	Run actions/checkout@v4	2026-08-01T13:59:18.2472310Z Adding repository directory to the temporary git global config as a safe directory
build-desktop (ubuntu-22.04)	Run actions/checkout@v4	2026-08-01T13:59:18.2476548Z [command]/usr/bin/git config --global --add safe.directory /home/runner/work/BoraPlayer/BoraPlayer
build-desktop (ubuntu-22.04)	Run actions/checkout@v4	2026-08-01T13:59:18.2731057Z Deleting the contents of '/home/runner/work/BoraPlayer/BoraPlayer'
build-desktop (ubuntu-22.04)	Run actions/checkout@v4	2026-08-01T13:59:18.2734616Z ##[group]Initializing the repository
build-desktop (ubuntu-22.04)	Run actions/checkout@v4	2026-08-01T13:59:18.2740245Z [command]/usr/bin/git init /home/runner/work/BoraPlayer/BoraPlayer
build-desktop (ubuntu-22.04)	Run actions/checkout@v4	2026-08-01T13:59:18.3393486Z hint: Using 'master' as the name for the initial branch. This default branch name
build-desktop (ubuntu-22.04)	Run actions/checkout@v4	2026-08-01T13:59:18.3394590Z hint: will change to "main" in Git 3.0. To configure the initial branch name
build-desktop (ubuntu-22.04)	Run actions/checkout@v4	2026-08-01T13:59:18.3395609Z hint: to use in all of your new repositories, which will suppress this warning,
build-desktop (ubuntu-22.04)	Run actions/checkout@v4	2026-08-01T13:59:18.3396301Z hint: call:
build-desktop (ubuntu-22.04)	Run actions/checkout@v4	2026-08-01T13:59:18.3396762Z hint:
build-desktop (ubuntu-22.04)	Run actions/checkout@v4	2026-08-01T13:59:18.3397366Z hint: 	git config --global init.defaultBranch <name>
build-desktop (ubuntu-22.04)	Run actions/checkout@v4	2026-08-01T13:59:18.3397951Z hint:
build-desktop (ubuntu-22.04)	Run actions/checkout@v4	2026-08-01T13:59:18.3398574Z hint: Names commonly chosen instead of 'master' are 'main', 'trunk' and
build-desktop (ubuntu-22.04)	Run actions/checkout@v4	2026-08-01T13:59:18.3399451Z hint: 'development'. The just-created branch can be renamed via this command:
build-desktop (ubuntu-22.04)	Run actions/checkout@v4	2026-08-01T13:59:18.3400934Z hint:
build-desktop (ubuntu-22.04)	Run actions/checkout@v4	2026-08-01T13:59:18.3401493Z hint: 	git branch -m <name>
build-desktop (ubuntu-22.04)	Run actions/checkout@v4	2026-08-01T13:59:18.3401955Z hint:
build-desktop (ubuntu-22.04)	Run actions/checkout@v4	2026-08-01T13:59:18.3402448Z hint: Disable this message with "git config set advice.defaultBranchName false"
build-desktop (ubuntu-22.04)	Run actions/checkout@v4	2026-08-01T13:59:18.3403077Z Initialized empty Git repository in /home/runner/work/BoraPlayer/BoraPlayer/.git/
build-desktop (ubuntu-22.04)	Run actions/checkout@v4	2026-08-01T13:59:18.3404425Z [command]/usr/bin/git remote add origin https://github.com/sudo0bora/BoraPlayer
build-desktop (ubuntu-22.04)	Run actions/checkout@v4	2026-08-01T13:59:18.3988379Z ##[endgroup]
build-desktop (ubuntu-22.04)	Run actions/checkout@v4	2026-08-01T13:59:18.3989451Z ##[group]Disabling automatic garbage collection
build-desktop (ubuntu-22.04)	Run actions/checkout@v4	2026-08-01T13:59:18.3992817Z [command]/usr/bin/git config --local gc.auto 0
build-desktop (ubuntu-22.04)	Run actions/checkout@v4	2026-08-01T13:59:18.5207221Z ##[endgroup]
build-desktop (ubuntu-22.04)	Run actions/checkout@v4	2026-08-01T13:59:18.5208124Z ##[group]Setting up auth
build-desktop (ubuntu-22.04)	Run actions/checkout@v4	2026-08-01T13:59:18.5208848Z [command]/usr/bin/git config --local --name-only --get-regexp core\.sshCommand
build-desktop (ubuntu-22.04)	Run actions/checkout@v4	2026-08-01T13:59:18.5230230Z [command]/usr/bin/git submodule foreach --recursive sh -c "git config --local --name-only --get-regexp 'core\.sshCommand' && git config --local --unset-all 'core.sshCommand' || :"
build-desktop (ubuntu-22.04)	Run actions/checkout@v4	2026-08-01T13:59:18.6403986Z [command]/usr/bin/git config --local --name-only --get-regexp http\.https\:\/\/github\.com\/\.extraheader
build-desktop (ubuntu-22.04)	Run actions/checkout@v4	2026-08-01T13:59:18.6434111Z [command]/usr/bin/git submodule foreach --recursive sh -c "git config --local --name-only --get-regexp 'http\.https\:\/\/github\.com\/\.extraheader' && git config --local --unset-all 'http.https://github.com/.extraheader' || :"
build-desktop (ubuntu-22.04)	Run actions/checkout@v4	2026-08-01T13:59:18.6622792Z [command]/usr/bin/git config --local --name-only --get-regexp ^includeIf\.gitdir:
build-desktop (ubuntu-22.04)	Run actions/checkout@v4	2026-08-01T13:59:18.6651734Z [command]/usr/bin/git submodule foreach --recursive git config --local --show-origin --name-only --get-regexp remote.origin.url
build-desktop (ubuntu-22.04)	Run actions/checkout@v4	2026-08-01T13:59:18.6843272Z [command]/usr/bin/git config --local http.https://github.com/.extraheader AUTHORIZATION: basic ***
build-desktop (ubuntu-22.04)	Run actions/checkout@v4	2026-08-01T13:59:18.6884119Z ##[endgroup]
build-desktop (ubuntu-22.04)	Run actions/checkout@v4	2026-08-01T13:59:18.6885059Z ##[group]Fetching the repository
build-desktop (ubuntu-22.04)	Run actions/checkout@v4	2026-08-01T13:59:18.6895220Z [command]/usr/bin/git -c protocol.version=2 fetch --no-tags --prune --no-recurse-submodules --depth=1 origin +bd75172388e9db320e8567845cae726788dec5c2:refs/tags/v1.0.17
build-desktop (ubuntu-22.04)	Run actions/checkout@v4	2026-08-01T13:59:20.8423258Z From https://github.com/sudo0bora/BoraPlayer
build-desktop (ubuntu-22.04)	Run actions/checkout@v4	2026-08-01T13:59:20.8424176Z  * [new ref]         bd75172388e9db320e8567845cae726788dec5c2 -> v1.0.17
build-desktop (ubuntu-22.04)	Run actions/checkout@v4	2026-08-01T13:59:20.8445106Z ##[endgroup]
build-desktop (ubuntu-22.04)	Run actions/checkout@v4	2026-08-01T13:59:20.8445706Z ##[group]Determining the checkout info
build-desktop (ubuntu-22.04)	Run actions/checkout@v4	2026-08-01T13:59:20.8448354Z ##[endgroup]
build-desktop (ubuntu-22.04)	Run actions/checkout@v4	2026-08-01T13:59:20.8455659Z [command]/usr/bin/git sparse-checkout disable
build-desktop (ubuntu-22.04)	Run actions/checkout@v4	2026-08-01T13:59:20.8493541Z [command]/usr/bin/git config --local --unset-all extensions.worktreeConfig
build-desktop (ubuntu-22.04)	Run actions/checkout@v4	2026-08-01T13:59:20.8517457Z ##[group]Checking out the ref
build-desktop (ubuntu-22.04)	Run actions/checkout@v4	2026-08-01T13:59:20.8522314Z [command]/usr/bin/git checkout --progress --force refs/tags/v1.0.17
build-desktop (ubuntu-22.04)	Run actions/checkout@v4	2026-08-01T13:59:21.1298444Z Note: switching to 'refs/tags/v1.0.17'.
build-desktop (ubuntu-22.04)	Run actions/checkout@v4	2026-08-01T13:59:21.1298899Z 
build-desktop (ubuntu-22.04)	Run actions/checkout@v4	2026-08-01T13:59:21.1299191Z You are in 'detached HEAD' state. You can look around, make experimental
build-desktop (ubuntu-22.04)	Run actions/checkout@v4	2026-08-01T13:59:21.1300022Z changes and commit them, and you can discard any commits you make in this
build-desktop (ubuntu-22.04)	Run actions/checkout@v4	2026-08-01T13:59:21.1300763Z state without impacting any branches by switching back to a branch.
build-desktop (ubuntu-22.04)	Run actions/checkout@v4	2026-08-01T13:59:21.1301047Z 
build-desktop (ubuntu-22.04)	Run actions/checkout@v4	2026-08-01T13:59:21.1301271Z If you want to create a new branch to retain commits you create, you may
build-desktop (ubuntu-22.04)	Run actions/checkout@v4	2026-08-01T13:59:21.1301695Z do so (now or later) by using -c with the switch command. Example:
build-desktop (ubuntu-22.04)	Run actions/checkout@v4	2026-08-01T13:59:21.1302108Z 
build-desktop (ubuntu-22.04)	Run actions/checkout@v4	2026-08-01T13:59:21.1302274Z   git switch -c <new-branch-name>
build-desktop (ubuntu-22.04)	Run actions/checkout@v4	2026-08-01T13:59:21.1302566Z 
build-desktop (ubuntu-22.04)	Run actions/checkout@v4	2026-08-01T13:59:21.1302724Z Or undo this operation with:
build-desktop (ubuntu-22.04)	Run actions/checkout@v4	2026-08-01T13:59:21.1302965Z 
build-desktop (ubuntu-22.04)	Run actions/checkout@v4	2026-08-01T13:59:21.1303068Z   git switch -
build-desktop (ubuntu-22.04)	Run actions/checkout@v4	2026-08-01T13:59:21.1303222Z 
build-desktop (ubuntu-22.04)	Run actions/checkout@v4	2026-08-01T13:59:21.1303433Z Turn off this advice by setting config variable advice.detachedHead to false
build-desktop (ubuntu-22.04)	Run actions/checkout@v4	2026-08-01T13:59:21.1303771Z 
build-desktop (ubuntu-22.04)	Run actions/checkout@v4	2026-08-01T13:59:21.1303981Z HEAD is now at bd75172 Explicit bundle config, non-fatal debug step
build-desktop (ubuntu-22.04)	Run actions/checkout@v4	2026-08-01T13:59:21.1305068Z ##[endgroup]
build-desktop (ubuntu-22.04)	Run actions/checkout@v4	2026-08-01T13:59:21.1340412Z [command]/usr/bin/git log -1 --format=%H
build-desktop (ubuntu-22.04)	Run actions/checkout@v4	2026-08-01T13:59:21.1363140Z bd75172388e9db320e8567845cae726788dec5c2
build-desktop (ubuntu-22.04)	Setup Node.js	﻿2026-08-01T13:59:21.1598431Z Node 20 is being deprecated. This workflow is running with Node 24 by default. If you need to temporarily use Node 20, you can set the ACTIONS_ALLOW_USE_UNSECURE_NODE_VERSION=true environment variable. For more information see: https://github.blog/changelog/2025-09-19-deprecation-of-node-20-on-github-actions-runners/
build-desktop (ubuntu-22.04)	Setup Node.js	2026-08-01T13:59:21.1600364Z ##[group]Run actions/setup-node@v4
build-desktop (ubuntu-22.04)	Setup Node.js	2026-08-01T13:59:21.1600643Z with:
build-desktop (ubuntu-22.04)	Setup Node.js	2026-08-01T13:59:21.1600851Z   node-version: 20
build-desktop (ubuntu-22.04)	Setup Node.js	2026-08-01T13:59:21.1601064Z   cache: npm
build-desktop (ubuntu-22.04)	Setup Node.js	2026-08-01T13:59:21.1601264Z   always-auth: false
build-desktop (ubuntu-22.04)	Setup Node.js	2026-08-01T13:59:21.1601482Z   check-latest: false
build-desktop (ubuntu-22.04)	Setup Node.js	2026-08-01T13:59:21.1603798Z   token: ***
build-desktop (ubuntu-22.04)	Setup Node.js	2026-08-01T13:59:21.1604002Z ##[endgroup]
build-desktop (ubuntu-22.04)	Setup Node.js	2026-08-01T13:59:21.2977563Z Attempting to download 20...
build-desktop (ubuntu-22.04)	Setup Node.js	2026-08-01T13:59:21.3076925Z (node:1853) [DEP0040] DeprecationWarning: The `punycode` module is deprecated. Please use a userland alternative instead.
build-desktop (ubuntu-22.04)	Setup Node.js	2026-08-01T13:59:21.3077965Z (Use `node --trace-deprecation ...` to show where the warning was created)
build-desktop (ubuntu-22.04)	Setup Node.js	2026-08-01T13:59:22.1900008Z Acquiring 20.20.2 - x64 from https://github.com/actions/node-versions/releases/download/20.20.2-23521894959/node-20.20.2-linux-x64.tar.gz
build-desktop (ubuntu-22.04)	Setup Node.js	2026-08-01T13:59:22.6905042Z Extracting ...
build-desktop (ubuntu-22.04)	Setup Node.js	2026-08-01T13:59:22.7001783Z [command]/usr/bin/tar xz --strip 1 --warning=no-unknown-keyword --overwrite -C /home/runner/work/_temp/f34a2943-6e77-4353-b9eb-f5dde8d9d253 -f /home/runner/work/_temp/d459d7cb-42ec-47db-a82e-38ad9b294b91
build-desktop (ubuntu-22.04)	Setup Node.js	2026-08-01T13:59:23.7545191Z Adding to the cache ...
build-desktop (ubuntu-22.04)	Setup Node.js	2026-08-01T13:59:25.5973714Z ##[group]Environment details
build-desktop (ubuntu-22.04)	Setup Node.js	2026-08-01T13:59:25.8630579Z node: v20.20.2
build-desktop (ubuntu-22.04)	Setup Node.js	2026-08-01T13:59:25.8630992Z npm: 10.8.2
build-desktop (ubuntu-22.04)	Setup Node.js	2026-08-01T13:59:25.8631271Z yarn: 1.22.22
build-desktop (ubuntu-22.04)	Setup Node.js	2026-08-01T13:59:25.8631889Z ##[endgroup]
build-desktop (ubuntu-22.04)	Setup Node.js	2026-08-01T13:59:25.8652279Z [command]/opt/hostedtoolcache/node/20.20.2/x64/bin/npm config get cache
build-desktop (ubuntu-22.04)	Setup Node.js	2026-08-01T13:59:25.9654456Z /home/runner/.npm
build-desktop (ubuntu-22.04)	Setup Node.js	2026-08-01T13:59:26.1974907Z npm cache is not found
build-desktop (ubuntu-22.04)	Install Rust stable	﻿2026-08-01T13:59:26.2211116Z ##[group]Run dtolnay/rust-toolchain@stable
build-desktop (ubuntu-22.04)	Install Rust stable	2026-08-01T13:59:26.2211587Z with:
build-desktop (ubuntu-22.04)	Install Rust stable	2026-08-01T13:59:26.2211792Z   toolchain: stable
build-desktop (ubuntu-22.04)	Install Rust stable	2026-08-01T13:59:26.2212009Z ##[endgroup]
build-desktop (ubuntu-22.04)	Install Rust stable	2026-08-01T13:59:26.2301629Z ##[start-action display=Run : parse toolchain version;id=__dtolnay_rust-toolchain.parse]
build-desktop (ubuntu-22.04)	Install Rust stable	2026-08-01T13:59:26.2335155Z ##[group]Run : parse toolchain version
build-desktop (ubuntu-22.04)	Install Rust stable	2026-08-01T13:59:26.2335548Z [36;1m: parse toolchain version[0m
build-desktop (ubuntu-22.04)	Install Rust stable	2026-08-01T13:59:26.2335823Z [36;1mif [[ -z $toolchain ]]; then[0m
build-desktop (ubuntu-22.04)	Install Rust stable	2026-08-01T13:59:26.2336315Z [36;1m  # GitHub does not enforce `required: true` inputs itself. https://github.com/actions/runner/issues/1070[0m
build-desktop (ubuntu-22.04)	Install Rust stable	2026-08-01T13:59:26.2336817Z [36;1m  echo "'toolchain' is a required input" >&2[0m
build-desktop (ubuntu-22.04)	Install Rust stable	2026-08-01T13:59:26.2337097Z [36;1m  exit 1[0m
build-desktop (ubuntu-22.04)	Install Rust stable	2026-08-01T13:59:26.2337418Z [36;1melif [[ $toolchain =~ ^stable' '[0-9]+' '(year|month|week|day)s?' 'ago$ ]]; then[0m
build-desktop (ubuntu-22.04)	Install Rust stable	2026-08-01T13:59:26.2337804Z [36;1m  if [[ Linux == macOS ]]; then[0m
build-desktop (ubuntu-22.04)	Install Rust stable	2026-08-01T13:59:26.2338300Z [36;1m    echo "toolchain=1.$((($(date -v-$(sed 's/stable \([0-9]*\) \(.\).*/\1\2/' <<< $toolchain) +%s)/60/60/24-16569)/7/6))" >> $GITHUB_OUTPUT[0m
build-desktop (ubuntu-22.04)	Install Rust stable	2026-08-01T13:59:26.2338843Z [36;1m  else[0m
build-desktop (ubuntu-22.04)	Install Rust stable	2026-08-01T13:59:26.2339216Z [36;1m    echo "toolchain=1.$((($(date --date "${toolchain#stable }" +%s)/60/60/24-16569)/7/6))" >> $GITHUB_OUTPUT[0m
build-desktop (ubuntu-22.04)	Install Rust stable	2026-08-01T13:59:26.2339810Z [36;1m  fi[0m
build-desktop (ubuntu-22.04)	Install Rust stable	2026-08-01T13:59:26.2340108Z [36;1melif [[ $toolchain =~ ^stable' 'minus' '[0-9]+' 'releases?$ ]]; then[0m
build-desktop (ubuntu-22.04)	Install Rust stable	2026-08-01T13:59:26.2340607Z [36;1m  echo "toolchain=1.$((($(date +%s)/60/60/24-16569)/7/6-${toolchain//[^0-9]/}))" >> $GITHUB_OUTPUT[0m
build-desktop (ubuntu-22.04)	Install Rust stable	2026-08-01T13:59:26.2341026Z [36;1melif [[ $toolchain =~ ^1\.[0-9]+$ ]]; then[0m
build-desktop (ubuntu-22.04)	Install Rust stable	2026-08-01T13:59:26.2341501Z [36;1m  echo "toolchain=1.$((i=${toolchain#1.}, c=($(date +%s)/60/60/24-16569)/7/6, i+9*i*(10*i<=c)+90*i*(100*i<=c)))" >> $GITHUB_OUTPUT[0m
build-desktop (ubuntu-22.04)	Install Rust stable	2026-08-01T13:59:26.2341946Z [36;1melse[0m
build-desktop (ubuntu-22.04)	Install Rust stable	2026-08-01T13:59:26.2342188Z [36;1m  echo "toolchain=$toolchain" >> $GITHUB_OUTPUT[0m
build-desktop (ubuntu-22.04)	Install Rust stable	2026-08-01T13:59:26.2342476Z [36;1mfi[0m
build-desktop (ubuntu-22.04)	Install Rust stable	2026-08-01T13:59:26.2824605Z shell: /usr/bin/bash --noprofile --norc -e -o pipefail {0}
build-desktop (ubuntu-22.04)	Install Rust stable	2026-08-01T13:59:26.2824956Z env:
build-desktop (ubuntu-22.04)	Install Rust stable	2026-08-01T13:59:26.2825155Z   toolchain: stable
build-desktop (ubuntu-22.04)	Install Rust stable	2026-08-01T13:59:26.2825371Z ##[endgroup]
build-desktop (ubuntu-22.04)	Install Rust stable	2026-08-01T13:59:26.2931917Z ##[end-action id=__dtolnay_rust-toolchain.parse;outcome=success;conclusion=success;duration_ms=62]
build-desktop (ubuntu-22.04)	Install Rust stable	2026-08-01T13:59:26.2938786Z ##[start-action display=Run : construct rustup command line;id=__dtolnay_rust-toolchain.flags]
build-desktop (ubuntu-22.04)	Install Rust stable	2026-08-01T13:59:26.2953684Z ##[group]Run : construct rustup command line
build-desktop (ubuntu-22.04)	Install Rust stable	2026-08-01T13:59:26.2954009Z [36;1m: construct rustup command line[0m
build-desktop (ubuntu-22.04)	Install Rust stable	2026-08-01T13:59:26.2954434Z [36;1mecho "targets=$(for t in ${targets//,/ }; do echo -n ' --target' $t; done)" >> $GITHUB_OUTPUT[0m
build-desktop (ubuntu-22.04)	Install Rust stable	2026-08-01T13:59:26.2954998Z [36;1mecho "components=$(for c in ${components//,/ }; do echo -n ' --component' $c; done)" >> $GITHUB_OUTPUT[0m
build-desktop (ubuntu-22.04)	Install Rust stable	2026-08-01T13:59:26.2955441Z [36;1mecho "downgrade=" >> $GITHUB_OUTPUT[0m
build-desktop (ubuntu-22.04)	Install Rust stable	2026-08-01T13:59:26.2983637Z shell: /usr/bin/bash --noprofile --norc -e -o pipefail {0}
build-desktop (ubuntu-22.04)	Install Rust stable	2026-08-01T13:59:26.2984004Z env:
build-desktop (ubuntu-22.04)	Install Rust stable	2026-08-01T13:59:26.2984198Z   targets: 
build-desktop (ubuntu-22.04)	Install Rust stable	2026-08-01T13:59:26.2984396Z   components: 
build-desktop (ubuntu-22.04)	Install Rust stable	2026-08-01T13:59:26.2984595Z ##[endgroup]
build-desktop (ubuntu-22.04)	Install Rust stable	2026-08-01T13:59:26.3045025Z ##[end-action id=__dtolnay_rust-toolchain.flags;outcome=success;conclusion=success;duration_ms=10]
build-desktop (ubuntu-22.04)	Install Rust stable	2026-08-01T13:59:26.3048368Z ##[start-action display=Run : set $CARGO_HOME;id=__dtolnay_rust-toolchain.__run]
build-desktop (ubuntu-22.04)	Install Rust stable	2026-08-01T13:59:26.3061827Z ##[group]Run : set $CARGO_HOME
build-desktop (ubuntu-22.04)	Install Rust stable	2026-08-01T13:59:26.3062100Z [36;1m: set $CARGO_HOME[0m
build-desktop (ubuntu-22.04)	Install Rust stable	2026-08-01T13:59:26.3062406Z [36;1mecho CARGO_HOME=${CARGO_HOME:-"$HOME/.cargo"} >> $GITHUB_ENV[0m
build-desktop (ubuntu-22.04)	Install Rust stable	2026-08-01T13:59:26.3086776Z shell: /usr/bin/bash --noprofile --norc -e -o pipefail {0}
build-desktop (ubuntu-22.04)	Install Rust stable	2026-08-01T13:59:26.3087115Z ##[endgroup]
build-desktop (ubuntu-22.04)	Install Rust stable	2026-08-01T13:59:26.3139917Z ##[end-action id=__dtolnay_rust-toolchain.__run;outcome=success;conclusion=success;duration_ms=9]
build-desktop (ubuntu-22.04)	Install Rust stable	2026-08-01T13:59:26.3142066Z ##[start-action display=Run : install rustup if needed;id=__dtolnay_rust-toolchain.__run_2]
build-desktop (ubuntu-22.04)	Install Rust stable	2026-08-01T13:59:26.3159499Z ##[group]Run : install rustup if needed
build-desktop (ubuntu-22.04)	Install Rust stable	2026-08-01T13:59:26.3160091Z [36;1m: install rustup if needed[0m
build-desktop (ubuntu-22.04)	Install Rust stable	2026-08-01T13:59:26.3160379Z [36;1mif ! command -v rustup &>/dev/null; then[0m
build-desktop (ubuntu-22.04)	Install Rust stable	2026-08-01T13:59:26.3161068Z [36;1m  curl --proto '=https' --tlsv1.2 --retry 10 --retry-connrefused --location --silent --show-error --fail https://sh.rustup.rs | sh -s -- --default-toolchain none -y[0m
build-desktop (ubuntu-22.04)	Install Rust stable	2026-08-01T13:59:26.3161712Z [36;1m  echo "$CARGO_HOME/bin" >> $GITHUB_PATH[0m
build-desktop (ubuntu-22.04)	Install Rust stable	2026-08-01T13:59:26.3161981Z [36;1mfi[0m
build-desktop (ubuntu-22.04)	Install Rust stable	2026-08-01T13:59:26.3186412Z shell: /usr/bin/bash --noprofile --norc -e -o pipefail {0}
build-desktop (ubuntu-22.04)	Install Rust stable	2026-08-01T13:59:26.3186744Z env:
build-desktop (ubuntu-22.04)	Install Rust stable	2026-08-01T13:59:26.3186952Z   CARGO_HOME: /home/runner/.cargo
build-desktop (ubuntu-22.04)	Install Rust stable	2026-08-01T13:59:26.3187217Z ##[endgroup]
build-desktop (ubuntu-22.04)	Install Rust stable	2026-08-01T13:59:26.3236370Z ##[end-action id=__dtolnay_rust-toolchain.__run_2;outcome=success;conclusion=success;duration_ms=9]
build-desktop (ubuntu-22.04)	Install Rust stable	2026-08-01T13:59:26.3240951Z ##[start-action display=Run : install rustup if needed on windows;id=__dtolnay_rust-toolchain.__run_3]
build-desktop (ubuntu-22.04)	Install Rust stable	2026-08-01T13:59:26.3245648Z ##[end-action id=__dtolnay_rust-toolchain.__run_3;outcome=skipped;conclusion=skipped;duration_ms=0]
build-desktop (ubuntu-22.04)	Install Rust stable	2026-08-01T13:59:26.3248398Z ##[start-action display=rustup toolchain install stable;id=__dtolnay_rust-toolchain.__run_4]
build-desktop (ubuntu-22.04)	Install Rust stable	2026-08-01T13:59:26.3262368Z ##[group]Run rustup toolchain install stable --profile minimal --no-self-update
build-desktop (ubuntu-22.04)	Install Rust stable	2026-08-01T13:59:26.3262879Z [36;1mrustup toolchain install stable --profile minimal --no-self-update[0m
build-desktop (ubuntu-22.04)	Install Rust stable	2026-08-01T13:59:26.3287291Z shell: /usr/bin/bash --noprofile --norc -e -o pipefail {0}
build-desktop (ubuntu-22.04)	Install Rust stable	2026-08-01T13:59:26.3287626Z env:
build-desktop (ubuntu-22.04)	Install Rust stable	2026-08-01T13:59:26.3287840Z   CARGO_HOME: /home/runner/.cargo
build-desktop (ubuntu-22.04)	Install Rust stable	2026-08-01T13:59:26.3288098Z   RUSTUP_PERMIT_COPY_RENAME: 1
build-desktop (ubuntu-22.04)	Install Rust stable	2026-08-01T13:59:26.3288334Z ##[endgroup]
build-desktop (ubuntu-22.04)	Install Rust stable	2026-08-01T13:59:26.9478750Z info: syncing channel updates for stable-x86_64-unknown-linux-gnu
build-desktop (ubuntu-22.04)	Install Rust stable	2026-08-01T13:59:27.0856604Z 
build-desktop (ubuntu-22.04)	Install Rust stable	2026-08-01T13:59:27.0945465Z   stable-x86_64-unknown-linux-gnu unchanged - rustc 1.97.1 (8bab26f4f 2026-07-14)
build-desktop (ubuntu-22.04)	Install Rust stable	2026-08-01T13:59:27.0945910Z 
build-desktop (ubuntu-22.04)	Install Rust stable	2026-08-01T13:59:27.0964130Z ##[end-action id=__dtolnay_rust-toolchain.__run_4;outcome=success;conclusion=success;duration_ms=771]
build-desktop (ubuntu-22.04)	Install Rust stable	2026-08-01T13:59:27.0969749Z ##[start-action display=Run rustup default stable;id=__dtolnay_rust-toolchain.__run_5]
build-desktop (ubuntu-22.04)	Install Rust stable	2026-08-01T13:59:27.0984185Z ##[group]Run rustup default stable
build-desktop (ubuntu-22.04)	Install Rust stable	2026-08-01T13:59:27.0984503Z [36;1mrustup default stable[0m
build-desktop (ubuntu-22.04)	Install Rust stable	2026-08-01T13:59:27.1016075Z shell: /usr/bin/bash --noprofile --norc -e -o pipefail {0}
build-desktop (ubuntu-22.04)	Install Rust stable	2026-08-01T13:59:27.1016413Z env:
build-desktop (ubuntu-22.04)	Install Rust stable	2026-08-01T13:59:27.1016630Z   CARGO_HOME: /home/runner/.cargo
build-desktop (ubuntu-22.04)	Install Rust stable	2026-08-01T13:59:27.1016873Z ##[endgroup]
build-desktop (ubuntu-22.04)	Install Rust stable	2026-08-01T13:59:27.1118602Z info: using existing install for stable-x86_64-unknown-linux-gnu
build-desktop (ubuntu-22.04)	Install Rust stable	2026-08-01T13:59:27.1257908Z info: default toolchain set to stable-x86_64-unknown-linux-gnu
build-desktop (ubuntu-22.04)	Install Rust stable	2026-08-01T13:59:27.1258457Z 
build-desktop (ubuntu-22.04)	Install Rust stable	2026-08-01T13:59:27.1345592Z   stable-x86_64-unknown-linux-gnu unchanged - rustc 1.97.1 (8bab26f4f 2026-07-14)
build-desktop (ubuntu-22.04)	Install Rust stable	2026-08-01T13:59:27.1345966Z 
build-desktop (ubuntu-22.04)	Install Rust stable	2026-08-01T13:59:27.1358470Z ##[end-action id=__dtolnay_rust-toolchain.__run_5;outcome=success;conclusion=success;duration_ms=38]
build-desktop (ubuntu-22.04)	Install Rust stable	2026-08-01T13:59:27.1362992Z ##[start-action display=Run : create cachekey;id=__dtolnay_rust-toolchain.rustc-version]
build-desktop (ubuntu-22.04)	Install Rust stable	2026-08-01T13:59:27.1376944Z ##[group]Run : create cachekey
build-desktop (ubuntu-22.04)	Install Rust stable	2026-08-01T13:59:27.1377229Z [36;1m: create cachekey[0m
build-desktop (ubuntu-22.04)	Install Rust stable	2026-08-01T13:59:27.1377692Z [36;1mDATE=$(rustc +stable --version --verbose | sed -ne 's/^commit-date: \(20[0-9][0-9]\)-\([01][0-9]\)-\([0-3][0-9]\)$/\1\2\3/p')[0m
build-desktop (ubuntu-22.04)	Install Rust stable	2026-08-01T13:59:27.1378275Z [36;1mHASH=$(rustc +stable --version --verbose | sed -ne 's/^commit-hash: //p')[0m
build-desktop (ubuntu-22.04)	Install Rust stable	2026-08-01T13:59:27.1378735Z [36;1mecho "cachekey=$(echo $DATE$HASH | head -c12)" >> $GITHUB_OUTPUT[0m
build-desktop (ubuntu-22.04)	Install Rust stable	2026-08-01T13:59:27.1405165Z shell: /usr/bin/bash --noprofile --norc -e -o pipefail {0}
build-desktop (ubuntu-22.04)	Install Rust stable	2026-08-01T13:59:27.1405509Z env:
build-desktop (ubuntu-22.04)	Install Rust stable	2026-08-01T13:59:27.1405725Z   CARGO_HOME: /home/runner/.cargo
build-desktop (ubuntu-22.04)	Install Rust stable	2026-08-01T13:59:27.1405969Z ##[endgroup]
build-desktop (ubuntu-22.04)	Install Rust stable	2026-08-01T13:59:27.1746986Z ##[end-action id=__dtolnay_rust-toolchain.rustc-version;outcome=success;conclusion=success;duration_ms=38]
build-desktop (ubuntu-22.04)	Install Rust stable	2026-08-01T13:59:27.1749487Z ##[start-action display=Run : disable incremental compilation;id=__dtolnay_rust-toolchain.__run_6]
build-desktop (ubuntu-22.04)	Install Rust stable	2026-08-01T13:59:27.1762345Z ##[group]Run : disable incremental compilation
build-desktop (ubuntu-22.04)	Install Rust stable	2026-08-01T13:59:27.1762692Z [36;1m: disable incremental compilation[0m
build-desktop (ubuntu-22.04)	Install Rust stable	2026-08-01T13:59:27.1763006Z [36;1mif [ -z "${CARGO_INCREMENTAL+set}" ]; then[0m
build-desktop (ubuntu-22.04)	Install Rust stable	2026-08-01T13:59:27.1763328Z [36;1m  echo CARGO_INCREMENTAL=0 >> $GITHUB_ENV[0m
build-desktop (ubuntu-22.04)	Install Rust stable	2026-08-01T13:59:27.1763600Z [36;1mfi[0m
build-desktop (ubuntu-22.04)	Install Rust stable	2026-08-01T13:59:27.1788384Z shell: /usr/bin/bash --noprofile --norc -e -o pipefail {0}
build-desktop (ubuntu-22.04)	Install Rust stable	2026-08-01T13:59:27.1788716Z env:
build-desktop (ubuntu-22.04)	Install Rust stable	2026-08-01T13:59:27.1788924Z   CARGO_HOME: /home/runner/.cargo
build-desktop (ubuntu-22.04)	Install Rust stable	2026-08-01T13:59:27.1789171Z ##[endgroup]
build-desktop (ubuntu-22.04)	Install Rust stable	2026-08-01T13:59:27.1839207Z ##[end-action id=__dtolnay_rust-toolchain.__run_6;outcome=success;conclusion=success;duration_ms=8]
build-desktop (ubuntu-22.04)	Install Rust stable	2026-08-01T13:59:27.1841614Z ##[start-action display=Run : enable colors in Cargo output;id=__dtolnay_rust-toolchain.__run_7]
build-desktop (ubuntu-22.04)	Install Rust stable	2026-08-01T13:59:27.1853682Z ##[group]Run : enable colors in Cargo output
build-desktop (ubuntu-22.04)	Install Rust stable	2026-08-01T13:59:27.1854002Z [36;1m: enable colors in Cargo output[0m
build-desktop (ubuntu-22.04)	Install Rust stable	2026-08-01T13:59:27.1854303Z [36;1mif [ -z "${CARGO_TERM_COLOR+set}" ]; then[0m
build-desktop (ubuntu-22.04)	Install Rust stable	2026-08-01T13:59:27.1854627Z [36;1m  echo CARGO_TERM_COLOR=always >> $GITHUB_ENV[0m
build-desktop (ubuntu-22.04)	Install Rust stable	2026-08-01T13:59:27.1854905Z [36;1mfi[0m
build-desktop (ubuntu-22.04)	Install Rust stable	2026-08-01T13:59:27.1878909Z shell: /usr/bin/bash --noprofile --norc -e -o pipefail {0}
build-desktop (ubuntu-22.04)	Install Rust stable	2026-08-01T13:59:27.1879248Z env:
build-desktop (ubuntu-22.04)	Install Rust stable	2026-08-01T13:59:27.1879458Z   CARGO_HOME: /home/runner/.cargo
build-desktop (ubuntu-22.04)	Install Rust stable	2026-08-01T13:59:27.1879851Z   CARGO_INCREMENTAL: 0
build-desktop (ubuntu-22.04)	Install Rust stable	2026-08-01T13:59:27.1880078Z ##[endgroup]
build-desktop (ubuntu-22.04)	Install Rust stable	2026-08-01T13:59:27.1928013Z ##[end-action id=__dtolnay_rust-toolchain.__run_7;outcome=success;conclusion=success;duration_ms=8]
build-desktop (ubuntu-22.04)	Install Rust stable	2026-08-01T13:59:27.1932670Z ##[start-action display=Run : enable Cargo sparse registry;id=__dtolnay_rust-toolchain.__run_8]
build-desktop (ubuntu-22.04)	Install Rust stable	2026-08-01T13:59:27.2005332Z ##[group]Run : enable Cargo sparse registry
build-desktop (ubuntu-22.04)	Install Rust stable	2026-08-01T13:59:27.2005659Z [36;1m: enable Cargo sparse registry[0m
build-desktop (ubuntu-22.04)	Install Rust stable	2026-08-01T13:59:27.2006027Z [36;1m# implemented in 1.66, stabilized in 1.68, made default in 1.70[0m
build-desktop (ubuntu-22.04)	Install Rust stable	2026-08-01T13:59:27.2006668Z [36;1mif [ -z "${CARGO_REGISTRIES_CRATES_IO_PROTOCOL+set}" -o -f "/home/runner/work/_temp"/.implicit_cargo_registries_crates_io_protocol ]; then[0m
build-desktop (ubuntu-22.04)	Install Rust stable	2026-08-01T13:59:27.2007332Z [36;1m  if rustc +stable --version --verbose | grep -q '^release: 1\.6[89]\.'; then[0m
build-desktop (ubuntu-22.04)	Install Rust stable	2026-08-01T13:59:27.2007854Z [36;1m    touch "/home/runner/work/_temp"/.implicit_cargo_registries_crates_io_protocol || true[0m
build-desktop (ubuntu-22.04)	Install Rust stable	2026-08-01T13:59:27.2008348Z [36;1m    echo CARGO_REGISTRIES_CRATES_IO_PROTOCOL=sparse >> $GITHUB_ENV[0m
build-desktop (ubuntu-22.04)	Install Rust stable	2026-08-01T13:59:27.2008807Z [36;1m  elif rustc +stable --version --verbose | grep -q '^release: 1\.6[67]\.'; then[0m
build-desktop (ubuntu-22.04)	Install Rust stable	2026-08-01T13:59:27.2009320Z [36;1m    touch "/home/runner/work/_temp"/.implicit_cargo_registries_crates_io_protocol || true[0m
build-desktop (ubuntu-22.04)	Install Rust stable	2026-08-01T13:59:27.2009967Z [36;1m    echo CARGO_REGISTRIES_CRATES_IO_PROTOCOL=git >> $GITHUB_ENV[0m
build-desktop (ubuntu-22.04)	Install Rust stable	2026-08-01T13:59:27.2010299Z [36;1m  fi[0m
build-desktop (ubuntu-22.04)	Install Rust stable	2026-08-01T13:59:27.2010514Z [36;1mfi[0m
build-desktop (ubuntu-22.04)	Install Rust stable	2026-08-01T13:59:27.2034239Z shell: /usr/bin/bash --noprofile --norc -e -o pipefail {0}
build-desktop (ubuntu-22.04)	Install Rust stable	2026-08-01T13:59:27.2034565Z env:
build-desktop (ubuntu-22.04)	Install Rust stable	2026-08-01T13:59:27.2034767Z   CARGO_HOME: /home/runner/.cargo
build-desktop (ubuntu-22.04)	Install Rust stable	2026-08-01T13:59:27.2035014Z   CARGO_INCREMENTAL: 0
build-desktop (ubuntu-22.04)	Install Rust stable	2026-08-01T13:59:27.2035236Z   CARGO_TERM_COLOR: always
build-desktop (ubuntu-22.04)	Install Rust stable	2026-08-01T13:59:27.2035586Z ##[endgroup]
build-desktop (ubuntu-22.04)	Install Rust stable	2026-08-01T13:59:27.2348606Z ##[end-action id=__dtolnay_rust-toolchain.__run_8;outcome=success;conclusion=success;duration_ms=41]
build-desktop (ubuntu-22.04)	Install Rust stable	2026-08-01T13:59:27.2352427Z ##[start-action display=Run : work around spurious network errors in curl 8.0;id=__dtolnay_rust-toolchain.__run_9]
build-desktop (ubuntu-22.04)	Install Rust stable	2026-08-01T13:59:27.2365123Z ##[group]Run : work around spurious network errors in curl 8.0
build-desktop (ubuntu-22.04)	Install Rust stable	2026-08-01T13:59:27.2365533Z [36;1m: work around spurious network errors in curl 8.0[0m
build-desktop (ubuntu-22.04)	Install Rust stable	2026-08-01T13:59:27.2366041Z [36;1m# https://rust-lang.zulipchat.com/#narrow/stream/246057-t-cargo/topic/timeout.20investigation[0m
build-desktop (ubuntu-22.04)	Install Rust stable	2026-08-01T13:59:27.2366600Z [36;1mif rustc +stable --version --verbose | grep -q '^release: 1\.7[01]\.'; then[0m
build-desktop (ubuntu-22.04)	Install Rust stable	2026-08-01T13:59:27.2367230Z [36;1m  echo CARGO_HTTP_MULTIPLEXING=false >> $GITHUB_ENV[0m
build-desktop (ubuntu-22.04)	Install Rust stable	2026-08-01T13:59:27.2367527Z [36;1mfi[0m
build-desktop (ubuntu-22.04)	Install Rust stable	2026-08-01T13:59:27.2392226Z shell: /usr/bin/bash --noprofile --norc -e -o pipefail {0}
build-desktop (ubuntu-22.04)	Install Rust stable	2026-08-01T13:59:27.2392555Z env:
build-desktop (ubuntu-22.04)	Install Rust stable	2026-08-01T13:59:27.2392759Z   CARGO_HOME: /home/runner/.cargo
build-desktop (ubuntu-22.04)	Install Rust stable	2026-08-01T13:59:27.2393005Z   CARGO_INCREMENTAL: 0
build-desktop (ubuntu-22.04)	Install Rust stable	2026-08-01T13:59:27.2393224Z   CARGO_TERM_COLOR: always
build-desktop (ubuntu-22.04)	Install Rust stable	2026-08-01T13:59:27.2393445Z ##[endgroup]
build-desktop (ubuntu-22.04)	Install Rust stable	2026-08-01T13:59:27.2577099Z ##[end-action id=__dtolnay_rust-toolchain.__run_9;outcome=success;conclusion=success;duration_ms=22]
build-desktop (ubuntu-22.04)	Install Rust stable	2026-08-01T13:59:27.2581324Z ##[start-action display=Run rustc +stable --version --verbose;id=__dtolnay_rust-toolchain.__run_10]
build-desktop (ubuntu-22.04)	Install Rust stable	2026-08-01T13:59:27.2596539Z ##[group]Run rustc +stable --version --verbose
build-desktop (ubuntu-22.04)	Install Rust stable	2026-08-01T13:59:27.2596965Z [36;1mrustc +stable --version --verbose[0m
build-desktop (ubuntu-22.04)	Install Rust stable	2026-08-01T13:59:27.2621492Z shell: /usr/bin/bash --noprofile --norc -e -o pipefail {0}
build-desktop (ubuntu-22.04)	Install Rust stable	2026-08-01T13:59:27.2621965Z env:
build-desktop (ubuntu-22.04)	Install Rust stable	2026-08-01T13:59:27.2622272Z   CARGO_HOME: /home/runner/.cargo
build-desktop (ubuntu-22.04)	Install Rust stable	2026-08-01T13:59:27.2622589Z   CARGO_INCREMENTAL: 0
build-desktop (ubuntu-22.04)	Install Rust stable	2026-08-01T13:59:27.2622915Z   CARGO_TERM_COLOR: always
build-desktop (ubuntu-22.04)	Install Rust stable	2026-08-01T13:59:27.2623216Z ##[endgroup]
build-desktop (ubuntu-22.04)	Install Rust stable	2026-08-01T13:59:27.2778896Z rustc 1.97.1 (8bab26f4f 2026-07-14)
build-desktop (ubuntu-22.04)	Install Rust stable	2026-08-01T13:59:27.2779761Z binary: rustc
build-desktop (ubuntu-22.04)	Install Rust stable	2026-08-01T13:59:27.2780465Z commit-hash: 8bab26f4f68e0e26f0bb7960be334d5b520ea452
build-desktop (ubuntu-22.04)	Install Rust stable	2026-08-01T13:59:27.2781016Z commit-date: 2026-07-14
build-desktop (ubuntu-22.04)	Install Rust stable	2026-08-01T13:59:27.2781570Z host: x86_64-unknown-linux-gnu
build-desktop (ubuntu-22.04)	Install Rust stable	2026-08-01T13:59:27.2782078Z release: 1.97.1
build-desktop (ubuntu-22.04)	Install Rust stable	2026-08-01T13:59:27.2782560Z LLVM version: 22.1.6
build-desktop (ubuntu-22.04)	Install Rust stable	2026-08-01T13:59:27.2797499Z ##[end-action id=__dtolnay_rust-toolchain.__run_10;outcome=success;conclusion=success;duration_ms=21]
build-desktop (ubuntu-22.04)	Install Linux Dependencies	﻿2026-08-01T13:59:27.2855325Z ##[group]Run sudo apt-get update
build-desktop (ubuntu-22.04)	Install Linux Dependencies	2026-08-01T13:59:27.2855712Z [36;1msudo apt-get update[0m
build-desktop (ubuntu-22.04)	Install Linux Dependencies	2026-08-01T13:59:27.2856401Z [36;1msudo apt-get install -y libwebkit2gtk-4.1-dev libsoup-3.0-dev libappindicator3-dev librsvg2-dev patchelf build-essential libssl-dev libgtk-3-dev[0m
build-desktop (ubuntu-22.04)	Install Linux Dependencies	2026-08-01T13:59:27.2884710Z shell: /usr/bin/bash -e {0}
build-desktop (ubuntu-22.04)	Install Linux Dependencies	2026-08-01T13:59:27.2885160Z env:
build-desktop (ubuntu-22.04)	Install Linux Dependencies	2026-08-01T13:59:27.2885462Z   CARGO_HOME: /home/runner/.cargo
build-desktop (ubuntu-22.04)	Install Linux Dependencies	2026-08-01T13:59:27.2886107Z   CARGO_INCREMENTAL: 0
build-desktop (ubuntu-22.04)	Install Linux Dependencies	2026-08-01T13:59:27.2886453Z   CARGO_TERM_COLOR: always
build-desktop (ubuntu-22.04)	Install Linux Dependencies	2026-08-01T13:59:27.2886770Z ##[endgroup]
build-desktop (ubuntu-22.04)	Install Linux Dependencies	2026-08-01T13:59:27.5578063Z Hit:1 https://packages.microsoft.com/repos/azure-cli jammy InRelease
build-desktop (ubuntu-22.04)	Install Linux Dependencies	2026-08-01T13:59:27.5579468Z Get:2 https://packages.microsoft.com/ubuntu/22.04/prod jammy InRelease [3632 B]
build-desktop (ubuntu-22.04)	Install Linux Dependencies	2026-08-01T13:59:27.5593440Z Get:3 file:/etc/apt/apt-mirrors.txt Mirrorlist [144 B]
build-desktop (ubuntu-22.04)	Install Linux Dependencies	2026-08-01T13:59:27.6081983Z Hit:4 http://azure.archive.ubuntu.com/ubuntu jammy InRelease
build-desktop (ubuntu-22.04)	Install Linux Dependencies	2026-08-01T13:59:27.6106865Z Get:5 http://azure.archive.ubuntu.com/ubuntu jammy-updates InRelease [128 kB]
build-desktop (ubuntu-22.04)	Install Linux Dependencies	2026-08-01T13:59:27.6146562Z Get:6 http://azure.archive.ubuntu.com/ubuntu jammy-backports InRelease [127 kB]
build-desktop (ubuntu-22.04)	Install Linux Dependencies	2026-08-01T13:59:27.6151055Z Get:8 https://dl.google.com/linux/chrome-stable/deb stable InRelease [2548 B]
build-desktop (ubuntu-22.04)	Install Linux Dependencies	2026-08-01T13:59:27.6171101Z Get:7 http://azure.archive.ubuntu.com/ubuntu jammy-security InRelease [129 kB]
build-desktop (ubuntu-22.04)	Install Linux Dependencies	2026-08-01T13:59:27.6548817Z Get:9 https://packages.microsoft.com/ubuntu/22.04/prod jammy/main armhf Packages [22.0 kB]
build-desktop (ubuntu-22.04)	Install Linux Dependencies	2026-08-01T13:59:27.6653048Z Get:10 https://packages.microsoft.com/ubuntu/22.04/prod jammy/main arm64 Packages [287 kB]
build-desktop (ubuntu-22.04)	Install Linux Dependencies	2026-08-01T13:59:27.6789458Z Get:11 https://packages.microsoft.com/ubuntu/22.04/prod jammy/main amd64 Packages [484 kB]
build-desktop (ubuntu-22.04)	Install Linux Dependencies	2026-08-01T13:59:27.8751114Z Get:12 http://azure.archive.ubuntu.com/ubuntu jammy-updates/main amd64 Packages [3683 kB]
build-desktop (ubuntu-22.04)	Install Linux Dependencies	2026-08-01T13:59:27.8892037Z Get:13 http://azure.archive.ubuntu.com/ubuntu jammy-updates/main Translation-en [552 kB]
build-desktop (ubuntu-22.04)	Install Linux Dependencies	2026-08-01T13:59:27.8931612Z Get:14 http://azure.archive.ubuntu.com/ubuntu jammy-updates/restricted amd64 Packages [6346 kB]
build-desktop (ubuntu-22.04)	Install Linux Dependencies	2026-08-01T13:59:27.9211590Z Get:15 http://azure.archive.ubuntu.com/ubuntu jammy-updates/restricted Translation-en [1215 kB]
build-desktop (ubuntu-22.04)	Install Linux Dependencies	2026-08-01T13:59:27.9301583Z Get:16 http://azure.archive.ubuntu.com/ubuntu jammy-updates/universe amd64 Packages [1279 kB]
build-desktop (ubuntu-22.04)	Install Linux Dependencies	2026-08-01T13:59:27.9351944Z Get:17 http://azure.archive.ubuntu.com/ubuntu jammy-updates/universe Translation-en [322 kB]
build-desktop (ubuntu-22.04)	Install Linux Dependencies	2026-08-01T13:59:27.9381154Z Get:18 http://azure.archive.ubuntu.com/ubuntu jammy-updates/multiverse amd64 Packages [76.5 kB]
build-desktop (ubuntu-22.04)	Install Linux Dependencies	2026-08-01T13:59:27.9399278Z Get:19 http://azure.archive.ubuntu.com/ubuntu jammy-updates/multiverse Translation-en [15.9 kB]
build-desktop (ubuntu-22.04)	Install Linux Dependencies	2026-08-01T13:59:27.9609943Z Get:20 https://dl.google.com/linux/chrome-stable/deb stable/main amd64 Packages [1408 B]
build-desktop (ubuntu-22.04)	Install Linux Dependencies	2026-08-01T13:59:28.0671516Z Get:21 http://azure.archive.ubuntu.com/ubuntu jammy-security/main amd64 Packages [3414 kB]
build-desktop (ubuntu-22.04)	Install Linux Dependencies	2026-08-01T13:59:28.0835833Z Get:22 http://azure.archive.ubuntu.com/ubuntu jammy-security/main Translation-en [482 kB]
build-desktop (ubuntu-22.04)	Install Linux Dependencies	2026-08-01T13:59:28.1283693Z Get:23 http://azure.archive.ubuntu.com/ubuntu jammy-security/restricted amd64 Packages [6110 kB]
build-desktop (ubuntu-22.04)	Install Linux Dependencies	2026-08-01T13:59:28.1563714Z Get:24 http://azure.archive.ubuntu.com/ubuntu jammy-security/restricted Translation-en [1173 kB]
build-desktop (ubuntu-22.04)	Install Linux Dependencies	2026-08-01T13:59:28.1627605Z Get:25 http://azure.archive.ubuntu.com/ubuntu jammy-security/universe amd64 Packages [1046 kB]
build-desktop (ubuntu-22.04)	Install Linux Dependencies	2026-08-01T13:59:28.1685577Z Get:26 http://azure.archive.ubuntu.com/ubuntu jammy-security/universe Translation-en [234 kB]
build-desktop (ubuntu-22.04)	Install Linux Dependencies	2026-08-01T13:59:28.1706817Z Get:27 http://azure.archive.ubuntu.com/ubuntu jammy-security/multiverse amd64 Packages [69.1 kB]
build-desktop (ubuntu-22.04)	Install Linux Dependencies	2026-08-01T13:59:28.1720305Z Get:28 http://azure.archive.ubuntu.com/ubuntu jammy-security/multiverse Translation-en [12.9 kB]
build-desktop (ubuntu-22.04)	Install Linux Dependencies	2026-08-01T13:59:35.3134713Z Fetched 27.2 MB in 3s (7896 kB/s)
build-desktop (ubuntu-22.04)	Install Linux Dependencies	2026-08-01T13:59:36.3595695Z Reading package lists...
build-desktop (ubuntu-22.04)	Install Linux Dependencies	2026-08-01T13:59:36.4181759Z Reading package lists...
build-desktop (ubuntu-22.04)	Install Linux Dependencies	2026-08-01T13:59:36.5948120Z Building dependency tree...
build-desktop (ubuntu-22.04)	Install Linux Dependencies	2026-08-01T13:59:36.5956880Z Reading state information...
build-desktop (ubuntu-22.04)	Install Linux Dependencies	2026-08-01T13:59:36.7788746Z build-essential is already the newest version (12.9ubuntu3).
build-desktop (ubuntu-22.04)	Install Linux Dependencies	2026-08-01T13:59:36.7789966Z build-essential set to manually installed.
build-desktop (ubuntu-22.04)	Install Linux Dependencies	2026-08-01T13:59:36.7790838Z patchelf is already the newest version (0.14.3-1).
build-desktop (ubuntu-22.04)	Install Linux Dependencies	2026-08-01T13:59:36.7791773Z librsvg2-dev is already the newest version (2.52.5+dfsg-3ubuntu0.2).
build-desktop (ubuntu-22.04)	Install Linux Dependencies	2026-08-01T13:59:36.7792601Z librsvg2-dev set to manually installed.
build-desktop (ubuntu-22.04)	Install Linux Dependencies	2026-08-01T13:59:36.7793405Z The following additional packages will be installed:
build-desktop (ubuntu-22.04)	Install Linux Dependencies	2026-08-01T13:59:36.7794311Z   bubblewrap gir1.2-appindicator3-0.1 gir1.2-atk-1.0 gir1.2-atspi-2.0
build-desktop (ubuntu-22.04)	Install Linux Dependencies	2026-08-01T13:59:36.7795287Z   gir1.2-dazzle-1.0 gir1.2-dbusmenu-glib-0.4 gir1.2-gtk-3.0
build-desktop (ubuntu-22.04)	Install Linux Dependencies	2026-08-01T13:59:36.7796383Z   gir1.2-harfbuzz-0.0 gir1.2-json-1.0 gir1.2-pango-1.0 gir1.2-polkit-1.0
build-desktop (ubuntu-22.04)	Install Linux Dependencies	2026-08-01T13:59:36.7797394Z   gir1.2-soup-3.0 gstreamer1.0-gl gstreamer1.0-plugins-base
build-desktop (ubuntu-22.04)	Install Linux Dependencies	2026-08-01T13:59:36.7798323Z   gstreamer1.0-plugins-good gstreamer1.0-x libaa1 libappindicator3-1
build-desktop (ubuntu-22.04)	Install Linux Dependencies	2026-08-01T13:59:36.7799705Z   libasyncns0 libatk-bridge2.0-dev libatk1.0-dev libatspi2.0-dev libavc1394-0
build-desktop (ubuntu-22.04)	Install Linux Dependencies	2026-08-01T13:59:36.7800981Z   libcaca0 libcdparanoia0 libdatrie-dev libdazzle-1.0-0 libdazzle-1.0-dev
build-desktop (ubuntu-22.04)	Install Linux Dependencies	2026-08-01T13:59:36.7802152Z   libdazzle-common libdbus-1-dev libdbus-glib-1-dev libdbus-glib-1-dev-bin
build-desktop (ubuntu-22.04)	Install Linux Dependencies	2026-08-01T13:59:36.7803349Z   libdbusmenu-glib-dev libdv4 libegl-dev libegl-mesa0 libegl1 libegl1-mesa-dev
build-desktop (ubuntu-22.04)	Install Linux Dependencies	2026-08-01T13:59:36.7804399Z   libepoxy-dev libevdev2 libflac8 libfribidi-dev libgl-dev libgles-dev
build-desktop (ubuntu-22.04)	Install Linux Dependencies	2026-08-01T13:59:36.7805674Z   libgles1 libgles2 libglvnd-core-dev libglvnd-dev libglx-dev
build-desktop (ubuntu-22.04)	Install Linux Dependencies	2026-08-01T13:59:36.7806775Z   libgraphene-1.0-0 libgraphite2-dev libgstreamer-gl1.0-0
build-desktop (ubuntu-22.04)	Install Linux Dependencies	2026-08-01T13:59:36.7807920Z   libgstreamer-plugins-base1.0-0 libgstreamer-plugins-good1.0-0
build-desktop (ubuntu-22.04)	Install Linux Dependencies	2026-08-01T13:59:36.7808936Z   libharfbuzz-dev libharfbuzz-gobject0 libharfbuzz-icu0 libhyphen0
build-desktop (ubuntu-22.04)	Install Linux Dependencies	2026-08-01T13:59:36.7809809Z   libiec61883-0 libjack-jackd2-0 libjavascriptcoregtk-4.1-0
build-desktop (ubuntu-22.04)	Install Linux Dependencies	2026-08-01T13:59:36.7810479Z   libjavascriptcoregtk-4.1-dev libjson-glib-dev libmanette-0.2-0 libmp3lame0
build-desktop (ubuntu-22.04)	Install Linux Dependencies	2026-08-01T13:59:36.7811113Z   libmpg123-0 libnghttp2-dev libopengl-dev libopengl0 libopus0 liborc-0.4-0
build-desktop (ubuntu-22.04)	Install Linux Dependencies	2026-08-01T13:59:36.7811736Z   libpango1.0-dev libpangoxft-1.0-0 libpipewire-0.3-0 libpipewire-0.3-common
build-desktop (ubuntu-22.04)	Install Linux Dependencies	2026-08-01T13:59:36.7812615Z   libpipewire-0.3-modules libpolkit-gobject-1-dev libpsl-dev libpulse0
build-desktop (ubuntu-22.04)	Install Linux Dependencies	2026-08-01T13:59:36.7813149Z   libraw1394-11 libsamplerate0 libshout3 libsndfile1 libsoup-3.0-0
build-desktop (ubuntu-22.04)	Install Linux Dependencies	2026-08-01T13:59:36.7813956Z   libsoup-3.0-common libspa-0.2-modules libspeex1 libssl3 libsysprof-4
build-desktop (ubuntu-22.04)	Install Linux Dependencies	2026-08-01T13:59:36.7814558Z   libsysprof-4-dev libsysprof-ui-4 libtag1v5 libtag1v5-vanilla libthai-dev
build-desktop (ubuntu-22.04)	Install Linux Dependencies	2026-08-01T13:59:36.7815202Z   libtheora0 libtwolame0 libv4l-0 libv4lconvert0 libvisual-0.4-0 libvorbisenc2
build-desktop (ubuntu-22.04)	Install Linux Dependencies	2026-08-01T13:59:36.7815782Z   libvpx7 libwavpack1 libwayland-bin libwayland-dev libwebkit2gtk-4.1-0
build-desktop (ubuntu-22.04)	Install Linux Dependencies	2026-08-01T13:59:36.7816339Z   libwebrtc-audio-processing1 libwoff1 libxcomposite-dev libxcursor-dev
build-desktop (ubuntu-22.04)	Install Linux Dependencies	2026-08-01T13:59:36.7816948Z   libxdamage-dev libxfixes-dev libxft-dev libxi-dev libxinerama-dev
build-desktop (ubuntu-22.04)	Install Linux Dependencies	2026-08-01T13:59:36.7817517Z   libxkbcommon-dev libxrandr-dev libxtst-dev libxv1 pango1.0-tools pipewire
build-desktop (ubuntu-22.04)	Install Linux Dependencies	2026-08-01T13:59:36.7818159Z   pipewire-bin pipewire-media-session rtkit wayland-protocols xdg-dbus-proxy
build-desktop (ubuntu-22.04)	Install Linux Dependencies	2026-08-01T13:59:36.7818720Z   xdg-desktop-portal xdg-desktop-portal-gtk
build-desktop (ubuntu-22.04)	Install Linux Dependencies	2026-08-01T13:59:36.7819102Z Suggested packages:
build-desktop (ubuntu-22.04)	Install Linux Dependencies	2026-08-01T13:59:36.7819737Z   gvfs indicator-application libdatrie-doc libdazzle-doc libdazzle-tools
build-desktop (ubuntu-22.04)	Install Linux Dependencies	2026-08-01T13:59:36.7820397Z   libdv-bin oss-compat libgraphite2-utils libvisual-0.4-plugins libgtk-3-doc
build-desktop (ubuntu-22.04)	Install Linux Dependencies	2026-08-01T13:59:36.7821084Z   jackd2 libjson-glib-doc libnghttp2-doc opus-tools libpango1.0-doc pulseaudio
build-desktop (ubuntu-22.04)	Install Linux Dependencies	2026-08-01T13:59:36.7821697Z   libraw1394-doc libsoup-3.0-doc speex libssl-doc libthai-doc libwayland-doc
build-desktop (ubuntu-22.04)	Install Linux Dependencies	2026-08-01T13:59:36.7822305Z   gstreamer1.0-libav gstreamer1.0-plugins-bad gstreamer1.0-alsa graphicsmagick
build-desktop (ubuntu-22.04)	Install Linux Dependencies	2026-08-01T13:59:36.7822855Z   accountsservice evince xdg-desktop-portal-gnome
build-desktop (ubuntu-22.04)	Install Linux Dependencies	2026-08-01T13:59:36.8307448Z The following NEW packages will be installed:
build-desktop (ubuntu-22.04)	Install Linux Dependencies	2026-08-01T13:59:36.8309151Z   bubblewrap gir1.2-appindicator3-0.1 gir1.2-atk-1.0 gir1.2-atspi-2.0
build-desktop (ubuntu-22.04)	Install Linux Dependencies	2026-08-01T13:59:36.8310348Z   gir1.2-dazzle-1.0 gir1.2-dbusmenu-glib-0.4 gir1.2-gtk-3.0
build-desktop (ubuntu-22.04)	Install Linux Dependencies	2026-08-01T13:59:36.8311429Z   gir1.2-harfbuzz-0.0 gir1.2-json-1.0 gir1.2-pango-1.0 gir1.2-polkit-1.0
build-desktop (ubuntu-22.04)	Install Linux Dependencies	2026-08-01T13:59:36.8312526Z   gir1.2-soup-3.0 gstreamer1.0-gl gstreamer1.0-plugins-base
build-desktop (ubuntu-22.04)	Install Linux Dependencies	2026-08-01T13:59:36.8313516Z   gstreamer1.0-plugins-good gstreamer1.0-x libaa1 libappindicator3-1
build-desktop (ubuntu-22.04)	Install Linux Dependencies	2026-08-01T13:59:36.8314524Z   libappindicator3-dev libasyncns0 libatk-bridge2.0-dev libatk1.0-dev
build-desktop (ubuntu-22.04)	Install Linux Dependencies	2026-08-01T13:59:36.8315528Z   libatspi2.0-dev libavc1394-0 libcaca0 libcdparanoia0 libdatrie-dev
build-desktop (ubuntu-22.04)	Install Linux Dependencies	2026-08-01T13:59:36.8316485Z   libdazzle-1.0-0 libdazzle-1.0-dev libdazzle-common libdbus-1-dev
build-desktop (ubuntu-22.04)	Install Linux Dependencies	2026-08-01T13:59:36.8322417Z   libdbus-glib-1-dev libdbus-glib-1-dev-bin libdbusmenu-glib-dev libdv4
build-desktop (ubuntu-22.04)	Install Linux Dependencies	2026-08-01T13:59:36.8323124Z   libegl-dev libegl-mesa0 libegl1 libegl1-mesa-dev libepoxy-dev libevdev2
build-desktop (ubuntu-22.04)	Install Linux Dependencies	2026-08-01T13:59:36.8323786Z   libflac8 libfribidi-dev libgl-dev libgles-dev libgles1 libgles2
build-desktop (ubuntu-22.04)	Install Linux Dependencies	2026-08-01T13:59:36.8324374Z   libglvnd-core-dev libglvnd-dev libglx-dev libgraphene-1.0-0 libgraphite2-dev
build-desktop (ubuntu-22.04)	Install Linux Dependencies	2026-08-01T13:59:36.8324931Z   libgstreamer-gl1.0-0 libgstreamer-plugins-base1.0-0
build-desktop (ubuntu-22.04)	Install Linux Dependencies	2026-08-01T13:59:36.8325472Z   libgstreamer-plugins-good1.0-0 libgtk-3-dev libharfbuzz-dev
build-desktop (ubuntu-22.04)	Install Linux Dependencies	2026-08-01T13:59:36.8326021Z   libharfbuzz-gobject0 libharfbuzz-icu0 libhyphen0 libiec61883-0
build-desktop (ubuntu-22.04)	Install Linux Dependencies	2026-08-01T13:59:36.8326748Z   libjack-jackd2-0 libjavascriptcoregtk-4.1-0 libjavascriptcoregtk-4.1-dev
build-desktop (ubuntu-22.04)	Install Linux Dependencies	2026-08-01T13:59:36.8327625Z   libjson-glib-dev libmanette-0.2-0 libmp3lame0 libmpg123-0 libnghttp2-dev
build-desktop (ubuntu-22.04)	Install Linux Dependencies	2026-08-01T13:59:36.8328376Z   libopengl-dev libopengl0 libopus0 liborc-0.4-0 libpango1.0-dev
build-desktop (ubuntu-22.04)	Install Linux Dependencies	2026-08-01T13:59:36.8328910Z   libpangoxft-1.0-0 libpipewire-0.3-0 libpipewire-0.3-common
build-desktop (ubuntu-22.04)	Install Linux Dependencies	2026-08-01T13:59:36.8329438Z   libpipewire-0.3-modules libpolkit-gobject-1-dev libpsl-dev libpulse0
build-desktop (ubuntu-22.04)	Install Linux Dependencies	2026-08-01T13:59:36.8330310Z   libraw1394-11 libsamplerate0 libshout3 libsndfile1 libsoup-3.0-0
build-desktop (ubuntu-22.04)	Install Linux Dependencies	2026-08-01T13:59:36.8330939Z   libsoup-3.0-common libsoup-3.0-dev libspa-0.2-modules libspeex1 libsysprof-4
build-desktop (ubuntu-22.04)	Install Linux Dependencies	2026-08-01T13:59:36.8331576Z   libsysprof-4-dev libsysprof-ui-4 libtag1v5 libtag1v5-vanilla libthai-dev
build-desktop (ubuntu-22.04)	Install Linux Dependencies	2026-08-01T13:59:36.8332496Z   libtheora0 libtwolame0 libv4l-0 libv4lconvert0 libvisual-0.4-0 libvorbisenc2
build-desktop (ubuntu-22.04)	Install Linux Dependencies	2026-08-01T13:59:36.8333095Z   libvpx7 libwavpack1 libwayland-bin libwayland-dev libwebkit2gtk-4.1-0
build-desktop (ubuntu-22.04)	Install Linux Dependencies	2026-08-01T13:59:36.8333680Z   libwebkit2gtk-4.1-dev libwebrtc-audio-processing1 libwoff1 libxcomposite-dev
build-desktop (ubuntu-22.04)	Install Linux Dependencies	2026-08-01T13:59:36.8334291Z   libxcursor-dev libxdamage-dev libxfixes-dev libxft-dev libxi-dev
build-desktop (ubuntu-22.04)	Install Linux Dependencies	2026-08-01T13:59:36.8334850Z   libxinerama-dev libxkbcommon-dev libxrandr-dev libxtst-dev libxv1
build-desktop (ubuntu-22.04)	Install Linux Dependencies	2026-08-01T13:59:36.8335404Z   pango1.0-tools pipewire pipewire-bin pipewire-media-session rtkit
build-desktop (ubuntu-22.04)	Install Linux Dependencies	2026-08-01T13:59:36.8336022Z   wayland-protocols xdg-dbus-proxy xdg-desktop-portal xdg-desktop-portal-gtk
build-desktop (ubuntu-22.04)	Install Linux Dependencies	2026-08-01T13:59:36.8336572Z The following packages will be upgraded:
build-desktop (ubuntu-22.04)	Install Linux Dependencies	2026-08-01T13:59:36.8336990Z   libssl-dev libssl3
build-desktop (ubuntu-22.04)	Install Linux Dependencies	2026-08-01T13:59:36.8485185Z 2 upgraded, 130 newly installed, 0 to remove and 85 not upgraded.
build-desktop (ubuntu-22.04)	Install Linux Dependencies	2026-08-01T13:59:36.8485790Z Need to get 59.6 MB of archives.
build-desktop (ubuntu-22.04)	Install Linux Dependencies	2026-08-01T13:59:36.8486599Z After this operation, 215 MB of additional disk space will be used.
build-desktop (ubuntu-22.04)	Install Linux Dependencies	2026-08-01T13:59:36.8487413Z Get:1 file:/etc/apt/apt-mirrors.txt Mirrorlist [144 B]
build-desktop (ubuntu-22.04)	Install Linux Dependencies	2026-08-01T13:59:36.9255471Z Get:2 http://azure.archive.ubuntu.com/ubuntu jammy-updates/main amd64 libssl-dev amd64 3.0.2-0ubuntu1.26 [2377 kB]
build-desktop (ubuntu-22.04)	Install Linux Dependencies	2026-08-01T13:59:36.9950481Z Get:3 http://azure.archive.ubuntu.com/ubuntu jammy-updates/main amd64 libssl3 amd64 3.0.2-0ubuntu1.26 [1906 kB]
build-desktop (ubuntu-22.04)	Install Linux Dependencies	2026-08-01T13:59:37.0569378Z Get:4 http://azure.archive.ubuntu.com/ubuntu jammy-updates/main amd64 bubblewrap amd64 0.6.1-1ubuntu0.1 [46.3 kB]
build-desktop (ubuntu-22.04)	Install Linux Dependencies	2026-08-01T13:59:37.1090499Z Get:5 http://azure.archive.ubuntu.com/ubuntu jammy/main amd64 gir1.2-atk-1.0 amd64 2.36.0-3build1 [21.0 kB]
build-desktop (ubuntu-22.04)	Install Linux Dependencies	2026-08-01T13:59:37.1604700Z Get:6 http://azure.archive.ubuntu.com/ubuntu jammy-updates/main amd64 gir1.2-harfbuzz-0.0 amd64 2.7.4-1ubuntu3.2 [31.6 kB]
build-desktop (ubuntu-22.04)	Install Linux Dependencies	2026-08-01T13:59:37.2123732Z Get:7 http://azure.archive.ubuntu.com/ubuntu jammy-updates/main amd64 libpangoxft-1.0-0 amd64 1.50.6+ds-2ubuntu1 [31.0 kB]
build-desktop (ubuntu-22.04)	Install Linux Dependencies	2026-08-01T13:59:37.2640417Z Get:8 http://azure.archive.ubuntu.com/ubuntu jammy-updates/main amd64 gir1.2-pango-1.0 amd64 1.50.6+ds-2ubuntu1 [44.0 kB]
build-desktop (ubuntu-22.04)	Install Linux Dependencies	2026-08-01T13:59:37.3160686Z Get:9 http://azure.archive.ubuntu.com/ubuntu jammy-updates/main amd64 gir1.2-gtk-3.0 amd64 3.24.33-1ubuntu2.2 [240 kB]
build-desktop (ubuntu-22.04)	Install Linux Dependencies	2026-08-01T13:59:37.3688768Z Get:10 http://azure.archive.ubuntu.com/ubuntu jammy/universe amd64 libappindicator3-1 amd64 12.10.1+20.10.20200706.1-0ubuntu1 [23.2 kB]
build-desktop (ubuntu-22.04)	Install Linux Dependencies	2026-08-01T13:59:37.4204383Z Get:11 http://azure.archive.ubuntu.com/ubuntu jammy/universe amd64 gir1.2-appindicator3-0.1 amd64 12.10.1+20.10.20200706.1-0ubuntu1 [3452 B]
build-desktop (ubuntu-22.04)	Install Linux Dependencies	2026-08-01T13:59:37.4719084Z Get:12 http://azure.archive.ubuntu.com/ubuntu jammy/main amd64 gir1.2-atspi-2.0 amd64 2.44.0-3 [18.1 kB]
build-desktop (ubuntu-22.04)	Install Linux Dependencies	2026-08-01T13:59:37.5233380Z Get:13 http://azure.archive.ubuntu.com/ubuntu jammy/main amd64 libdazzle-common all 3.44.0-1 [3400 B]
build-desktop (ubuntu-22.04)	Install Linux Dependencies	2026-08-01T13:59:37.5746904Z Get:14 http://azure.archive.ubuntu.com/ubuntu jammy/main amd64 libdazzle-1.0-0 amd64 3.44.0-1 [356 kB]
build-desktop (ubuntu-22.04)	Install Linux Dependencies	2026-08-01T13:59:37.6281288Z Get:15 http://azure.archive.ubuntu.com/ubuntu jammy/main amd64 gir1.2-dazzle-1.0 amd64 3.44.0-1 [36.7 kB]
build-desktop (ubuntu-22.04)	Install Linux Dependencies	2026-08-01T13:59:37.6798368Z Get:16 http://azure.archive.ubuntu.com/ubuntu jammy/main amd64 gir1.2-dbusmenu-glib-0.4 amd64 16.04.1+18.10.20180917-0ubuntu8 [6624 B]
build-desktop (ubuntu-22.04)	Install Linux Dependencies	2026-08-01T13:59:37.7313535Z Get:17 http://azure.archive.ubuntu.com/ubuntu jammy/main amd64 gir1.2-json-1.0 amd64 1.6.6-1build1 [8874 B]
build-desktop (ubuntu-22.04)	Install Linux Dependencies	2026-08-01T13:59:37.7827189Z Get:18 http://azure.archive.ubuntu.com/ubuntu jammy-updates/main amd64 gir1.2-polkit-1.0 amd64 0.105-33ubuntu0.1 [7768 B]
build-desktop (ubuntu-22.04)	Install Linux Dependencies	2026-08-01T13:59:37.8343591Z Get:19 http://azure.archive.ubuntu.com/ubuntu jammy-updates/universe amd64 libsoup-3.0-common all 3.0.7-0ubuntu1 [62.1 kB]
build-desktop (ubuntu-22.04)	Install Linux Dependencies	2026-08-01T13:59:37.8866610Z Get:20 http://azure.archive.ubuntu.com/ubuntu jammy-updates/universe amd64 libsoup-3.0-0 amd64 3.0.7-0ubuntu1 [278 kB]
build-desktop (ubuntu-22.04)	Install Linux Dependencies	2026-08-01T13:59:37.9401037Z Get:21 http://azure.archive.ubuntu.com/ubuntu jammy-updates/universe amd64 gir1.2-soup-3.0 amd64 3.0.7-0ubuntu1 [21.8 kB]
build-desktop (ubuntu-22.04)	Install Linux Dependencies	2026-08-01T13:59:37.9916659Z Get:22 http://azure.archive.ubuntu.com/ubuntu jammy/main amd64 libgraphene-1.0-0 amd64 1.10.8-1 [48.2 kB]
build-desktop (ubuntu-22.04)	Install Linux Dependencies	2026-08-01T13:59:38.0430526Z Get:23 http://azure.archive.ubuntu.com/ubuntu jammy-updates/main amd64 libegl-mesa0 amd64 23.2.1-1ubuntu3.1~22.04.4 [118 kB]
build-desktop (ubuntu-22.04)	Install Linux Dependencies	2026-08-01T13:59:38.0890883Z Get:24 http://azure.archive.ubuntu.com/ubuntu jammy/main amd64 libegl1 amd64 1.4.0-1 [28.6 kB]
build-desktop (ubuntu-22.04)	Install Linux Dependencies	2026-08-01T13:59:38.1344028Z Get:25 http://azure.archive.ubuntu.com/ubuntu jammy-updates/main amd64 liborc-0.4-0 amd64 1:0.4.32-2ubuntu0.1 [228 kB]
build-desktop (ubuntu-22.04)	Install Linux Dependencies	2026-08-01T13:59:38.1810315Z Get:26 http://azure.archive.ubuntu.com/ubuntu jammy-updates/main amd64 libgstreamer-plugins-base1.0-0 amd64 1.20.1-1ubuntu0.6 [848 kB]
build-desktop (ubuntu-22.04)	Install Linux Dependencies	2026-08-01T13:59:38.2330692Z Get:27 http://azure.archive.ubuntu.com/ubuntu jammy-updates/main amd64 libgstreamer-gl1.0-0 amd64 1.20.1-1ubuntu0.6 [204 kB]
build-desktop (ubuntu-22.04)	Install Linux Dependencies	2026-08-01T13:59:38.2797607Z Get:28 http://azure.archive.ubuntu.com/ubuntu jammy-updates/main amd64 gstreamer1.0-gl amd64 1.20.1-1ubuntu0.6 [125 kB]
build-desktop (ubuntu-22.04)	Install Linux Dependencies	2026-08-01T13:59:38.3260300Z Get:29 http://azure.archive.ubuntu.com/ubuntu jammy/main amd64 libcdparanoia0 amd64 3.10.2+debian-14build2 [49.3 kB]
build-desktop (ubuntu-22.04)	Install Linux Dependencies	2026-08-01T13:59:38.4283141Z Get:30 http://azure.archive.ubuntu.com/ubuntu jammy/main amd64 libopus0 amd64 1.3.1-0.1build2 [203 kB]
build-desktop (ubuntu-22.04)	Install Linux Dependencies	2026-08-01T13:59:38.6994962Z Get:31 http://azure.archive.ubuntu.com/ubuntu jammy/main amd64 libtheora0 amd64 1.1.1+dfsg.1-15ubuntu4 [209 kB]
build-desktop (ubuntu-22.04)	Install Linux Dependencies	2026-08-01T13:59:38.7918081Z Get:32 http://azure.archive.ubuntu.com/ubuntu jammy/main amd64 libvisual-0.4-0 amd64 0.4.0-17build2 [108 kB]
build-desktop (ubuntu-22.04)	Install Linux Dependencies	2026-08-01T13:59:38.8521434Z Get:33 http://azure.archive.ubuntu.com/ubuntu jammy/main amd64 libvorbisenc2 amd64 1.3.7-1build2 [82.6 kB]
build-desktop (ubuntu-22.04)	Install Linux Dependencies	2026-08-01T13:59:38.9060641Z Get:34 http://azure.archive.ubuntu.com/ubuntu jammy-updates/main amd64 gstreamer1.0-plugins-base amd64 1.20.1-1ubuntu0.6 [712 kB]
build-desktop (ubuntu-22.04)	Install Linux Dependencies	2026-08-01T13:59:38.9633752Z Get:35 http://azure.archive.ubuntu.com/ubuntu jammy/main amd64 libaa1 amd64 1.4p5-50build1 [51.9 kB]
build-desktop (ubuntu-22.04)	Install Linux Dependencies	2026-08-01T13:59:39.0152413Z Get:36 http://azure.archive.ubuntu.com/ubuntu jammy/main amd64 libraw1394-11 amd64 2.1.2-2build2 [27.0 kB]
build-desktop (ubuntu-22.04)	Install Linux Dependencies	2026-08-01T13:59:39.0670421Z Get:37 http://azure.archive.ubuntu.com/ubuntu jammy/main amd64 libavc1394-0 amd64 0.5.4-5build2 [17.0 kB]
build-desktop (ubuntu-22.04)	Install Linux Dependencies	2026-08-01T13:59:39.1196612Z Get:38 http://azure.archive.ubuntu.com/ubuntu jammy-updates/main amd64 libcaca0 amd64 0.99.beta19-2.2ubuntu4.2 [224 kB]
build-desktop (ubuntu-22.04)	Install Linux Dependencies	2026-08-01T13:59:39.2117390Z Get:39 http://azure.archive.ubuntu.com/ubuntu jammy/main amd64 libdv4 amd64 1.0.0-14build1 [61.9 kB]
build-desktop (ubuntu-22.04)	Install Linux Dependencies	2026-08-01T13:59:39.3606233Z Get:40 http://azure.archive.ubuntu.com/ubuntu jammy-updates/main amd64 libflac8 amd64 1.3.3-2ubuntu0.2 [111 kB]
build-desktop (ubuntu-22.04)	Install Linux Dependencies	2026-08-01T13:59:39.4693592Z Get:41 http://azure.archive.ubuntu.com/ubuntu jammy-updates/main amd64 libgstreamer-plugins-good1.0-0 amd64 1.20.3-0ubuntu1.7 [30.6 kB]
build-desktop (ubuntu-22.04)	Install Linux Dependencies	2026-08-01T13:59:39.5213017Z Get:42 http://azure.archive.ubuntu.com/ubuntu jammy/main amd64 libiec61883-0 amd64 1.2.0-4build3 [25.9 kB]
build-desktop (ubuntu-22.04)	Install Linux Dependencies	2026-08-01T13:59:39.5718301Z Get:43 http://azure.archive.ubuntu.com/ubuntu jammy/main amd64 libsamplerate0 amd64 0.2.2-1build1 [1359 kB]
build-desktop (ubuntu-22.04)	Install Linux Dependencies	2026-08-01T13:59:39.7763544Z Get:44 http://azure.archive.ubuntu.com/ubuntu jammy/main amd64 libjack-jackd2-0 amd64 1.9.20~dfsg-1 [293 kB]
build-desktop (ubuntu-22.04)	Install Linux Dependencies	2026-08-01T13:59:39.8287323Z Get:45 http://azure.archive.ubuntu.com/ubuntu jammy/main amd64 libmp3lame0 amd64 3.100-3build2 [141 kB]
build-desktop (ubuntu-22.04)	Install Linux Dependencies	2026-08-01T13:59:39.8767029Z Get:46 http://azure.archive.ubuntu.com/ubuntu jammy-updates/main amd64 libmpg123-0 amd64 1.29.3-1ubuntu0.1 [172 kB]
build-desktop (ubuntu-22.04)	Install Linux Dependencies	2026-08-01T13:59:39.9392767Z Get:47 http://azure.archive.ubuntu.com/ubuntu jammy/main amd64 libasyncns0 amd64 0.8-6build2 [12.8 kB]
build-desktop (ubuntu-22.04)	Install Linux Dependencies	2026-08-01T13:59:39.9851727Z Get:48 http://azure.archive.ubuntu.com/ubuntu jammy-updates/main amd64 libsndfile1 amd64 1.0.31-2ubuntu0.2 [196 kB]
build-desktop (ubuntu-22.04)	Install Linux Dependencies	2026-08-01T13:59:40.0330109Z Get:49 http://azure.archive.ubuntu.com/ubuntu jammy-updates/main amd64 libpulse0 amd64 1:15.99.1+dfsg1-1ubuntu2.2 [298 kB]
build-desktop (ubuntu-22.04)	Install Linux Dependencies	2026-08-01T13:59:40.0809376Z Get:50 http://azure.archive.ubuntu.com/ubuntu jammy/main amd64 libspeex1 amd64 1.2~rc1.2-1.1ubuntu3 [57.9 kB]
build-desktop (ubuntu-22.04)	Install Linux Dependencies	2026-08-01T13:59:40.1370379Z Get:51 http://azure.archive.ubuntu.com/ubuntu jammy/main amd64 libshout3 amd64 2.4.5-1build3 [54.5 kB]
build-desktop (ubuntu-22.04)	Install Linux Dependencies	2026-08-01T13:59:40.1826188Z Get:52 http://azure.archive.ubuntu.com/ubuntu jammy/main amd64 libtag1v5-vanilla amd64 1.11.1+dfsg.1-3ubuntu3 [304 kB]
build-desktop (ubuntu-22.04)	Install Linux Dependencies	2026-08-01T13:59:40.2310811Z Get:53 http://azure.archive.ubuntu.com/ubuntu jammy/main amd64 libtag1v5 amd64 1.11.1+dfsg.1-3ubuntu3 [11.5 kB]
build-desktop (ubuntu-22.04)	Install Linux Dependencies	2026-08-01T13:59:40.2780196Z Get:54 http://azure.archive.ubuntu.com/ubuntu jammy/main amd64 libtwolame0 amd64 0.4.0-2build2 [52.5 kB]
build-desktop (ubuntu-22.04)	Install Linux Dependencies	2026-08-01T13:59:40.3237174Z Get:55 http://azure.archive.ubuntu.com/ubuntu jammy/main amd64 libv4lconvert0 amd64 1.22.1-2build1 [82.4 kB]
build-desktop (ubuntu-22.04)	Install Linux Dependencies	2026-08-01T13:59:40.3704323Z Get:56 http://azure.archive.ubuntu.com/ubuntu jammy/main amd64 libv4l-0 amd64 1.22.1-2build1 [44.9 kB]
build-desktop (ubuntu-22.04)	Install Linux Dependencies	2026-08-01T13:59:40.4284917Z Get:57 http://azure.archive.ubuntu.com/ubuntu jammy-updates/main amd64 libvpx7 amd64 1.11.0-2ubuntu2.5 [1078 kB]
build-desktop (ubuntu-22.04)	Install Linux Dependencies	2026-08-01T13:59:40.4810559Z Get:58 http://azure.archive.ubuntu.com/ubuntu jammy/main amd64 libwavpack1 amd64 5.4.0-1build2 [83.7 kB]
build-desktop (ubuntu-22.04)	Install Linux Dependencies	2026-08-01T13:59:40.5272094Z Get:59 http://azure.archive.ubuntu.com/ubuntu jammy-updates/main amd64 gstreamer1.0-plugins-good amd64 1.20.3-0ubuntu1.7 [2006 kB]
build-desktop (ubuntu-22.04)	Install Linux Dependencies	2026-08-01T13:59:40.5846318Z Get:60 http://azure.archive.ubuntu.com/ubuntu jammy/main amd64 libxv1 amd64 2:1.0.11-1build2 [11.2 kB]
build-desktop (ubuntu-22.04)	Install Linux Dependencies	2026-08-01T13:59:40.6376221Z Get:61 http://azure.archive.ubuntu.com/ubuntu jammy-updates/main amd64 gstreamer1.0-x amd64 1.20.1-1ubuntu0.6 [85.1 kB]
build-desktop (ubuntu-22.04)	Install Linux Dependencies	2026-08-01T13:59:40.6902062Z Get:62 http://azure.archive.ubuntu.com/ubuntu jammy-updates/main amd64 libdbus-1-dev amd64 1.12.20-2ubuntu4.1 [188 kB]
build-desktop (ubuntu-22.04)	Install Linux Dependencies	2026-08-01T13:59:40.7582958Z Get:63 http://azure.archive.ubuntu.com/ubuntu jammy/main amd64 libdbus-glib-1-dev-bin amd64 0.112-2build1 [41.9 kB]
build-desktop (ubuntu-22.04)	Install Linux Dependencies	2026-08-01T13:59:40.8128984Z Get:64 http://azure.archive.ubuntu.com/ubuntu jammy/main amd64 libdbus-glib-1-dev amd64 0.112-2build1 [80.6 kB]
build-desktop (ubuntu-22.04)	Install Linux Dependencies	2026-08-01T13:59:40.8711132Z Get:65 http://azure.archive.ubuntu.com/ubuntu jammy/main amd64 libdbusmenu-glib-dev amd64 16.04.1+18.10.20180917-0ubuntu8 [73.8 kB]
build-desktop (ubuntu-22.04)	Install Linux Dependencies	2026-08-01T13:59:40.9293804Z Get:66 http://azure.archive.ubuntu.com/ubuntu jammy/main amd64 libatk1.0-dev amd64 2.36.0-3build1 [96.6 kB]
build-desktop (ubuntu-22.04)	Install Linux Dependencies	2026-08-01T13:59:40.9814421Z Get:67 http://azure.archive.ubuntu.com/ubuntu jammy/main amd64 libxfixes-dev amd64 1:6.0.0-1 [12.2 kB]
build-desktop (ubuntu-22.04)	Install Linux Dependencies	2026-08-01T13:59:41.0327822Z Get:68 http://azure.archive.ubuntu.com/ubuntu jammy/main amd64 libxi-dev amd64 2:1.8-1build1 [193 kB]
build-desktop (ubuntu-22.04)	Install Linux Dependencies	2026-08-01T13:59:41.0860310Z Get:69 http://azure.archive.ubuntu.com/ubuntu jammy/main amd64 libxtst-dev amd64 2:1.2.3-1build4 [16.3 kB]
build-desktop (ubuntu-22.04)	Install Linux Dependencies	2026-08-01T13:59:41.1374300Z Get:70 http://azure.archive.ubuntu.com/ubuntu jammy/main amd64 libatspi2.0-dev amd64 2.44.0-3 [71.5 kB]
build-desktop (ubuntu-22.04)	Install Linux Dependencies	2026-08-01T13:59:41.1888770Z Get:71 http://azure.archive.ubuntu.com/ubuntu jammy/main amd64 libatk-bridge2.0-dev amd64 2.38.0-3 [2954 B]
build-desktop (ubuntu-22.04)	Install Linux Dependencies	2026-08-01T13:59:41.2402791Z Get:72 http://azure.archive.ubuntu.com/ubuntu jammy/main amd64 libglx-dev amd64 1.4.0-1 [14.1 kB]
build-desktop (ubuntu-22.04)	Install Linux Dependencies	2026-08-01T13:59:41.2913351Z Get:73 http://azure.archive.ubuntu.com/ubuntu jammy/main amd64 libgl-dev amd64 1.4.0-1 [101 kB]
build-desktop (ubuntu-22.04)	Install Linux Dependencies	2026-08-01T13:59:41.3436508Z Get:74 http://azure.archive.ubuntu.com/ubuntu jammy/main amd64 libegl-dev amd64 1.4.0-1 [18.0 kB]
build-desktop (ubuntu-22.04)	Install Linux Dependencies	2026-08-01T13:59:41.3953296Z Get:75 http://azure.archive.ubuntu.com/ubuntu jammy/main amd64 libglvnd-core-dev amd64 1.4.0-1 [12.7 kB]
build-desktop (ubuntu-22.04)	Install Linux Dependencies	2026-08-01T13:59:41.4465622Z Get:76 http://azure.archive.ubuntu.com/ubuntu jammy/main amd64 libgles1 amd64 1.4.0-1 [11.5 kB]
build-desktop (ubuntu-22.04)	Install Linux Dependencies	2026-08-01T13:59:41.4979321Z Get:77 http://azure.archive.ubuntu.com/ubuntu jammy/main amd64 libgles2 amd64 1.4.0-1 [18.0 kB]
build-desktop (ubuntu-22.04)	Install Linux Dependencies	2026-08-01T13:59:41.5434779Z Get:78 http://azure.archive.ubuntu.com/ubuntu jammy/main amd64 libgles-dev amd64 1.4.0-1 [49.4 kB]
build-desktop (ubuntu-22.04)	Install Linux Dependencies	2026-08-01T13:59:41.6582663Z Get:79 http://azure.archive.ubuntu.com/ubuntu jammy/main amd64 libopengl0 amd64 1.4.0-1 [36.5 kB]
build-desktop (ubuntu-22.04)	Install Linux Dependencies	2026-08-01T13:59:41.8071522Z Get:80 http://azure.archive.ubuntu.com/ubuntu jammy/main amd64 libopengl-dev amd64 1.4.0-1 [3400 B]
build-desktop (ubuntu-22.04)	Install Linux Dependencies	2026-08-01T13:59:41.8656268Z Get:81 http://azure.archive.ubuntu.com/ubuntu jammy/main amd64 libglvnd-dev amd64 1.4.0-1 [3162 B]
build-desktop (ubuntu-22.04)	Install Linux Dependencies	2026-08-01T13:59:41.9244944Z Get:82 http://azure.archive.ubuntu.com/ubuntu jammy-updates/main amd64 libegl1-mesa-dev amd64 23.2.1-1ubuntu3.1~22.04.4 [11.3 kB]
build-desktop (ubuntu-22.04)	Install Linux Dependencies	2026-08-01T13:59:41.9932203Z Get:83 http://azure.archive.ubuntu.com/ubuntu jammy/main amd64 libepoxy-dev amd64 1.5.10-1 [132 kB]
build-desktop (ubuntu-22.04)	Install Linux Dependencies	2026-08-01T13:59:42.1798074Z Get:84 http://azure.archive.ubuntu.com/ubuntu jammy-updates/main amd64 libfribidi-dev amd64 1.0.8-2ubuntu3.1 [64.8 kB]
build-desktop (ubuntu-22.04)	Install Linux Dependencies	2026-08-01T13:59:42.2560421Z Get:85 http://azure.archive.ubuntu.com/ubuntu jammy-updates/main amd64 libharfbuzz-icu0 amd64 2.7.4-1ubuntu3.2 [5890 B]
build-desktop (ubuntu-22.04)	Install Linux Dependencies	2026-08-01T13:59:42.3140765Z Get:86 http://azure.archive.ubuntu.com/ubuntu jammy-updates/main amd64 libharfbuzz-gobject0 amd64 2.7.4-1ubuntu3.2 [26.0 kB]
build-desktop (ubuntu-22.04)	Install Linux Dependencies	2026-08-01T13:59:42.3786881Z Get:87 http://azure.archive.ubuntu.com/ubuntu jammy-updates/main amd64 libgraphite2-dev amd64 1.3.14-1ubuntu0.1 [14.7 kB]
build-desktop (ubuntu-22.04)	Install Linux Dependencies	2026-08-01T13:59:42.4391547Z Get:88 http://azure.archive.ubuntu.com/ubuntu jammy-updates/main amd64 libharfbuzz-dev amd64 2.7.4-1ubuntu3.2 [554 kB]
build-desktop (ubuntu-22.04)	Install Linux Dependencies	2026-08-01T13:59:42.6284436Z Get:89 http://azure.archive.ubuntu.com/ubuntu jammy/main amd64 libdatrie-dev amd64 0.2.13-2 [19.7 kB]
build-desktop (ubuntu-22.04)	Install Linux Dependencies	2026-08-01T13:59:42.6861913Z Get:90 http://azure.archive.ubuntu.com/ubuntu jammy/main amd64 libthai-dev amd64 0.1.29-1build1 [26.4 kB]
build-desktop (ubuntu-22.04)	Install Linux Dependencies	2026-08-01T13:59:42.7445637Z Get:91 http://azure.archive.ubuntu.com/ubuntu jammy/main amd64 libxft-dev amd64 2.3.4-1 [52.4 kB]
build-desktop (ubuntu-22.04)	Install Linux Dependencies	2026-08-01T13:59:42.8039519Z Get:92 http://azure.archive.ubuntu.com/ubuntu jammy-updates/main amd64 pango1.0-tools amd64 1.50.6+ds-2ubuntu1 [45.8 kB]
build-desktop (ubuntu-22.04)	Install Linux Dependencies	2026-08-01T13:59:42.8633521Z Get:93 http://azure.archive.ubuntu.com/ubuntu jammy-updates/main amd64 libpango1.0-dev amd64 1.50.6+ds-2ubuntu1 [154 kB]
build-desktop (ubuntu-22.04)	Install Linux Dependencies	2026-08-01T13:59:42.9301401Z Get:94 http://azure.archive.ubuntu.com/ubuntu jammy-updates/main amd64 libwayland-bin amd64 1.20.0-1ubuntu0.1 [20.4 kB]
build-desktop (ubuntu-22.04)	Install Linux Dependencies	2026-08-01T13:59:42.9779415Z Get:95 http://azure.archive.ubuntu.com/ubuntu jammy-updates/main amd64 libwayland-dev amd64 1.20.0-1ubuntu0.1 [69.5 kB]
build-desktop (ubuntu-22.04)	Install Linux Dependencies	2026-08-01T13:59:43.0462010Z Get:96 http://azure.archive.ubuntu.com/ubuntu jammy/main amd64 libxcomposite-dev amd64 1:0.4.5-1build2 [9326 B]
build-desktop (ubuntu-22.04)	Install Linux Dependencies	2026-08-01T13:59:43.0939409Z Get:97 http://azure.archive.ubuntu.com/ubuntu jammy/main amd64 libxcursor-dev amd64 1:1.2.0-2build4 [28.2 kB]
build-desktop (ubuntu-22.04)	Install Linux Dependencies	2026-08-01T13:59:43.1568835Z Get:98 http://azure.archive.ubuntu.com/ubuntu jammy/main amd64 libxdamage-dev amd64 1:1.1.5-2build2 [5264 B]
build-desktop (ubuntu-22.04)	Install Linux Dependencies	2026-08-01T13:59:43.2091113Z Get:99 http://azure.archive.ubuntu.com/ubuntu jammy/main amd64 libxinerama-dev amd64 2:1.1.4-3 [8104 B]
build-desktop (ubuntu-22.04)	Install Linux Dependencies	2026-08-01T13:59:43.2612164Z Get:100 http://azure.archive.ubuntu.com/ubuntu jammy/main amd64 libxkbcommon-dev amd64 1.4.0-1 [54.9 kB]
build-desktop (ubuntu-22.04)	Install Linux Dependencies	2026-08-01T13:59:43.3142974Z Get:101 http://azure.archive.ubuntu.com/ubuntu jammy/main amd64 libxrandr-dev amd64 2:1.5.2-1build1 [26.7 kB]
build-desktop (ubuntu-22.04)	Install Linux Dependencies	2026-08-01T13:59:43.3662476Z Get:102 http://azure.archive.ubuntu.com/ubuntu jammy/main amd64 wayland-protocols all 1.25-1 [70.6 kB]
build-desktop (ubuntu-22.04)	Install Linux Dependencies	2026-08-01T13:59:43.4169196Z Get:103 http://azure.archive.ubuntu.com/ubuntu jammy-updates/main amd64 libgtk-3-dev amd64 3.24.33-1ubuntu2.2 [1082 kB]
build-desktop (ubuntu-22.04)	Install Linux Dependencies	2026-08-01T13:59:43.4927666Z Get:104 http://azure.archive.ubuntu.com/ubuntu jammy/universe amd64 libappindicator3-dev amd64 12.10.1+20.10.20200706.1-0ubuntu1 [11.9 kB]
build-desktop (ubuntu-22.04)	Install Linux Dependencies	2026-08-01T13:59:43.5384015Z Get:105 http://azure.archive.ubuntu.com/ubuntu jammy/main amd64 libdazzle-1.0-dev amd64 3.44.0-1 [121 kB]
build-desktop (ubuntu-22.04)	Install Linux Dependencies	2026-08-01T13:59:43.5860956Z Get:106 http://azure.archive.ubuntu.com/ubuntu jammy/main amd64 libhyphen0 amd64 2.8.8-7build2 [28.2 kB]
build-desktop (ubuntu-22.04)	Install Linux Dependencies	2026-08-01T13:59:43.6319118Z Get:107 http://azure.archive.ubuntu.com/ubuntu jammy-updates/main amd64 libjavascriptcoregtk-4.1-0 amd64 2.50.4-0ubuntu0.22.04.1 [9518 kB]
build-desktop (ubuntu-22.04)	Install Linux Dependencies	2026-08-01T13:59:43.8181489Z Get:108 http://azure.archive.ubuntu.com/ubuntu jammy-updates/main amd64 libjavascriptcoregtk-4.1-dev amd64 2.50.4-0ubuntu0.22.04.1 [69.7 kB]
build-desktop (ubuntu-22.04)	Install Linux Dependencies	2026-08-01T13:59:43.8641311Z Get:109 http://azure.archive.ubuntu.com/ubuntu jammy/main amd64 libjson-glib-dev amd64 1.6.6-1build1 [96.7 kB]
build-desktop (ubuntu-22.04)	Install Linux Dependencies	2026-08-01T13:59:43.9103348Z Get:110 http://azure.archive.ubuntu.com/ubuntu jammy/main amd64 libevdev2 amd64 1.12.1+dfsg-1 [39.5 kB]
build-desktop (ubuntu-22.04)	Install Linux Dependencies	2026-08-01T13:59:43.9688274Z Get:111 http://azure.archive.ubuntu.com/ubuntu jammy/main amd64 libmanette-0.2-0 amd64 0.2.6-3build1 [30.4 kB]
build-desktop (ubuntu-22.04)	Install Linux Dependencies	2026-08-01T13:59:44.0270756Z Get:112 http://azure.archive.ubuntu.com/ubuntu jammy-updates/main amd64 libnghttp2-dev amd64 1.43.0-1ubuntu0.4 [117 kB]
build-desktop (ubuntu-22.04)	Install Linux Dependencies	2026-08-01T13:59:44.0860239Z Get:113 http://azure.archive.ubuntu.com/ubuntu jammy/main amd64 libwebrtc-audio-processing1 amd64 0.3.1-0ubuntu5 [291 kB]
build-desktop (ubuntu-22.04)	Install Linux Dependencies	2026-08-01T13:59:44.1459182Z Get:114 http://azure.archive.ubuntu.com/ubuntu jammy-updates/main amd64 libspa-0.2-modules amd64 0.3.48-1ubuntu3.2 [546 kB]
build-desktop (ubuntu-22.04)	Install Linux Dependencies	2026-08-01T13:59:44.2068730Z Get:115 http://azure.archive.ubuntu.com/ubuntu jammy-updates/main amd64 libpipewire-0.3-0 amd64 0.3.48-1ubuntu3.2 [274 kB]
build-desktop (ubuntu-22.04)	Install Linux Dependencies	2026-08-01T13:59:44.2671036Z Get:116 http://azure.archive.ubuntu.com/ubuntu jammy-updates/main amd64 libpipewire-0.3-common all 0.3.48-1ubuntu3.2 [4278 B]
build-desktop (ubuntu-22.04)	Install Linux Dependencies	2026-08-01T13:59:44.3244780Z Get:117 http://azure.archive.ubuntu.com/ubuntu jammy-updates/main amd64 libpipewire-0.3-modules amd64 0.3.48-1ubuntu3.2 [525 kB]
build-desktop (ubuntu-22.04)	Install Linux Dependencies	2026-08-01T13:59:44.3860861Z Get:118 http://azure.archive.ubuntu.com/ubuntu jammy-updates/main amd64 libpolkit-gobject-1-dev amd64 0.105-33ubuntu0.1 [65.4 kB]
build-desktop (ubuntu-22.04)	Install Linux Dependencies	2026-08-01T13:59:44.4448113Z Get:119 http://azure.archive.ubuntu.com/ubuntu jammy/main amd64 libpsl-dev amd64 0.21.0-1.2build2 [77.9 kB]
build-desktop (ubuntu-22.04)	Install Linux Dependencies	2026-08-01T13:59:44.5036876Z Get:120 http://azure.archive.ubuntu.com/ubuntu jammy/universe amd64 libsysprof-4 amd64 3.44.0-1 [136 kB]
build-desktop (ubuntu-22.04)	Install Linux Dependencies	2026-08-01T13:59:44.5634276Z Get:121 http://azure.archive.ubuntu.com/ubuntu jammy/universe amd64 libsysprof-ui-4 amd64 3.44.0-1 [146 kB]
build-desktop (ubuntu-22.04)	Install Linux Dependencies	2026-08-01T13:59:44.6223187Z Get:122 http://azure.archive.ubuntu.com/ubuntu jammy/universe amd64 libsysprof-4-dev amd64 3.44.0-1 [54.7 kB]
build-desktop (ubuntu-22.04)	Install Linux Dependencies	2026-08-01T13:59:44.6818023Z Get:123 http://azure.archive.ubuntu.com/ubuntu jammy-updates/universe amd64 libsoup-3.0-dev amd64 3.0.7-0ubuntu1 [102 kB]
build-desktop (ubuntu-22.04)	Install Linux Dependencies	2026-08-01T13:59:44.7407625Z Get:124 http://azure.archive.ubuntu.com/ubuntu jammy-updates/main amd64 xdg-dbus-proxy amd64 0.1.3-1ubuntu0.1 [24.9 kB]
build-desktop (ubuntu-22.04)	Install Linux Dependencies	2026-08-01T13:59:44.7993299Z Get:125 http://azure.archive.ubuntu.com/ubuntu jammy/main amd64 libwoff1 amd64 1.0.2-1build4 [45.2 kB]
build-desktop (ubuntu-22.04)	Install Linux Dependencies	2026-08-01T13:59:44.8578210Z Get:126 http://azure.archive.ubuntu.com/ubuntu jammy-updates/universe amd64 libwebkit2gtk-4.1-0 amd64 2.50.4-0ubuntu0.22.04.1 [27.3 MB]
build-desktop (ubuntu-22.04)	Install Linux Dependencies	2026-08-01T13:59:45.1680738Z Get:127 http://azure.archive.ubuntu.com/ubuntu jammy-updates/universe amd64 libwebkit2gtk-4.1-dev amd64 2.50.4-0ubuntu0.22.04.1 [288 kB]
build-desktop (ubuntu-22.04)	Install Linux Dependencies	2026-08-01T13:59:45.2325763Z Get:128 http://azure.archive.ubuntu.com/ubuntu jammy-updates/main amd64 pipewire-bin amd64 0.3.48-1ubuntu3.2 [312 kB]
build-desktop (ubuntu-22.04)	Install Linux Dependencies	2026-08-01T13:59:45.2931520Z Get:129 http://azure.archive.ubuntu.com/ubuntu jammy-updates/main amd64 pipewire amd64 0.3.48-1ubuntu3.2 [3978 B]
build-desktop (ubuntu-22.04)	Install Linux Dependencies	2026-08-01T13:59:45.3451802Z Get:130 http://azure.archive.ubuntu.com/ubuntu jammy/main amd64 pipewire-media-session amd64 0.4.1-2ubuntu1 [128 kB]
build-desktop (ubuntu-22.04)	Install Linux Dependencies	2026-08-01T13:59:45.3976777Z Get:131 http://azure.archive.ubuntu.com/ubuntu jammy/main amd64 rtkit amd64 0.13-4build2 [35.1 kB]
build-desktop (ubuntu-22.04)	Install Linux Dependencies	2026-08-01T13:59:45.4496542Z Get:132 http://azure.archive.ubuntu.com/ubuntu jammy-updates/main amd64 xdg-desktop-portal amd64 1.14.4-1ubuntu2~22.04.2 [265 kB]
build-desktop (ubuntu-22.04)	Install Linux Dependencies	2026-08-01T13:59:45.5034104Z Get:133 http://azure.archive.ubuntu.com/ubuntu jammy/main amd64 xdg-desktop-portal-gtk amd64 1.14.0-1build1 [87.4 kB]
build-desktop (ubuntu-22.04)	Install Linux Dependencies	2026-08-01T13:59:45.9965819Z Preconfiguring packages ...
build-desktop (ubuntu-22.04)	Install Linux Dependencies	2026-08-01T13:59:46.0439796Z Fetched 59.6 MB in 9s (6884 kB/s)
build-desktop (ubuntu-22.04)	Install Linux Dependencies	2026-08-01T13:59:46.1407396Z (Reading database ... 
build-desktop (ubuntu-22.04)	Install Linux Dependencies	2026-08-01T13:59:46.1407945Z (Reading database ... 5%
build-desktop (ubuntu-22.04)	Install Linux Dependencies	2026-08-01T13:59:46.1408502Z (Reading database ... 10%
build-desktop (ubuntu-22.04)	Install Linux Dependencies	2026-08-01T13:59:46.1409174Z (Reading database ... 15%
build-desktop (ubuntu-22.04)	Install Linux Dependencies	2026-08-01T13:59:46.1409788Z (Reading database ... 20%
build-desktop (ubuntu-22.04)	Install Linux Dependencies	2026-08-01T13:59:46.1410354Z (Reading database ... 25%
build-desktop (ubuntu-22.04)	Install Linux Dependencies	2026-08-01T13:59:46.1410997Z (Reading database ... 30%
build-desktop (ubuntu-22.04)	Install Linux Dependencies	2026-08-01T13:59:46.1411328Z (Reading database ... 35%
build-desktop (ubuntu-22.04)	Install Linux Dependencies	2026-08-01T13:59:46.1411677Z (Reading database ... 40%
build-desktop (ubuntu-22.04)	Install Linux Dependencies	2026-08-01T13:59:46.1412001Z (Reading database ... 45%
build-desktop (ubuntu-22.04)	Install Linux Dependencies	2026-08-01T13:59:46.1412401Z (Reading database ... 50%
build-desktop (ubuntu-22.04)	Install Linux Dependencies	2026-08-01T13:59:46.2467011Z (Reading database ... 55%
build-desktop (ubuntu-22.04)	Install Linux Dependencies	2026-08-01T13:59:46.2914677Z (Reading database ... 60%
build-desktop (ubuntu-22.04)	Install Linux Dependencies	2026-08-01T13:59:46.4009506Z (Reading database ... 65%
build-desktop (ubuntu-22.04)	Install Linux Dependencies	2026-08-01T13:59:46.6137167Z (Reading database ... 70%
build-desktop (ubuntu-22.04)	Install Linux Dependencies	2026-08-01T13:59:46.8375282Z (Reading database ... 75%
build-desktop (ubuntu-22.04)	Install Linux Dependencies	2026-08-01T13:59:47.1592266Z (Reading database ... 80%
build-desktop (ubuntu-22.04)	Install Linux Dependencies	2026-08-01T13:59:47.4011349Z (Reading database ... 85%
build-desktop (ubuntu-22.04)	Install Linux Dependencies	2026-08-01T13:59:47.8905099Z (Reading database ... 90%
build-desktop (ubuntu-22.04)	Install Linux Dependencies	2026-08-01T13:59:48.2469836Z (Reading database ... 95%
build-desktop (ubuntu-22.04)	Install Linux Dependencies	2026-08-01T13:59:48.2470473Z (Reading database ... 100%
build-desktop (ubuntu-22.04)	Install Linux Dependencies	2026-08-01T13:59:48.2471284Z (Reading database ... 259812 files and directories currently installed.)
build-desktop (ubuntu-22.04)	Install Linux Dependencies	2026-08-01T13:59:48.2537966Z Preparing to unpack .../libssl-dev_3.0.2-0ubuntu1.26_amd64.deb ...
build-desktop (ubuntu-22.04)	Install Linux Dependencies	2026-08-01T13:59:48.2580704Z Unpacking libssl-dev:amd64 (3.0.2-0ubuntu1.26) over (3.0.2-0ubuntu1.25) ...
build-desktop (ubuntu-22.04)	Install Linux Dependencies	2026-08-01T13:59:48.5349092Z Preparing to unpack .../libssl3_3.0.2-0ubuntu1.26_amd64.deb ...
build-desktop (ubuntu-22.04)	Install Linux Dependencies	2026-08-01T13:59:48.7225779Z Unpacking libssl3:amd64 (3.0.2-0ubuntu1.26) over (3.0.2-0ubuntu1.25) ...
build-desktop (ubuntu-22.04)	Install Linux Dependencies	2026-08-01T13:59:49.1936334Z Setting up libssl3:amd64 (3.0.2-0ubuntu1.26) ...
build-desktop (ubuntu-22.04)	Install Linux Dependencies	2026-08-01T13:59:49.4569310Z Selecting previously unselected package bubblewrap.
build-desktop (ubuntu-22.04)	Install Linux Dependencies	2026-08-01T13:59:49.4607515Z (Reading database ... 
build-desktop (ubuntu-22.04)	Install Linux Dependencies	2026-08-01T13:59:49.4608204Z (Reading database ... 5%
build-desktop (ubuntu-22.04)	Install Linux Dependencies	2026-08-01T13:59:49.4608681Z (Reading database ... 10%
build-desktop (ubuntu-22.04)	Install Linux Dependencies	2026-08-01T13:59:49.4609026Z (Reading database ... 15%
build-desktop (ubuntu-22.04)	Install Linux Dependencies	2026-08-01T13:59:49.4609474Z (Reading database ... 20%
build-desktop (ubuntu-22.04)	Install Linux Dependencies	2026-08-01T13:59:49.4610054Z (Reading database ... 25%
build-desktop (ubuntu-22.04)	Install Linux Dependencies	2026-08-01T13:59:49.4610752Z (Reading database ... 30%
build-desktop (ubuntu-22.04)	Install Linux Dependencies	2026-08-01T13:59:49.4611090Z (Reading database ... 35%
build-desktop (ubuntu-22.04)	Install Linux Dependencies	2026-08-01T13:59:49.4611436Z (Reading database ... 40%
build-desktop (ubuntu-22.04)	Install Linux Dependencies	2026-08-01T13:59:49.4611776Z (Reading database ... 45%
build-desktop (ubuntu-22.04)	Install Linux Dependencies	2026-08-01T13:59:49.4612127Z (Reading database ... 50%
build-desktop (ubuntu-22.04)	Install Linux Dependencies	2026-08-01T13:59:49.4634150Z (Reading database ... 55%
build-desktop (ubuntu-22.04)	Install Linux Dependencies	2026-08-01T13:59:49.4660512Z (Reading database ... 60%
build-desktop (ubuntu-22.04)	Install Linux Dependencies	2026-08-01T13:59:49.4750919Z (Reading database ... 65%
build-desktop (ubuntu-22.04)	Install Linux Dependencies	2026-08-01T13:59:49.4780928Z (Reading database ... 70%
build-desktop (ubuntu-22.04)	Install Linux Dependencies	2026-08-01T13:59:49.4907556Z (Reading database ... 75%
build-desktop (ubuntu-22.04)	Install Linux Dependencies	2026-08-01T13:59:49.4966086Z (Reading database ... 80%
build-desktop (ubuntu-22.04)	Install Linux Dependencies	2026-08-01T13:59:49.5145436Z (Reading database ... 85%
build-desktop (ubuntu-22.04)	Install Linux Dependencies	2026-08-01T13:59:49.5348483Z (Reading database ... 90%
build-desktop (ubuntu-22.04)	Install Linux Dependencies	2026-08-01T13:59:49.5446428Z (Reading database ... 95%
build-desktop (ubuntu-22.04)	Install Linux Dependencies	2026-08-01T13:59:49.5446869Z (Reading database ... 100%
build-desktop (ubuntu-22.04)	Install Linux Dependencies	2026-08-01T13:59:49.5447635Z (Reading database ... 259812 files and directories currently installed.)
build-desktop (ubuntu-22.04)	Install Linux Dependencies	2026-08-01T13:59:49.5497045Z Preparing to unpack .../000-bubblewrap_0.6.1-1ubuntu0.1_amd64.deb ...
build-desktop (ubuntu-22.04)	Install Linux Dependencies	2026-08-01T13:59:49.5508915Z Unpacking bubblewrap (0.6.1-1ubuntu0.1) ...
build-desktop (ubuntu-22.04)	Install Linux Dependencies	2026-08-01T13:59:49.6728436Z Selecting previously unselected package gir1.2-atk-1.0:amd64.
build-desktop (ubuntu-22.04)	Install Linux Dependencies	2026-08-01T13:59:49.6884720Z Preparing to unpack .../001-gir1.2-atk-1.0_2.36.0-3build1_amd64.deb ...
build-desktop (ubuntu-22.04)	Install Linux Dependencies	2026-08-01T13:59:49.6897515Z Unpacking gir1.2-atk-1.0:amd64 (2.36.0-3build1) ...
build-desktop (ubuntu-22.04)	Install Linux Dependencies	2026-08-01T13:59:49.7303184Z Selecting previously unselected package gir1.2-harfbuzz-0.0:amd64.
build-desktop (ubuntu-22.04)	Install Linux Dependencies	2026-08-01T13:59:49.7456043Z Preparing to unpack .../002-gir1.2-harfbuzz-0.0_2.7.4-1ubuntu3.2_amd64.deb ...
build-desktop (ubuntu-22.04)	Install Linux Dependencies	2026-08-01T13:59:49.7465645Z Unpacking gir1.2-harfbuzz-0.0:amd64 (2.7.4-1ubuntu3.2) ...
build-desktop (ubuntu-22.04)	Install Linux Dependencies	2026-08-01T13:59:49.7652433Z Selecting previously unselected package libpangoxft-1.0-0:amd64.
build-desktop (ubuntu-22.04)	Install Linux Dependencies	2026-08-01T13:59:49.7806201Z Preparing to unpack .../003-libpangoxft-1.0-0_1.50.6+ds-2ubuntu1_amd64.deb ...
build-desktop (ubuntu-22.04)	Install Linux Dependencies	2026-08-01T13:59:49.7818928Z Unpacking libpangoxft-1.0-0:amd64 (1.50.6+ds-2ubuntu1) ...
build-desktop (ubuntu-22.04)	Install Linux Dependencies	2026-08-01T13:59:49.7996335Z Selecting previously unselected package gir1.2-pango-1.0:amd64.
build-desktop (ubuntu-22.04)	Install Linux Dependencies	2026-08-01T13:59:49.8146741Z Preparing to unpack .../004-gir1.2-pango-1.0_1.50.6+ds-2ubuntu1_amd64.deb ...
build-desktop (ubuntu-22.04)	Install Linux Dependencies	2026-08-01T13:59:49.8157809Z Unpacking gir1.2-pango-1.0:amd64 (1.50.6+ds-2ubuntu1) ...
build-desktop (ubuntu-22.04)	Install Linux Dependencies	2026-08-01T13:59:49.8333703Z Selecting previously unselected package gir1.2-gtk-3.0:amd64.
build-desktop (ubuntu-22.04)	Install Linux Dependencies	2026-08-01T13:59:49.8485678Z Preparing to unpack .../005-gir1.2-gtk-3.0_3.24.33-1ubuntu2.2_amd64.deb ...
build-desktop (ubuntu-22.04)	Install Linux Dependencies	2026-08-01T13:59:49.8501656Z Unpacking gir1.2-gtk-3.0:amd64 (3.24.33-1ubuntu2.2) ...
build-desktop (ubuntu-22.04)	Install Linux Dependencies	2026-08-01T13:59:49.8715192Z Selecting previously unselected package libappindicator3-1.
build-desktop (ubuntu-22.04)	Install Linux Dependencies	2026-08-01T13:59:49.8860127Z Preparing to unpack .../006-libappindicator3-1_12.10.1+20.10.20200706.1-0ubuntu1_amd64.deb ...
build-desktop (ubuntu-22.04)	Install Linux Dependencies	2026-08-01T13:59:49.8869261Z Unpacking libappindicator3-1 (12.10.1+20.10.20200706.1-0ubuntu1) ...
build-desktop (ubuntu-22.04)	Install Linux Dependencies	2026-08-01T13:59:49.9060649Z Selecting previously unselected package gir1.2-appindicator3-0.1.
build-desktop (ubuntu-22.04)	Install Linux Dependencies	2026-08-01T13:59:49.9204113Z Preparing to unpack .../007-gir1.2-appindicator3-0.1_12.10.1+20.10.20200706.1-0ubuntu1_amd64.deb ...
build-desktop (ubuntu-22.04)	Install Linux Dependencies	2026-08-01T13:59:49.9212869Z Unpacking gir1.2-appindicator3-0.1 (12.10.1+20.10.20200706.1-0ubuntu1) ...
build-desktop (ubuntu-22.04)	Install Linux Dependencies	2026-08-01T13:59:49.9376520Z Selecting previously unselected package gir1.2-atspi-2.0:amd64.
build-desktop (ubuntu-22.04)	Install Linux Dependencies	2026-08-01T13:59:49.9519316Z Preparing to unpack .../008-gir1.2-atspi-2.0_2.44.0-3_amd64.deb ...
build-desktop (ubuntu-22.04)	Install Linux Dependencies	2026-08-01T13:59:49.9529469Z Unpacking gir1.2-atspi-2.0:amd64 (2.44.0-3) ...
build-desktop (ubuntu-22.04)	Install Linux Dependencies	2026-08-01T13:59:49.9695860Z Selecting previously unselected package libdazzle-common.
build-desktop (ubuntu-22.04)	Install Linux Dependencies	2026-08-01T13:59:49.9833716Z Preparing to unpack .../009-libdazzle-common_3.44.0-1_all.deb ...
build-desktop (ubuntu-22.04)	Install Linux Dependencies	2026-08-01T13:59:49.9871903Z Unpacking libdazzle-common (3.44.0-1) ...
build-desktop (ubuntu-22.04)	Install Linux Dependencies	2026-08-01T13:59:50.0164024Z Selecting previously unselected package libdazzle-1.0-0:amd64.
build-desktop (ubuntu-22.04)	Install Linux Dependencies	2026-08-01T13:59:50.0304993Z Preparing to unpack .../010-libdazzle-1.0-0_3.44.0-1_amd64.deb ...
build-desktop (ubuntu-22.04)	Install Linux Dependencies	2026-08-01T13:59:50.0315870Z Unpacking libdazzle-1.0-0:amd64 (3.44.0-1) ...
build-desktop (ubuntu-22.04)	Install Linux Dependencies	2026-08-01T13:59:50.0532352Z Selecting previously unselected package gir1.2-dazzle-1.0:amd64.
build-desktop (ubuntu-22.04)	Install Linux Dependencies	2026-08-01T13:59:50.0671503Z Preparing to unpack .../011-gir1.2-dazzle-1.0_3.44.0-1_amd64.deb ...
build-desktop (ubuntu-22.04)	Install Linux Dependencies	2026-08-01T13:59:50.0856429Z Unpacking gir1.2-dazzle-1.0:amd64 (3.44.0-1) ...
build-desktop (ubuntu-22.04)	Install Linux Dependencies	2026-08-01T13:59:50.1031261Z Selecting previously unselected package gir1.2-dbusmenu-glib-0.4:amd64.
build-desktop (ubuntu-22.04)	Install Linux Dependencies	2026-08-01T13:59:50.1173338Z Preparing to unpack .../012-gir1.2-dbusmenu-glib-0.4_16.04.1+18.10.20180917-0ubuntu8_amd64.deb ...
build-desktop (ubuntu-22.04)	Install Linux Dependencies	2026-08-01T13:59:50.1201526Z Unpacking gir1.2-dbusmenu-glib-0.4:amd64 (16.04.1+18.10.20180917-0ubuntu8) ...
build-desktop (ubuntu-22.04)	Install Linux Dependencies	2026-08-01T13:59:50.1366836Z Selecting previously unselected package gir1.2-json-1.0:amd64.
build-desktop (ubuntu-22.04)	Install Linux Dependencies	2026-08-01T13:59:50.1508519Z Preparing to unpack .../013-gir1.2-json-1.0_1.6.6-1build1_amd64.deb ...
build-desktop (ubuntu-22.04)	Install Linux Dependencies	2026-08-01T13:59:50.1521277Z Unpacking gir1.2-json-1.0:amd64 (1.6.6-1build1) ...
build-desktop (ubuntu-22.04)	Install Linux Dependencies	2026-08-01T13:59:50.1690331Z Selecting previously unselected package gir1.2-polkit-1.0.
build-desktop (ubuntu-22.04)	Install Linux Dependencies	2026-08-01T13:59:50.1834084Z Preparing to unpack .../014-gir1.2-polkit-1.0_0.105-33ubuntu0.1_amd64.deb ...
build-desktop (ubuntu-22.04)	Install Linux Dependencies	2026-08-01T13:59:50.1977742Z Unpacking gir1.2-polkit-1.0 (0.105-33ubuntu0.1) ...
build-desktop (ubuntu-22.04)	Install Linux Dependencies	2026-08-01T13:59:50.2146052Z Selecting previously unselected package libsoup-3.0-common.
build-desktop (ubuntu-22.04)	Install Linux Dependencies	2026-08-01T13:59:50.2283765Z Preparing to unpack .../015-libsoup-3.0-common_3.0.7-0ubuntu1_all.deb ...
build-desktop (ubuntu-22.04)	Install Linux Dependencies	2026-08-01T13:59:50.2297320Z Unpacking libsoup-3.0-common (3.0.7-0ubuntu1) ...
build-desktop (ubuntu-22.04)	Install Linux Dependencies	2026-08-01T13:59:50.3789487Z Selecting previously unselected package libsoup-3.0-0:amd64.
build-desktop (ubuntu-22.04)	Install Linux Dependencies	2026-08-01T13:59:50.3953163Z Preparing to unpack .../016-libsoup-3.0-0_3.0.7-0ubuntu1_amd64.deb ...
build-desktop (ubuntu-22.04)	Install Linux Dependencies	2026-08-01T13:59:50.3965951Z Unpacking libsoup-3.0-0:amd64 (3.0.7-0ubuntu1) ...
build-desktop (ubuntu-22.04)	Install Linux Dependencies	2026-08-01T13:59:50.4164716Z Selecting previously unselected package gir1.2-soup-3.0:amd64.
build-desktop (ubuntu-22.04)	Install Linux Dependencies	2026-08-01T13:59:50.4321166Z Preparing to unpack .../017-gir1.2-soup-3.0_3.0.7-0ubuntu1_amd64.deb ...
build-desktop (ubuntu-22.04)	Install Linux Dependencies	2026-08-01T13:59:50.4330952Z Unpacking gir1.2-soup-3.0:amd64 (3.0.7-0ubuntu1) ...
build-desktop (ubuntu-22.04)	Install Linux Dependencies	2026-08-01T13:59:50.4559013Z Selecting previously unselected package libgraphene-1.0-0:amd64.
build-desktop (ubuntu-22.04)	Install Linux Dependencies	2026-08-01T13:59:50.4714988Z Preparing to unpack .../018-libgraphene-1.0-0_1.10.8-1_amd64.deb ...
build-desktop (ubuntu-22.04)	Install Linux Dependencies	2026-08-01T13:59:50.4723963Z Unpacking libgraphene-1.0-0:amd64 (1.10.8-1) ...
build-desktop (ubuntu-22.04)	Install Linux Dependencies	2026-08-01T13:59:50.4913917Z Selecting previously unselected package libegl-mesa0:amd64.
build-desktop (ubuntu-22.04)	Install Linux Dependencies	2026-08-01T13:59:50.5072688Z Preparing to unpack .../019-libegl-mesa0_23.2.1-1ubuntu3.1~22.04.4_amd64.deb ...
build-desktop (ubuntu-22.04)	Install Linux Dependencies	2026-08-01T13:59:50.5503467Z Unpacking libegl-mesa0:amd64 (23.2.1-1ubuntu3.1~22.04.4) ...
build-desktop (ubuntu-22.04)	Install Linux Dependencies	2026-08-01T13:59:50.5704362Z Selecting previously unselected package libegl1:amd64.
build-desktop (ubuntu-22.04)	Install Linux Dependencies	2026-08-01T13:59:50.5866301Z Preparing to unpack .../020-libegl1_1.4.0-1_amd64.deb ...
build-desktop (ubuntu-22.04)	Install Linux Dependencies	2026-08-01T13:59:50.6007149Z Unpacking libegl1:amd64 (1.4.0-1) ...
build-desktop (ubuntu-22.04)	Install Linux Dependencies	2026-08-01T13:59:50.6195277Z Selecting previously unselected package liborc-0.4-0:amd64.
build-desktop (ubuntu-22.04)	Install Linux Dependencies	2026-08-01T13:59:50.6354710Z Preparing to unpack .../021-liborc-0.4-0_1%3a0.4.32-2ubuntu0.1_amd64.deb ...
build-desktop (ubuntu-22.04)	Install Linux Dependencies	2026-08-01T13:59:50.6370053Z Unpacking liborc-0.4-0:amd64 (1:0.4.32-2ubuntu0.1) ...
build-desktop (ubuntu-22.04)	Install Linux Dependencies	2026-08-01T13:59:50.6943128Z Selecting previously unselected package libgstreamer-plugins-base1.0-0:amd64.
build-desktop (ubuntu-22.04)	Install Linux Dependencies	2026-08-01T13:59:50.7097921Z Preparing to unpack .../022-libgstreamer-plugins-base1.0-0_1.20.1-1ubuntu0.6_amd64.deb ...
build-desktop (ubuntu-22.04)	Install Linux Dependencies	2026-08-01T13:59:50.7110321Z Unpacking libgstreamer-plugins-base1.0-0:amd64 (1.20.1-1ubuntu0.6) ...
build-desktop (ubuntu-22.04)	Install Linux Dependencies	2026-08-01T13:59:50.7400711Z Selecting previously unselected package libgstreamer-gl1.0-0:amd64.
build-desktop (ubuntu-22.04)	Install Linux Dependencies	2026-08-01T13:59:50.7559394Z Preparing to unpack .../023-libgstreamer-gl1.0-0_1.20.1-1ubuntu0.6_amd64.deb ...
build-desktop (ubuntu-22.04)	Install Linux Dependencies	2026-08-01T13:59:50.7587025Z Unpacking libgstreamer-gl1.0-0:amd64 (1.20.1-1ubuntu0.6) ...
build-desktop (ubuntu-22.04)	Install Linux Dependencies	2026-08-01T13:59:50.7783593Z Selecting previously unselected package gstreamer1.0-gl:amd64.
build-desktop (ubuntu-22.04)	Install Linux Dependencies	2026-08-01T13:59:50.7940729Z Preparing to unpack .../024-gstreamer1.0-gl_1.20.1-1ubuntu0.6_amd64.deb ...
build-desktop (ubuntu-22.04)	Install Linux Dependencies	2026-08-01T13:59:50.8411825Z Unpacking gstreamer1.0-gl:amd64 (1.20.1-1ubuntu0.6) ...
build-desktop (ubuntu-22.04)	Install Linux Dependencies	2026-08-01T13:59:50.8701457Z Selecting previously unselected package libcdparanoia0:amd64.
build-desktop (ubuntu-22.04)	Install Linux Dependencies	2026-08-01T13:59:50.8862934Z Preparing to unpack .../025-libcdparanoia0_3.10.2+debian-14build2_amd64.deb ...
build-desktop (ubuntu-22.04)	Install Linux Dependencies	2026-08-01T13:59:50.8881869Z Unpacking libcdparanoia0:amd64 (3.10.2+debian-14build2) ...
build-desktop (ubuntu-22.04)	Install Linux Dependencies	2026-08-01T13:59:50.9089498Z Selecting previously unselected package libopus0:amd64.
build-desktop (ubuntu-22.04)	Install Linux Dependencies	2026-08-01T13:59:50.9250457Z Preparing to unpack .../026-libopus0_1.3.1-0.1build2_amd64.deb ...
build-desktop (ubuntu-22.04)	Install Linux Dependencies	2026-08-01T13:59:50.9262798Z Unpacking libopus0:amd64 (1.3.1-0.1build2) ...
build-desktop (ubuntu-22.04)	Install Linux Dependencies	2026-08-01T13:59:50.9456245Z Selecting previously unselected package libtheora0:amd64.
build-desktop (ubuntu-22.04)	Install Linux Dependencies	2026-08-01T13:59:50.9609123Z Preparing to unpack .../027-libtheora0_1.1.1+dfsg.1-15ubuntu4_amd64.deb ...
build-desktop (ubuntu-22.04)	Install Linux Dependencies	2026-08-01T13:59:50.9632134Z Unpacking libtheora0:amd64 (1.1.1+dfsg.1-15ubuntu4) ...
build-desktop (ubuntu-22.04)	Install Linux Dependencies	2026-08-01T13:59:51.0500774Z Selecting previously unselected package libvisual-0.4-0:amd64.
build-desktop (ubuntu-22.04)	Install Linux Dependencies	2026-08-01T13:59:51.0657165Z Preparing to unpack .../028-libvisual-0.4-0_0.4.0-17build2_amd64.deb ...
build-desktop (ubuntu-22.04)	Install Linux Dependencies	2026-08-01T13:59:51.0670328Z Unpacking libvisual-0.4-0:amd64 (0.4.0-17build2) ...
build-desktop (ubuntu-22.04)	Install Linux Dependencies	2026-08-01T13:59:51.0876526Z Selecting previously unselected package libvorbisenc2:amd64.
build-desktop (ubuntu-22.04)	Install Linux Dependencies	2026-08-01T13:59:51.1029823Z Preparing to unpack .../029-libvorbisenc2_1.3.7-1build2_amd64.deb ...
build-desktop (ubuntu-22.04)	Install Linux Dependencies	2026-08-01T13:59:51.1488959Z Unpacking libvorbisenc2:amd64 (1.3.7-1build2) ...
build-desktop (ubuntu-22.04)	Install Linux Dependencies	2026-08-01T13:59:51.1684017Z Selecting previously unselected package gstreamer1.0-plugins-base:amd64.
build-desktop (ubuntu-22.04)	Install Linux Dependencies	2026-08-01T13:59:51.1833267Z Preparing to unpack .../030-gstreamer1.0-plugins-base_1.20.1-1ubuntu0.6_amd64.deb ...
build-desktop (ubuntu-22.04)	Install Linux Dependencies	2026-08-01T13:59:51.1845518Z Unpacking gstreamer1.0-plugins-base:amd64 (1.20.1-1ubuntu0.6) ...
build-desktop (ubuntu-22.04)	Install Linux Dependencies	2026-08-01T13:59:51.3045355Z Selecting previously unselected package libaa1:amd64.
build-desktop (ubuntu-22.04)	Install Linux Dependencies	2026-08-01T13:59:51.3198895Z Preparing to unpack .../031-libaa1_1.4p5-50build1_amd64.deb ...
build-desktop (ubuntu-22.04)	Install Linux Dependencies	2026-08-01T13:59:51.3838469Z Unpacking libaa1:amd64 (1.4p5-50build1) ...
build-desktop (ubuntu-22.04)	Install Linux Dependencies	2026-08-01T13:59:51.4033483Z Selecting previously unselected package libraw1394-11:amd64.
build-desktop (ubuntu-22.04)	Install Linux Dependencies	2026-08-01T13:59:51.4187943Z Preparing to unpack .../032-libraw1394-11_2.1.2-2build2_amd64.deb ...
build-desktop (ubuntu-22.04)	Install Linux Dependencies	2026-08-01T13:59:51.4503212Z Unpacking libraw1394-11:amd64 (2.1.2-2build2) ...
build-desktop (ubuntu-22.04)	Install Linux Dependencies	2026-08-01T13:59:51.4729321Z Selecting previously unselected package libavc1394-0:amd64.
build-desktop (ubuntu-22.04)	Install Linux Dependencies	2026-08-01T13:59:51.4884858Z Preparing to unpack .../033-libavc1394-0_0.5.4-5build2_amd64.deb ...
build-desktop (ubuntu-22.04)	Install Linux Dependencies	2026-08-01T13:59:51.4897923Z Unpacking libavc1394-0:amd64 (0.5.4-5build2) ...
build-desktop (ubuntu-22.04)	Install Linux Dependencies	2026-08-01T13:59:51.5449008Z Selecting previously unselected package libcaca0:amd64.
build-desktop (ubuntu-22.04)	Install Linux Dependencies	2026-08-01T13:59:51.5603926Z Preparing to unpack .../034-libcaca0_0.99.beta19-2.2ubuntu4.2_amd64.deb ...
build-desktop (ubuntu-22.04)	Install Linux Dependencies	2026-08-01T13:59:51.5616824Z Unpacking libcaca0:amd64 (0.99.beta19-2.2ubuntu4.2) ...
build-desktop (ubuntu-22.04)	Install Linux Dependencies	2026-08-01T13:59:51.6331549Z Selecting previously unselected package libdv4:amd64.
build-desktop (ubuntu-22.04)	Install Linux Dependencies	2026-08-01T13:59:51.6495735Z Preparing to unpack .../035-libdv4_1.0.0-14build1_amd64.deb ...
build-desktop (ubuntu-22.04)	Install Linux Dependencies	2026-08-01T13:59:51.6504313Z Unpacking libdv4:amd64 (1.0.0-14build1) ...
build-desktop (ubuntu-22.04)	Install Linux Dependencies	2026-08-01T13:59:51.6803413Z Selecting previously unselected package libflac8:amd64.
build-desktop (ubuntu-22.04)	Install Linux Dependencies	2026-08-01T13:59:51.6956979Z Preparing to unpack .../036-libflac8_1.3.3-2ubuntu0.2_amd64.deb ...
build-desktop (ubuntu-22.04)	Install Linux Dependencies	2026-08-01T13:59:51.6970098Z Unpacking libflac8:amd64 (1.3.3-2ubuntu0.2) ...
build-desktop (ubuntu-22.04)	Install Linux Dependencies	2026-08-01T13:59:51.7153791Z Selecting previously unselected package libgstreamer-plugins-good1.0-0:amd64.
build-desktop (ubuntu-22.04)	Install Linux Dependencies	2026-08-01T13:59:51.7304698Z Preparing to unpack .../037-libgstreamer-plugins-good1.0-0_1.20.3-0ubuntu1.7_amd64.deb ...
build-desktop (ubuntu-22.04)	Install Linux Dependencies	2026-08-01T13:59:51.7318053Z Unpacking libgstreamer-plugins-good1.0-0:amd64 (1.20.3-0ubuntu1.7) ...
build-desktop (ubuntu-22.04)	Install Linux Dependencies	2026-08-01T13:59:51.7513516Z Selecting previously unselected package libiec61883-0:amd64.
build-desktop (ubuntu-22.04)	Install Linux Dependencies	2026-08-01T13:59:51.7658167Z Preparing to unpack .../038-libiec61883-0_1.2.0-4build3_amd64.deb ...
build-desktop (ubuntu-22.04)	Install Linux Dependencies	2026-08-01T13:59:51.7686599Z Unpacking libiec61883-0:amd64 (1.2.0-4build3) ...
build-desktop (ubuntu-22.04)	Install Linux Dependencies	2026-08-01T13:59:51.8533474Z Selecting previously unselected package libsamplerate0:amd64.
build-desktop (ubuntu-22.04)	Install Linux Dependencies	2026-08-01T13:59:51.8678814Z Preparing to unpack .../039-libsamplerate0_0.2.2-1build1_amd64.deb ...
build-desktop (ubuntu-22.04)	Install Linux Dependencies	2026-08-01T13:59:51.8691608Z Unpacking libsamplerate0:amd64 (0.2.2-1build1) ...
build-desktop (ubuntu-22.04)	Install Linux Dependencies	2026-08-01T13:59:51.9583723Z Selecting previously unselected package libjack-jackd2-0:amd64.
build-desktop (ubuntu-22.04)	Install Linux Dependencies	2026-08-01T13:59:51.9730578Z Preparing to unpack .../040-libjack-jackd2-0_1.9.20~dfsg-1_amd64.deb ...
build-desktop (ubuntu-22.04)	Install Linux Dependencies	2026-08-01T13:59:51.9746537Z Unpacking libjack-jackd2-0:amd64 (1.9.20~dfsg-1) ...
build-desktop (ubuntu-22.04)	Install Linux Dependencies	2026-08-01T13:59:52.1815661Z Selecting previously unselected package libmp3lame0:amd64.
build-desktop (ubuntu-22.04)	Install Linux Dependencies	2026-08-01T13:59:52.1969511Z Preparing to unpack .../041-libmp3lame0_3.100-3build2_amd64.deb ...
build-desktop (ubuntu-22.04)	Install Linux Dependencies	2026-08-01T13:59:52.1981477Z Unpacking libmp3lame0:amd64 (3.100-3build2) ...
build-desktop (ubuntu-22.04)	Install Linux Dependencies	2026-08-01T13:59:52.2171311Z Selecting previously unselected package libmpg123-0:amd64.
build-desktop (ubuntu-22.04)	Install Linux Dependencies	2026-08-01T13:59:52.2321884Z Preparing to unpack .../042-libmpg123-0_1.29.3-1ubuntu0.1_amd64.deb ...
build-desktop (ubuntu-22.04)	Install Linux Dependencies	2026-08-01T13:59:52.3813887Z Unpacking libmpg123-0:amd64 (1.29.3-1ubuntu0.1) ...
build-desktop (ubuntu-22.04)	Install Linux Dependencies	2026-08-01T13:59:52.5339862Z Selecting previously unselected package libasyncns0:amd64.
build-desktop (ubuntu-22.04)	Install Linux Dependencies	2026-08-01T13:59:52.5500124Z Preparing to unpack .../043-libasyncns0_0.8-6build2_amd64.deb ...
build-desktop (ubuntu-22.04)	Install Linux Dependencies	2026-08-01T13:59:52.5509752Z Unpacking libasyncns0:amd64 (0.8-6build2) ...
build-desktop (ubuntu-22.04)	Install Linux Dependencies	2026-08-01T13:59:52.5696332Z Selecting previously unselected package libsndfile1:amd64.
build-desktop (ubuntu-22.04)	Install Linux Dependencies	2026-08-01T13:59:52.5846741Z Preparing to unpack .../044-libsndfile1_1.0.31-2ubuntu0.2_amd64.deb ...
build-desktop (ubuntu-22.04)	Install Linux Dependencies	2026-08-01T13:59:52.5857621Z Unpacking libsndfile1:amd64 (1.0.31-2ubuntu0.2) ...
build-desktop (ubuntu-22.04)	Install Linux Dependencies	2026-08-01T13:59:52.6343973Z Selecting previously unselected package libpulse0:amd64.
build-desktop (ubuntu-22.04)	Install Linux Dependencies	2026-08-01T13:59:52.6502570Z Preparing to unpack .../045-libpulse0_1%3a15.99.1+dfsg1-1ubuntu2.2_amd64.deb ...
build-desktop (ubuntu-22.04)	Install Linux Dependencies	2026-08-01T13:59:52.6568387Z Unpacking libpulse0:amd64 (1:15.99.1+dfsg1-1ubuntu2.2) ...
build-desktop (ubuntu-22.04)	Install Linux Dependencies	2026-08-01T13:59:52.7738031Z Selecting previously unselected package libspeex1:amd64.
build-desktop (ubuntu-22.04)	Install Linux Dependencies	2026-08-01T13:59:52.7898132Z Preparing to unpack .../046-libspeex1_1.2~rc1.2-1.1ubuntu3_amd64.deb ...
build-desktop (ubuntu-22.04)	Install Linux Dependencies	2026-08-01T13:59:52.7906029Z Unpacking libspeex1:amd64 (1.2~rc1.2-1.1ubuntu3) ...
build-desktop (ubuntu-22.04)	Install Linux Dependencies	2026-08-01T13:59:52.9722103Z Selecting previously unselected package libshout3:amd64.
build-desktop (ubuntu-22.04)	Install Linux Dependencies	2026-08-01T13:59:52.9874126Z Preparing to unpack .../047-libshout3_2.4.5-1build3_amd64.deb ...
build-desktop (ubuntu-22.04)	Install Linux Dependencies	2026-08-01T13:59:52.9890133Z Unpacking libshout3:amd64 (2.4.5-1build3) ...
build-desktop (ubuntu-22.04)	Install Linux Dependencies	2026-08-01T13:59:53.3492585Z Selecting previously unselected package libtag1v5-vanilla:amd64.
build-desktop (ubuntu-22.04)	Install Linux Dependencies	2026-08-01T13:59:53.3652964Z Preparing to unpack .../048-libtag1v5-vanilla_1.11.1+dfsg.1-3ubuntu3_amd64.deb ...
build-desktop (ubuntu-22.04)	Install Linux Dependencies	2026-08-01T13:59:53.3667283Z Unpacking libtag1v5-vanilla:amd64 (1.11.1+dfsg.1-3ubuntu3) ...
build-desktop (ubuntu-22.04)	Install Linux Dependencies	2026-08-01T13:59:53.3895100Z Selecting previously unselected package libtag1v5:amd64.
build-desktop (ubuntu-22.04)	Install Linux Dependencies	2026-08-01T13:59:53.4051749Z Preparing to unpack .../049-libtag1v5_1.11.1+dfsg.1-3ubuntu3_amd64.deb ...
build-desktop (ubuntu-22.04)	Install Linux Dependencies	2026-08-01T13:59:53.4061869Z Unpacking libtag1v5:amd64 (1.11.1+dfsg.1-3ubuntu3) ...
build-desktop (ubuntu-22.04)	Install Linux Dependencies	2026-08-01T13:59:53.5816712Z Selecting previously unselected package libtwolame0:amd64.
build-desktop (ubuntu-22.04)	Install Linux Dependencies	2026-08-01T13:59:53.5967565Z Preparing to unpack .../050-libtwolame0_0.4.0-2build2_amd64.deb ...
build-desktop (ubuntu-22.04)	Install Linux Dependencies	2026-08-01T13:59:53.5982831Z Unpacking libtwolame0:amd64 (0.4.0-2build2) ...
build-desktop (ubuntu-22.04)	Install Linux Dependencies	2026-08-01T13:59:53.8138138Z Selecting previously unselected package libv4lconvert0:amd64.
build-desktop (ubuntu-22.04)	Install Linux Dependencies	2026-08-01T13:59:53.8307513Z Preparing to unpack .../051-libv4lconvert0_1.22.1-2build1_amd64.deb ...
build-desktop (ubuntu-22.04)	Install Linux Dependencies	2026-08-01T13:59:53.8334883Z Unpacking libv4lconvert0:amd64 (1.22.1-2build1) ...
build-desktop (ubuntu-22.04)	Install Linux Dependencies	2026-08-01T13:59:53.8563597Z Selecting previously unselected package libv4l-0:amd64.
build-desktop (ubuntu-22.04)	Install Linux Dependencies	2026-08-01T13:59:53.8721414Z Preparing to unpack .../052-libv4l-0_1.22.1-2build1_amd64.deb ...
build-desktop (ubuntu-22.04)	Install Linux Dependencies	2026-08-01T13:59:53.8735885Z Unpacking libv4l-0:amd64 (1.22.1-2build1) ...
build-desktop (ubuntu-22.04)	Install Linux Dependencies	2026-08-01T13:59:53.9340222Z Selecting previously unselected package libvpx7:amd64.
build-desktop (ubuntu-22.04)	Install Linux Dependencies	2026-08-01T13:59:53.9497416Z Preparing to unpack .../053-libvpx7_1.11.0-2ubuntu2.5_amd64.deb ...
build-desktop (ubuntu-22.04)	Install Linux Dependencies	2026-08-01T13:59:53.9514704Z Unpacking libvpx7:amd64 (1.11.0-2ubuntu2.5) ...
build-desktop (ubuntu-22.04)	Install Linux Dependencies	2026-08-01T13:59:54.1733499Z Selecting previously unselected package libwavpack1:amd64.
build-desktop (ubuntu-22.04)	Install Linux Dependencies	2026-08-01T13:59:54.1897168Z Preparing to unpack .../054-libwavpack1_5.4.0-1build2_amd64.deb ...
build-desktop (ubuntu-22.04)	Install Linux Dependencies	2026-08-01T13:59:54.1917623Z Unpacking libwavpack1:amd64 (5.4.0-1build2) ...
build-desktop (ubuntu-22.04)	Install Linux Dependencies	2026-08-01T13:59:54.3767993Z Selecting previously unselected package gstreamer1.0-plugins-good:amd64.
build-desktop (ubuntu-22.04)	Install Linux Dependencies	2026-08-01T13:59:54.3932122Z Preparing to unpack .../055-gstreamer1.0-plugins-good_1.20.3-0ubuntu1.7_amd64.deb ...
build-desktop (ubuntu-22.04)	Install Linux Dependencies	2026-08-01T13:59:54.3945327Z Unpacking gstreamer1.0-plugins-good:amd64 (1.20.3-0ubuntu1.7) ...
build-desktop (ubuntu-22.04)	Install Linux Dependencies	2026-08-01T13:59:54.5135542Z Selecting previously unselected package libxv1:amd64.
build-desktop (ubuntu-22.04)	Install Linux Dependencies	2026-08-01T13:59:54.5299065Z Preparing to unpack .../056-libxv1_2%3a1.0.11-1build2_amd64.deb ...
build-desktop (ubuntu-22.04)	Install Linux Dependencies	2026-08-01T13:59:54.5320420Z Unpacking libxv1:amd64 (2:1.0.11-1build2) ...
build-desktop (ubuntu-22.04)	Install Linux Dependencies	2026-08-01T13:59:54.5536714Z Selecting previously unselected package gstreamer1.0-x:amd64.
build-desktop (ubuntu-22.04)	Install Linux Dependencies	2026-08-01T13:59:54.5690584Z Preparing to unpack .../057-gstreamer1.0-x_1.20.1-1ubuntu0.6_amd64.deb ...
build-desktop (ubuntu-22.04)	Install Linux Dependencies	2026-08-01T13:59:54.5702282Z Unpacking gstreamer1.0-x:amd64 (1.20.1-1ubuntu0.6) ...
build-desktop (ubuntu-22.04)	Install Linux Dependencies	2026-08-01T13:59:54.5894765Z Selecting previously unselected package libdbus-1-dev:amd64.
build-desktop (ubuntu-22.04)	Install Linux Dependencies	2026-08-01T13:59:54.6047809Z Preparing to unpack .../058-libdbus-1-dev_1.12.20-2ubuntu4.1_amd64.deb ...
build-desktop (ubuntu-22.04)	Install Linux Dependencies	2026-08-01T13:59:54.6058888Z Unpacking libdbus-1-dev:amd64 (1.12.20-2ubuntu4.1) ...
build-desktop (ubuntu-22.04)	Install Linux Dependencies	2026-08-01T13:59:54.6365075Z Selecting previously unselected package libdbus-glib-1-dev-bin.
build-desktop (ubuntu-22.04)	Install Linux Dependencies	2026-08-01T13:59:54.6525755Z Preparing to unpack .../059-libdbus-glib-1-dev-bin_0.112-2build1_amd64.deb ...
build-desktop (ubuntu-22.04)	Install Linux Dependencies	2026-08-01T13:59:54.7536867Z Unpacking libdbus-glib-1-dev-bin (0.112-2build1) ...
build-desktop (ubuntu-22.04)	Install Linux Dependencies	2026-08-01T13:59:54.7735639Z Selecting previously unselected package libdbus-glib-1-dev:amd64.
build-desktop (ubuntu-22.04)	Install Linux Dependencies	2026-08-01T13:59:54.7887410Z Preparing to unpack .../060-libdbus-glib-1-dev_0.112-2build1_amd64.deb ...
build-desktop (ubuntu-22.04)	Install Linux Dependencies	2026-08-01T13:59:54.7901671Z Unpacking libdbus-glib-1-dev:amd64 (0.112-2build1) ...
build-desktop (ubuntu-22.04)	Install Linux Dependencies	2026-08-01T13:59:54.8494984Z Selecting previously unselected package libdbusmenu-glib-dev:amd64.
build-desktop (ubuntu-22.04)	Install Linux Dependencies	2026-08-01T13:59:54.8651675Z Preparing to unpack .../061-libdbusmenu-glib-dev_16.04.1+18.10.20180917-0ubuntu8_amd64.deb ...
build-desktop (ubuntu-22.04)	Install Linux Dependencies	2026-08-01T13:59:54.8691370Z Unpacking libdbusmenu-glib-dev:amd64 (16.04.1+18.10.20180917-0ubuntu8) ...
build-desktop (ubuntu-22.04)	Install Linux Dependencies	2026-08-01T13:59:54.9865771Z Selecting previously unselected package libatk1.0-dev:amd64.
build-desktop (ubuntu-22.04)	Install Linux Dependencies	2026-08-01T13:59:55.0022541Z Preparing to unpack .../062-libatk1.0-dev_2.36.0-3build1_amd64.deb ...
build-desktop (ubuntu-22.04)	Install Linux Dependencies	2026-08-01T13:59:55.0034685Z Unpacking libatk1.0-dev:amd64 (2.36.0-3build1) ...
build-desktop (ubuntu-22.04)	Install Linux Dependencies	2026-08-01T13:59:55.1106700Z Selecting previously unselected package libxfixes-dev:amd64.
build-desktop (ubuntu-22.04)	Install Linux Dependencies	2026-08-01T13:59:55.1263495Z Preparing to unpack .../063-libxfixes-dev_1%3a6.0.0-1_amd64.deb ...
build-desktop (ubuntu-22.04)	Install Linux Dependencies	2026-08-01T13:59:55.1284119Z Unpacking libxfixes-dev:amd64 (1:6.0.0-1) ...
build-desktop (ubuntu-22.04)	Install Linux Dependencies	2026-08-01T13:59:55.2029131Z Selecting previously unselected package libxi-dev:amd64.
build-desktop (ubuntu-22.04)	Install Linux Dependencies	2026-08-01T13:59:55.2190772Z Preparing to unpack .../064-libxi-dev_2%3a1.8-1build1_amd64.deb ...
build-desktop (ubuntu-22.04)	Install Linux Dependencies	2026-08-01T13:59:55.2203245Z Unpacking libxi-dev:amd64 (2:1.8-1build1) ...
build-desktop (ubuntu-22.04)	Install Linux Dependencies	2026-08-01T13:59:55.3348037Z Selecting previously unselected package libxtst-dev:amd64.
build-desktop (ubuntu-22.04)	Install Linux Dependencies	2026-08-01T13:59:55.3505857Z Preparing to unpack .../065-libxtst-dev_2%3a1.2.3-1build4_amd64.deb ...
build-desktop (ubuntu-22.04)	Install Linux Dependencies	2026-08-01T13:59:55.3517128Z Unpacking libxtst-dev:amd64 (2:1.2.3-1build4) ...
build-desktop (ubuntu-22.04)	Install Linux Dependencies	2026-08-01T13:59:55.4414481Z Selecting previously unselected package libatspi2.0-dev:amd64.
build-desktop (ubuntu-22.04)	Install Linux Dependencies	2026-08-01T13:59:55.4570510Z Preparing to unpack .../066-libatspi2.0-dev_2.44.0-3_amd64.deb ...
build-desktop (ubuntu-22.04)	Install Linux Dependencies	2026-08-01T13:59:55.4584207Z Unpacking libatspi2.0-dev:amd64 (2.44.0-3) ...
build-desktop (ubuntu-22.04)	Install Linux Dependencies	2026-08-01T13:59:55.5445870Z Selecting previously unselected package libatk-bridge2.0-dev:amd64.
build-desktop (ubuntu-22.04)	Install Linux Dependencies	2026-08-01T13:59:55.5595765Z Preparing to unpack .../067-libatk-bridge2.0-dev_2.38.0-3_amd64.deb ...
build-desktop (ubuntu-22.04)	Install Linux Dependencies	2026-08-01T13:59:55.5608405Z Unpacking libatk-bridge2.0-dev:amd64 (2.38.0-3) ...
build-desktop (ubuntu-22.04)	Install Linux Dependencies	2026-08-01T13:59:55.5784144Z Selecting previously unselected package libglx-dev:amd64.
build-desktop (ubuntu-22.04)	Install Linux Dependencies	2026-08-01T13:59:55.5934055Z Preparing to unpack .../068-libglx-dev_1.4.0-1_amd64.deb ...
build-desktop (ubuntu-22.04)	Install Linux Dependencies	2026-08-01T13:59:55.5976546Z Unpacking libglx-dev:amd64 (1.4.0-1) ...
build-desktop (ubuntu-22.04)	Install Linux Dependencies	2026-08-01T13:59:55.6192834Z Selecting previously unselected package libgl-dev:amd64.
build-desktop (ubuntu-22.04)	Install Linux Dependencies	2026-08-01T13:59:55.6331635Z Preparing to unpack .../069-libgl-dev_1.4.0-1_amd64.deb ...
build-desktop (ubuntu-22.04)	Install Linux Dependencies	2026-08-01T13:59:55.6344173Z Unpacking libgl-dev:amd64 (1.4.0-1) ...
build-desktop (ubuntu-22.04)	Install Linux Dependencies	2026-08-01T13:59:55.6555246Z Selecting previously unselected package libegl-dev:amd64.
build-desktop (ubuntu-22.04)	Install Linux Dependencies	2026-08-01T13:59:55.6686777Z Preparing to unpack .../070-libegl-dev_1.4.0-1_amd64.deb ...
build-desktop (ubuntu-22.04)	Install Linux Dependencies	2026-08-01T13:59:55.6696048Z Unpacking libegl-dev:amd64 (1.4.0-1) ...
build-desktop (ubuntu-22.04)	Install Linux Dependencies	2026-08-01T13:59:55.6893390Z Selecting previously unselected package libglvnd-core-dev:amd64.
build-desktop (ubuntu-22.04)	Install Linux Dependencies	2026-08-01T13:59:55.7028379Z Preparing to unpack .../071-libglvnd-core-dev_1.4.0-1_amd64.deb ...
build-desktop (ubuntu-22.04)	Install Linux Dependencies	2026-08-01T13:59:55.7039728Z Unpacking libglvnd-core-dev:amd64 (1.4.0-1) ...
build-desktop (ubuntu-22.04)	Install Linux Dependencies	2026-08-01T13:59:55.7296320Z Selecting previously unselected package libgles1:amd64.
build-desktop (ubuntu-22.04)	Install Linux Dependencies	2026-08-01T13:59:55.7429389Z Preparing to unpack .../072-libgles1_1.4.0-1_amd64.deb ...
build-desktop (ubuntu-22.04)	Install Linux Dependencies	2026-08-01T13:59:55.7439879Z Unpacking libgles1:amd64 (1.4.0-1) ...
build-desktop (ubuntu-22.04)	Install Linux Dependencies	2026-08-01T13:59:55.7701810Z Selecting previously unselected package libgles2:amd64.
build-desktop (ubuntu-22.04)	Install Linux Dependencies	2026-08-01T13:59:55.7836580Z Preparing to unpack .../073-libgles2_1.4.0-1_amd64.deb ...
build-desktop (ubuntu-22.04)	Install Linux Dependencies	2026-08-01T13:59:55.7848597Z Unpacking libgles2:amd64 (1.4.0-1) ...
build-desktop (ubuntu-22.04)	Install Linux Dependencies	2026-08-01T13:59:55.8023136Z Selecting previously unselected package libgles-dev:amd64.
build-desktop (ubuntu-22.04)	Install Linux Dependencies	2026-08-01T13:59:55.8159864Z Preparing to unpack .../074-libgles-dev_1.4.0-1_amd64.deb ...
build-desktop (ubuntu-22.04)	Install Linux Dependencies	2026-08-01T13:59:55.8173513Z Unpacking libgles-dev:amd64 (1.4.0-1) ...
build-desktop (ubuntu-22.04)	Install Linux Dependencies	2026-08-01T13:59:55.8490314Z Selecting previously unselected package libopengl0:amd64.
build-desktop (ubuntu-22.04)	Install Linux Dependencies	2026-08-01T13:59:55.8628903Z Preparing to unpack .../075-libopengl0_1.4.0-1_amd64.deb ...
build-desktop (ubuntu-22.04)	Install Linux Dependencies	2026-08-01T13:59:55.8645522Z Unpacking libopengl0:amd64 (1.4.0-1) ...
build-desktop (ubuntu-22.04)	Install Linux Dependencies	2026-08-01T13:59:55.8833672Z Selecting previously unselected package libopengl-dev:amd64.
build-desktop (ubuntu-22.04)	Install Linux Dependencies	2026-08-01T13:59:55.8970412Z Preparing to unpack .../076-libopengl-dev_1.4.0-1_amd64.deb ...
build-desktop (ubuntu-22.04)	Install Linux Dependencies	2026-08-01T13:59:55.8982984Z Unpacking libopengl-dev:amd64 (1.4.0-1) ...
build-desktop (ubuntu-22.04)	Install Linux Dependencies	2026-08-01T13:59:55.9310049Z Selecting previously unselected package libglvnd-dev:amd64.
build-desktop (ubuntu-22.04)	Install Linux Dependencies	2026-08-01T13:59:55.9441808Z Preparing to unpack .../077-libglvnd-dev_1.4.0-1_amd64.deb ...
build-desktop (ubuntu-22.04)	Install Linux Dependencies	2026-08-01T13:59:55.9456435Z Unpacking libglvnd-dev:amd64 (1.4.0-1) ...
build-desktop (ubuntu-22.04)	Install Linux Dependencies	2026-08-01T13:59:56.1121156Z Selecting previously unselected package libegl1-mesa-dev:amd64.
build-desktop (ubuntu-22.04)	Install Linux Dependencies	2026-08-01T13:59:56.1279477Z Preparing to unpack .../078-libegl1-mesa-dev_23.2.1-1ubuntu3.1~22.04.4_amd64.deb ...
build-desktop (ubuntu-22.04)	Install Linux Dependencies	2026-08-01T13:59:56.1596958Z Unpacking libegl1-mesa-dev:amd64 (23.2.1-1ubuntu3.1~22.04.4) ...
build-desktop (ubuntu-22.04)	Install Linux Dependencies	2026-08-01T13:59:56.3981247Z Selecting previously unselected package libepoxy-dev:amd64.
build-desktop (ubuntu-22.04)	Install Linux Dependencies	2026-08-01T13:59:56.4143334Z Preparing to unpack .../079-libepoxy-dev_1.5.10-1_amd64.deb ...
build-desktop (ubuntu-22.04)	Install Linux Dependencies	2026-08-01T13:59:56.4174431Z Unpacking libepoxy-dev:amd64 (1.5.10-1) ...
build-desktop (ubuntu-22.04)	Install Linux Dependencies	2026-08-01T13:59:56.4402193Z Selecting previously unselected package libfribidi-dev:amd64.
build-desktop (ubuntu-22.04)	Install Linux Dependencies	2026-08-01T13:59:56.4559447Z Preparing to unpack .../080-libfribidi-dev_1.0.8-2ubuntu3.1_amd64.deb ...
build-desktop (ubuntu-22.04)	Install Linux Dependencies	2026-08-01T13:59:56.4571678Z Unpacking libfribidi-dev:amd64 (1.0.8-2ubuntu3.1) ...
build-desktop (ubuntu-22.04)	Install Linux Dependencies	2026-08-01T13:59:56.4822793Z Selecting previously unselected package libharfbuzz-icu0:amd64.
build-desktop (ubuntu-22.04)	Install Linux Dependencies	2026-08-01T13:59:56.4970245Z Preparing to unpack .../081-libharfbuzz-icu0_2.7.4-1ubuntu3.2_amd64.deb ...
build-desktop (ubuntu-22.04)	Install Linux Dependencies	2026-08-01T13:59:56.4990471Z Unpacking libharfbuzz-icu0:amd64 (2.7.4-1ubuntu3.2) ...
build-desktop (ubuntu-22.04)	Install Linux Dependencies	2026-08-01T13:59:56.5975403Z Selecting previously unselected package libharfbuzz-gobject0:amd64.
build-desktop (ubuntu-22.04)	Install Linux Dependencies	2026-08-01T13:59:56.6131747Z Preparing to unpack .../082-libharfbuzz-gobject0_2.7.4-1ubuntu3.2_amd64.deb ...
build-desktop (ubuntu-22.04)	Install Linux Dependencies	2026-08-01T13:59:56.8322251Z Unpacking libharfbuzz-gobject0:amd64 (2.7.4-1ubuntu3.2) ...
build-desktop (ubuntu-22.04)	Install Linux Dependencies	2026-08-01T13:59:56.8940728Z Selecting previously unselected package libgraphite2-dev:amd64.
build-desktop (ubuntu-22.04)	Install Linux Dependencies	2026-08-01T13:59:56.9104330Z Preparing to unpack .../083-libgraphite2-dev_1.3.14-1ubuntu0.1_amd64.deb ...
build-desktop (ubuntu-22.04)	Install Linux Dependencies	2026-08-01T13:59:56.9917224Z Unpacking libgraphite2-dev:amd64 (1.3.14-1ubuntu0.1) ...
build-desktop (ubuntu-22.04)	Install Linux Dependencies	2026-08-01T13:59:57.0174331Z Selecting previously unselected package libharfbuzz-dev:amd64.
build-desktop (ubuntu-22.04)	Install Linux Dependencies	2026-08-01T13:59:57.0337376Z Preparing to unpack .../084-libharfbuzz-dev_2.7.4-1ubuntu3.2_amd64.deb ...
build-desktop (ubuntu-22.04)	Install Linux Dependencies	2026-08-01T13:59:57.0430190Z Unpacking libharfbuzz-dev:amd64 (2.7.4-1ubuntu3.2) ...
build-desktop (ubuntu-22.04)	Install Linux Dependencies	2026-08-01T13:59:57.3367851Z Selecting previously unselected package libdatrie-dev:amd64.
build-desktop (ubuntu-22.04)	Install Linux Dependencies	2026-08-01T13:59:57.3528539Z Preparing to unpack .../085-libdatrie-dev_0.2.13-2_amd64.deb ...
build-desktop (ubuntu-22.04)	Install Linux Dependencies	2026-08-01T13:59:57.5669041Z Unpacking libdatrie-dev:amd64 (0.2.13-2) ...
build-desktop (ubuntu-22.04)	Install Linux Dependencies	2026-08-01T13:59:57.6118609Z Selecting previously unselected package libthai-dev:amd64.
build-desktop (ubuntu-22.04)	Install Linux Dependencies	2026-08-01T13:59:57.6284487Z Preparing to unpack .../086-libthai-dev_0.1.29-1build1_amd64.deb ...
build-desktop (ubuntu-22.04)	Install Linux Dependencies	2026-08-01T13:59:57.6427954Z Unpacking libthai-dev:amd64 (0.1.29-1build1) ...
build-desktop (ubuntu-22.04)	Install Linux Dependencies	2026-08-01T13:59:57.6753490Z Selecting previously unselected package libxft-dev:amd64.
build-desktop (ubuntu-22.04)	Install Linux Dependencies	2026-08-01T13:59:57.6911114Z Preparing to unpack .../087-libxft-dev_2.3.4-1_amd64.deb ...
build-desktop (ubuntu-22.04)	Install Linux Dependencies	2026-08-01T13:59:57.6924919Z Unpacking libxft-dev:amd64 (2.3.4-1) ...
build-desktop (ubuntu-22.04)	Install Linux Dependencies	2026-08-01T13:59:57.7187720Z Selecting previously unselected package pango1.0-tools.
build-desktop (ubuntu-22.04)	Install Linux Dependencies	2026-08-01T13:59:57.7346996Z Preparing to unpack .../088-pango1.0-tools_1.50.6+ds-2ubuntu1_amd64.deb ...
build-desktop (ubuntu-22.04)	Install Linux Dependencies	2026-08-01T13:59:57.7663206Z Unpacking pango1.0-tools (1.50.6+ds-2ubuntu1) ...
build-desktop (ubuntu-22.04)	Install Linux Dependencies	2026-08-01T13:59:57.8633701Z Selecting previously unselected package libpango1.0-dev:amd64.
build-desktop (ubuntu-22.04)	Install Linux Dependencies	2026-08-01T13:59:57.8794921Z Preparing to unpack .../089-libpango1.0-dev_1.50.6+ds-2ubuntu1_amd64.deb ...
build-desktop (ubuntu-22.04)	Install Linux Dependencies	2026-08-01T13:59:57.9070153Z Unpacking libpango1.0-dev:amd64 (1.50.6+ds-2ubuntu1) ...
build-desktop (ubuntu-22.04)	Install Linux Dependencies	2026-08-01T13:59:57.9764713Z Selecting previously unselected package libwayland-bin.
build-desktop (ubuntu-22.04)	Install Linux Dependencies	2026-08-01T13:59:57.9927579Z Preparing to unpack .../090-libwayland-bin_1.20.0-1ubuntu0.1_amd64.deb ...
build-desktop (ubuntu-22.04)	Install Linux Dependencies	2026-08-01T13:59:57.9964355Z Unpacking libwayland-bin (1.20.0-1ubuntu0.1) ...
build-desktop (ubuntu-22.04)	Install Linux Dependencies	2026-08-01T13:59:58.0260070Z Selecting previously unselected package libwayland-dev:amd64.
build-desktop (ubuntu-22.04)	Install Linux Dependencies	2026-08-01T13:59:58.0423148Z Preparing to unpack .../091-libwayland-dev_1.20.0-1ubuntu0.1_amd64.deb ...
build-desktop (ubuntu-22.04)	Install Linux Dependencies	2026-08-01T13:59:58.0436655Z Unpacking libwayland-dev:amd64 (1.20.0-1ubuntu0.1) ...
build-desktop (ubuntu-22.04)	Install Linux Dependencies	2026-08-01T13:59:58.1012932Z Selecting previously unselected package libxcomposite-dev:amd64.
build-desktop (ubuntu-22.04)	Install Linux Dependencies	2026-08-01T13:59:58.1176434Z Preparing to unpack .../092-libxcomposite-dev_1%3a0.4.5-1build2_amd64.deb ...
build-desktop (ubuntu-22.04)	Install Linux Dependencies	2026-08-01T13:59:58.1341401Z Unpacking libxcomposite-dev:amd64 (1:0.4.5-1build2) ...
build-desktop (ubuntu-22.04)	Install Linux Dependencies	2026-08-01T13:59:58.1557004Z Selecting previously unselected package libxcursor-dev:amd64.
build-desktop (ubuntu-22.04)	Install Linux Dependencies	2026-08-01T13:59:58.1725148Z Preparing to unpack .../093-libxcursor-dev_1%3a1.2.0-2build4_amd64.deb ...
build-desktop (ubuntu-22.04)	Install Linux Dependencies	2026-08-01T13:59:58.1738301Z Unpacking libxcursor-dev:amd64 (1:1.2.0-2build4) ...
build-desktop (ubuntu-22.04)	Install Linux Dependencies	2026-08-01T13:59:58.1994716Z Selecting previously unselected package libxdamage-dev:amd64.
build-desktop (ubuntu-22.04)	Install Linux Dependencies	2026-08-01T13:59:58.2149956Z Preparing to unpack .../094-libxdamage-dev_1%3a1.1.5-2build2_amd64.deb ...
build-desktop (ubuntu-22.04)	Install Linux Dependencies	2026-08-01T13:59:58.2239278Z Unpacking libxdamage-dev:amd64 (1:1.1.5-2build2) ...
build-desktop (ubuntu-22.04)	Install Linux Dependencies	2026-08-01T13:59:58.5036035Z Selecting previously unselected package libxinerama-dev:amd64.
build-desktop (ubuntu-22.04)	Install Linux Dependencies	2026-08-01T13:59:58.5196175Z Preparing to unpack .../095-libxinerama-dev_2%3a1.1.4-3_amd64.deb ...
build-desktop (ubuntu-22.04)	Install Linux Dependencies	2026-08-01T13:59:58.6532556Z Unpacking libxinerama-dev:amd64 (2:1.1.4-3) ...
build-desktop (ubuntu-22.04)	Install Linux Dependencies	2026-08-01T13:59:58.9077292Z Selecting previously unselected package libxkbcommon-dev:amd64.
build-desktop (ubuntu-22.04)	Install Linux Dependencies	2026-08-01T13:59:58.9246140Z Preparing to unpack .../096-libxkbcommon-dev_1.4.0-1_amd64.deb ...
build-desktop (ubuntu-22.04)	Install Linux Dependencies	2026-08-01T13:59:58.9991173Z Unpacking libxkbcommon-dev:amd64 (1.4.0-1) ...
build-desktop (ubuntu-22.04)	Install Linux Dependencies	2026-08-01T13:59:59.2985836Z Selecting previously unselected package libxrandr-dev:amd64.
build-desktop (ubuntu-22.04)	Install Linux Dependencies	2026-08-01T13:59:59.3149363Z Preparing to unpack .../097-libxrandr-dev_2%3a1.5.2-1build1_amd64.deb ...
build-desktop (ubuntu-22.04)	Install Linux Dependencies	2026-08-01T13:59:59.3349345Z Unpacking libxrandr-dev:amd64 (2:1.5.2-1build1) ...
build-desktop (ubuntu-22.04)	Install Linux Dependencies	2026-08-01T14:00:00.2549513Z Selecting previously unselected package wayland-protocols.
build-desktop (ubuntu-22.04)	Install Linux Dependencies	2026-08-01T14:00:00.2714310Z Preparing to unpack .../098-wayland-protocols_1.25-1_all.deb ...
build-desktop (ubuntu-22.04)	Install Linux Dependencies	2026-08-01T14:00:00.2728213Z Unpacking wayland-protocols (1.25-1) ...
build-desktop (ubuntu-22.04)	Install Linux Dependencies	2026-08-01T14:00:00.4987665Z Selecting previously unselected package libgtk-3-dev:amd64.
build-desktop (ubuntu-22.04)	Install Linux Dependencies	2026-08-01T14:00:00.5149908Z Preparing to unpack .../099-libgtk-3-dev_3.24.33-1ubuntu2.2_amd64.deb ...
build-desktop (ubuntu-22.04)	Install Linux Dependencies	2026-08-01T14:00:00.5163901Z Unpacking libgtk-3-dev:amd64 (3.24.33-1ubuntu2.2) ...
build-desktop (ubuntu-22.04)	Install Linux Dependencies	2026-08-01T14:00:01.4295606Z Selecting previously unselected package libappindicator3-dev.
build-desktop (ubuntu-22.04)	Install Linux Dependencies	2026-08-01T14:00:01.4459680Z Preparing to unpack .../100-libappindicator3-dev_12.10.1+20.10.20200706.1-0ubuntu1_amd64.deb ...
build-desktop (ubuntu-22.04)	Install Linux Dependencies	2026-08-01T14:00:01.4471818Z Unpacking libappindicator3-dev (12.10.1+20.10.20200706.1-0ubuntu1) ...
build-desktop (ubuntu-22.04)	Install Linux Dependencies	2026-08-01T14:00:01.7141025Z Selecting previously unselected package libdazzle-1.0-dev:amd64.
build-desktop (ubuntu-22.04)	Install Linux Dependencies	2026-08-01T14:00:01.7309272Z Preparing to unpack .../101-libdazzle-1.0-dev_3.44.0-1_amd64.deb ...
build-desktop (ubuntu-22.04)	Install Linux Dependencies	2026-08-01T14:00:01.8387567Z Unpacking libdazzle-1.0-dev:amd64 (3.44.0-1) ...
build-desktop (ubuntu-22.04)	Install Linux Dependencies	2026-08-01T14:00:03.5565814Z Selecting previously unselected package libhyphen0:amd64.
build-desktop (ubuntu-22.04)	Install Linux Dependencies	2026-08-01T14:00:03.5726522Z Preparing to unpack .../102-libhyphen0_2.8.8-7build2_amd64.deb ...
build-desktop (ubuntu-22.04)	Install Linux Dependencies	2026-08-01T14:00:03.5742082Z Unpacking libhyphen0:amd64 (2.8.8-7build2) ...
build-desktop (ubuntu-22.04)	Install Linux Dependencies	2026-08-01T14:00:03.6928330Z Selecting previously unselected package libjavascriptcoregtk-4.1-0:amd64.
build-desktop (ubuntu-22.04)	Install Linux Dependencies	2026-08-01T14:00:03.7090560Z Preparing to unpack .../103-libjavascriptcoregtk-4.1-0_2.50.4-0ubuntu0.22.04.1_amd64.deb ...
build-desktop (ubuntu-22.04)	Install Linux Dependencies	2026-08-01T14:00:03.7100240Z Unpacking libjavascriptcoregtk-4.1-0:amd64 (2.50.4-0ubuntu0.22.04.1) ...
build-desktop (ubuntu-22.04)	Install Linux Dependencies	2026-08-01T14:00:04.3661018Z Selecting previously unselected package libjavascriptcoregtk-4.1-dev:amd64.
build-desktop (ubuntu-22.04)	Install Linux Dependencies	2026-08-01T14:00:04.3820880Z Preparing to unpack .../104-libjavascriptcoregtk-4.1-dev_2.50.4-0ubuntu0.22.04.1_amd64.deb ...
build-desktop (ubuntu-22.04)	Install Linux Dependencies	2026-08-01T14:00:04.3832483Z Unpacking libjavascriptcoregtk-4.1-dev:amd64 (2.50.4-0ubuntu0.22.04.1) ...
build-desktop (ubuntu-22.04)	Install Linux Dependencies	2026-08-01T14:00:04.6583133Z Selecting previously unselected package libjson-glib-dev:amd64.
build-desktop (ubuntu-22.04)	Install Linux Dependencies	2026-08-01T14:00:04.6748356Z Preparing to unpack .../105-libjson-glib-dev_1.6.6-1build1_amd64.deb ...
build-desktop (ubuntu-22.04)	Install Linux Dependencies	2026-08-01T14:00:04.6758847Z Unpacking libjson-glib-dev:amd64 (1.6.6-1build1) ...
build-desktop (ubuntu-22.04)	Install Linux Dependencies	2026-08-01T14:00:04.7107338Z Selecting previously unselected package libevdev2:amd64.
build-desktop (ubuntu-22.04)	Install Linux Dependencies	2026-08-01T14:00:04.7268241Z Preparing to unpack .../106-libevdev2_1.12.1+dfsg-1_amd64.deb ...
build-desktop (ubuntu-22.04)	Install Linux Dependencies	2026-08-01T14:00:04.7281606Z Unpacking libevdev2:amd64 (1.12.1+dfsg-1) ...
build-desktop (ubuntu-22.04)	Install Linux Dependencies	2026-08-01T14:00:04.7905249Z Selecting previously unselected package libmanette-0.2-0:amd64.
build-desktop (ubuntu-22.04)	Install Linux Dependencies	2026-08-01T14:00:04.8073067Z Preparing to unpack .../107-libmanette-0.2-0_0.2.6-3build1_amd64.deb ...
build-desktop (ubuntu-22.04)	Install Linux Dependencies	2026-08-01T14:00:04.8183884Z Unpacking libmanette-0.2-0:amd64 (0.2.6-3build1) ...
build-desktop (ubuntu-22.04)	Install Linux Dependencies	2026-08-01T14:00:04.8395066Z Selecting previously unselected package libnghttp2-dev.
build-desktop (ubuntu-22.04)	Install Linux Dependencies	2026-08-01T14:00:04.8553253Z Preparing to unpack .../108-libnghttp2-dev_1.43.0-1ubuntu0.4_amd64.deb ...
build-desktop (ubuntu-22.04)	Install Linux Dependencies	2026-08-01T14:00:05.0294874Z Unpacking libnghttp2-dev (1.43.0-1ubuntu0.4) ...
build-desktop (ubuntu-22.04)	Install Linux Dependencies	2026-08-01T14:00:05.1319293Z Selecting previously unselected package libwebrtc-audio-processing1:amd64.
build-desktop (ubuntu-22.04)	Install Linux Dependencies	2026-08-01T14:00:05.1486899Z Preparing to unpack .../109-libwebrtc-audio-processing1_0.3.1-0ubuntu5_amd64.deb ...
build-desktop (ubuntu-22.04)	Install Linux Dependencies	2026-08-01T14:00:05.1499123Z Unpacking libwebrtc-audio-processing1:amd64 (0.3.1-0ubuntu5) ...
build-desktop (ubuntu-22.04)	Install Linux Dependencies	2026-08-01T14:00:05.2598950Z Selecting previously unselected package libspa-0.2-modules:amd64.
build-desktop (ubuntu-22.04)	Install Linux Dependencies	2026-08-01T14:00:05.2758604Z Preparing to unpack .../110-libspa-0.2-modules_0.3.48-1ubuntu3.2_amd64.deb ...
build-desktop (ubuntu-22.04)	Install Linux Dependencies	2026-08-01T14:00:05.3150655Z Unpacking libspa-0.2-modules:amd64 (0.3.48-1ubuntu3.2) ...
build-desktop (ubuntu-22.04)	Install Linux Dependencies	2026-08-01T14:00:05.8457136Z Selecting previously unselected package libpipewire-0.3-0:amd64.
build-desktop (ubuntu-22.04)	Install Linux Dependencies	2026-08-01T14:00:05.8622251Z Preparing to unpack .../111-libpipewire-0.3-0_0.3.48-1ubuntu3.2_amd64.deb ...
build-desktop (ubuntu-22.04)	Install Linux Dependencies	2026-08-01T14:00:05.8725498Z Unpacking libpipewire-0.3-0:amd64 (0.3.48-1ubuntu3.2) ...
build-desktop (ubuntu-22.04)	Install Linux Dependencies	2026-08-01T14:00:06.0109062Z Selecting previously unselected package libpipewire-0.3-common.
build-desktop (ubuntu-22.04)	Install Linux Dependencies	2026-08-01T14:00:06.0265740Z Preparing to unpack .../112-libpipewire-0.3-common_0.3.48-1ubuntu3.2_all.deb ...
build-desktop (ubuntu-22.04)	Install Linux Dependencies	2026-08-01T14:00:06.0278400Z Unpacking libpipewire-0.3-common (0.3.48-1ubuntu3.2) ...
build-desktop (ubuntu-22.04)	Install Linux Dependencies	2026-08-01T14:00:06.0466886Z Selecting previously unselected package libpipewire-0.3-modules:amd64.
build-desktop (ubuntu-22.04)	Install Linux Dependencies	2026-08-01T14:00:06.0619427Z Preparing to unpack .../113-libpipewire-0.3-modules_0.3.48-1ubuntu3.2_amd64.deb ...
build-desktop (ubuntu-22.04)	Install Linux Dependencies	2026-08-01T14:00:06.1985914Z Unpacking libpipewire-0.3-modules:amd64 (0.3.48-1ubuntu3.2) ...
build-desktop (ubuntu-22.04)	Install Linux Dependencies	2026-08-01T14:00:06.2952876Z Selecting previously unselected package libpolkit-gobject-1-dev.
build-desktop (ubuntu-22.04)	Install Linux Dependencies	2026-08-01T14:00:06.3118575Z Preparing to unpack .../114-libpolkit-gobject-1-dev_0.105-33ubuntu0.1_amd64.deb ...
build-desktop (ubuntu-22.04)	Install Linux Dependencies	2026-08-01T14:00:06.3130709Z Unpacking libpolkit-gobject-1-dev (0.105-33ubuntu0.1) ...
build-desktop (ubuntu-22.04)	Install Linux Dependencies	2026-08-01T14:00:06.4750716Z Selecting previously unselected package libpsl-dev:amd64.
build-desktop (ubuntu-22.04)	Install Linux Dependencies	2026-08-01T14:00:06.4910845Z Preparing to unpack .../115-libpsl-dev_0.21.0-1.2build2_amd64.deb ...
build-desktop (ubuntu-22.04)	Install Linux Dependencies	2026-08-01T14:00:06.4922985Z Unpacking libpsl-dev:amd64 (0.21.0-1.2build2) ...
build-desktop (ubuntu-22.04)	Install Linux Dependencies	2026-08-01T14:00:06.5146718Z Selecting previously unselected package libsysprof-4:amd64.
build-desktop (ubuntu-22.04)	Install Linux Dependencies	2026-08-01T14:00:06.5309508Z Preparing to unpack .../116-libsysprof-4_3.44.0-1_amd64.deb ...
build-desktop (ubuntu-22.04)	Install Linux Dependencies	2026-08-01T14:00:06.5320467Z Unpacking libsysprof-4:amd64 (3.44.0-1) ...
build-desktop (ubuntu-22.04)	Install Linux Dependencies	2026-08-01T14:00:06.6925983Z Selecting previously unselected package libsysprof-ui-4:amd64.
build-desktop (ubuntu-22.04)	Install Linux Dependencies	2026-08-01T14:00:06.7087677Z Preparing to unpack .../117-libsysprof-ui-4_3.44.0-1_amd64.deb ...
build-desktop (ubuntu-22.04)	Install Linux Dependencies	2026-08-01T14:00:06.7098655Z Unpacking libsysprof-ui-4:amd64 (3.44.0-1) ...
build-desktop (ubuntu-22.04)	Install Linux Dependencies	2026-08-01T14:00:06.7616748Z Selecting previously unselected package libsysprof-4-dev:amd64.
build-desktop (ubuntu-22.04)	Install Linux Dependencies	2026-08-01T14:00:06.7779711Z Preparing to unpack .../118-libsysprof-4-dev_3.44.0-1_amd64.deb ...
build-desktop (ubuntu-22.04)	Install Linux Dependencies	2026-08-01T14:00:06.8174056Z Unpacking libsysprof-4-dev:amd64 (3.44.0-1) ...
build-desktop (ubuntu-22.04)	Install Linux Dependencies	2026-08-01T14:00:07.2530240Z Selecting previously unselected package libsoup-3.0-dev:amd64.
build-desktop (ubuntu-22.04)	Install Linux Dependencies	2026-08-01T14:00:07.2700890Z Preparing to unpack .../119-libsoup-3.0-dev_3.0.7-0ubuntu1_amd64.deb ...
build-desktop (ubuntu-22.04)	Install Linux Dependencies	2026-08-01T14:00:07.2819365Z Unpacking libsoup-3.0-dev:amd64 (3.0.7-0ubuntu1) ...
build-desktop (ubuntu-22.04)	Install Linux Dependencies	2026-08-01T14:00:07.7425103Z Selecting previously unselected package xdg-dbus-proxy.
build-desktop (ubuntu-22.04)	Install Linux Dependencies	2026-08-01T14:00:07.7583339Z Preparing to unpack .../120-xdg-dbus-proxy_0.1.3-1ubuntu0.1_amd64.deb ...
build-desktop (ubuntu-22.04)	Install Linux Dependencies	2026-08-01T14:00:07.7622534Z Unpacking xdg-dbus-proxy (0.1.3-1ubuntu0.1) ...
build-desktop (ubuntu-22.04)	Install Linux Dependencies	2026-08-01T14:00:07.7821666Z Selecting previously unselected package libwoff1:amd64.
build-desktop (ubuntu-22.04)	Install Linux Dependencies	2026-08-01T14:00:07.7986165Z Preparing to unpack .../121-libwoff1_1.0.2-1build4_amd64.deb ...
build-desktop (ubuntu-22.04)	Install Linux Dependencies	2026-08-01T14:00:07.8000036Z Unpacking libwoff1:amd64 (1.0.2-1build4) ...
build-desktop (ubuntu-22.04)	Install Linux Dependencies	2026-08-01T14:00:07.8520603Z Selecting previously unselected package libwebkit2gtk-4.1-0:amd64.
build-desktop (ubuntu-22.04)	Install Linux Dependencies	2026-08-01T14:00:07.8672259Z Preparing to unpack .../122-libwebkit2gtk-4.1-0_2.50.4-0ubuntu0.22.04.1_amd64.deb ...
build-desktop (ubuntu-22.04)	Install Linux Dependencies	2026-08-01T14:00:07.8685581Z Unpacking libwebkit2gtk-4.1-0:amd64 (2.50.4-0ubuntu0.22.04.1) ...
build-desktop (ubuntu-22.04)	Install Linux Dependencies	2026-08-01T14:00:09.3239306Z Selecting previously unselected package libwebkit2gtk-4.1-dev.
build-desktop (ubuntu-22.04)	Install Linux Dependencies	2026-08-01T14:00:09.3404275Z Preparing to unpack .../123-libwebkit2gtk-4.1-dev_2.50.4-0ubuntu0.22.04.1_amd64.deb ...
build-desktop (ubuntu-22.04)	Install Linux Dependencies	2026-08-01T14:00:09.3430868Z Unpacking libwebkit2gtk-4.1-dev (2.50.4-0ubuntu0.22.04.1) ...
build-desktop (ubuntu-22.04)	Install Linux Dependencies	2026-08-01T14:00:09.6544032Z Selecting previously unselected package pipewire-bin.
build-desktop (ubuntu-22.04)	Install Linux Dependencies	2026-08-01T14:00:09.6705518Z Preparing to unpack .../124-pipewire-bin_0.3.48-1ubuntu3.2_amd64.deb ...
build-desktop (ubuntu-22.04)	Install Linux Dependencies	2026-08-01T14:00:09.7075500Z Unpacking pipewire-bin (0.3.48-1ubuntu3.2) ...
build-desktop (ubuntu-22.04)	Install Linux Dependencies	2026-08-01T14:00:10.2073836Z Selecting previously unselected package pipewire:amd64.
build-desktop (ubuntu-22.04)	Install Linux Dependencies	2026-08-01T14:00:10.2233044Z Preparing to unpack .../125-pipewire_0.3.48-1ubuntu3.2_amd64.deb ...
build-desktop (ubuntu-22.04)	Install Linux Dependencies	2026-08-01T14:00:10.2245407Z Unpacking pipewire:amd64 (0.3.48-1ubuntu3.2) ...
build-desktop (ubuntu-22.04)	Install Linux Dependencies	2026-08-01T14:00:10.3984042Z Selecting previously unselected package pipewire-media-session.
build-desktop (ubuntu-22.04)	Install Linux Dependencies	2026-08-01T14:00:10.4149891Z Preparing to unpack .../126-pipewire-media-session_0.4.1-2ubuntu1_amd64.deb ...
build-desktop (ubuntu-22.04)	Install Linux Dependencies	2026-08-01T14:00:10.4163365Z Unpacking pipewire-media-session (0.4.1-2ubuntu1) ...
build-desktop (ubuntu-22.04)	Install Linux Dependencies	2026-08-01T14:00:10.4386801Z Selecting previously unselected package rtkit.
build-desktop (ubuntu-22.04)	Install Linux Dependencies	2026-08-01T14:00:10.4543184Z Preparing to unpack .../127-rtkit_0.13-4build2_amd64.deb ...
build-desktop (ubuntu-22.04)	Install Linux Dependencies	2026-08-01T14:00:10.4602160Z Unpacking rtkit (0.13-4build2) ...
build-desktop (ubuntu-22.04)	Install Linux Dependencies	2026-08-01T14:00:10.4993300Z Selecting previously unselected package xdg-desktop-portal.
build-desktop (ubuntu-22.04)	Install Linux Dependencies	2026-08-01T14:00:10.5141159Z Preparing to unpack .../128-xdg-desktop-portal_1.14.4-1ubuntu2~22.04.2_amd64.deb ...
build-desktop (ubuntu-22.04)	Install Linux Dependencies	2026-08-01T14:00:10.5154005Z Unpacking xdg-desktop-portal (1.14.4-1ubuntu2~22.04.2) ...
build-desktop (ubuntu-22.04)	Install Linux Dependencies	2026-08-01T14:00:10.6050005Z Selecting previously unselected package xdg-desktop-portal-gtk.
build-desktop (ubuntu-22.04)	Install Linux Dependencies	2026-08-01T14:00:10.6198857Z Preparing to unpack .../129-xdg-desktop-portal-gtk_1.14.0-1build1_amd64.deb ...
build-desktop (ubuntu-22.04)	Install Linux Dependencies	2026-08-01T14:00:10.6212026Z Unpacking xdg-desktop-portal-gtk (1.14.0-1build1) ...
build-desktop (ubuntu-22.04)	Install Linux Dependencies	2026-08-01T14:00:10.6875275Z Setting up libpipewire-0.3-common (0.3.48-1ubuntu3.2) ...
build-desktop (ubuntu-22.04)	Install Linux Dependencies	2026-08-01T14:00:10.6908249Z Setting up bubblewrap (0.6.1-1ubuntu0.1) ...
build-desktop (ubuntu-22.04)	Install Linux Dependencies	2026-08-01T14:00:10.7231517Z Setting up libcdparanoia0:amd64 (3.10.2+debian-14build2) ...
build-desktop (ubuntu-22.04)	Install Linux Dependencies	2026-08-01T14:00:10.7257655Z Setting up libnghttp2-dev (1.43.0-1ubuntu0.4) ...
build-desktop (ubuntu-22.04)	Install Linux Dependencies	2026-08-01T14:00:10.7284431Z Setting up libraw1394-11:amd64 (2.1.2-2build2) ...
build-desktop (ubuntu-22.04)	Install Linux Dependencies	2026-08-01T14:00:10.7311622Z Setting up rtkit (0.13-4build2) ...
build-desktop (ubuntu-22.04)	Install Linux Dependencies	2026-08-01T14:00:10.9436818Z Setting up libtag1v5-vanilla:amd64 (1.11.1+dfsg.1-3ubuntu3) ...
build-desktop (ubuntu-22.04)	Install Linux Dependencies	2026-08-01T14:00:10.9474068Z Setting up libharfbuzz-icu0:amd64 (2.7.4-1ubuntu3.2) ...
build-desktop (ubuntu-22.04)	Install Linux Dependencies	2026-08-01T14:00:10.9503951Z Setting up libmpg123-0:amd64 (1.29.3-1ubuntu0.1) ...
build-desktop (ubuntu-22.04)	Install Linux Dependencies	2026-08-01T14:00:10.9530993Z Setting up libspeex1:amd64 (1.2~rc1.2-1.1ubuntu3) ...
build-desktop (ubuntu-22.04)	Install Linux Dependencies	2026-08-01T14:00:10.9563492Z Setting up libcaca0:amd64 (0.99.beta19-2.2ubuntu4.2) ...
build-desktop (ubuntu-22.04)	Install Linux Dependencies	2026-08-01T14:00:10.9589254Z Setting up libpangoxft-1.0-0:amd64 (1.50.6+ds-2ubuntu1) ...
build-desktop (ubuntu-22.04)	Install Linux Dependencies	2026-08-01T14:00:10.9615970Z Setting up gir1.2-dbusmenu-glib-0.4:amd64 (16.04.1+18.10.20180917-0ubuntu8) ...
build-desktop (ubuntu-22.04)	Install Linux Dependencies	2026-08-01T14:00:10.9643432Z Setting up libglvnd-core-dev:amd64 (1.4.0-1) ...
build-desktop (ubuntu-22.04)	Install Linux Dependencies	2026-08-01T14:00:10.9673353Z Setting up libtwolame0:amd64 (0.4.0-2build2) ...
build-desktop (ubuntu-22.04)	Install Linux Dependencies	2026-08-01T14:00:10.9711074Z Setting up libwoff1:amd64 (1.0.2-1build4) ...
build-desktop (ubuntu-22.04)	Install Linux Dependencies	2026-08-01T14:00:10.9742131Z Setting up libhyphen0:amd64 (2.8.8-7build2) ...
build-desktop (ubuntu-22.04)	Install Linux Dependencies	2026-08-01T14:00:10.9772332Z Setting up libvisual-0.4-0:amd64 (0.4.0-17build2) ...
build-desktop (ubuntu-22.04)	Install Linux Dependencies	2026-08-01T14:00:10.9799093Z Setting up gir1.2-atk-1.0:amd64 (2.36.0-3build1) ...
build-desktop (ubuntu-22.04)	Install Linux Dependencies	2026-08-01T14:00:10.9827655Z Setting up libfribidi-dev:amd64 (1.0.8-2ubuntu3.1) ...
build-desktop (ubuntu-22.04)	Install Linux Dependencies	2026-08-01T14:00:10.9854460Z Setting up libxkbcommon-dev:amd64 (1.4.0-1) ...
build-desktop (ubuntu-22.04)	Install Linux Dependencies	2026-08-01T14:00:10.9880864Z Setting up pango1.0-tools (1.50.6+ds-2ubuntu1) ...
build-desktop (ubuntu-22.04)	Install Linux Dependencies	2026-08-01T14:00:10.9906553Z Setting up libdbus-glib-1-dev-bin (0.112-2build1) ...
build-desktop (ubuntu-22.04)	Install Linux Dependencies	2026-08-01T14:00:10.9935559Z Setting up libwebrtc-audio-processing1:amd64 (0.3.1-0ubuntu5) ...
build-desktop (ubuntu-22.04)	Install Linux Dependencies	2026-08-01T14:00:10.9962518Z Setting up libharfbuzz-gobject0:amd64 (2.7.4-1ubuntu3.2) ...
build-desktop (ubuntu-22.04)	Install Linux Dependencies	2026-08-01T14:00:10.9991304Z Setting up gir1.2-atspi-2.0:amd64 (2.44.0-3) ...
build-desktop (ubuntu-22.04)	Install Linux Dependencies	2026-08-01T14:00:11.0017431Z Setting up libsoup-3.0-common (3.0.7-0ubuntu1) ...
build-desktop (ubuntu-22.04)	Install Linux Dependencies	2026-08-01T14:00:11.0043055Z Setting up gir1.2-harfbuzz-0.0:amd64 (2.7.4-1ubuntu3.2) ...
build-desktop (ubuntu-22.04)	Install Linux Dependencies	2026-08-01T14:00:11.0069017Z Setting up libopengl0:amd64 (1.4.0-1) ...
build-desktop (ubuntu-22.04)	Install Linux Dependencies	2026-08-01T14:00:11.0095988Z Setting up libappindicator3-1 (12.10.1+20.10.20200706.1-0ubuntu1) ...
build-desktop (ubuntu-22.04)	Install Linux Dependencies	2026-08-01T14:00:11.2645792Z Setting up libpsl-dev:amd64 (0.21.0-1.2build2) ...
build-desktop (ubuntu-22.04)	Install Linux Dependencies	2026-08-01T14:00:11.2996506Z Setting up libflac8:amd64 (1.3.3-2ubuntu0.2) ...
build-desktop (ubuntu-22.04)	Install Linux Dependencies	2026-08-01T14:00:11.3027743Z Setting up libxfixes-dev:amd64 (1:6.0.0-1) ...
build-desktop (ubuntu-22.04)	Install Linux Dependencies	2026-08-01T14:00:11.3064101Z Setting up libwayland-bin (1.20.0-1ubuntu0.1) ...
build-desktop (ubuntu-22.04)	Install Linux Dependencies	2026-08-01T14:00:11.3093640Z Setting up libgraphite2-dev:amd64 (1.3.14-1ubuntu0.1) ...
build-desktop (ubuntu-22.04)	Install Linux Dependencies	2026-08-01T14:00:11.3122099Z Setting up gir1.2-pango-1.0:amd64 (1.50.6+ds-2ubuntu1) ...
build-desktop (ubuntu-22.04)	Install Linux Dependencies	2026-08-01T14:00:11.3151098Z Setting up libxrandr-dev:amd64 (2:1.5.2-1build1) ...
build-desktop (ubuntu-22.04)	Install Linux Dependencies	2026-08-01T14:00:11.3181983Z Setting up libegl-mesa0:amd64 (23.2.1-1ubuntu3.1~22.04.4) ...
build-desktop (ubuntu-22.04)	Install Linux Dependencies	2026-08-01T14:00:11.3210365Z Setting up libjavascriptcoregtk-4.1-0:amd64 (2.50.4-0ubuntu0.22.04.1) ...
build-desktop (ubuntu-22.04)	Install Linux Dependencies	2026-08-01T14:00:11.3237742Z Setting up libgles2:amd64 (1.4.0-1) ...
build-desktop (ubuntu-22.04)	Install Linux Dependencies	2026-08-01T14:00:11.3268302Z Setting up libdbus-1-dev:amd64 (1.12.20-2ubuntu4.1) ...
build-desktop (ubuntu-22.04)	Install Linux Dependencies	2026-08-01T14:00:11.3332615Z Setting up libspa-0.2-modules:amd64 (0.3.48-1ubuntu3.2) ...
build-desktop (ubuntu-22.04)	Install Linux Dependencies	2026-08-01T14:00:11.3361190Z Setting up libgles1:amd64 (1.4.0-1) ...
build-desktop (ubuntu-22.04)	Install Linux Dependencies	2026-08-01T14:00:11.3395076Z Setting up libpipewire-0.3-0:amd64 (0.3.48-1ubuntu3.2) ...
build-desktop (ubuntu-22.04)	Install Linux Dependencies	2026-08-01T14:00:11.3421564Z Setting up libopus0:amd64 (1.3.1-0.1build2) ...
build-desktop (ubuntu-22.04)	Install Linux Dependencies	2026-08-01T14:00:11.3601347Z Setting up libxv1:amd64 (2:1.0.11-1build2) ...
build-desktop (ubuntu-22.04)	Install Linux Dependencies	2026-08-01T14:00:11.3675042Z Setting up libssl-dev:amd64 (3.0.2-0ubuntu1.26) ...
build-desktop (ubuntu-22.04)	Install Linux Dependencies	2026-08-01T14:00:11.3704826Z Setting up liborc-0.4-0:amd64 (1:0.4.32-2ubuntu0.1) ...
build-desktop (ubuntu-22.04)	Install Linux Dependencies	2026-08-01T14:00:11.3731782Z Setting up libxinerama-dev:amd64 (2:1.1.4-3) ...
build-desktop (ubuntu-22.04)	Install Linux Dependencies	2026-08-01T14:00:11.3769084Z Setting up xdg-dbus-proxy (0.1.3-1ubuntu0.1) ...
build-desktop (ubuntu-22.04)	Install Linux Dependencies	2026-08-01T14:00:11.3796267Z Setting up wayland-protocols (1.25-1) ...
build-desktop (ubuntu-22.04)	Install Linux Dependencies	2026-08-01T14:00:11.3826639Z Setting up libtag1v5:amd64 (1.11.1+dfsg.1-3ubuntu3) ...
build-desktop (ubuntu-22.04)	Install Linux Dependencies	2026-08-01T14:00:11.3861020Z Setting up libdatrie-dev:amd64 (0.2.13-2) ...
build-desktop (ubuntu-22.04)	Install Linux Dependencies	2026-08-01T14:00:11.3891142Z Setting up libdv4:amd64 (1.0.0-14build1) ...
build-desktop (ubuntu-22.04)	Install Linux Dependencies	2026-08-01T14:00:11.3965139Z Setting up libasyncns0:amd64 (0.8-6build2) ...
build-desktop (ubuntu-22.04)	Install Linux Dependencies	2026-08-01T14:00:11.4007395Z Setting up gir1.2-polkit-1.0 (0.105-33ubuntu0.1) ...
build-desktop (ubuntu-22.04)	Install Linux Dependencies	2026-08-01T14:00:11.4036729Z Setting up libwavpack1:amd64 (5.4.0-1build2) ...
build-desktop (ubuntu-22.04)	Install Linux Dependencies	2026-08-01T14:00:11.4067533Z Setting up libdazzle-common (3.44.0-1) ...
build-desktop (ubuntu-22.04)	Install Linux Dependencies	2026-08-01T14:00:11.4099088Z Setting up libtheora0:amd64 (1.1.1+dfsg.1-15ubuntu4) ...
build-desktop (ubuntu-22.04)	Install Linux Dependencies	2026-08-01T14:00:11.4127276Z Setting up libv4lconvert0:amd64 (1.22.1-2build1) ...
build-desktop (ubuntu-22.04)	Install Linux Dependencies	2026-08-01T14:00:11.4155068Z Setting up libegl1:amd64 (1.4.0-1) ...
build-desktop (ubuntu-22.04)	Install Linux Dependencies	2026-08-01T14:00:11.4180926Z Setting up libglx-dev:amd64 (1.4.0-1) ...
build-desktop (ubuntu-22.04)	Install Linux Dependencies	2026-08-01T14:00:11.4210084Z Setting up gir1.2-json-1.0:amd64 (1.6.6-1build1) ...
build-desktop (ubuntu-22.04)	Install Linux Dependencies	2026-08-01T14:00:11.4238467Z Setting up libvpx7:amd64 (1.11.0-2ubuntu2.5) ...
build-desktop (ubuntu-22.04)	Install Linux Dependencies	2026-08-01T14:00:11.4270301Z Setting up libopengl-dev:amd64 (1.4.0-1) ...
build-desktop (ubuntu-22.04)	Install Linux Dependencies	2026-08-01T14:00:11.4300489Z Setting up libsysprof-4:amd64 (3.44.0-1) ...
build-desktop (ubuntu-22.04)	Install Linux Dependencies	2026-08-01T14:00:11.4332317Z Setting up libxi-dev:amd64 (2:1.8-1build1) ...
build-desktop (ubuntu-22.04)	Install Linux Dependencies	2026-08-01T14:00:11.4366876Z Setting up libsamplerate0:amd64 (0.2.2-1build1) ...
build-desktop (ubuntu-22.04)	Install Linux Dependencies	2026-08-01T14:00:11.4396687Z Setting up libevdev2:amd64 (1.12.1+dfsg-1) ...
build-desktop (ubuntu-22.04)	Install Linux Dependencies	2026-08-01T14:00:11.4424829Z Setting up libgl-dev:amd64 (1.4.0-1) ...
build-desktop (ubuntu-22.04)	Install Linux Dependencies	2026-08-01T14:00:11.4454974Z Setting up libjavascriptcoregtk-4.1-dev:amd64 (2.50.4-0ubuntu0.22.04.1) ...
build-desktop (ubuntu-22.04)	Install Linux Dependencies	2026-08-01T14:00:11.4481777Z Setting up libmp3lame0:amd64 (3.100-3build2) ...
build-desktop (ubuntu-22.04)	Install Linux Dependencies	2026-08-01T14:00:11.4510730Z Setting up libgraphene-1.0-0:amd64 (1.10.8-1) ...
build-desktop (ubuntu-22.04)	Install Linux Dependencies	2026-08-01T14:00:11.4537408Z Setting up libatk1.0-dev:amd64 (2.36.0-3build1) ...
build-desktop (ubuntu-22.04)	Install Linux Dependencies	2026-08-01T14:00:11.4574943Z Setting up libvorbisenc2:amd64 (1.3.7-1build2) ...
build-desktop (ubuntu-22.04)	Install Linux Dependencies	2026-08-01T14:00:11.4604482Z Setting up libaa1:amd64 (1.4p5-50build1) ...
build-desktop (ubuntu-22.04)	Install Linux Dependencies	2026-08-01T14:00:11.4640245Z Setting up libiec61883-0:amd64 (1.2.0-4build3) ...
build-desktop (ubuntu-22.04)	Install Linux Dependencies	2026-08-01T14:00:11.4676796Z Setting up libxft-dev:amd64 (2.3.4-1) ...
build-desktop (ubuntu-22.04)	Install Linux Dependencies	2026-08-01T14:00:11.6285201Z Setting up libxtst-dev:amd64 (2:1.2.3-1build4) ...
build-desktop (ubuntu-22.04)	Install Linux Dependencies	2026-08-01T14:00:11.6316108Z Setting up libxdamage-dev:amd64 (1:1.1.5-2build2) ...
build-desktop (ubuntu-22.04)	Install Linux Dependencies	2026-08-01T14:00:11.6488759Z Setting up libavc1394-0:amd64 (0.5.4-5build2) ...
build-desktop (ubuntu-22.04)	Install Linux Dependencies	2026-08-01T14:00:11.6518417Z Setting up libatspi2.0-dev:amd64 (2.44.0-3) ...
build-desktop (ubuntu-22.04)	Install Linux Dependencies	2026-08-01T14:00:11.6545028Z Setting up libharfbuzz-dev:amd64 (2.7.4-1ubuntu3.2) ...
build-desktop (ubuntu-22.04)	Install Linux Dependencies	2026-08-01T14:00:11.6571725Z Setting up libdazzle-1.0-0:amd64 (3.44.0-1) ...
build-desktop (ubuntu-22.04)	Install Linux Dependencies	2026-08-01T14:00:11.6841720Z Setting up xdg-desktop-portal (1.14.4-1ubuntu2~22.04.2) ...
build-desktop (ubuntu-22.04)	Install Linux Dependencies	2026-08-01T14:00:11.7778144Z Created symlink /etc/systemd/user/graphical-session-pre.target.wants/xdg-desktop-portal-rewrite-launchers.service → /usr/lib/systemd/user/xdg-desktop-portal-rewrite-launchers.service.
build-desktop (ubuntu-22.04)	Install Linux Dependencies	2026-08-01T14:00:11.7814934Z Setting up libegl-dev:amd64 (1.4.0-1) ...
build-desktop (ubuntu-22.04)	Install Linux Dependencies	2026-08-01T14:00:11.8137958Z Setting up libdbus-glib-1-dev:amd64 (0.112-2build1) ...
build-desktop (ubuntu-22.04)	Install Linux Dependencies	2026-08-01T14:00:11.8473791Z Setting up libxcomposite-dev:amd64 (1:0.4.5-1build2) ...
build-desktop (ubuntu-22.04)	Install Linux Dependencies	2026-08-01T14:00:11.8560787Z Setting up libxcursor-dev:amd64 (1:1.2.0-2build4) ...
build-desktop (ubuntu-22.04)	Install Linux Dependencies	2026-08-01T14:00:11.8593530Z Setting up libmanette-0.2-0:amd64 (0.2.6-3build1) ...
build-desktop (ubuntu-22.04)	Install Linux Dependencies	2026-08-01T14:00:11.8624199Z Setting up libjson-glib-dev:amd64 (1.6.6-1build1) ...
build-desktop (ubuntu-22.04)	Install Linux Dependencies	2026-08-01T14:00:11.8653632Z Setting up libepoxy-dev:amd64 (1.5.10-1) ...
build-desktop (ubuntu-22.04)	Install Linux Dependencies	2026-08-01T14:00:11.8685263Z Setting up libsoup-3.0-0:amd64 (3.0.7-0ubuntu1) ...
build-desktop (ubuntu-22.04)	Install Linux Dependencies	2026-08-01T14:00:11.8715107Z Setting up gir1.2-gtk-3.0:amd64 (3.24.33-1ubuntu2.2) ...
build-desktop (ubuntu-22.04)	Install Linux Dependencies	2026-08-01T14:00:11.8742819Z Setting up libgstreamer-plugins-base1.0-0:amd64 (1.20.1-1ubuntu0.6) ...
build-desktop (ubuntu-22.04)	Install Linux Dependencies	2026-08-01T14:00:11.8770108Z Setting up libatk-bridge2.0-dev:amd64 (2.38.0-3) ...
build-desktop (ubuntu-22.04)	Install Linux Dependencies	2026-08-01T14:00:11.8817552Z Setting up libwayland-dev:amd64 (1.20.0-1ubuntu0.1) ...
build-desktop (ubuntu-22.04)	Install Linux Dependencies	2026-08-01T14:00:11.8853421Z Setting up libv4l-0:amd64 (1.22.1-2build1) ...
build-desktop (ubuntu-22.04)	Install Linux Dependencies	2026-08-01T14:00:11.8887962Z Setting up libgstreamer-plugins-good1.0-0:amd64 (1.20.3-0ubuntu1.7) ...
build-desktop (ubuntu-22.04)	Install Linux Dependencies	2026-08-01T14:00:11.9522450Z Setting up libgstreamer-gl1.0-0:amd64 (1.20.1-1ubuntu0.6) ...
build-desktop (ubuntu-22.04)	Install Linux Dependencies	2026-08-01T14:00:11.9551284Z Setting up gstreamer1.0-plugins-base:amd64 (1.20.1-1ubuntu0.6) ...
build-desktop (ubuntu-22.04)	Install Linux Dependencies	2026-08-01T14:00:11.9588347Z Setting up gir1.2-appindicator3-0.1 (12.10.1+20.10.20200706.1-0ubuntu1) ...
build-desktop (ubuntu-22.04)	Install Linux Dependencies	2026-08-01T14:00:11.9905537Z Setting up libshout3:amd64 (2.4.5-1build3) ...
build-desktop (ubuntu-22.04)	Install Linux Dependencies	2026-08-01T14:00:11.9966191Z Setting up libpolkit-gobject-1-dev (0.105-33ubuntu0.1) ...
build-desktop (ubuntu-22.04)	Install Linux Dependencies	2026-08-01T14:00:12.7692531Z Setting up libdbusmenu-glib-dev:amd64 (16.04.1+18.10.20180917-0ubuntu8) ...
build-desktop (ubuntu-22.04)	Install Linux Dependencies	2026-08-01T14:00:12.7788231Z Setting up libthai-dev:amd64 (0.1.29-1build1) ...
build-desktop (ubuntu-22.04)	Install Linux Dependencies	2026-08-01T14:00:12.9761921Z Setting up gir1.2-soup-3.0:amd64 (3.0.7-0ubuntu1) ...
build-desktop (ubuntu-22.04)	Install Linux Dependencies	2026-08-01T14:00:13.4326069Z Setting up libjack-jackd2-0:amd64 (1.9.20~dfsg-1) ...
build-desktop (ubuntu-22.04)	Install Linux Dependencies	2026-08-01T14:00:13.4603391Z Setting up libsysprof-ui-4:amd64 (3.44.0-1) ...
build-desktop (ubuntu-22.04)	Install Linux Dependencies	2026-08-01T14:00:13.4916872Z Setting up libsndfile1:amd64 (1.0.31-2ubuntu0.2) ...
build-desktop (ubuntu-22.04)	Install Linux Dependencies	2026-08-01T14:00:13.5250589Z Setting up libgles-dev:amd64 (1.4.0-1) ...
build-desktop (ubuntu-22.04)	Install Linux Dependencies	2026-08-01T14:00:13.5274989Z Setting up gir1.2-dazzle-1.0:amd64 (3.44.0-1) ...
build-desktop (ubuntu-22.04)	Install Linux Dependencies	2026-08-01T14:00:13.5300642Z Setting up gstreamer1.0-gl:amd64 (1.20.1-1ubuntu0.6) ...
build-desktop (ubuntu-22.04)	Install Linux Dependencies	2026-08-01T14:00:13.5323298Z Setting up xdg-desktop-portal-gtk (1.14.0-1build1) ...
build-desktop (ubuntu-22.04)	Install Linux Dependencies	2026-08-01T14:00:13.5348589Z Setting up gstreamer1.0-x:amd64 (1.20.1-1ubuntu0.6) ...
build-desktop (ubuntu-22.04)	Install Linux Dependencies	2026-08-01T14:00:13.5373370Z Setting up libpulse0:amd64 (1:15.99.1+dfsg1-1ubuntu2.2) ...
build-desktop (ubuntu-22.04)	Install Linux Dependencies	2026-08-01T14:00:13.5450774Z Setting up gstreamer1.0-plugins-good:amd64 (1.20.3-0ubuntu1.7) ...
build-desktop (ubuntu-22.04)	Install Linux Dependencies	2026-08-01T14:00:13.5476651Z Setting up libglvnd-dev:amd64 (1.4.0-1) ...
build-desktop (ubuntu-22.04)	Install Linux Dependencies	2026-08-01T14:00:13.5499465Z Setting up libpipewire-0.3-modules:amd64 (0.3.48-1ubuntu3.2) ...
build-desktop (ubuntu-22.04)	Install Linux Dependencies	2026-08-01T14:00:13.5525146Z Setting up libpango1.0-dev:amd64 (1.50.6+ds-2ubuntu1) ...
build-desktop (ubuntu-22.04)	Install Linux Dependencies	2026-08-01T14:00:13.5550062Z Setting up libegl1-mesa-dev:amd64 (23.2.1-1ubuntu3.1~22.04.4) ...
build-desktop (ubuntu-22.04)	Install Linux Dependencies	2026-08-01T14:00:13.5573598Z Setting up libgtk-3-dev:amd64 (3.24.33-1ubuntu2.2) ...
build-desktop (ubuntu-22.04)	Install Linux Dependencies	2026-08-01T14:00:13.5599836Z Setting up libwebkit2gtk-4.1-0:amd64 (2.50.4-0ubuntu0.22.04.1) ...
build-desktop (ubuntu-22.04)	Install Linux Dependencies	2026-08-01T14:00:13.5623642Z Setting up libdazzle-1.0-dev:amd64 (3.44.0-1) ...
build-desktop (ubuntu-22.04)	Install Linux Dependencies	2026-08-01T14:00:13.5650001Z Setting up libappindicator3-dev (12.10.1+20.10.20200706.1-0ubuntu1) ...
build-desktop (ubuntu-22.04)	Install Linux Dependencies	2026-08-01T14:00:13.5674311Z Setting up pipewire-bin (0.3.48-1ubuntu3.2) ...
build-desktop (ubuntu-22.04)	Install Linux Dependencies	2026-08-01T14:00:13.6031625Z Setting up libsysprof-4-dev:amd64 (3.44.0-1) ...
build-desktop (ubuntu-22.04)	Install Linux Dependencies	2026-08-01T14:00:13.6056392Z Setting up pipewire:amd64 (0.3.48-1ubuntu3.2) ...
build-desktop (ubuntu-22.04)	Install Linux Dependencies	2026-08-01T14:00:13.6956420Z Created symlink /etc/systemd/user/default.target.wants/pipewire.service → /usr/lib/systemd/user/pipewire.service.
build-desktop (ubuntu-22.04)	Install Linux Dependencies	2026-08-01T14:00:13.6958059Z Created symlink /etc/systemd/user/sockets.target.wants/pipewire.socket → /usr/lib/systemd/user/pipewire.socket.
build-desktop (ubuntu-22.04)	Install Linux Dependencies	2026-08-01T14:00:13.7867942Z Setting up libsoup-3.0-dev:amd64 (3.0.7-0ubuntu1) ...
build-desktop (ubuntu-22.04)	Install Linux Dependencies	2026-08-01T14:00:14.2682404Z Setting up libwebkit2gtk-4.1-dev (2.50.4-0ubuntu0.22.04.1) ...
build-desktop (ubuntu-22.04)	Install Linux Dependencies	2026-08-01T14:00:14.2710498Z Setting up pipewire-media-session (0.4.1-2ubuntu1) ...
build-desktop (ubuntu-22.04)	Install Linux Dependencies	2026-08-01T14:00:14.3893863Z Created symlink /etc/systemd/user/pipewire-session-manager.service → /usr/lib/systemd/user/pipewire-media-session.service.
build-desktop (ubuntu-22.04)	Install Linux Dependencies	2026-08-01T14:00:14.3895140Z Created symlink /etc/systemd/user/pipewire.service.wants/pipewire-media-session.service → /usr/lib/systemd/user/pipewire-media-session.service.
build-desktop (ubuntu-22.04)	Install Linux Dependencies	2026-08-01T14:00:14.6334626Z Processing triggers for libc-bin (2.35-0ubuntu3.13) ...
build-desktop (ubuntu-22.04)	Install Linux Dependencies	2026-08-01T14:00:19.0850182Z Processing triggers for man-db (2.10.2-1) ...
build-desktop (ubuntu-22.04)	Install Linux Dependencies	2026-08-01T14:00:19.0872327Z Not building database; man-db/auto-update is not 'true'.
build-desktop (ubuntu-22.04)	Install Linux Dependencies	2026-08-01T14:00:19.0892028Z Processing triggers for dbus (1.12.20-2ubuntu4.1) ...
build-desktop (ubuntu-22.04)	Install Linux Dependencies	2026-08-01T14:00:19.0960155Z Processing triggers for mailcap (3.70+nmu1ubuntu1.22.04.1) ...
build-desktop (ubuntu-22.04)	Install Linux Dependencies	2026-08-01T14:00:20.2752237Z 
build-desktop (ubuntu-22.04)	Install Linux Dependencies	2026-08-01T14:00:20.2753449Z Running kernel seems to be up-to-date.
build-desktop (ubuntu-22.04)	Install Linux Dependencies	2026-08-01T14:00:20.2754371Z 
build-desktop (ubuntu-22.04)	Install Linux Dependencies	2026-08-01T14:00:20.2754880Z Services to be restarted:
build-desktop (ubuntu-22.04)	Install Linux Dependencies	2026-08-01T14:00:20.2831177Z  systemctl restart packagekit.service
build-desktop (ubuntu-22.04)	Install Linux Dependencies	2026-08-01T14:00:20.2868880Z  systemctl restart php8.1-fpm.service
build-desktop (ubuntu-22.04)	Install Linux Dependencies	2026-08-01T14:00:20.2905736Z  systemctl restart ssh.service
build-desktop (ubuntu-22.04)	Install Linux Dependencies	2026-08-01T14:00:20.2944997Z  systemctl restart systemd-journald.service
build-desktop (ubuntu-22.04)	Install Linux Dependencies	2026-08-01T14:00:20.3049511Z  /etc/needrestart/restart.d/systemd-manager
build-desktop (ubuntu-22.04)	Install Linux Dependencies	2026-08-01T14:00:20.3088928Z  systemctl restart systemd-networkd.service
build-desktop (ubuntu-22.04)	Install Linux Dependencies	2026-08-01T14:00:20.3128366Z  systemctl restart systemd-resolved.service
build-desktop (ubuntu-22.04)	Install Linux Dependencies	2026-08-01T14:00:20.3166161Z  systemctl restart systemd-udevd.service
build-desktop (ubuntu-22.04)	Install Linux Dependencies	2026-08-01T14:00:20.3237010Z 
build-desktop (ubuntu-22.04)	Install Linux Dependencies	2026-08-01T14:00:20.3238163Z Service restarts being deferred:
build-desktop (ubuntu-22.04)	Install Linux Dependencies	2026-08-01T14:00:20.3238966Z  systemctl restart hosted-compute-agent.service
build-desktop (ubuntu-22.04)	Install Linux Dependencies	2026-08-01T14:00:20.3239831Z  systemctl restart systemd-logind.service
build-desktop (ubuntu-22.04)	Install Linux Dependencies	2026-08-01T14:00:20.3240608Z  systemctl restart user@1001.service
build-desktop (ubuntu-22.04)	Install Linux Dependencies	2026-08-01T14:00:20.3241249Z  systemctl restart walinuxagent.service
build-desktop (ubuntu-22.04)	Install Linux Dependencies	2026-08-01T14:00:20.3241625Z 
build-desktop (ubuntu-22.04)	Install Linux Dependencies	2026-08-01T14:00:20.3242139Z No containers need to be restarted.
build-desktop (ubuntu-22.04)	Install Linux Dependencies	2026-08-01T14:00:20.3242461Z 
build-desktop (ubuntu-22.04)	Install Linux Dependencies	2026-08-01T14:00:20.3242725Z No user sessions are running outdated binaries.
build-desktop (ubuntu-22.04)	Install Linux Dependencies	2026-08-01T14:00:20.3243084Z 
build-desktop (ubuntu-22.04)	Install Linux Dependencies	2026-08-01T14:00:20.3243484Z No VM guests are running outdated hypervisor (qemu) binaries on this host.
build-desktop (ubuntu-22.04)	Install frontend dependencies	﻿2026-08-01T14:00:21.3741067Z ##[group]Run npm install
build-desktop (ubuntu-22.04)	Install frontend dependencies	2026-08-01T14:00:21.3741400Z [36;1mnpm install[0m
build-desktop (ubuntu-22.04)	Install frontend dependencies	2026-08-01T14:00:21.3772313Z shell: /usr/bin/bash -e {0}
build-desktop (ubuntu-22.04)	Install frontend dependencies	2026-08-01T14:00:21.3772753Z env:
build-desktop (ubuntu-22.04)	Install frontend dependencies	2026-08-01T14:00:21.3772998Z   CARGO_HOME: /home/runner/.cargo
build-desktop (ubuntu-22.04)	Install frontend dependencies	2026-08-01T14:00:21.3773356Z   CARGO_INCREMENTAL: 0
build-desktop (ubuntu-22.04)	Install frontend dependencies	2026-08-01T14:00:21.3773694Z   CARGO_TERM_COLOR: always
build-desktop (ubuntu-22.04)	Install frontend dependencies	2026-08-01T14:00:21.3773983Z ##[endgroup]
build-desktop (ubuntu-22.04)	Install frontend dependencies	2026-08-01T14:00:21.7811268Z 
build-desktop (ubuntu-22.04)	Install frontend dependencies	2026-08-01T14:00:21.7811691Z up to date, audited 4 packages in 343ms
build-desktop (ubuntu-22.04)	Install frontend dependencies	2026-08-01T14:00:21.7812039Z 
build-desktop (ubuntu-22.04)	Install frontend dependencies	2026-08-01T14:00:21.7812413Z 1 package is looking for funding
build-desktop (ubuntu-22.04)	Install frontend dependencies	2026-08-01T14:00:21.7812859Z   run `npm fund` for details
build-desktop (ubuntu-22.04)	Install frontend dependencies	2026-08-01T14:00:21.7819360Z 
build-desktop (ubuntu-22.04)	Install frontend dependencies	2026-08-01T14:00:21.7820095Z found 0 vulnerabilities
build-desktop (ubuntu-22.04)	Build Tauri Desktop	﻿2026-08-01T14:00:21.7922803Z Node 20 is being deprecated. This workflow is running with Node 24 by default. If you need to temporarily use Node 20, you can set the ACTIONS_ALLOW_USE_UNSECURE_NODE_VERSION=true environment variable. For more information see: https://github.blog/changelog/2025-09-19-deprecation-of-node-20-on-github-actions-runners/
build-desktop (ubuntu-22.04)	Build Tauri Desktop	2026-08-01T14:00:21.7924060Z ##[group]Run tauri-apps/tauri-action@v0.5.2
build-desktop (ubuntu-22.04)	Build Tauri Desktop	2026-08-01T14:00:21.7924403Z with:
build-desktop (ubuntu-22.04)	Build Tauri Desktop	2026-08-01T14:00:21.7924725Z   releaseDraft: false
build-desktop (ubuntu-22.04)	Build Tauri Desktop	2026-08-01T14:00:21.7925036Z   prerelease: false
build-desktop (ubuntu-22.04)	Build Tauri Desktop	2026-08-01T14:00:21.7925467Z   projectPath: .
build-desktop (ubuntu-22.04)	Build Tauri Desktop	2026-08-01T14:00:21.7925781Z   includeDebug: false
build-desktop (ubuntu-22.04)	Build Tauri Desktop	2026-08-01T14:00:21.7926076Z   includeRelease: true
build-desktop (ubuntu-22.04)	Build Tauri Desktop	2026-08-01T14:00:21.7926470Z   includeUpdaterJson: true
build-desktop (ubuntu-22.04)	Build Tauri Desktop	2026-08-01T14:00:21.7926803Z   updaterJsonKeepUniversal: false
build-desktop (ubuntu-22.04)	Build Tauri Desktop	2026-08-01T14:00:21.7927128Z env:
build-desktop (ubuntu-22.04)	Build Tauri Desktop	2026-08-01T14:00:21.7927455Z   CARGO_HOME: /home/runner/.cargo
build-desktop (ubuntu-22.04)	Build Tauri Desktop	2026-08-01T14:00:21.7927782Z   CARGO_INCREMENTAL: 0
build-desktop (ubuntu-22.04)	Build Tauri Desktop	2026-08-01T14:00:21.7928096Z   CARGO_TERM_COLOR: always
build-desktop (ubuntu-22.04)	Build Tauri Desktop	2026-08-01T14:00:21.7930921Z   GITHUB_TOKEN: ***
build-desktop (ubuntu-22.04)	Build Tauri Desktop	2026-08-01T14:00:21.7931240Z ##[endgroup]
build-desktop (ubuntu-22.04)	Build Tauri Desktop	2026-08-01T14:00:21.8994324Z running npm [ 'run', 'tauri', 'build' ]
build-desktop (ubuntu-22.04)	Build Tauri Desktop	2026-08-01T14:00:22.0100497Z 
build-desktop (ubuntu-22.04)	Build Tauri Desktop	2026-08-01T14:00:22.0101307Z > tauri
build-desktop (ubuntu-22.04)	Build Tauri Desktop	2026-08-01T14:00:22.0101819Z > tauri build
build-desktop (ubuntu-22.04)	Build Tauri Desktop	2026-08-01T14:00:22.0102200Z 
build-desktop (ubuntu-22.04)	Build Tauri Desktop	2026-08-01T14:00:22.5138022Z         Info Looking up installed tauri packages to check mismatched versions...
build-desktop (ubuntu-22.04)	Build Tauri Desktop	2026-08-01T14:00:22.8794280Z [1m[92m    Updating[0m crates.io index
build-desktop (ubuntu-22.04)	Build Tauri Desktop	2026-08-01T14:00:23.6564674Z [1m[92m     Locking[0m 425 packages to latest compatible versions
build-desktop (ubuntu-22.04)	Build Tauri Desktop	2026-08-01T14:00:23.6636147Z [1m[92m      Adding[0m generic-array v0.14.7 [1m[33m(available: v0.14.9)[0m
build-desktop (ubuntu-22.04)	Build Tauri Desktop	2026-08-01T14:00:23.7094234Z [1m[92m      Adding[0m toml v0.8.2 [1m[33m(available: v0.8.23)[0m
build-desktop (ubuntu-22.04)	Build Tauri Desktop	2026-08-01T14:00:23.7100294Z [1m[92m      Adding[0m toml_datetime v0.6.3 [1m[33m(available: v0.6.11)[0m
build-desktop (ubuntu-22.04)	Build Tauri Desktop	2026-08-01T14:00:23.7109749Z [1m[92m      Adding[0m toml_edit v0.20.2 [1m[33m(available: v0.20.7)[0m
build-desktop (ubuntu-22.04)	Build Tauri Desktop	2026-08-01T14:00:23.7461579Z [1m[92m Downloading[0m crates ...
build-desktop (ubuntu-22.04)	Build Tauri Desktop	2026-08-01T14:00:23.8134920Z [1m[92m  Downloaded[0m adler2 v2.0.1
build-desktop (ubuntu-22.04)	Build Tauri Desktop	2026-08-01T14:00:23.8171044Z [1m[92m  Downloaded[0m json-patch v3.0.1
build-desktop (ubuntu-22.04)	Build Tauri Desktop	2026-08-01T14:00:23.8248049Z [1m[92m  Downloaded[0m keyboard-types v0.7.0
build-desktop (ubuntu-22.04)	Build Tauri Desktop	2026-08-01T14:00:23.8299961Z [1m[92m  Downloaded[0m libappindicator-sys v0.9.0
build-desktop (ubuntu-22.04)	Build Tauri Desktop	2026-08-01T14:00:23.8307162Z [1m[92m  Downloaded[0m jsonptr v0.6.3
build-desktop (ubuntu-22.04)	Build Tauri Desktop	2026-08-01T14:00:23.8329258Z [1m[92m  Downloaded[0m log v0.4.33
build-desktop (ubuntu-22.04)	Build Tauri Desktop	2026-08-01T14:00:23.8353778Z [1m[92m  Downloaded[0m soup3-sys v0.5.0
build-desktop (ubuntu-22.04)	Build Tauri Desktop	2026-08-01T14:00:23.8366389Z [1m[92m  Downloaded[0m libappindicator v0.9.0
build-desktop (ubuntu-22.04)	Build Tauri Desktop	2026-08-01T14:00:23.8386018Z [1m[92m  Downloaded[0m phf_macros v0.13.1
build-desktop (ubuntu-22.04)	Build Tauri Desktop	2026-08-01T14:00:23.8396015Z [1m[92m  Downloaded[0m pkg-config v0.3.33
build-desktop (ubuntu-22.04)	Build Tauri Desktop	2026-08-01T14:00:23.8409467Z [1m[92m  Downloaded[0m precomputed-hash v0.1.1
build-desktop (ubuntu-22.04)	Build Tauri Desktop	2026-08-01T14:00:23.8414439Z [1m[92m  Downloaded[0m proc-macro-crate v2.0.2
build-desktop (ubuntu-22.04)	Build Tauri Desktop	2026-08-01T14:00:23.8424920Z [1m[92m  Downloaded[0m phf_generator v0.13.1
build-desktop (ubuntu-22.04)	Build Tauri Desktop	2026-08-01T14:00:23.8432621Z [1m[92m  Downloaded[0m potential_utf v0.1.5
build-desktop (ubuntu-22.04)	Build Tauri Desktop	2026-08-01T14:00:23.8442163Z [1m[92m  Downloaded[0m ref-cast v1.0.26
build-desktop (ubuntu-22.04)	Build Tauri Desktop	2026-08-01T14:00:23.8463661Z [1m[92m  Downloaded[0m phf_codegen v0.13.1
build-desktop (ubuntu-22.04)	Build Tauri Desktop	2026-08-01T14:00:23.8472306Z [1m[92m  Downloaded[0m powerfmt v0.2.0
build-desktop (ubuntu-22.04)	Build Tauri Desktop	2026-08-01T14:00:23.8482392Z [1m[92m  Downloaded[0m proc-macro-error-attr v1.0.4
build-desktop (ubuntu-22.04)	Build Tauri Desktop	2026-08-01T14:00:23.8491219Z [1m[92m  Downloaded[0m rustc-hash v2.1.3
build-desktop (ubuntu-22.04)	Build Tauri Desktop	2026-08-01T14:00:23.8502450Z [1m[92m  Downloaded[0m serde_spanned v0.6.9
build-desktop (ubuntu-22.04)	Build Tauri Desktop	2026-08-01T14:00:23.8514619Z [1m[92m  Downloaded[0m same-file v1.0.6
build-desktop (ubuntu-22.04)	Build Tauri Desktop	2026-08-01T14:00:23.8526104Z [1m[92m  Downloaded[0m cssparser-macros v0.6.1
build-desktop (ubuntu-22.04)	Build Tauri Desktop	2026-08-01T14:00:23.8532546Z [1m[92m  Downloaded[0m field-offset v0.3.6
build-desktop (ubuntu-22.04)	Build Tauri Desktop	2026-08-01T14:00:23.8542874Z [1m[92m  Downloaded[0m phf_shared v0.13.1
build-desktop (ubuntu-22.04)	Build Tauri Desktop	2026-08-01T14:00:23.8550530Z [1m[92m  Downloaded[0m proc-macro-crate v1.3.1
build-desktop (ubuntu-22.04)	Build Tauri Desktop	2026-08-01T14:00:23.8560210Z [1m[92m  Downloaded[0m siphasher v1.0.3
build-desktop (ubuntu-22.04)	Build Tauri Desktop	2026-08-01T14:00:23.8572029Z [1m[92m  Downloaded[0m string_cache_codegen v0.6.1
build-desktop (ubuntu-22.04)	Build Tauri Desktop	2026-08-01T14:00:23.8579325Z [1m[92m  Downloaded[0m num_threads v0.1.7
build-desktop (ubuntu-22.04)	Build Tauri Desktop	2026-08-01T14:00:23.8588598Z [1m[92m  Downloaded[0m option-ext v0.2.0
build-desktop (ubuntu-22.04)	Build Tauri Desktop	2026-08-01T14:00:23.8598008Z [1m[92m  Downloaded[0m percent-encoding v2.3.2
build-desktop (ubuntu-22.04)	Build Tauri Desktop	2026-08-01T14:00:23.8605186Z [1m[92m  Downloaded[0m pin-project-lite v0.2.17
build-desktop (ubuntu-22.04)	Build Tauri Desktop	2026-08-01T14:00:23.8636672Z [1m[92m  Downloaded[0m ref-cast-impl v1.0.26
build-desktop (ubuntu-22.04)	Build Tauri Desktop	2026-08-01T14:00:23.8643289Z [1m[92m  Downloaded[0m schemars_derive v0.8.22
build-desktop (ubuntu-22.04)	Build Tauri Desktop	2026-08-01T14:00:23.8656440Z [1m[92m  Downloaded[0m scopeguard v1.2.0
build-desktop (ubuntu-22.04)	Build Tauri Desktop	2026-08-01T14:00:23.8665684Z [1m[92m  Downloaded[0m serde_spanned v1.1.1
build-desktop (ubuntu-22.04)	Build Tauri Desktop	2026-08-01T14:00:23.8678008Z [1m[92m  Downloaded[0m stable_deref_trait v1.2.1
build-desktop (ubuntu-22.04)	Build Tauri Desktop	2026-08-01T14:00:23.8684888Z [1m[92m  Downloaded[0m synstructure v0.13.2
build-desktop (ubuntu-22.04)	Build Tauri Desktop	2026-08-01T14:00:23.8693282Z [1m[92m  Downloaded[0m quote v1.0.47
build-desktop (ubuntu-22.04)	Build Tauri Desktop	2026-08-01T14:00:23.8709777Z [1m[92m  Downloaded[0m libloading v0.7.4
build-desktop (ubuntu-22.04)	Build Tauri Desktop	2026-08-01T14:00:23.8724505Z [1m[92m  Downloaded[0m markup5ever v0.38.0
build-desktop (ubuntu-22.04)	Build Tauri Desktop	2026-08-01T14:00:23.8732391Z [1m[92m  Downloaded[0m num-conv v0.2.2
build-desktop (ubuntu-22.04)	Build Tauri Desktop	2026-08-01T14:00:23.8738135Z [1m[92m  Downloaded[0m semver v1.0.28
build-desktop (ubuntu-22.04)	Build Tauri Desktop	2026-08-01T14:00:23.8754473Z [1m[92m  Downloaded[0m serde-untagged v0.1.9
build-desktop (ubuntu-22.04)	Build Tauri Desktop	2026-08-01T14:00:23.8765925Z [1m[92m  Downloaded[0m serialize-to-javascript-impl v0.1.2
build-desktop (ubuntu-22.04)	Build Tauri Desktop	2026-08-01T14:00:23.8772420Z [1m[92m  Downloaded[0m memoffset v0.9.1
build-desktop (ubuntu-22.04)	Build Tauri Desktop	2026-08-01T14:00:23.8780685Z [1m[92m  Downloaded[0m rustc_version v0.4.1
build-desktop (ubuntu-22.04)	Build Tauri Desktop	2026-08-01T14:00:23.8790502Z [1m[92m  Downloaded[0m new_debug_unreachable v1.0.6
build-desktop (ubuntu-22.04)	Build Tauri Desktop	2026-08-01T14:00:23.8799106Z [1m[92m  Downloaded[0m strsim v0.11.1
build-desktop (ubuntu-22.04)	Build Tauri Desktop	2026-08-01T14:00:23.8807369Z [1m[92m  Downloaded[0m mime v0.3.17
build-desktop (ubuntu-22.04)	Build Tauri Desktop	2026-08-01T14:00:23.8816109Z [1m[92m  Downloaded[0m raw-window-handle v0.6.2
build-desktop (ubuntu-22.04)	Build Tauri Desktop	2026-08-01T14:00:23.8828436Z [1m[92m  Downloaded[0m serialize-to-javascript v0.1.2
build-desktop (ubuntu-22.04)	Build Tauri Desktop	2026-08-01T14:00:23.8836157Z [1m[92m  Downloaded[0m dirs-sys v0.5.0
build-desktop (ubuntu-22.04)	Build Tauri Desktop	2026-08-01T14:00:23.8846144Z [1m[92m  Downloaded[0m dlopen2_derive v0.4.3
build-desktop (ubuntu-22.04)	Build Tauri Desktop	2026-08-01T14:00:23.8852369Z [1m[92m  Downloaded[0m dtor v0.3.0
build-desktop (ubuntu-22.04)	Build Tauri Desktop	2026-08-01T14:00:23.8864796Z [1m[92m  Downloaded[0m dtor-proc-macro v0.0.6
build-desktop (ubuntu-22.04)	Build Tauri Desktop	2026-08-01T14:00:23.8870243Z [1m[92m  Downloaded[0m lock_api v0.4.14
build-desktop (ubuntu-22.04)	Build Tauri Desktop	2026-08-01T14:00:23.8881314Z [1m[92m  Downloaded[0m pango-sys v0.18.0
build-desktop (ubuntu-22.04)	Build Tauri Desktop	2026-08-01T14:00:23.8893398Z [1m[92m  Downloaded[0m phf v0.13.1
build-desktop (ubuntu-22.04)	Build Tauri Desktop	2026-08-01T14:00:23.8901879Z [1m[92m  Downloaded[0m serde_derive_internals v0.29.1
build-desktop (ubuntu-22.04)	Build Tauri Desktop	2026-08-01T14:00:23.8912267Z [1m[92m  Downloaded[0m serde_repr v0.1.21
build-desktop (ubuntu-22.04)	Build Tauri Desktop	2026-08-01T14:00:23.8924697Z [1m[92m  Downloaded[0m servo_arc v0.4.3
build-desktop (ubuntu-22.04)	Build Tauri Desktop	2026-08-01T14:00:23.8931374Z [1m[92m  Downloaded[0m sha2 v0.10.9
build-desktop (ubuntu-22.04)	Build Tauri Desktop	2026-08-01T14:00:23.8946987Z [1m[92m  Downloaded[0m simd-adler32 v0.3.10
build-desktop (ubuntu-22.04)	Build Tauri Desktop	2026-08-01T14:00:23.8958696Z [1m[92m  Downloaded[0m slab v0.4.12
build-desktop (ubuntu-22.04)	Build Tauri Desktop	2026-08-01T14:00:23.8967589Z [1m[92m  Downloaded[0m system-deps v6.2.2
build-desktop (ubuntu-22.04)	Build Tauri Desktop	2026-08-01T14:00:23.8980607Z [1m[92m  Downloaded[0m target-lexicon v0.12.16
build-desktop (ubuntu-22.04)	Build Tauri Desktop	2026-08-01T14:00:23.9001501Z [1m[92m  Downloaded[0m proc-macro-error v1.0.4
build-desktop (ubuntu-22.04)	Build Tauri Desktop	2026-08-01T14:00:23.9038136Z [1m[92m  Downloaded[0m soup3 v0.5.0
build-desktop (ubuntu-22.04)	Build Tauri Desktop	2026-08-01T14:00:23.9084352Z [1m[92m  Downloaded[0m unic-ucd-version v0.9.0
build-desktop (ubuntu-22.04)	Build Tauri Desktop	2026-08-01T14:00:23.9092793Z [1m[92m  Downloaded[0m parking_lot v0.12.5
build-desktop (ubuntu-22.04)	Build Tauri Desktop	2026-08-01T14:00:23.9115058Z [1m[92m  Downloaded[0m plist v1.10.0
build-desktop (ubuntu-22.04)	Build Tauri Desktop	2026-08-01T14:00:23.9149488Z [1m[92m  Downloaded[0m serde_core v1.0.229
build-desktop (ubuntu-22.04)	Build Tauri Desktop	2026-08-01T14:00:23.9166675Z [1m[92m  Downloaded[0m alloc-no-stdlib v2.0.4
build-desktop (ubuntu-22.04)	Build Tauri Desktop	2026-08-01T14:00:23.9175136Z [1m[92m  Downloaded[0m alloc-stdlib v0.2.4
build-desktop (ubuntu-22.04)	Build Tauri Desktop	2026-08-01T14:00:23.9181220Z [1m[92m  Downloaded[0m once_cell v1.21.4
build-desktop (ubuntu-22.04)	Build Tauri Desktop	2026-08-01T14:00:23.9195895Z [1m[92m  Downloaded[0m pango v0.18.3
build-desktop (ubuntu-22.04)	Build Tauri Desktop	2026-08-01T14:00:23.9219751Z [1m[92m  Downloaded[0m parking_lot_core v0.9.12
build-desktop (ubuntu-22.04)	Build Tauri Desktop	2026-08-01T14:00:23.9232241Z [1m[92m  Downloaded[0m proc-macro2 v1.0.107
build-desktop (ubuntu-22.04)	Build Tauri Desktop	2026-08-01T14:00:23.9249910Z [1m[92m  Downloaded[0m schemars v0.8.22
build-desktop (ubuntu-22.04)	Build Tauri Desktop	2026-08-01T14:00:23.9310889Z [1m[92m  Downloaded[0m serde_with_macros v3.21.0
build-desktop (ubuntu-22.04)	Build Tauri Desktop	2026-08-01T14:00:23.9323540Z [1m[92m  Downloaded[0m shlex v2.0.1
build-desktop (ubuntu-22.04)	Build Tauri Desktop	2026-08-01T14:00:23.9331053Z [1m[92m  Downloaded[0m smallvec v1.15.2
build-desktop (ubuntu-22.04)	Build Tauri Desktop	2026-08-01T14:00:23.9340855Z [1m[92m  Downloaded[0m string_cache v0.9.0
build-desktop (ubuntu-22.04)	Build Tauri Desktop	2026-08-01T14:00:23.9349312Z [1m[92m  Downloaded[0m unic-ucd-ident v0.9.0
build-desktop (ubuntu-22.04)	Build Tauri Desktop	2026-08-01T14:00:23.9358244Z [1m[92m  Downloaded[0m writeable v0.6.3
build-desktop (ubuntu-22.04)	Build Tauri Desktop	2026-08-01T14:00:23.9370413Z [1m[92m  Downloaded[0m zmij v1.0.23
build-desktop (ubuntu-22.04)	Build Tauri Desktop	2026-08-01T14:00:23.9380785Z [1m[92m  Downloaded[0m anyhow v1.0.104
build-desktop (ubuntu-22.04)	Build Tauri Desktop	2026-08-01T14:00:23.9402548Z [1m[92m  Downloaded[0m cfg-if v1.0.4
build-desktop (ubuntu-22.04)	Build Tauri Desktop	2026-08-01T14:00:23.9409055Z [1m[92m  Downloaded[0m cpufeatures v0.2.17
build-desktop (ubuntu-22.04)	Build Tauri Desktop	2026-08-01T14:00:23.9416730Z [1m[92m  Downloaded[0m darling_core v0.23.0
build-desktop (ubuntu-22.04)	Build Tauri Desktop	2026-08-01T14:00:23.9445672Z [1m[92m  Downloaded[0m erased-serde v0.4.10
build-desktop (ubuntu-22.04)	Build Tauri Desktop	2026-08-01T14:00:23.9459191Z [1m[92m  Downloaded[0m litemap v0.8.2
build-desktop (ubuntu-22.04)	Build Tauri Desktop	2026-08-01T14:00:23.9473262Z [1m[92m  Downloaded[0m memchr v2.8.3
build-desktop (ubuntu-22.04)	Build Tauri Desktop	2026-08-01T14:00:23.9504707Z [1m[92m  Downloaded[0m miniz_oxide v0.8.9
build-desktop (ubuntu-22.04)	Build Tauri Desktop	2026-08-01T14:00:23.9520979Z [1m[92m  Downloaded[0m muda v0.19.3
build-desktop (ubuntu-22.04)	Build Tauri Desktop	2026-08-01T14:00:23.9545908Z [1m[92m  Downloaded[0m num-traits v0.2.19
build-desktop (ubuntu-22.04)	Build Tauri Desktop	2026-08-01T14:00:23.9561810Z [1m[92m  Downloaded[0m schemars v0.9.0
build-desktop (ubuntu-22.04)	Build Tauri Desktop	2026-08-01T14:00:23.9627543Z [1m[92m  Downloaded[0m schemars v1.2.2
build-desktop (ubuntu-22.04)	Build Tauri Desktop	2026-08-01T14:00:23.9710564Z [1m[92m  Downloaded[0m selectors v0.36.1
build-desktop (ubuntu-22.04)	Build Tauri Desktop	2026-08-01T14:00:23.9728029Z [1m[92m  Downloaded[0m serde v1.0.229
build-desktop (ubuntu-22.04)	Build Tauri Desktop	2026-08-01T14:00:23.9752088Z [1m[92m  Downloaded[0m serde_derive v1.0.229
build-desktop (ubuntu-22.04)	Build Tauri Desktop	2026-08-01T14:00:23.9771460Z [1m[92m  Downloaded[0m socket2 v0.6.5
build-desktop (ubuntu-22.04)	Build Tauri Desktop	2026-08-01T14:00:23.9785654Z [1m[92m  Downloaded[0m unicode-ident v1.0.24
build-desktop (ubuntu-22.04)	Build Tauri Desktop	2026-08-01T14:00:23.9803549Z [1m[92m  Downloaded[0m urlpattern v0.3.0
build-desktop (ubuntu-22.04)	Build Tauri Desktop	2026-08-01T14:00:23.9815240Z [1m[92m  Downloaded[0m utf8_iter v1.0.4
build-desktop (ubuntu-22.04)	Build Tauri Desktop	2026-08-01T14:00:23.9821602Z [1m[92m  Downloaded[0m version-compare v0.2.1
build-desktop (ubuntu-22.04)	Build Tauri Desktop	2026-08-01T14:00:23.9829519Z [1m[92m  Downloaded[0m version_check v0.9.5
build-desktop (ubuntu-22.04)	Build Tauri Desktop	2026-08-01T14:00:23.9837036Z [1m[92m  Downloaded[0m web_atoms v0.2.5
build-desktop (ubuntu-22.04)	Build Tauri Desktop	2026-08-01T14:00:23.9845211Z [1m[92m  Downloaded[0m derive_more v2.1.1
build-desktop (ubuntu-22.04)	Build Tauri Desktop	2026-08-01T14:00:23.9910085Z [1m[92m  Downloaded[0m fastrand v2.5.0
build-desktop (ubuntu-22.04)	Build Tauri Desktop	2026-08-01T14:00:23.9919930Z [1m[92m  Downloaded[0m fdeflate v0.3.7
build-desktop (ubuntu-22.04)	Build Tauri Desktop	2026-08-01T14:00:23.9929950Z [1m[92m  Downloaded[0m walkdir v2.5.0
build-desktop (ubuntu-22.04)	Build Tauri Desktop	2026-08-01T14:00:23.9940613Z [1m[92m  Downloaded[0m byteorder v1.5.0
build-desktop (ubuntu-22.04)	Build Tauri Desktop	2026-08-01T14:00:23.9950268Z [1m[92m  Downloaded[0m cargo_toml v0.22.3
build-desktop (ubuntu-22.04)	Build Tauri Desktop	2026-08-01T14:00:23.9959268Z [1m[92m  Downloaded[0m cookie v0.18.1
build-desktop (ubuntu-22.04)	Build Tauri Desktop	2026-08-01T14:00:23.9973417Z [1m[92m  Downloaded[0m webkit2gtk-sys v2.0.2
build-desktop (ubuntu-22.04)	Build Tauri Desktop	2026-08-01T14:00:23.9984171Z [1m[92m  Downloaded[0m cargo-platform v0.1.9
build-desktop (ubuntu-22.04)	Build Tauri Desktop	2026-08-01T14:00:23.9991148Z [1m[92m  Downloaded[0m cargo_metadata v0.19.2
build-desktop (ubuntu-22.04)	Build Tauri Desktop	2026-08-01T14:00:24.0002282Z [1m[92m  Downloaded[0m form_urlencoded v1.2.2
build-desktop (ubuntu-22.04)	Build Tauri Desktop	2026-08-01T14:00:24.0007088Z [1m[92m  Downloaded[0m futures-macro v0.3.33
build-desktop (ubuntu-22.04)	Build Tauri Desktop	2026-08-01T14:00:24.0012998Z [1m[92m  Downloaded[0m futures-sink v0.3.33
build-desktop (ubuntu-22.04)	Build Tauri Desktop	2026-08-01T14:00:24.0017894Z [1m[92m  Downloaded[0m gdk-pixbuf-sys v0.18.0
build-desktop (ubuntu-22.04)	Build Tauri Desktop	2026-08-01T14:00:24.0025045Z [1m[92m  Downloaded[0m mio v1.2.2
build-desktop (ubuntu-22.04)	Build Tauri Desktop	2026-08-01T14:00:24.0060660Z [1m[92m  Downloaded[0m png v0.17.16
build-desktop (ubuntu-22.04)	Build Tauri Desktop	2026-08-01T14:00:24.0086737Z [1m[92m  Downloaded[0m png v0.18.1
build-desktop (ubuntu-22.04)	Build Tauri Desktop	2026-08-01T14:00:24.0114445Z [1m[92m  Downloaded[0m regex v1.13.1
build-desktop (ubuntu-22.04)	Build Tauri Desktop	2026-08-01T14:00:24.0150939Z [1m[92m  Downloaded[0m serde_json v1.0.151
build-desktop (ubuntu-22.04)	Build Tauri Desktop	2026-08-01T14:00:24.0195950Z [1m[92m  Downloaded[0m unicode-segmentation v1.13.3
build-desktop (ubuntu-22.04)	Build Tauri Desktop	2026-08-01T14:00:24.0217578Z [1m[92m  Downloaded[0m url v2.5.8
build-desktop (ubuntu-22.04)	Build Tauri Desktop	2026-08-01T14:00:24.0236681Z [1m[92m  Downloaded[0m uuid v1.24.0
build-desktop (ubuntu-22.04)	Build Tauri Desktop	2026-08-01T14:00:24.0256477Z [1m[92m  Downloaded[0m webkit2gtk v2.0.2
build-desktop (ubuntu-22.04)	Build Tauri Desktop	2026-08-01T14:00:24.0290752Z [1m[92m  Downloaded[0m camino v1.2.5
build-desktop (ubuntu-22.04)	Build Tauri Desktop	2026-08-01T14:00:24.0302204Z [1m[92m  Downloaded[0m cc v1.4.0
build-desktop (ubuntu-22.04)	Build Tauri Desktop	2026-08-01T14:00:24.0321707Z [1m[92m  Downloaded[0m cfb v0.7.3
build-desktop (ubuntu-22.04)	Build Tauri Desktop	2026-08-01T14:00:24.0342392Z [1m[92m  Downloaded[0m cfg-expr v0.15.8
build-desktop (ubuntu-22.04)	Build Tauri Desktop	2026-08-01T14:00:24.0357742Z [1m[92m  Downloaded[0m dtoa-short v0.3.5
build-desktop (ubuntu-22.04)	Build Tauri Desktop	2026-08-01T14:00:24.0362302Z [1m[92m  Downloaded[0m dunce v1.0.5
build-desktop (ubuntu-22.04)	Build Tauri Desktop	2026-08-01T14:00:24.0367129Z [1m[92m  Downloaded[0m futures-io v0.3.33
build-desktop (ubuntu-22.04)	Build Tauri Desktop	2026-08-01T14:00:24.0372213Z [1m[92m  Downloaded[0m gtk3-macros v0.18.2
build-desktop (ubuntu-22.04)	Build Tauri Desktop	2026-08-01T14:00:24.0376900Z [1m[92m  Downloaded[0m quick-xml v0.41.0
build-desktop (ubuntu-22.04)	Build Tauri Desktop	2026-08-01T14:00:24.0418875Z [1m[92m  Downloaded[0m serde_with v3.21.0
build-desktop (ubuntu-22.04)	Build Tauri Desktop	2026-08-01T14:00:24.0489995Z [1m[92m  Downloaded[0m syn v1.0.109
build-desktop (ubuntu-22.04)	Build Tauri Desktop	2026-08-01T14:00:24.0549464Z [1m[92m  Downloaded[0m winnow v1.0.4
build-desktop (ubuntu-22.04)	Build Tauri Desktop	2026-08-01T14:00:24.0607340Z [1m[92m  Downloaded[0m wry v0.55.1
build-desktop (ubuntu-22.04)	Build Tauri Desktop	2026-08-01T14:00:24.0657909Z [1m[92m  Downloaded[0m aho-corasick v1.1.4
build-desktop (ubuntu-22.04)	Build Tauri Desktop	2026-08-01T14:00:24.0695300Z [1m[92m  Downloaded[0m brotli-decompressor v5.0.3
build-desktop (ubuntu-22.04)	Build Tauri Desktop	2026-08-01T14:00:24.0735709Z [1m[92m  Downloaded[0m chrono v0.4.45
build-desktop (ubuntu-22.04)	Build Tauri Desktop	2026-08-01T14:00:24.0782938Z [1m[92m  Downloaded[0m fnv v1.0.7
build-desktop (ubuntu-22.04)	Build Tauri Desktop	2026-08-01T14:00:24.0788397Z [1m[92m  Downloaded[0m heck v0.4.1
build-desktop (ubuntu-22.04)	Build Tauri Desktop	2026-08-01T14:00:24.0795339Z [1m[92m  Downloaded[0m itoa v1.0.18
build-desktop (ubuntu-22.04)	Build Tauri Desktop	2026-08-01T14:00:24.0803435Z [1m[92m  Downloaded[0m syn v2.0.119
build-desktop (ubuntu-22.04)	Build Tauri Desktop	2026-08-01T14:00:24.0874002Z [1m[92m  Downloaded[0m syn v3.0.3
build-desktop (ubuntu-22.04)	Build Tauri Desktop	2026-08-01T14:00:24.0943558Z [1m[92m  Downloaded[0m tao v0.35.3
build-desktop (ubuntu-22.04)	Build Tauri Desktop	2026-08-01T14:00:24.1014141Z [1m[92m  Downloaded[0m zerovec-derive v0.11.3
build-desktop (ubuntu-22.04)	Build Tauri Desktop	2026-08-01T14:00:24.1024147Z [1m[92m  Downloaded[0m atk v0.18.2
build-desktop (ubuntu-22.04)	Build Tauri Desktop	2026-08-01T14:00:24.1042518Z [1m[92m  Downloaded[0m crypto-common v0.1.7
build-desktop (ubuntu-22.04)	Build Tauri Desktop	2026-08-01T14:00:24.1048684Z [1m[92m  Downloaded[0m gdkx11-sys v0.18.2
build-desktop (ubuntu-22.04)	Build Tauri Desktop	2026-08-01T14:00:24.1054544Z [1m[92m  Downloaded[0m regex-syntax v0.8.11
build-desktop (ubuntu-22.04)	Build Tauri Desktop	2026-08-01T14:00:24.1109014Z [1m[92m  Downloaded[0m unic-char-property v0.9.0
build-desktop (ubuntu-22.04)	Build Tauri Desktop	2026-08-01T14:00:24.1116103Z [1m[92m  Downloaded[0m winnow v0.5.40
build-desktop (ubuntu-22.04)	Build Tauri Desktop	2026-08-01T14:00:24.1167304Z [1m[92m  Downloaded[0m winnow v0.7.15
build-desktop (ubuntu-22.04)	Build Tauri Desktop	2026-08-01T14:00:24.1225438Z [1m[92m  Downloaded[0m zerovec v0.11.6
build-desktop (ubuntu-22.04)	Build Tauri Desktop	2026-08-01T14:00:24.1263801Z [1m[92m  Downloaded[0m bs58 v0.5.1
build-desktop (ubuntu-22.04)	Build Tauri Desktop	2026-08-01T14:00:24.1276884Z [1m[92m  Downloaded[0m bytes v1.12.1
build-desktop (ubuntu-22.04)	Build Tauri Desktop	2026-08-01T14:00:24.1299196Z [1m[92m  Downloaded[0m cairo-rs v0.18.5
build-desktop (ubuntu-22.04)	Build Tauri Desktop	2026-08-01T14:00:24.1318456Z [1m[92m  Downloaded[0m cairo-sys-rs v0.18.2
build-desktop (ubuntu-22.04)	Build Tauri Desktop	2026-08-01T14:00:24.1325269Z [1m[92m  Downloaded[0m crossbeam-utils v0.8.22
build-desktop (ubuntu-22.04)	Build Tauri Desktop	2026-08-01T14:00:24.1341601Z [1m[92m  Downloaded[0m ctor v0.8.0
build-desktop (ubuntu-22.04)	Build Tauri Desktop	2026-08-01T14:00:24.1348470Z [1m[92m  Downloaded[0m ctor-proc-macro v0.0.7
build-desktop (ubuntu-22.04)	Build Tauri Desktop	2026-08-01T14:00:24.1353080Z [1m[92m  Downloaded[0m darling v0.23.0
build-desktop (ubuntu-22.04)	Build Tauri Desktop	2026-08-01T14:00:24.1381093Z [1m[92m  Downloaded[0m darling_macro v0.23.0
build-desktop (ubuntu-22.04)	Build Tauri Desktop	2026-08-01T14:00:24.1385073Z [1m[92m  Downloaded[0m gdkx11 v0.18.2
build-desktop (ubuntu-22.04)	Build Tauri Desktop	2026-08-01T14:00:24.1395210Z [1m[92m  Downloaded[0m ident_case v1.0.1
build-desktop (ubuntu-22.04)	Build Tauri Desktop	2026-08-01T14:00:24.1399725Z [1m[92m  Downloaded[0m regex-automata v0.4.16
build-desktop (ubuntu-22.04)	Build Tauri Desktop	2026-08-01T14:00:24.1506937Z [1m[92m  Downloaded[0m x11 v2.21.0
build-desktop (ubuntu-22.04)	Build Tauri Desktop	2026-08-01T14:00:24.1526423Z [1m[92m  Downloaded[0m crossbeam-channel v0.5.16
build-desktop (ubuntu-22.04)	Build Tauri Desktop	2026-08-01T14:00:24.1551711Z [1m[92m  Downloaded[0m cssparser v0.36.0
build-desktop (ubuntu-22.04)	Build Tauri Desktop	2026-08-01T14:00:24.1566919Z [1m[92m  Downloaded[0m deranged v0.5.8
build-desktop (ubuntu-22.04)	Build Tauri Desktop	2026-08-01T14:00:24.1576700Z [1m[92m  Downloaded[0m gdkwayland-sys v0.18.2
build-desktop (ubuntu-22.04)	Build Tauri Desktop	2026-08-01T14:00:24.1581069Z [1m[92m  Downloaded[0m idna_adapter v1.2.2
build-desktop (ubuntu-22.04)	Build Tauri Desktop	2026-08-01T14:00:24.1586271Z [1m[92m  Downloaded[0m libc v0.2.189
build-desktop (ubuntu-22.04)	Build Tauri Desktop	2026-08-01T14:00:24.1830298Z [1m[92m  Downloaded[0m tinyvec_macros v0.1.1
build-desktop (ubuntu-22.04)	Build Tauri Desktop	2026-08-01T14:00:24.1834694Z [1m[92m  Downloaded[0m yoke-derive v0.8.2
build-desktop (ubuntu-22.04)	Build Tauri Desktop	2026-08-01T14:00:24.1842118Z [1m[92m  Downloaded[0m heck v0.5.0
build-desktop (ubuntu-22.04)	Build Tauri Desktop	2026-08-01T14:00:24.1848844Z [1m[92m  Downloaded[0m yoke v0.8.3
build-desktop (ubuntu-22.04)	Build Tauri Desktop	2026-08-01T14:00:24.1861187Z [1m[92m  Downloaded[0m bitflags v2.13.1
build-desktop (ubuntu-22.04)	Build Tauri Desktop	2026-08-01T14:00:24.1885560Z [1m[92m  Downloaded[0m dbus v0.9.12
build-desktop (ubuntu-22.04)	Build Tauri Desktop	2026-08-01T14:00:24.1912462Z [1m[92m  Downloaded[0m libdbus-sys v0.2.7
build-desktop (ubuntu-22.04)	Build Tauri Desktop	2026-08-01T14:00:24.2117525Z [1m[92m  Downloaded[0m bit-set v0.8.0
build-desktop (ubuntu-22.04)	Build Tauri Desktop	2026-08-01T14:00:24.2127661Z [1m[92m  Downloaded[0m hex v0.4.3
build-desktop (ubuntu-22.04)	Build Tauri Desktop	2026-08-01T14:00:24.2133510Z [1m[92m  Downloaded[0m toml_datetime v0.6.3
build-desktop (ubuntu-22.04)	Build Tauri Desktop	2026-08-01T14:00:24.2139152Z [1m[92m  Downloaded[0m unic-char-range v0.9.0
build-desktop (ubuntu-22.04)	Build Tauri Desktop	2026-08-01T14:00:24.2146457Z [1m[92m  Downloaded[0m x11-dl v2.21.0
build-desktop (ubuntu-22.04)	Build Tauri Desktop	2026-08-01T14:00:24.2164866Z [1m[92m  Downloaded[0m zerofrom v0.1.8
build-desktop (ubuntu-22.04)	Build Tauri Desktop	2026-08-01T14:00:24.2171146Z [1m[92m  Downloaded[0m zerofrom-derive v0.1.7
build-desktop (ubuntu-22.04)	Build Tauri Desktop	2026-08-01T14:00:24.2177409Z [1m[92m  Downloaded[0m autocfg v1.5.1
build-desktop (ubuntu-22.04)	Build Tauri Desktop	2026-08-01T14:00:24.2187462Z [1m[92m  Downloaded[0m bit-vec v0.8.0
build-desktop (ubuntu-22.04)	Build Tauri Desktop	2026-08-01T14:00:24.2197274Z [1m[92m  Downloaded[0m bitflags v1.3.2
build-desktop (ubuntu-22.04)	Build Tauri Desktop	2026-08-01T14:00:24.2213688Z [1m[92m  Downloaded[0m block-buffer v0.10.4
build-desktop (ubuntu-22.04)	Build Tauri Desktop	2026-08-01T14:00:24.2219867Z [1m[92m  Downloaded[0m brotli v8.0.4
build-desktop (ubuntu-22.04)	Build Tauri Desktop	2026-08-01T14:00:24.2342042Z [1m[92m  Downloaded[0m displaydoc v0.2.7
build-desktop (ubuntu-22.04)	Build Tauri Desktop	2026-08-01T14:00:24.2353632Z [1m[92m  Downloaded[0m dpi v0.1.2
build-desktop (ubuntu-22.04)	Build Tauri Desktop	2026-08-01T14:00:24.2359972Z [1m[92m  Downloaded[0m dyn-clone v1.0.20
build-desktop (ubuntu-22.04)	Build Tauri Desktop	2026-08-01T14:00:24.2368510Z [1m[92m  Downloaded[0m equivalent v1.0.2
build-desktop (ubuntu-22.04)	Build Tauri Desktop	2026-08-01T14:00:24.2373927Z [1m[92m  Downloaded[0m base64 v0.22.1
build-desktop (ubuntu-22.04)	Build Tauri Desktop	2026-08-01T14:00:24.2397046Z [1m[92m  Downloaded[0m digest v0.10.7
build-desktop (ubuntu-22.04)	Build Tauri Desktop	2026-08-01T14:00:24.2406715Z [1m[92m  Downloaded[0m dlopen2 v0.8.2
build-desktop (ubuntu-22.04)	Build Tauri Desktop	2026-08-01T14:00:24.2423708Z [1m[92m  Downloaded[0m dtoa v1.0.11
build-desktop (ubuntu-22.04)	Build Tauri Desktop	2026-08-01T14:00:24.2433123Z [1m[92m  Downloaded[0m futures-task v0.3.33
build-desktop (ubuntu-22.04)	Build Tauri Desktop	2026-08-01T14:00:24.2439499Z [1m[92m  Downloaded[0m atk-sys v0.18.2
build-desktop (ubuntu-22.04)	Build Tauri Desktop	2026-08-01T14:00:24.2448497Z [1m[92m  Downloaded[0m embed-resource v3.0.11
build-desktop (ubuntu-22.04)	Build Tauri Desktop	2026-08-01T14:00:24.2458993Z [1m[92m  Downloaded[0m zerotrie v0.2.4
build-desktop (ubuntu-22.04)	Build Tauri Desktop	2026-08-01T14:00:24.2484199Z [1m[92m  Downloaded[0m dirs v6.0.0
build-desktop (ubuntu-22.04)	Build Tauri Desktop	2026-08-01T14:00:24.2491819Z [1m[92m  Downloaded[0m dom_query v0.27.0
build-desktop (ubuntu-22.04)	Build Tauri Desktop	2026-08-01T14:00:24.2521129Z [1m[92m  Downloaded[0m time-core v0.1.9
build-desktop (ubuntu-22.04)	Build Tauri Desktop	2026-08-01T14:00:24.2528324Z [1m[92m  Downloaded[0m unic-common v0.9.0
build-desktop (ubuntu-22.04)	Build Tauri Desktop	2026-08-01T14:00:24.2532850Z [1m[92m  Downloaded[0m derive_more-impl v2.1.1
build-desktop (ubuntu-22.04)	Build Tauri Desktop	2026-08-01T14:00:24.2565058Z [1m[92m  Downloaded[0m foldhash v0.2.0
build-desktop (ubuntu-22.04)	Build Tauri Desktop	2026-08-01T14:00:24.2573175Z [1m[92m  Downloaded[0m futures-core v0.3.33
build-desktop (ubuntu-22.04)	Build Tauri Desktop	2026-08-01T14:00:24.2581993Z [1m[92m  Downloaded[0m futures-executor v0.3.33
build-desktop (ubuntu-22.04)	Build Tauri Desktop	2026-08-01T14:00:24.2590560Z [1m[92m  Downloaded[0m gdk-pixbuf v0.18.5
build-desktop (ubuntu-22.04)	Build Tauri Desktop	2026-08-01T14:00:24.2603250Z [1m[92m  Downloaded[0m glob v0.3.4
build-desktop (ubuntu-22.04)	Build Tauri Desktop	2026-08-01T14:00:24.2612887Z [1m[92m  Downloaded[0m typeid v1.0.3
build-desktop (ubuntu-22.04)	Build Tauri Desktop	2026-08-01T14:00:24.2620151Z [1m[92m  Downloaded[0m javascriptcore-rs-sys v1.1.1
build-desktop (ubuntu-22.04)	Build Tauri Desktop	2026-08-01T14:00:24.2627827Z [1m[92m  Downloaded[0m generic-array v0.14.7
build-desktop (ubuntu-22.04)	Build Tauri Desktop	2026-08-01T14:00:24.2637524Z [1m[92m  Downloaded[0m tauri-plugin v2.6.3
build-desktop (ubuntu-22.04)	Build Tauri Desktop	2026-08-01T14:00:24.2645672Z [1m[92m  Downloaded[0m thiserror v2.0.19
build-desktop (ubuntu-22.04)	Build Tauri Desktop	2026-08-01T14:00:24.2676440Z [1m[92m  Downloaded[0m infer v0.19.0
build-desktop (ubuntu-22.04)	Build Tauri Desktop	2026-08-01T14:00:24.2688167Z [1m[92m  Downloaded[0m thiserror v1.0.69
build-desktop (ubuntu-22.04)	Build Tauri Desktop	2026-08-01T14:00:24.2714932Z [1m[92m  Downloaded[0m thiserror-impl v2.0.19
build-desktop (ubuntu-22.04)	Build Tauri Desktop	2026-08-01T14:00:24.2724335Z [1m[92m  Downloaded[0m toml_datetime v0.7.5+spec-1.1.0
build-desktop (ubuntu-22.04)	Build Tauri Desktop	2026-08-01T14:00:24.2733788Z [1m[92m  Downloaded[0m find-msvc-tools v0.1.9
build-desktop (ubuntu-22.04)	Build Tauri Desktop	2026-08-01T14:00:24.2744458Z [1m[92m  Downloaded[0m javascriptcore-rs v1.1.2
build-desktop (ubuntu-22.04)	Build Tauri Desktop	2026-08-01T14:00:24.2758151Z [1m[92m  Downloaded[0m thiserror-impl v1.0.69
build-desktop (ubuntu-22.04)	Build Tauri Desktop	2026-08-01T14:00:24.2766527Z [1m[92m  Downloaded[0m gobject-sys v0.18.0
build-desktop (ubuntu-22.04)	Build Tauri Desktop	2026-08-01T14:00:24.2776096Z [1m[92m  Downloaded[0m tinystr v0.8.3
build-desktop (ubuntu-22.04)	Build Tauri Desktop	2026-08-01T14:00:24.2789940Z [1m[92m  Downloaded[0m toml_datetime v1.1.1+spec-1.1.0
build-desktop (ubuntu-22.04)	Build Tauri Desktop	2026-08-01T14:00:24.2798904Z [1m[92m  Downloaded[0m tauri-winres v0.3.6
build-desktop (ubuntu-22.04)	Build Tauri Desktop	2026-08-01T14:00:24.2809353Z [1m[92m  Downloaded[0m tendril v0.5.1
build-desktop (ubuntu-22.04)	Build Tauri Desktop	2026-08-01T14:00:24.2822086Z [1m[92m  Downloaded[0m time-macros v0.2.32
build-desktop (ubuntu-22.04)	Build Tauri Desktop	2026-08-01T14:00:24.2836952Z [1m[92m  Downloaded[0m toml_writer v1.1.2+spec-1.1.0
build-desktop (ubuntu-22.04)	Build Tauri Desktop	2026-08-01T14:00:24.2846641Z [1m[92m  Downloaded[0m crc32fast v1.5.0
build-desktop (ubuntu-22.04)	Build Tauri Desktop	2026-08-01T14:00:24.2858966Z [1m[92m  Downloaded[0m futures-channel v0.3.33
build-desktop (ubuntu-22.04)	Build Tauri Desktop	2026-08-01T14:00:24.2871714Z [1m[92m  Downloaded[0m tauri-codegen v2.6.3
build-desktop (ubuntu-22.04)	Build Tauri Desktop	2026-08-01T14:00:24.2882857Z [1m[92m  Downloaded[0m tauri-macros v2.6.3
build-desktop (ubuntu-22.04)	Build Tauri Desktop	2026-08-01T14:00:24.2894016Z [1m[92m  Downloaded[0m glib-macros v0.18.5
build-desktop (ubuntu-22.04)	Build Tauri Desktop	2026-08-01T14:00:24.2910356Z [1m[92m  Downloaded[0m toml_parser v1.1.3+spec-1.1.0
build-desktop (ubuntu-22.04)	Build Tauri Desktop	2026-08-01T14:00:24.2925407Z [1m[92m  Downloaded[0m tauri-runtime v2.11.3
build-desktop (ubuntu-22.04)	Build Tauri Desktop	2026-08-01T14:00:24.2938172Z [1m[92m  Downloaded[0m toml v0.9.12+spec-1.1.0
build-desktop (ubuntu-22.04)	Build Tauri Desktop	2026-08-01T14:00:24.2963314Z [1m[92m  Downloaded[0m getrandom v0.4.3
build-desktop (ubuntu-22.04)	Build Tauri Desktop	2026-08-01T14:00:24.2985929Z [1m[92m  Downloaded[0m icu_properties v2.2.0
build-desktop (ubuntu-22.04)	Build Tauri Desktop	2026-08-01T14:00:24.3003631Z [1m[92m  Downloaded[0m indexmap v1.9.3
build-desktop (ubuntu-22.04)	Build Tauri Desktop	2026-08-01T14:00:24.3023239Z [1m[92m  Downloaded[0m toml v0.8.2
build-desktop (ubuntu-22.04)	Build Tauri Desktop	2026-08-01T14:00:24.3042166Z [1m[92m  Downloaded[0m toml v1.1.4+spec-1.1.0
build-desktop (ubuntu-22.04)	Build Tauri Desktop	2026-08-01T14:00:24.3066123Z [1m[92m  Downloaded[0m glib-sys v0.18.1
build-desktop (ubuntu-22.04)	Build Tauri Desktop	2026-08-01T14:00:24.3081253Z [1m[92m  Downloaded[0m iana-time-zone v0.1.65
build-desktop (ubuntu-22.04)	Build Tauri Desktop	2026-08-01T14:00:24.3097490Z [1m[92m  Downloaded[0m icu_provider v2.2.0
build-desktop (ubuntu-22.04)	Build Tauri Desktop	2026-08-01T14:00:24.3115549Z [1m[92m  Downloaded[0m tauri v2.11.5
build-desktop (ubuntu-22.04)	Build Tauri Desktop	2026-08-01T14:00:24.3205281Z [1m[92m  Downloaded[0m tinyvec v1.12.0
build-desktop (ubuntu-22.04)	Build Tauri Desktop	2026-08-01T14:00:24.3223619Z [1m[92m  Downloaded[0m getrandom v0.3.4
build-desktop (ubuntu-22.04)	Build Tauri Desktop	2026-08-01T14:00:24.3244332Z [1m[92m  Downloaded[0m tauri-build v2.6.3
build-desktop (ubuntu-22.04)	Build Tauri Desktop	2026-08-01T14:00:24.3256282Z [1m[92m  Downloaded[0m tray-icon v0.24.2
build-desktop (ubuntu-22.04)	Build Tauri Desktop	2026-08-01T14:00:24.3273537Z [1m[92m  Downloaded[0m ico v0.5.0
build-desktop (ubuntu-22.04)	Build Tauri Desktop	2026-08-01T14:00:24.3291904Z [1m[92m  Downloaded[0m icu_normalizer v2.2.0
build-desktop (ubuntu-22.04)	Build Tauri Desktop	2026-08-01T14:00:24.3316615Z [1m[92m  Downloaded[0m gio-sys v0.18.1
build-desktop (ubuntu-22.04)	Build Tauri Desktop	2026-08-01T14:00:24.3336719Z [1m[92m  Downloaded[0m icu_collections v2.2.0
build-desktop (ubuntu-22.04)	Build Tauri Desktop	2026-08-01T14:00:24.3372208Z [1m[92m  Downloaded[0m icu_locale_core v2.2.0
build-desktop (ubuntu-22.04)	Build Tauri Desktop	2026-08-01T14:00:24.3409994Z [1m[92m  Downloaded[0m icu_normalizer_data v2.2.0
build-desktop (ubuntu-22.04)	Build Tauri Desktop	2026-08-01T14:00:24.3425896Z [1m[92m  Downloaded[0m tauri-runtime-wry v2.11.4
build-desktop (ubuntu-22.04)	Build Tauri Desktop	2026-08-01T14:00:24.3443986Z [1m[92m  Downloaded[0m gdk-sys v0.18.2
build-desktop (ubuntu-22.04)	Build Tauri Desktop	2026-08-01T14:00:24.3460355Z [1m[92m  Downloaded[0m html5ever v0.38.0
build-desktop (ubuntu-22.04)	Build Tauri Desktop	2026-08-01T14:00:24.3483273Z [1m[92m  Downloaded[0m tauri-plugin-log v2.9.0
build-desktop (ubuntu-22.04)	Build Tauri Desktop	2026-08-01T14:00:24.3503464Z [1m[92m  Downloaded[0m flate2 v1.1.9
build-desktop (ubuntu-22.04)	Build Tauri Desktop	2026-08-01T14:00:24.3532725Z [1m[92m  Downloaded[0m gdk v0.18.2
build-desktop (ubuntu-22.04)	Build Tauri Desktop	2026-08-01T14:00:24.3564863Z [1m[92m  Downloaded[0m hashbrown v0.12.3
build-desktop (ubuntu-22.04)	Build Tauri Desktop	2026-08-01T14:00:24.3589486Z [1m[92m  Downloaded[0m indexmap v2.14.0
build-desktop (ubuntu-22.04)	Build Tauri Desktop	2026-08-01T14:00:24.3616147Z [1m[92m  Downloaded[0m toml_edit v0.19.15
build-desktop (ubuntu-22.04)	Build Tauri Desktop	2026-08-01T14:00:24.3706615Z [1m[92m  Downloaded[0m toml_edit v0.20.2
build-desktop (ubuntu-22.04)	Build Tauri Desktop	2026-08-01T14:00:24.3794436Z [1m[92m  Downloaded[0m http v1.5.0
build-desktop (ubuntu-22.04)	Build Tauri Desktop	2026-08-01T14:00:24.3817962Z [1m[92m  Downloaded[0m typenum v1.20.1
build-desktop (ubuntu-22.04)	Build Tauri Desktop	2026-08-01T14:00:24.3842309Z [1m[92m  Downloaded[0m tauri-utils v2.9.3
build-desktop (ubuntu-22.04)	Build Tauri Desktop	2026-08-01T14:00:24.3872194Z [1m[92m  Downloaded[0m hashbrown v0.17.1
build-desktop (ubuntu-22.04)	Build Tauri Desktop	2026-08-01T14:00:24.3907107Z [1m[92m  Downloaded[0m idna v1.1.0
build-desktop (ubuntu-22.04)	Build Tauri Desktop	2026-08-01T14:00:24.3933313Z [1m[92m  Downloaded[0m gtk-sys v0.18.2
build-desktop (ubuntu-22.04)	Build Tauri Desktop	2026-08-01T14:00:24.3959443Z [1m[92m  Downloaded[0m futures-util v0.3.33
build-desktop (ubuntu-22.04)	Build Tauri Desktop	2026-08-01T14:00:24.4026502Z [1m[92m  Downloaded[0m icu_properties_data v2.2.0
build-desktop (ubuntu-22.04)	Build Tauri Desktop	2026-08-01T14:00:24.4083920Z [1m[92m  Downloaded[0m gio v0.18.4
build-desktop (ubuntu-22.04)	Build Tauri Desktop	2026-08-01T14:00:24.4168298Z [1m[92m  Downloaded[0m fern v0.7.1
build-desktop (ubuntu-22.04)	Build Tauri Desktop	2026-08-01T14:00:24.4200742Z [1m[92m  Downloaded[0m glib v0.18.5
build-desktop (ubuntu-22.04)	Build Tauri Desktop	2026-08-01T14:00:24.4266615Z [1m[92m  Downloaded[0m time v0.3.55
build-desktop (ubuntu-22.04)	Build Tauri Desktop	2026-08-01T14:00:24.4351069Z [1m[92m  Downloaded[0m gtk v0.18.2
build-desktop (ubuntu-22.04)	Build Tauri Desktop	2026-08-01T14:00:24.4486354Z [1m[92m  Downloaded[0m tokio v1.53.1
build-desktop (ubuntu-22.04)	Build Tauri Desktop	2026-08-01T14:00:24.6342139Z [1m[92m   Compiling[0m proc-macro2 v1.0.107
build-desktop (ubuntu-22.04)	Build Tauri Desktop	2026-08-01T14:00:24.6343085Z [1m[92m   Compiling[0m unicode-ident v1.0.24
build-desktop (ubuntu-22.04)	Build Tauri Desktop	2026-08-01T14:00:24.6343754Z [1m[92m   Compiling[0m quote v1.0.47
build-desktop (ubuntu-22.04)	Build Tauri Desktop	2026-08-01T14:00:24.6344488Z [1m[92m   Compiling[0m serde_core v1.0.229
build-desktop (ubuntu-22.04)	Build Tauri Desktop	2026-08-01T14:00:27.0685195Z [1m[92m   Compiling[0m serde v1.0.229
build-desktop (ubuntu-22.04)	Build Tauri Desktop	2026-08-01T14:00:37.6371512Z [1m[92m   Compiling[0m smallvec v1.15.2
build-desktop (ubuntu-22.04)	Build Tauri Desktop	2026-08-01T14:00:37.6410932Z [1m[92m   Compiling[0m equivalent v1.0.2
build-desktop (ubuntu-22.04)	Build Tauri Desktop	2026-08-01T14:00:37.6751474Z [1m[92m   Compiling[0m hashbrown v0.17.1
build-desktop (ubuntu-22.04)	Build Tauri Desktop	2026-08-01T14:00:37.7881397Z [1m[92m   Compiling[0m libc v0.2.189
build-desktop (ubuntu-22.04)	Build Tauri Desktop	2026-08-01T14:00:37.9978465Z [1m[92m   Compiling[0m pkg-config v0.3.33
build-desktop (ubuntu-22.04)	Build Tauri Desktop	2026-08-01T14:00:38.3320895Z [1m[92m   Compiling[0m syn v3.0.3
build-desktop (ubuntu-22.04)	Build Tauri Desktop	2026-08-01T14:00:38.3701188Z [1m[92m   Compiling[0m syn v2.0.119
build-desktop (ubuntu-22.04)	Build Tauri Desktop	2026-08-01T14:00:38.4014735Z [1m[92m   Compiling[0m indexmap v2.14.0
build-desktop (ubuntu-22.04)	Build Tauri Desktop	2026-08-01T14:00:38.9870881Z [1m[92m   Compiling[0m heck v0.5.0
build-desktop (ubuntu-22.04)	Build Tauri Desktop	2026-08-01T14:00:39.1302029Z [1m[92m   Compiling[0m winnow v0.5.40
build-desktop (ubuntu-22.04)	Build Tauri Desktop	2026-08-01T14:00:39.5391391Z [1m[92m   Compiling[0m target-lexicon v0.12.16
build-desktop (ubuntu-22.04)	Build Tauri Desktop	2026-08-01T14:00:40.0501764Z [1m[92m   Compiling[0m cfg-expr v0.15.8
build-desktop (ubuntu-22.04)	Build Tauri Desktop	2026-08-01T14:00:40.5219930Z [1m[92m   Compiling[0m version-compare v0.2.1
build-desktop (ubuntu-22.04)	Build Tauri Desktop	2026-08-01T14:00:40.5561195Z [1m[92m   Compiling[0m serde_derive v1.0.229
build-desktop (ubuntu-22.04)	Build Tauri Desktop	2026-08-01T14:00:41.4231424Z [1m[92m   Compiling[0m synstructure v0.13.2
build-desktop (ubuntu-22.04)	Build Tauri Desktop	2026-08-01T14:00:41.8706396Z [1m[92m   Compiling[0m displaydoc v0.2.7
build-desktop (ubuntu-22.04)	Build Tauri Desktop	2026-08-01T14:00:42.3411504Z [1m[92m   Compiling[0m version_check v0.9.5
build-desktop (ubuntu-22.04)	Build Tauri Desktop	2026-08-01T14:00:42.5436263Z [1m[92m   Compiling[0m thiserror v1.0.69
build-desktop (ubuntu-22.04)	Build Tauri Desktop	2026-08-01T14:00:42.6033282Z [1m[92m   Compiling[0m zerofrom-derive v0.1.7
build-desktop (ubuntu-22.04)	Build Tauri Desktop	2026-08-01T14:00:42.6941368Z [1m[92m   Compiling[0m yoke-derive v0.8.2
build-desktop (ubuntu-22.04)	Build Tauri Desktop	2026-08-01T14:00:43.0630220Z [1m[92m   Compiling[0m zerovec-derive v0.11.3
build-desktop (ubuntu-22.04)	Build Tauri Desktop	2026-08-01T14:00:43.5220578Z [1m[92m   Compiling[0m thiserror-impl v1.0.69
build-desktop (ubuntu-22.04)	Build Tauri Desktop	2026-08-01T14:00:43.6070279Z [1m[92m   Compiling[0m toml_datetime v0.6.3
build-desktop (ubuntu-22.04)	Build Tauri Desktop	2026-08-01T14:00:43.6231154Z [1m[92m   Compiling[0m serde_spanned v0.6.9
build-desktop (ubuntu-22.04)	Build Tauri Desktop	2026-08-01T14:00:43.6960888Z [1m[92m   Compiling[0m siphasher v1.0.3
build-desktop (ubuntu-22.04)	Build Tauri Desktop	2026-08-01T14:00:43.7401196Z [1m[92m   Compiling[0m toml_edit v0.20.2
build-desktop (ubuntu-22.04)	Build Tauri Desktop	2026-08-01T14:00:43.8211481Z [1m[92m   Compiling[0m phf_shared v0.13.1
build-desktop (ubuntu-22.04)	Build Tauri Desktop	2026-08-01T14:00:43.9371283Z [1m[92m   Compiling[0m icu_properties_data v2.2.0
build-desktop (ubuntu-22.04)	Build Tauri Desktop	2026-08-01T14:00:43.9915683Z [1m[92m   Compiling[0m fastrand v2.5.0
build-desktop (ubuntu-22.04)	Build Tauri Desktop	2026-08-01T14:00:44.0188194Z [1m[92m   Compiling[0m icu_normalizer_data v2.2.0
build-desktop (ubuntu-22.04)	Build Tauri Desktop	2026-08-01T14:00:44.0919240Z [1m[92m   Compiling[0m phf_generator v0.13.1
build-desktop (ubuntu-22.04)	Build Tauri Desktop	2026-08-01T14:00:44.0941541Z [1m[92m   Compiling[0m stable_deref_trait v1.2.1
build-desktop (ubuntu-22.04)	Build Tauri Desktop	2026-08-01T14:00:44.1358167Z [1m[92m   Compiling[0m memchr v2.8.3
build-desktop (ubuntu-22.04)	Build Tauri Desktop	2026-08-01T14:00:44.2018695Z [1m[92m   Compiling[0m cfg-if v1.0.4
build-desktop (ubuntu-22.04)	Build Tauri Desktop	2026-08-01T14:00:44.2348179Z [1m[92m   Compiling[0m zmij v1.0.23
build-desktop (ubuntu-22.04)	Build Tauri Desktop	2026-08-01T14:00:44.3564132Z [1m[92m   Compiling[0m zerofrom v0.1.8
build-desktop (ubuntu-22.04)	Build Tauri Desktop	2026-08-01T14:00:44.4579234Z [1m[92m   Compiling[0m autocfg v1.5.1
build-desktop (ubuntu-22.04)	Build Tauri Desktop	2026-08-01T14:00:44.7481551Z [1m[92m   Compiling[0m yoke v0.8.3
build-desktop (ubuntu-22.04)	Build Tauri Desktop	2026-08-01T14:00:44.8798317Z [1m[92m   Compiling[0m semver v1.0.28
build-desktop (ubuntu-22.04)	Build Tauri Desktop	2026-08-01T14:00:45.2726525Z [1m[92m   Compiling[0m parking_lot_core v0.9.12
build-desktop (ubuntu-22.04)	Build Tauri Desktop	2026-08-01T14:00:45.2992800Z [1m[92m   Compiling[0m toml v0.8.2
build-desktop (ubuntu-22.04)	Build Tauri Desktop	2026-08-01T14:00:45.4135645Z [1m[92m   Compiling[0m zerovec v0.11.6
build-desktop (ubuntu-22.04)	Build Tauri Desktop	2026-08-01T14:00:45.7284634Z [1m[92m   Compiling[0m system-deps v6.2.2
build-desktop (ubuntu-22.04)	Build Tauri Desktop	2026-08-01T14:00:45.8903721Z [1m[92m   Compiling[0m phf_macros v0.13.1
build-desktop (ubuntu-22.04)	Build Tauri Desktop	2026-08-01T14:00:45.9285674Z [1m[92m   Compiling[0m proc-macro-error-attr v1.0.4
build-desktop (ubuntu-22.04)	Build Tauri Desktop	2026-08-01T14:00:46.0171504Z [1m[92m   Compiling[0m syn v1.0.109
build-desktop (ubuntu-22.04)	Build Tauri Desktop	2026-08-01T14:00:46.1644040Z [1m[92m   Compiling[0m typeid v1.0.3
build-desktop (ubuntu-22.04)	Build Tauri Desktop	2026-08-01T14:00:46.3231213Z [1m[92m   Compiling[0m proc-macro-error v1.0.4
build-desktop (ubuntu-22.04)	Build Tauri Desktop	2026-08-01T14:00:46.3381712Z [1m[92m   Compiling[0m thiserror v2.0.19
build-desktop (ubuntu-22.04)	Build Tauri Desktop	2026-08-01T14:00:46.3963256Z [1m[92m   Compiling[0m time-core v0.1.9
build-desktop (ubuntu-22.04)	Build Tauri Desktop	2026-08-01T14:00:46.4127285Z [1m[92m   Compiling[0m num-conv v0.2.2
build-desktop (ubuntu-22.04)	Build Tauri Desktop	2026-08-01T14:00:46.4805610Z [1m[92m   Compiling[0m glib-sys v0.18.1
build-desktop (ubuntu-22.04)	Build Tauri Desktop	2026-08-01T14:00:46.5011007Z [1m[92m   Compiling[0m gobject-sys v0.18.0
build-desktop (ubuntu-22.04)	Build Tauri Desktop	2026-08-01T14:00:46.5103922Z [1m[92m   Compiling[0m gio-sys v0.18.1
build-desktop (ubuntu-22.04)	Build Tauri Desktop	2026-08-01T14:00:46.5416314Z [1m[92m   Compiling[0m gdk-sys v0.18.2
build-desktop (ubuntu-22.04)	Build Tauri Desktop	2026-08-01T14:00:46.6819127Z [1m[92m   Compiling[0m tinystr v0.8.3
build-desktop (ubuntu-22.04)	Build Tauri Desktop	2026-08-01T14:00:46.8218259Z [1m[92m   Compiling[0m phf_codegen v0.13.1
build-desktop (ubuntu-22.04)	Build Tauri Desktop	2026-08-01T14:00:46.8931447Z [1m[92m   Compiling[0m pin-project-lite v0.2.17
build-desktop (ubuntu-22.04)	Build Tauri Desktop	2026-08-01T14:00:46.9412420Z [1m[92m   Compiling[0m erased-serde v0.4.10
build-desktop (ubuntu-22.04)	Build Tauri Desktop	2026-08-01T14:00:47.0661192Z [1m[92m   Compiling[0m writeable v0.6.3
build-desktop (ubuntu-22.04)	Build Tauri Desktop	2026-08-01T14:00:47.0920143Z [1m[92m   Compiling[0m futures-core v0.3.33
build-desktop (ubuntu-22.04)	Build Tauri Desktop	2026-08-01T14:00:47.1945277Z [1m[92m   Compiling[0m ident_case v1.0.1
build-desktop (ubuntu-22.04)	Build Tauri Desktop	2026-08-01T14:00:47.2531249Z [1m[92m   Compiling[0m litemap v0.8.2
build-desktop (ubuntu-22.04)	Build Tauri Desktop	2026-08-01T14:00:47.3851285Z [1m[92m   Compiling[0m itoa v1.0.18
build-desktop (ubuntu-22.04)	Build Tauri Desktop	2026-08-01T14:00:47.4062446Z [1m[92m   Compiling[0m strsim v0.11.1
build-desktop (ubuntu-22.04)	Build Tauri Desktop	2026-08-01T14:00:47.4971170Z [1m[92m   Compiling[0m icu_locale_core v2.2.0
build-desktop (ubuntu-22.04)	Build Tauri Desktop	2026-08-01T14:00:47.5698851Z [1m[92m   Compiling[0m darling_core v0.23.0
build-desktop (ubuntu-22.04)	Build Tauri Desktop	2026-08-01T14:00:48.1951539Z [1m[92m   Compiling[0m potential_utf v0.1.5
build-desktop (ubuntu-22.04)	Build Tauri Desktop	2026-08-01T14:00:48.2886650Z [1m[92m   Compiling[0m zerotrie v0.2.4
build-desktop (ubuntu-22.04)	Build Tauri Desktop	2026-08-01T14:00:48.3970919Z [1m[92m   Compiling[0m futures-macro v0.3.33
build-desktop (ubuntu-22.04)	Build Tauri Desktop	2026-08-01T14:00:48.5003623Z [1m[92m   Compiling[0m thiserror-impl v2.0.19
build-desktop (ubuntu-22.04)	Build Tauri Desktop	2026-08-01T14:00:48.9477295Z [1m[92m   Compiling[0m utf8_iter v1.0.4
build-desktop (ubuntu-22.04)	Build Tauri Desktop	2026-08-01T14:00:49.0246007Z [1m[92m   Compiling[0m futures-task v0.3.33
build-desktop (ubuntu-22.04)	Build Tauri Desktop	2026-08-01T14:00:49.1321503Z [1m[92m   Compiling[0m once_cell v1.21.4
build-desktop (ubuntu-22.04)	Build Tauri Desktop	2026-08-01T14:00:49.3131384Z [1m[92m   Compiling[0m slab v0.4.12
build-desktop (ubuntu-22.04)	Build Tauri Desktop	2026-08-01T14:00:49.4483341Z [1m[92m   Compiling[0m futures-util v0.3.33
build-desktop (ubuntu-22.04)	Build Tauri Desktop	2026-08-01T14:00:49.4581441Z [1m[92m   Compiling[0m icu_collections v2.2.0
build-desktop (ubuntu-22.04)	Build Tauri Desktop	2026-08-01T14:00:49.8365323Z [1m[92m   Compiling[0m icu_provider v2.2.0
build-desktop (ubuntu-22.04)	Build Tauri Desktop	2026-08-01T14:00:49.9661099Z [1m[92m   Compiling[0m darling_macro v0.23.0
build-desktop (ubuntu-22.04)	Build Tauri Desktop	2026-08-01T14:00:50.0751558Z [1m[92m   Compiling[0m proc-macro-crate v2.0.2
build-desktop (ubuntu-22.04)	Build Tauri Desktop	2026-08-01T14:00:50.1592357Z [1m[92m   Compiling[0m rustc_version v0.4.1
build-desktop (ubuntu-22.04)	Build Tauri Desktop	2026-08-01T14:00:50.4311879Z [1m[92m   Compiling[0m bitflags v2.13.1
build-desktop (ubuntu-22.04)	Build Tauri Desktop	2026-08-01T14:00:50.4533842Z [1m[92m   Compiling[0m heck v0.4.1
build-desktop (ubuntu-22.04)	Build Tauri Desktop	2026-08-01T14:00:50.5541157Z [1m[92m   Compiling[0m scopeguard v1.2.0
build-desktop (ubuntu-22.04)	Build Tauri Desktop	2026-08-01T14:00:50.5935582Z [1m[92m   Compiling[0m anyhow v1.0.104
build-desktop (ubuntu-22.04)	Build Tauri Desktop	2026-08-01T14:00:50.6021090Z [1m[92m   Compiling[0m new_debug_unreachable v1.0.6
build-desktop (ubuntu-22.04)	Build Tauri Desktop	2026-08-01T14:00:50.6340928Z [1m[92m   Compiling[0m glib-macros v0.18.5
build-desktop (ubuntu-22.04)	Build Tauri Desktop	2026-08-01T14:00:50.7481347Z [1m[92m   Compiling[0m lock_api v0.4.14
build-desktop (ubuntu-22.04)	Build Tauri Desktop	2026-08-01T14:00:50.9671520Z [1m[92m   Compiling[0m darling v0.23.0
build-desktop (ubuntu-22.04)	Build Tauri Desktop	2026-08-01T14:00:51.0080135Z [1m[92m   Compiling[0m futures-channel v0.3.33
build-desktop (ubuntu-22.04)	Build Tauri Desktop	2026-08-01T14:00:51.1571434Z [1m[92m   Compiling[0m pango-sys v0.18.0
build-desktop (ubuntu-22.04)	Build Tauri Desktop	2026-08-01T14:00:51.2017382Z [1m[92m   Compiling[0m gdk-pixbuf-sys v0.18.0
build-desktop (ubuntu-22.04)	Build Tauri Desktop	2026-08-01T14:00:51.2811602Z [1m[92m   Compiling[0m futures-executor v0.3.33
build-desktop (ubuntu-22.04)	Build Tauri Desktop	2026-08-01T14:00:51.3116290Z [1m[92m   Compiling[0m cairo-sys-rs v0.18.2
build-desktop (ubuntu-22.04)	Build Tauri Desktop	2026-08-01T14:00:51.4211484Z [1m[92m   Compiling[0m phf v0.13.1
build-desktop (ubuntu-22.04)	Build Tauri Desktop	2026-08-01T14:00:51.4533226Z [1m[92m   Compiling[0m string_cache_codegen v0.6.1
build-desktop (ubuntu-22.04)	Build Tauri Desktop	2026-08-01T14:00:51.5281451Z [1m[92m   Compiling[0m serde_json v1.0.151
build-desktop (ubuntu-22.04)	Build Tauri Desktop	2026-08-01T14:00:51.6181667Z [1m[92m   Compiling[0m precomputed-hash v0.1.1
build-desktop (ubuntu-22.04)	Build Tauri Desktop	2026-08-01T14:00:51.6535254Z [1m[92m   Compiling[0m getrandom v0.4.3
build-desktop (ubuntu-22.04)	Build Tauri Desktop	2026-08-01T14:00:51.6955773Z [1m[92m   Compiling[0m winnow v1.0.4
build-desktop (ubuntu-22.04)	Build Tauri Desktop	2026-08-01T14:00:51.7736215Z [1m[92m   Compiling[0m web_atoms v0.2.5
build-desktop (ubuntu-22.04)	Build Tauri Desktop	2026-08-01T14:00:51.9789170Z [1m[92m   Compiling[0m toml_parser v1.1.3+spec-1.1.0
build-desktop (ubuntu-22.04)	Build Tauri Desktop	2026-08-01T14:00:52.0375359Z [1m[92m   Compiling[0m parking_lot v0.12.5
build-desktop (ubuntu-22.04)	Build Tauri Desktop	2026-08-01T14:00:52.0991335Z [1m[92m   Compiling[0m serde_with_macros v3.21.0
build-desktop (ubuntu-22.04)	Build Tauri Desktop	2026-08-01T14:00:52.3201436Z [1m[92m   Compiling[0m icu_properties v2.2.0
build-desktop (ubuntu-22.04)	Build Tauri Desktop	2026-08-01T14:00:52.5341309Z [1m[92m   Compiling[0m icu_normalizer v2.2.0
build-desktop (ubuntu-22.04)	Build Tauri Desktop	2026-08-01T14:00:52.8640278Z [1m[92m   Compiling[0m atk-sys v0.18.2
build-desktop (ubuntu-22.04)	Build Tauri Desktop	2026-08-01T14:00:52.9550839Z [1m[92m   Compiling[0m serde_spanned v1.1.1
build-desktop (ubuntu-22.04)	Build Tauri Desktop	2026-08-01T14:00:53.0374834Z [1m[92m   Compiling[0m ctor-proc-macro v0.0.7
build-desktop (ubuntu-22.04)	Build Tauri Desktop	2026-08-01T14:00:53.1295213Z [1m[92m   Compiling[0m toml_writer v1.1.2+spec-1.1.0
build-desktop (ubuntu-22.04)	Build Tauri Desktop	2026-08-01T14:00:53.1326679Z [1m[92m   Compiling[0m glib v0.18.5
build-desktop (ubuntu-22.04)	Build Tauri Desktop	2026-08-01T14:00:53.2151350Z [1m[92m   Compiling[0m string_cache v0.9.0
build-desktop (ubuntu-22.04)	Build Tauri Desktop	2026-08-01T14:00:53.2798201Z [1m[92m   Compiling[0m idna_adapter v1.2.2
build-desktop (ubuntu-22.04)	Build Tauri Desktop	2026-08-01T14:00:53.9189882Z [1m[92m   Compiling[0m log v0.4.33
build-desktop (ubuntu-22.04)	Build Tauri Desktop	2026-08-01T14:00:54.0286319Z [1m[92m   Compiling[0m dtoa v1.0.11
build-desktop (ubuntu-22.04)	Build Tauri Desktop	2026-08-01T14:00:54.1121815Z [1m[92m   Compiling[0m percent-encoding v2.3.2
build-desktop (ubuntu-22.04)	Build Tauri Desktop	2026-08-01T14:00:54.2231581Z [1m[92m   Compiling[0m form_urlencoded v1.2.2
build-desktop (ubuntu-22.04)	Build Tauri Desktop	2026-08-01T14:00:54.3161324Z [1m[92m   Compiling[0m dtoa-short v0.3.5
build-desktop (ubuntu-22.04)	Build Tauri Desktop	2026-08-01T14:00:54.3781359Z [1m[92m   Compiling[0m uuid v1.24.0
build-desktop (ubuntu-22.04)	Build Tauri Desktop	2026-08-01T14:00:54.5589309Z [1m[92m   Compiling[0m idna v1.1.0
build-desktop (ubuntu-22.04)	Build Tauri Desktop	2026-08-01T14:00:54.9166636Z [1m[92m   Compiling[0m tendril v0.5.1
build-desktop (ubuntu-22.04)	Build Tauri Desktop	2026-08-01T14:00:55.0721408Z [1m[92m   Compiling[0m selectors v0.36.1
build-desktop (ubuntu-22.04)	Build Tauri Desktop	2026-08-01T14:00:55.1719718Z [1m[92m   Compiling[0m aho-corasick v1.1.4
build-desktop (ubuntu-22.04)	Build Tauri Desktop	2026-08-01T14:00:55.2851576Z [1m[92m   Compiling[0m indexmap v1.9.3
build-desktop (ubuntu-22.04)	Build Tauri Desktop	2026-08-01T14:00:55.3350352Z [1m[92m   Compiling[0m derive_more-impl v2.1.1
build-desktop (ubuntu-22.04)	Build Tauri Desktop	2026-08-01T14:00:55.3644665Z [1m[92m   Compiling[0m cssparser-macros v0.6.1
build-desktop (ubuntu-22.04)	Build Tauri Desktop	2026-08-01T14:00:55.6101664Z [1m[92m   Compiling[0m toml_datetime v1.1.1+spec-1.1.0
build-desktop (ubuntu-22.04)	Build Tauri Desktop	2026-08-01T14:00:55.8101478Z [1m[92m   Compiling[0m unic-char-range v0.9.0
build-desktop (ubuntu-22.04)	Build Tauri Desktop	2026-08-01T14:00:55.8662040Z [1m[92m   Compiling[0m unic-common v0.9.0
build-desktop (ubuntu-22.04)	Build Tauri Desktop	2026-08-01T14:00:55.9147477Z [1m[92m   Compiling[0m camino v1.2.5
build-desktop (ubuntu-22.04)	Build Tauri Desktop	2026-08-01T14:00:56.0671928Z [1m[92m   Compiling[0m regex-syntax v0.8.11
build-desktop (ubuntu-22.04)	Build Tauri Desktop	2026-08-01T14:00:56.0720333Z [1m[92m   Compiling[0m gio v0.18.4
build-desktop (ubuntu-22.04)	Build Tauri Desktop	2026-08-01T14:00:56.1391297Z [1m[92m   Compiling[0m byteorder v1.5.0
build-desktop (ubuntu-22.04)	Build Tauri Desktop	2026-08-01T14:00:56.3021341Z [1m[92m   Compiling[0m alloc-no-stdlib v2.0.4
build-desktop (ubuntu-22.04)	Build Tauri Desktop	2026-08-01T14:00:56.3641250Z [1m[92m   Compiling[0m alloc-stdlib v0.2.4
build-desktop (ubuntu-22.04)	Build Tauri Desktop	2026-08-01T14:00:56.4361342Z [1m[92m   Compiling[0m derive_more v2.1.1
build-desktop (ubuntu-22.04)	Build Tauri Desktop	2026-08-01T14:00:56.5091558Z [1m[92m   Compiling[0m unic-ucd-version v0.9.0
build-desktop (ubuntu-22.04)	Build Tauri Desktop	2026-08-01T14:00:56.5441331Z [1m[92m   Compiling[0m unic-char-property v0.9.0
build-desktop (ubuntu-22.04)	Build Tauri Desktop	2026-08-01T14:00:56.5951249Z [1m[92m   Compiling[0m toml v1.1.4+spec-1.1.0
build-desktop (ubuntu-22.04)	Build Tauri Desktop	2026-08-01T14:00:56.7290954Z [1m[92m   Compiling[0m cssparser v0.36.0
build-desktop (ubuntu-22.04)	Build Tauri Desktop	2026-08-01T14:00:57.5185102Z [1m[92m   Compiling[0m markup5ever v0.38.0
build-desktop (ubuntu-22.04)	Build Tauri Desktop	2026-08-01T14:00:57.6751368Z [1m[92m   Compiling[0m regex-automata v0.4.16
build-desktop (ubuntu-22.04)	Build Tauri Desktop	2026-08-01T14:00:57.7507660Z [1m[92m   Compiling[0m url v2.5.8
build-desktop (ubuntu-22.04)	Build Tauri Desktop	2026-08-01T14:00:58.5077386Z [1m[92m   Compiling[0m gtk-sys v0.18.2
build-desktop (ubuntu-22.04)	Build Tauri Desktop	2026-08-01T14:00:58.6287332Z [1m[92m   Compiling[0m servo_arc v0.4.3
build-desktop (ubuntu-22.04)	Build Tauri Desktop	2026-08-01T14:00:58.7761162Z [1m[92m   Compiling[0m serde_derive_internals v0.29.1
build-desktop (ubuntu-22.04)	Build Tauri Desktop	2026-08-01T14:00:58.9051212Z [1m[92m   Compiling[0m rustc-hash v2.1.3
build-desktop (ubuntu-22.04)	Build Tauri Desktop	2026-08-01T14:00:58.9661261Z [1m[92m   Compiling[0m powerfmt v0.2.0
build-desktop (ubuntu-22.04)	Build Tauri Desktop	2026-08-01T14:00:59.0821198Z [1m[92m   Compiling[0m bit-vec v0.8.0
build-desktop (ubuntu-22.04)	Build Tauri Desktop	2026-08-01T14:00:59.3691562Z [1m[92m   Compiling[0m schemars v0.8.22
build-desktop (ubuntu-22.04)	Build Tauri Desktop	2026-08-01T14:00:59.4551027Z [1m[92m   Compiling[0m futures-io v0.3.33
build-desktop (ubuntu-22.04)	Build Tauri Desktop	2026-08-01T14:00:59.5687673Z [1m[92m   Compiling[0m fnv v1.0.7
build-desktop (ubuntu-22.04)	Build Tauri Desktop	2026-08-01T14:00:59.5772004Z [1m[92m   Compiling[0m deranged v0.5.8
build-desktop (ubuntu-22.04)	Build Tauri Desktop	2026-08-01T14:00:59.6094606Z [1m[92m   Compiling[0m hashbrown v0.12.3
build-desktop (ubuntu-22.04)	Build Tauri Desktop	2026-08-01T14:01:00.4561262Z [1m[92m   Compiling[0m time v0.3.55
build-desktop (ubuntu-22.04)	Build Tauri Desktop	2026-08-01T14:01:00.5531586Z [1m[92m   Compiling[0m cfb v0.7.3
build-desktop (ubuntu-22.04)	Build Tauri Desktop	2026-08-01T14:01:01.1540416Z [1m[92m   Compiling[0m schemars_derive v0.8.22
build-desktop (ubuntu-22.04)	Build Tauri Desktop	2026-08-01T14:01:02.0934262Z [1m[92m   Compiling[0m regex v1.13.1
build-desktop (ubuntu-22.04)	Build Tauri Desktop	2026-08-01T14:01:02.4308438Z [1m[92m   Compiling[0m bit-set v0.8.0
build-desktop (ubuntu-22.04)	Build Tauri Desktop	2026-08-01T14:01:03.0964141Z [1m[92m   Compiling[0m html5ever v0.38.0
build-desktop (ubuntu-22.04)	Build Tauri Desktop	2026-08-01T14:01:03.2729231Z [1m[92m   Compiling[0m unic-ucd-ident v0.9.0
build-desktop (ubuntu-22.04)	Build Tauri Desktop	2026-08-01T14:01:03.7251530Z [1m[92m   Compiling[0m brotli-decompressor v5.0.3
build-desktop (ubuntu-22.04)	Build Tauri Desktop	2026-08-01T14:01:03.9806385Z [1m[92m   Compiling[0m jsonptr v0.6.3
build-desktop (ubuntu-22.04)	Build Tauri Desktop	2026-08-01T14:01:04.3833401Z [1m[92m   Compiling[0m quick-xml v0.41.0
build-desktop (ubuntu-22.04)	Build Tauri Desktop	2026-08-01T14:01:04.4991730Z [1m[92m   Compiling[0m cargo-platform v0.1.9
build-desktop (ubuntu-22.04)	Build Tauri Desktop	2026-08-01T14:01:04.6635430Z [1m[92m   Compiling[0m same-file v1.0.6
build-desktop (ubuntu-22.04)	Build Tauri Desktop	2026-08-01T14:01:04.7472907Z [1m[92m   Compiling[0m bytes v1.12.1
build-desktop (ubuntu-22.04)	Build Tauri Desktop	2026-08-01T14:01:05.2638139Z [1m[92m   Compiling[0m dunce v1.0.5
build-desktop (ubuntu-22.04)	Build Tauri Desktop	2026-08-01T14:01:05.3071108Z [1m[92m   Compiling[0m dyn-clone v1.0.20
build-desktop (ubuntu-22.04)	Build Tauri Desktop	2026-08-01T14:01:05.3680040Z [1m[92m   Compiling[0m foldhash v0.2.0
build-desktop (ubuntu-22.04)	Build Tauri Desktop	2026-08-01T14:01:05.4813799Z [1m[92m   Compiling[0m base64 v0.22.1
build-desktop (ubuntu-22.04)	Build Tauri Desktop	2026-08-01T14:01:05.7251421Z [1m[92m   Compiling[0m plist v1.10.0
build-desktop (ubuntu-22.04)	Build Tauri Desktop	2026-08-01T14:01:06.4676828Z [1m[92m   Compiling[0m dom_query v0.27.0
build-desktop (ubuntu-22.04)	Build Tauri Desktop	2026-08-01T14:01:08.1518972Z [1m[92m   Compiling[0m http v1.5.0
build-desktop (ubuntu-22.04)	Build Tauri Desktop	2026-08-01T14:01:08.5281356Z [1m[92m   Compiling[0m walkdir v2.5.0
build-desktop (ubuntu-22.04)	Build Tauri Desktop	2026-08-01T14:01:08.7381340Z [1m[92m   Compiling[0m cargo_metadata v0.19.2
build-desktop (ubuntu-22.04)	Build Tauri Desktop	2026-08-01T14:01:09.0919948Z [1m[92m   Compiling[0m brotli v8.0.4
build-desktop (ubuntu-22.04)	Build Tauri Desktop	2026-08-01T14:01:09.2531273Z [1m[92m   Compiling[0m json-patch v3.0.1
build-desktop (ubuntu-22.04)	Build Tauri Desktop	2026-08-01T14:01:09.6231539Z [1m[92m   Compiling[0m urlpattern v0.3.0
build-desktop (ubuntu-22.04)	Build Tauri Desktop	2026-08-01T14:01:10.0021462Z [1m[92m   Compiling[0m serde-untagged v0.1.9
build-desktop (ubuntu-22.04)	Build Tauri Desktop	2026-08-01T14:01:10.1756324Z [1m[92m   Compiling[0m infer v0.19.0
build-desktop (ubuntu-22.04)	Build Tauri Desktop	2026-08-01T14:01:10.4945039Z [1m[92m   Compiling[0m ctor v0.8.0
build-desktop (ubuntu-22.04)	Build Tauri Desktop	2026-08-01T14:01:10.5361121Z [1m[92m   Compiling[0m serde_with v3.21.0
build-desktop (ubuntu-22.04)	Build Tauri Desktop	2026-08-01T14:01:11.0817687Z [1m[92m   Compiling[0m glob v0.3.4
build-desktop (ubuntu-22.04)	Build Tauri Desktop	2026-08-01T14:01:12.1473873Z [1m[92m   Compiling[0m tauri-utils v2.9.3
build-desktop (ubuntu-22.04)	Build Tauri Desktop	2026-08-01T14:01:12.2781592Z [1m[92m   Compiling[0m memoffset v0.9.1
build-desktop (ubuntu-22.04)	Build Tauri Desktop	2026-08-01T14:01:12.5558792Z [1m[92m   Compiling[0m gdk-pixbuf v0.18.5
build-desktop (ubuntu-22.04)	Build Tauri Desktop	2026-08-01T14:01:12.8471400Z [1m[92m   Compiling[0m pango v0.18.3
build-desktop (ubuntu-22.04)	Build Tauri Desktop	2026-08-01T14:01:13.8311402Z [1m[92m   Compiling[0m cairo-rs v0.18.5
build-desktop (ubuntu-22.04)	Build Tauri Desktop	2026-08-01T14:01:15.6598743Z [1m[92m   Compiling[0m field-offset v0.3.6
build-desktop (ubuntu-22.04)	Build Tauri Desktop	2026-08-01T14:01:15.7703284Z [1m[92m   Compiling[0m toml_edit v0.19.15
build-desktop (ubuntu-22.04)	Build Tauri Desktop	2026-08-01T14:01:17.4271305Z [1m[92m   Compiling[0m shlex v2.0.1
build-desktop (ubuntu-22.04)	Build Tauri Desktop	2026-08-01T14:01:17.5380125Z [1m[92m   Compiling[0m find-msvc-tools v0.1.9
build-desktop (ubuntu-22.04)	Build Tauri Desktop	2026-08-01T14:01:17.8321570Z [1m[92m   Compiling[0m proc-macro-crate v1.3.1
build-desktop (ubuntu-22.04)	Build Tauri Desktop	2026-08-01T14:01:18.1022094Z [1m[92m   Compiling[0m cc v1.4.0
build-desktop (ubuntu-22.04)	Build Tauri Desktop	2026-08-01T14:01:18.1691417Z [1m[92m   Compiling[0m gdk v0.18.2
build-desktop (ubuntu-22.04)	Build Tauri Desktop	2026-08-01T14:01:22.7993136Z [1m[92m   Compiling[0m javascriptcore-rs-sys v1.1.1
build-desktop (ubuntu-22.04)	Build Tauri Desktop	2026-08-01T14:01:22.9251385Z [1m[92m   Compiling[0m soup3-sys v0.5.0
build-desktop (ubuntu-22.04)	Build Tauri Desktop	2026-08-01T14:01:23.0538935Z [1m[92m   Compiling[0m generic-array v0.14.7
build-desktop (ubuntu-22.04)	Build Tauri Desktop	2026-08-01T14:01:23.1271453Z [1m[92m   Compiling[0m toml_datetime v0.7.5+spec-1.1.0
build-desktop (ubuntu-22.04)	Build Tauri Desktop	2026-08-01T14:01:23.3244004Z [1m[92m   Compiling[0m gtk v0.18.2
build-desktop (ubuntu-22.04)	Build Tauri Desktop	2026-08-01T14:01:23.4189299Z [1m[92m   Compiling[0m option-ext v0.2.0
build-desktop (ubuntu-22.04)	Build Tauri Desktop	2026-08-01T14:01:23.4585379Z [1m[92m   Compiling[0m winnow v0.7.15
build-desktop (ubuntu-22.04)	Build Tauri Desktop	2026-08-01T14:01:24.5601229Z [1m[92m   Compiling[0m dirs-sys v0.5.0
build-desktop (ubuntu-22.04)	Build Tauri Desktop	2026-08-01T14:01:24.8488743Z [1m[92m   Compiling[0m toml v0.9.12+spec-1.1.0
build-desktop (ubuntu-22.04)	Build Tauri Desktop	2026-08-01T14:01:25.1847160Z [1m[92m   Compiling[0m embed-resource v3.0.11
build-desktop (ubuntu-22.04)	Build Tauri Desktop	2026-08-01T14:01:25.4661617Z [1m[92m   Compiling[0m gtk3-macros v0.18.2
build-desktop (ubuntu-22.04)	Build Tauri Desktop	2026-08-01T14:01:25.7821085Z [1m[92m   Compiling[0m atk v0.18.2
build-desktop (ubuntu-22.04)	Build Tauri Desktop	2026-08-01T14:01:25.8237333Z [1m[92m   Compiling[0m time-macros v0.2.32
build-desktop (ubuntu-22.04)	Build Tauri Desktop	2026-08-01T14:01:26.0306285Z [1m[92m   Compiling[0m webkit2gtk-sys v2.0.2
build-desktop (ubuntu-22.04)	Build Tauri Desktop	2026-08-01T14:01:26.1531437Z [1m[92m   Compiling[0m x11 v2.21.0
build-desktop (ubuntu-22.04)	Build Tauri Desktop	2026-08-01T14:01:26.4351372Z [1m[92m   Compiling[0m crc32fast v1.5.0
build-desktop (ubuntu-22.04)	Build Tauri Desktop	2026-08-01T14:01:26.5521190Z [1m[92m   Compiling[0m simd-adler32 v0.3.10
build-desktop (ubuntu-22.04)	Build Tauri Desktop	2026-08-01T14:01:26.6841261Z [1m[92m   Compiling[0m num_threads v0.1.7
build-desktop (ubuntu-22.04)	Build Tauri Desktop	2026-08-01T14:01:26.9381220Z [1m[92m   Compiling[0m typenum v1.20.1
build-desktop (ubuntu-22.04)	Build Tauri Desktop	2026-08-01T14:01:28.8833000Z [1m[92m   Compiling[0m cargo_toml v0.22.3
build-desktop (ubuntu-22.04)	Build Tauri Desktop	2026-08-01T14:01:28.9281244Z [1m[92m   Compiling[0m tauri-winres v0.3.6
build-desktop (ubuntu-22.04)	Build Tauri Desktop	2026-08-01T14:01:31.6048044Z [1m[92m   Compiling[0m dirs v6.0.0
build-desktop (ubuntu-22.04)	Build Tauri Desktop	2026-08-01T14:01:31.8843888Z [1m[92m   Compiling[0m gdkx11-sys v0.18.2
build-desktop (ubuntu-22.04)	Build Tauri Desktop	2026-08-01T14:01:32.9771370Z [1m[92m   Compiling[0m bitflags v1.3.2
build-desktop (ubuntu-22.04)	Build Tauri Desktop	2026-08-01T14:01:33.0711401Z [1m[92m   Compiling[0m adler2 v2.0.1
build-desktop (ubuntu-22.04)	Build Tauri Desktop	2026-08-01T14:01:34.7421295Z [1m[92m   Compiling[0m crossbeam-utils v0.8.22
build-desktop (ubuntu-22.04)	Build Tauri Desktop	2026-08-01T14:01:38.4455396Z [1m[92m   Compiling[0m miniz_oxide v0.8.9
build-desktop (ubuntu-22.04)	Build Tauri Desktop	2026-08-01T14:01:41.6061388Z [1m[92m   Compiling[0m tauri-build v2.6.3
build-desktop (ubuntu-22.04)	Build Tauri Desktop	2026-08-01T14:01:42.5911388Z [1m[92m   Compiling[0m dpi v0.1.2
build-desktop (ubuntu-22.04)	Build Tauri Desktop	2026-08-01T14:01:42.9555797Z [1m[92m   Compiling[0m cookie v0.18.1
build-desktop (ubuntu-22.04)	Build Tauri Desktop	2026-08-01T14:01:43.0261598Z [1m[92m   Compiling[0m libdbus-sys v0.2.7
build-desktop (ubuntu-22.04)	Build Tauri Desktop	2026-08-01T14:01:43.1191308Z [1m[92m   Compiling[0m x11-dl v2.21.0
build-desktop (ubuntu-22.04)	Build Tauri Desktop	2026-08-01T14:01:46.8742048Z [1m[92m   Compiling[0m flate2 v1.1.9
build-desktop (ubuntu-22.04)	Build Tauri Desktop	2026-08-01T14:01:48.9391473Z [1m[92m   Compiling[0m javascriptcore-rs v1.1.2
build-desktop (ubuntu-22.04)	Build Tauri Desktop	2026-08-01T14:01:51.3811533Z [1m[92m   Compiling[0m soup3 v0.5.0
build-desktop (ubuntu-22.04)	Build Tauri Desktop	2026-08-01T14:01:51.7281306Z [1m[92m   Compiling[0m crypto-common v0.1.7
build-desktop (ubuntu-22.04)	Build Tauri Desktop	2026-08-01T14:01:51.7960719Z [1m[92m   Compiling[0m block-buffer v0.10.4
build-desktop (ubuntu-22.04)	Build Tauri Desktop	2026-08-01T14:01:51.8716898Z [1m[92m   Compiling[0m fdeflate v0.3.7
build-desktop (ubuntu-22.04)	Build Tauri Desktop	2026-08-01T14:01:52.9530171Z [1m[92m   Compiling[0m raw-window-handle v0.6.2
build-desktop (ubuntu-22.04)	Build Tauri Desktop	2026-08-01T14:01:54.6945336Z [1m[92m   Compiling[0m webkit2gtk v2.0.2
build-desktop (ubuntu-22.04)	Build Tauri Desktop	2026-08-01T14:01:56.7521318Z [1m[92m   Compiling[0m png v0.17.16
build-desktop (ubuntu-22.04)	Build Tauri Desktop	2026-08-01T14:01:59.1868247Z [1m[92m   Compiling[0m digest v0.10.7
build-desktop (ubuntu-22.04)	Build Tauri Desktop	2026-08-01T14:02:01.1561607Z [1m[92m   Compiling[0m crossbeam-channel v0.5.16
build-desktop (ubuntu-22.04)	Build Tauri Desktop	2026-08-01T14:02:08.1776521Z [1m[92m   Compiling[0m tauri v2.11.5
build-desktop (ubuntu-22.04)	Build Tauri Desktop	2026-08-01T14:02:08.2758869Z [1m[92m   Compiling[0m dlopen2_derive v0.4.3
build-desktop (ubuntu-22.04)	Build Tauri Desktop	2026-08-01T14:02:08.6341472Z [1m[92m   Compiling[0m tauri-runtime v2.11.3
build-desktop (ubuntu-22.04)	Build Tauri Desktop	2026-08-01T14:02:08.6553980Z [1m[92m   Compiling[0m cpufeatures v0.2.17
build-desktop (ubuntu-22.04)	Build Tauri Desktop	2026-08-01T14:02:09.3588723Z [1m[92m   Compiling[0m wry v0.55.1
build-desktop (ubuntu-22.04)	Build Tauri Desktop	2026-08-01T14:02:09.5301245Z [1m[92m   Compiling[0m sha2 v0.10.9
build-desktop (ubuntu-22.04)	Build Tauri Desktop	2026-08-01T14:02:09.7691103Z [1m[92m   Compiling[0m dlopen2 v0.8.2
build-desktop (ubuntu-22.04)	Build Tauri Desktop	2026-08-01T14:02:09.8004127Z [1m[92m   Compiling[0m dbus v0.9.12
build-desktop (ubuntu-22.04)	Build Tauri Desktop	2026-08-01T14:02:10.5961188Z [1m[92m   Compiling[0m ico v0.5.0
build-desktop (ubuntu-22.04)	Build Tauri Desktop	2026-08-01T14:02:10.9601331Z [1m[92m   Compiling[0m gdkx11 v0.18.2
build-desktop (ubuntu-22.04)	Build Tauri Desktop	2026-08-01T14:02:11.0351202Z [1m[92m   Compiling[0m tauri-plugin v2.6.3
build-desktop (ubuntu-22.04)	Build Tauri Desktop	2026-08-01T14:02:11.3151395Z [1m[92m   Compiling[0m gdkwayland-sys v0.18.2
build-desktop (ubuntu-22.04)	Build Tauri Desktop	2026-08-01T14:02:11.3931112Z [1m[92m   Compiling[0m tauri-runtime-wry v2.11.4
build-desktop (ubuntu-22.04)	Build Tauri Desktop	2026-08-01T14:02:11.4785324Z [1m[92m   Compiling[0m unicode-segmentation v1.13.3
build-desktop (ubuntu-22.04)	Build Tauri Desktop	2026-08-01T14:02:12.0441480Z [1m[92m   Compiling[0m getrandom v0.3.4
build-desktop (ubuntu-22.04)	Build Tauri Desktop	2026-08-01T14:02:12.2031168Z [1m[92m   Compiling[0m tao v0.35.3
build-desktop (ubuntu-22.04)	Build Tauri Desktop	2026-08-01T14:02:12.5131104Z [1m[92m   Compiling[0m keyboard-types v0.7.0
build-desktop (ubuntu-22.04)	Build Tauri Desktop	2026-08-01T14:02:17.7161431Z [1m[92m   Compiling[0m tauri-plugin-log v2.9.0
build-desktop (ubuntu-22.04)	Build Tauri Desktop	2026-08-01T14:02:17.9893652Z [1m[92m   Compiling[0m tauri-codegen v2.6.3
build-desktop (ubuntu-22.04)	Build Tauri Desktop	2026-08-01T14:02:19.3448549Z [1m[92m   Compiling[0m serialize-to-javascript-impl v0.1.2
build-desktop (ubuntu-22.04)	Build Tauri Desktop	2026-08-01T14:02:19.5581224Z [1m[92m   Compiling[0m serialize-to-javascript v0.1.2
build-desktop (ubuntu-22.04)	Build Tauri Desktop	2026-08-01T14:02:19.6901098Z [1m[92m   Compiling[0m tauri-macros v2.6.3
build-desktop (ubuntu-22.04)	Build Tauri Desktop	2026-08-01T14:02:20.6484981Z [1m[92m   Compiling[0m muda v0.19.3
build-desktop (ubuntu-22.04)	Build Tauri Desktop	2026-08-01T14:02:22.0551202Z [1m[92m   Compiling[0m tokio v1.53.1
build-desktop (ubuntu-22.04)	Build Tauri Desktop	2026-08-01T14:02:24.3089224Z [1m[92m   Compiling[0m serde_repr v0.1.21
build-desktop (ubuntu-22.04)	Build Tauri Desktop	2026-08-01T14:02:25.5731182Z [1m[92m   Compiling[0m mime v0.3.17
build-desktop (ubuntu-22.04)	Build Tauri Desktop	2026-08-01T14:02:26.0267751Z [1m[92m   Compiling[0m fern v0.7.1
build-desktop (ubuntu-22.04)	Build Tauri Desktop	2026-08-01T14:02:27.6811542Z [1m[92m   Compiling[0m app v0.1.0 (/home/runner/work/BoraPlayer/BoraPlayer/src-tauri)
build-desktop (ubuntu-22.04)	Build Tauri Desktop	2026-08-01T14:03:08.2232782Z [1m[92m    Finished[0m `release` profile [optimized] target(s) in 2m 45s
build-desktop (ubuntu-22.04)	Build Tauri Desktop	2026-08-01T14:03:08.3083668Z        Built application at: /home/runner/work/BoraPlayer/BoraPlayer/src-tauri/target/release/app
build-desktop (ubuntu-22.04)	Build Tauri Desktop	2026-08-01T14:03:08.3139920Z         Info Patching /home/runner/work/BoraPlayer/BoraPlayer/src-tauri/target/release/app with bundle type information: deb
build-desktop (ubuntu-22.04)	Build Tauri Desktop	2026-08-01T14:03:08.3270402Z     Bundling BoraPlayer_1.0.0_amd64.deb (/home/runner/work/BoraPlayer/BoraPlayer/src-tauri/target/release/bundle/deb/BoraPlayer_1.0.0_amd64.deb)
build-desktop (ubuntu-22.04)	Build Tauri Desktop	2026-08-01T14:03:08.5344845Z         Info Patching /home/runner/work/BoraPlayer/BoraPlayer/src-tauri/target/release/app with bundle type information: rpm
build-desktop (ubuntu-22.04)	Build Tauri Desktop	2026-08-01T14:03:08.6455695Z     Bundling BoraPlayer-1.0.0-1.x86_64.rpm (/home/runner/work/BoraPlayer/BoraPlayer/src-tauri/target/release/bundle/rpm/BoraPlayer-1.0.0-1.x86_64.rpm)
build-desktop (ubuntu-22.04)	Build Tauri Desktop	2026-08-01T14:03:10.0365753Z         Info Patching /home/runner/work/BoraPlayer/BoraPlayer/src-tauri/target/release/app with bundle type information: appimage
build-desktop (ubuntu-22.04)	Build Tauri Desktop	2026-08-01T14:03:10.2463446Z  Downloading https://github.com/tauri-apps/binary-releases/releases/download/apprun-old/AppRun-x86_64
build-desktop (ubuntu-22.04)	Build Tauri Desktop	2026-08-01T14:03:10.5342745Z  Downloading https://github.com/tauri-apps/binary-releases/releases/download/linuxdeploy/linuxdeploy-x86_64.AppImage
build-desktop (ubuntu-22.04)	Build Tauri Desktop	2026-08-01T14:03:10.8913072Z  Downloading https://raw.githubusercontent.com/tauri-apps/linuxdeploy-plugin-gtk/master/linuxdeploy-plugin-gtk.sh
build-desktop (ubuntu-22.04)	Build Tauri Desktop	2026-08-01T14:03:10.9307710Z  Downloading https://raw.githubusercontent.com/tauri-apps/linuxdeploy-plugin-gstreamer/master/linuxdeploy-plugin-gstreamer.sh
build-desktop (ubuntu-22.04)	Build Tauri Desktop	2026-08-01T14:03:10.9671377Z  Downloading https://github.com/linuxdeploy/linuxdeploy-plugin-appimage/releases/download/continuous/linuxdeploy-plugin-appimage-x86_64.AppImage
build-desktop (ubuntu-22.04)	Build Tauri Desktop	2026-08-01T14:03:11.3422929Z thread '<unnamed>' panicked at crates/tauri-bundler/src/bundle/linux/appimage/linuxdeploy.rs:101:6:
build-desktop (ubuntu-22.04)	Build Tauri Desktop	2026-08-01T14:03:11.3423552Z couldn't find a square icon to use as AppImage icon
build-desktop (ubuntu-22.04)	Build Tauri Desktop	2026-08-01T14:03:11.3424285Z note: run with `RUST_BACKTRACE=1` environment variable to display a backtrace
build-desktop (ubuntu-22.04)	Build Tauri Desktop	2026-08-01T14:03:11.8001210Z Aborted (core dumped)
build-desktop (ubuntu-22.04)	Build Tauri Desktop	2026-08-01T14:03:11.8091239Z ##[error]Command failed with exit code 134: npm run tauri build
build-desktop (ubuntu-22.04)	Post Run actions/checkout@v4	﻿2026-08-01T14:03:11.8228186Z Node 20 is being deprecated. This workflow is running with Node 24 by default. If you need to temporarily use Node 20, you can set the ACTIONS_ALLOW_USE_UNSECURE_NODE_VERSION=true environment variable. For more information see: https://github.blog/changelog/2025-09-19-deprecation-of-node-20-on-github-actions-runners/
build-desktop (ubuntu-22.04)	Post Run actions/checkout@v4	2026-08-01T14:03:11.8229303Z Post job cleanup.
build-desktop (ubuntu-22.04)	Post Run actions/checkout@v4	2026-08-01T14:03:11.9052533Z [command]/usr/bin/git version
build-desktop (ubuntu-22.04)	Post Run actions/checkout@v4	2026-08-01T14:03:11.9086290Z git version 2.54.0
build-desktop (ubuntu-22.04)	Post Run actions/checkout@v4	2026-08-01T14:03:11.9118705Z Temporarily overriding HOME='/home/runner/work/_temp/cdf8ac63-9f80-4ca8-88c9-77a20ee7ae79' before making global git config changes
build-desktop (ubuntu-22.04)	Post Run actions/checkout@v4	2026-08-01T14:03:11.9120474Z Adding repository directory to the temporary git global config as a safe directory
build-desktop (ubuntu-22.04)	Post Run actions/checkout@v4	2026-08-01T14:03:11.9125141Z [command]/usr/bin/git config --global --add safe.directory /home/runner/work/BoraPlayer/BoraPlayer
build-desktop (ubuntu-22.04)	Post Run actions/checkout@v4	2026-08-01T14:03:11.9158520Z [command]/usr/bin/git config --local --name-only --get-regexp core\.sshCommand
build-desktop (ubuntu-22.04)	Post Run actions/checkout@v4	2026-08-01T14:03:11.9188102Z [command]/usr/bin/git submodule foreach --recursive sh -c "git config --local --name-only --get-regexp 'core\.sshCommand' && git config --local --unset-all 'core.sshCommand' || :"
build-desktop (ubuntu-22.04)	Post Run actions/checkout@v4	2026-08-01T14:03:11.9396714Z [command]/usr/bin/git config --local --name-only --get-regexp http\.https\:\/\/github\.com\/\.extraheader
build-desktop (ubuntu-22.04)	Post Run actions/checkout@v4	2026-08-01T14:03:11.9415009Z http.https://github.com/.extraheader
build-desktop (ubuntu-22.04)	Post Run actions/checkout@v4	2026-08-01T14:03:11.9435097Z [command]/usr/bin/git config --local --unset-all http.https://github.com/.extraheader
build-desktop (ubuntu-22.04)	Post Run actions/checkout@v4	2026-08-01T14:03:11.9465674Z [command]/usr/bin/git submodule foreach --recursive sh -c "git config --local --name-only --get-regexp 'http\.https\:\/\/github\.com\/\.extraheader' && git config --local --unset-all 'http.https://github.com/.extraheader' || :"
build-desktop (ubuntu-22.04)	Post Run actions/checkout@v4	2026-08-01T14:03:11.9696965Z [command]/usr/bin/git config --local --name-only --get-regexp ^includeIf\.gitdir:
build-desktop (ubuntu-22.04)	Post Run actions/checkout@v4	2026-08-01T14:03:11.9726740Z [command]/usr/bin/git submodule foreach --recursive git config --local --show-origin --name-only --get-regexp remote.origin.url
build-desktop (ubuntu-22.04)	Complete job	﻿2026-08-01T14:03:12.0055352Z Cleaning up orphan processes
build-desktop (ubuntu-22.04)	Complete job	2026-08-01T14:03:12.0293208Z ##[warning]Node.js 20 is deprecated. The following actions target Node.js 20 but are being forced to run on Node.js 24: actions/checkout@v4, actions/setup-node@v4, tauri-apps/tauri-action@v0.5.2. For more information see: https://github.blog/changelog/2025-09-19-deprecation-of-node-20-on-github-actions-runners/
build-android	Set up job	﻿2026-08-01T13:59:15.2634801Z Current runner version: '2.336.0'
build-android	Set up job	2026-08-01T13:59:15.2664223Z ##[group]Runner Image Provisioner
build-android	Set up job	2026-08-01T13:59:15.2665263Z Hosted Compute Agent
build-android	Set up job	2026-08-01T13:59:15.2665836Z Version: 20260707.563
build-android	Set up job	2026-08-01T13:59:15.2666435Z Commit: 02667638d2b423fbc733a8e32a88b44996a3ba6e
build-android	Set up job	2026-08-01T13:59:15.2667120Z Build Date: 2026-07-07T19:33:50Z
build-android	Set up job	2026-08-01T13:59:15.2667800Z Worker ID: {f12b8948-ac0a-4f97-89bd-98a444a1c6ae}
build-android	Set up job	2026-08-01T13:59:15.2668548Z Azure Region: northcentralus
build-android	Set up job	2026-08-01T13:59:15.2669583Z ##[endgroup]
build-android	Set up job	2026-08-01T13:59:15.2670945Z ##[group]Operating System
build-android	Set up job	2026-08-01T13:59:15.2671583Z Ubuntu
build-android	Set up job	2026-08-01T13:59:15.2672074Z 22.04.5
build-android	Set up job	2026-08-01T13:59:15.2672555Z LTS
build-android	Set up job	2026-08-01T13:59:15.2673046Z ##[endgroup]
build-android	Set up job	2026-08-01T13:59:15.2673542Z ##[group]Runner Image
build-android	Set up job	2026-08-01T13:59:15.2674113Z Image: ubuntu-22.04
build-android	Set up job	2026-08-01T13:59:15.2674633Z Version: 20260720.234.2
build-android	Set up job	2026-08-01T13:59:15.2675623Z Included Software: https://github.com/actions/runner-images/blob/ubuntu22/20260720.234/images/ubuntu/Ubuntu2204-Readme.md
build-android	Set up job	2026-08-01T13:59:15.2677267Z Image Release: https://github.com/actions/runner-images/releases/tag/ubuntu22%2F20260720.234
build-android	Set up job	2026-08-01T13:59:15.2678171Z ##[endgroup]
build-android	Set up job	2026-08-01T13:59:15.2681432Z ##[group]GITHUB_TOKEN Permissions
build-android	Set up job	2026-08-01T13:59:15.2684189Z Actions: write
build-android	Set up job	2026-08-01T13:59:15.2684761Z ArtifactMetadata: write
build-android	Set up job	2026-08-01T13:59:15.2685691Z Attestations: write
build-android	Set up job	2026-08-01T13:59:15.2686297Z Checks: write
build-android	Set up job	2026-08-01T13:59:15.2686815Z CodeQuality: write
build-android	Set up job	2026-08-01T13:59:15.2687334Z Contents: write
build-android	Set up job	2026-08-01T13:59:15.2687865Z CopilotRequests: write
build-android	Set up job	2026-08-01T13:59:15.2688407Z Deployments: write
build-android	Set up job	2026-08-01T13:59:15.2689355Z Discussions: write
build-android	Set up job	2026-08-01T13:59:15.2689897Z Drives: write
build-android	Set up job	2026-08-01T13:59:15.2690370Z Issues: write
build-android	Set up job	2026-08-01T13:59:15.2690905Z Metadata: read
build-android	Set up job	2026-08-01T13:59:15.2691505Z Models: read
build-android	Set up job	2026-08-01T13:59:15.2692002Z Packages: write
build-android	Set up job	2026-08-01T13:59:15.2692523Z Pages: write
build-android	Set up job	2026-08-01T13:59:15.2693012Z PullRequests: write
build-android	Set up job	2026-08-01T13:59:15.2693575Z RepositoryProjects: write
build-android	Set up job	2026-08-01T13:59:15.2694174Z SecurityEvents: write
build-android	Set up job	2026-08-01T13:59:15.2694696Z Statuses: write
build-android	Set up job	2026-08-01T13:59:15.2695230Z VulnerabilityAlerts: read
build-android	Set up job	2026-08-01T13:59:15.2695770Z ##[endgroup]
build-android	Set up job	2026-08-01T13:59:15.2698305Z Secret source: Actions
build-android	Set up job	2026-08-01T13:59:15.2699874Z Prepare workflow directory
build-android	Set up job	2026-08-01T13:59:15.3020549Z Prepare all required actions
build-android	Set up job	2026-08-01T13:59:15.3070708Z Getting action download info
build-android	Set up job	2026-08-01T13:59:15.5931061Z Download action repository 'actions/checkout@v4' (SHA:11d5960a326750d5838078e36cf38b85af677262)
build-android	Set up job	2026-08-01T13:59:15.9406223Z Download action repository 'actions/setup-node@v4' (SHA:49933ea5288caeca8642d1e84afbd3f7d6820020)
build-android	Set up job	2026-08-01T13:59:16.1435796Z Download action repository 'dtolnay/rust-toolchain@stable' (SHA:4cda84d5c5c54efe2404f9d843567869ab1699d4)
build-android	Set up job	2026-08-01T13:59:16.2730098Z Download action repository 'actions/setup-java@v4' (SHA:d7793b545071e98d581d3bf084a51c3213318a07)
build-android	Set up job	2026-08-01T13:59:16.6801261Z Download action repository 'android-actions/setup-android@v3' (SHA:9fc6c4e9069bf8d3d10b2204b1fb8f6ef7065407)
build-android	Set up job	2026-08-01T13:59:16.9626375Z Download action repository 'actions/upload-artifact@v4' (SHA:ea165f8d65b6e75b540449e92b4886f43607fa02)
build-android	Set up job	2026-08-01T13:59:17.2560952Z Complete job name: build-android
build-android	Run actions/checkout@v4	﻿2026-08-01T13:59:17.3524496Z Node 20 is being deprecated. This workflow is running with Node 24 by default. If you need to temporarily use Node 20, you can set the ACTIONS_ALLOW_USE_UNSECURE_NODE_VERSION=true environment variable. For more information see: https://github.blog/changelog/2025-09-19-deprecation-of-node-20-on-github-actions-runners/
build-android	Run actions/checkout@v4	2026-08-01T13:59:17.3535645Z ##[group]Run actions/checkout@v4
build-android	Run actions/checkout@v4	2026-08-01T13:59:17.3537282Z with:
build-android	Run actions/checkout@v4	2026-08-01T13:59:17.3538455Z   repository: sudo0bora/BoraPlayer
build-android	Run actions/checkout@v4	2026-08-01T13:59:17.3545825Z   token: ***
build-android	Run actions/checkout@v4	2026-08-01T13:59:17.3546709Z   ssh-strict: true
build-android	Run actions/checkout@v4	2026-08-01T13:59:17.3547550Z   ssh-user: git
build-android	Run actions/checkout@v4	2026-08-01T13:59:17.3548399Z   persist-credentials: true
build-android	Run actions/checkout@v4	2026-08-01T13:59:17.3549640Z   clean: true
build-android	Run actions/checkout@v4	2026-08-01T13:59:17.3550517Z   sparse-checkout-cone-mode: true
build-android	Run actions/checkout@v4	2026-08-01T13:59:17.3551839Z   fetch-depth: 1
build-android	Run actions/checkout@v4	2026-08-01T13:59:17.3552696Z   fetch-tags: false
build-android	Run actions/checkout@v4	2026-08-01T13:59:17.3553538Z   show-progress: true
build-android	Run actions/checkout@v4	2026-08-01T13:59:17.3554396Z   lfs: false
build-android	Run actions/checkout@v4	2026-08-01T13:59:17.3555176Z   submodules: false
build-android	Run actions/checkout@v4	2026-08-01T13:59:17.3556136Z   set-safe-directory: true
build-android	Run actions/checkout@v4	2026-08-01T13:59:17.3557098Z   allow-unsafe-pr-checkout: false
build-android	Run actions/checkout@v4	2026-08-01T13:59:17.3558402Z ##[endgroup]
build-android	Run actions/checkout@v4	2026-08-01T13:59:17.4619440Z Syncing repository: sudo0bora/BoraPlayer
build-android	Run actions/checkout@v4	2026-08-01T13:59:17.4622403Z ##[group]Getting Git version info
build-android	Run actions/checkout@v4	2026-08-01T13:59:17.4623701Z Working directory is '/home/runner/work/BoraPlayer/BoraPlayer'
build-android	Run actions/checkout@v4	2026-08-01T13:59:17.4625693Z [command]/usr/bin/git version
build-android	Run actions/checkout@v4	2026-08-01T13:59:17.4682756Z git version 2.54.0
build-android	Run actions/checkout@v4	2026-08-01T13:59:17.4703939Z ##[endgroup]
build-android	Run actions/checkout@v4	2026-08-01T13:59:17.4719802Z Temporarily overriding HOME='/home/runner/work/_temp/9c65d43d-cd9a-4e3a-8836-b4c9723fc145' before making global git config changes
build-android	Run actions/checkout@v4	2026-08-01T13:59:17.4722433Z Adding repository directory to the temporary git global config as a safe directory
build-android	Run actions/checkout@v4	2026-08-01T13:59:17.4726065Z [command]/usr/bin/git config --global --add safe.directory /home/runner/work/BoraPlayer/BoraPlayer
build-android	Run actions/checkout@v4	2026-08-01T13:59:17.4765862Z Deleting the contents of '/home/runner/work/BoraPlayer/BoraPlayer'
build-android	Run actions/checkout@v4	2026-08-01T13:59:17.4770235Z ##[group]Initializing the repository
build-android	Run actions/checkout@v4	2026-08-01T13:59:17.4774950Z [command]/usr/bin/git init /home/runner/work/BoraPlayer/BoraPlayer
build-android	Run actions/checkout@v4	2026-08-01T13:59:17.4864279Z hint: Using 'master' as the name for the initial branch. This default branch name
build-android	Run actions/checkout@v4	2026-08-01T13:59:17.4867365Z hint: will change to "main" in Git 3.0. To configure the initial branch name
build-android	Run actions/checkout@v4	2026-08-01T13:59:17.4870618Z hint: to use in all of your new repositories, which will suppress this warning,
build-android	Run actions/checkout@v4	2026-08-01T13:59:17.4873851Z hint: call:
build-android	Run actions/checkout@v4	2026-08-01T13:59:17.4875468Z hint:
build-android	Run actions/checkout@v4	2026-08-01T13:59:17.4877279Z hint: 	git config --global init.defaultBranch <name>
build-android	Run actions/checkout@v4	2026-08-01T13:59:17.4879403Z hint:
build-android	Run actions/checkout@v4	2026-08-01T13:59:17.4881662Z hint: Names commonly chosen instead of 'master' are 'main', 'trunk' and
build-android	Run actions/checkout@v4	2026-08-01T13:59:17.4884888Z hint: 'development'. The just-created branch can be renamed via this command:
build-android	Run actions/checkout@v4	2026-08-01T13:59:17.4887981Z hint:
build-android	Run actions/checkout@v4	2026-08-01T13:59:17.4889858Z hint: 	git branch -m <name>
build-android	Run actions/checkout@v4	2026-08-01T13:59:17.4891180Z hint:
build-android	Run actions/checkout@v4	2026-08-01T13:59:17.4893030Z hint: Disable this message with "git config set advice.defaultBranchName false"
build-android	Run actions/checkout@v4	2026-08-01T13:59:17.4895361Z Initialized empty Git repository in /home/runner/work/BoraPlayer/BoraPlayer/.git/
build-android	Run actions/checkout@v4	2026-08-01T13:59:17.4899138Z [command]/usr/bin/git remote add origin https://github.com/sudo0bora/BoraPlayer
build-android	Run actions/checkout@v4	2026-08-01T13:59:17.4920854Z ##[endgroup]
build-android	Run actions/checkout@v4	2026-08-01T13:59:17.4923133Z ##[group]Disabling automatic garbage collection
build-android	Run actions/checkout@v4	2026-08-01T13:59:17.4925153Z [command]/usr/bin/git config --local gc.auto 0
build-android	Run actions/checkout@v4	2026-08-01T13:59:17.4953324Z ##[endgroup]
build-android	Run actions/checkout@v4	2026-08-01T13:59:17.4955460Z ##[group]Setting up auth
build-android	Run actions/checkout@v4	2026-08-01T13:59:17.4960266Z [command]/usr/bin/git config --local --name-only --get-regexp core\.sshCommand
build-android	Run actions/checkout@v4	2026-08-01T13:59:17.4994753Z [command]/usr/bin/git submodule foreach --recursive sh -c "git config --local --name-only --get-regexp 'core\.sshCommand' && git config --local --unset-all 'core.sshCommand' || :"
build-android	Run actions/checkout@v4	2026-08-01T13:59:17.5340192Z [command]/usr/bin/git config --local --name-only --get-regexp http\.https\:\/\/github\.com\/\.extraheader
build-android	Run actions/checkout@v4	2026-08-01T13:59:17.5392164Z [command]/usr/bin/git submodule foreach --recursive sh -c "git config --local --name-only --get-regexp 'http\.https\:\/\/github\.com\/\.extraheader' && git config --local --unset-all 'http.https://github.com/.extraheader' || :"
build-android	Run actions/checkout@v4	2026-08-01T13:59:17.5590269Z [command]/usr/bin/git config --local --name-only --get-regexp ^includeIf\.gitdir:
build-android	Run actions/checkout@v4	2026-08-01T13:59:17.5620064Z [command]/usr/bin/git submodule foreach --recursive git config --local --show-origin --name-only --get-regexp remote.origin.url
build-android	Run actions/checkout@v4	2026-08-01T13:59:17.5802948Z [command]/usr/bin/git config --local http.https://github.com/.extraheader AUTHORIZATION: basic ***
build-android	Run actions/checkout@v4	2026-08-01T13:59:17.5837210Z ##[endgroup]
build-android	Run actions/checkout@v4	2026-08-01T13:59:17.5839200Z ##[group]Fetching the repository
build-android	Run actions/checkout@v4	2026-08-01T13:59:17.5845422Z [command]/usr/bin/git -c protocol.version=2 fetch --no-tags --prune --no-recurse-submodules --depth=1 origin +bd75172388e9db320e8567845cae726788dec5c2:refs/tags/v1.0.17
build-android	Run actions/checkout@v4	2026-08-01T13:59:19.1951996Z From https://github.com/sudo0bora/BoraPlayer
build-android	Run actions/checkout@v4	2026-08-01T13:59:19.1952810Z  * [new ref]         bd75172388e9db320e8567845cae726788dec5c2 -> v1.0.17
build-android	Run actions/checkout@v4	2026-08-01T13:59:19.1975007Z ##[endgroup]
build-android	Run actions/checkout@v4	2026-08-01T13:59:19.1975775Z ##[group]Determining the checkout info
build-android	Run actions/checkout@v4	2026-08-01T13:59:19.1977323Z ##[endgroup]
build-android	Run actions/checkout@v4	2026-08-01T13:59:19.1983307Z [command]/usr/bin/git sparse-checkout disable
build-android	Run actions/checkout@v4	2026-08-01T13:59:19.2022734Z [command]/usr/bin/git config --local --unset-all extensions.worktreeConfig
build-android	Run actions/checkout@v4	2026-08-01T13:59:19.2049042Z ##[group]Checking out the ref
build-android	Run actions/checkout@v4	2026-08-01T13:59:19.2053035Z [command]/usr/bin/git checkout --progress --force refs/tags/v1.0.17
build-android	Run actions/checkout@v4	2026-08-01T13:59:19.4497128Z Note: switching to 'refs/tags/v1.0.17'.
build-android	Run actions/checkout@v4	2026-08-01T13:59:19.4497819Z 
build-android	Run actions/checkout@v4	2026-08-01T13:59:19.4498416Z You are in 'detached HEAD' state. You can look around, make experimental
build-android	Run actions/checkout@v4	2026-08-01T13:59:19.4499560Z changes and commit them, and you can discard any commits you make in this
build-android	Run actions/checkout@v4	2026-08-01T13:59:19.4500398Z state without impacting any branches by switching back to a branch.
build-android	Run actions/checkout@v4	2026-08-01T13:59:19.4500945Z 
build-android	Run actions/checkout@v4	2026-08-01T13:59:19.4501477Z If you want to create a new branch to retain commits you create, you may
build-android	Run actions/checkout@v4	2026-08-01T13:59:19.4502233Z do so (now or later) by using -c with the switch command. Example:
build-android	Run actions/checkout@v4	2026-08-01T13:59:19.4502649Z 
build-android	Run actions/checkout@v4	2026-08-01T13:59:19.4503114Z   git switch -c <new-branch-name>
build-android	Run actions/checkout@v4	2026-08-01T13:59:19.4505052Z 
build-android	Run actions/checkout@v4	2026-08-01T13:59:19.4505464Z Or undo this operation with:
build-android	Run actions/checkout@v4	2026-08-01T13:59:19.4505652Z 
build-android	Run actions/checkout@v4	2026-08-01T13:59:19.4505817Z   git switch -
build-android	Run actions/checkout@v4	2026-08-01T13:59:19.4506081Z 
build-android	Run actions/checkout@v4	2026-08-01T13:59:19.4506328Z Turn off this advice by setting config variable advice.detachedHead to false
build-android	Run actions/checkout@v4	2026-08-01T13:59:19.4506651Z 
build-android	Run actions/checkout@v4	2026-08-01T13:59:19.4506884Z HEAD is now at bd75172 Explicit bundle config, non-fatal debug step
build-android	Run actions/checkout@v4	2026-08-01T13:59:19.4508393Z ##[endgroup]
build-android	Run actions/checkout@v4	2026-08-01T13:59:19.4556346Z [command]/usr/bin/git log -1 --format=%H
build-android	Run actions/checkout@v4	2026-08-01T13:59:19.4580535Z bd75172388e9db320e8567845cae726788dec5c2
build-android	Setup Node.js	﻿2026-08-01T13:59:19.4819464Z Node 20 is being deprecated. This workflow is running with Node 24 by default. If you need to temporarily use Node 20, you can set the ACTIONS_ALLOW_USE_UNSECURE_NODE_VERSION=true environment variable. For more information see: https://github.blog/changelog/2025-09-19-deprecation-of-node-20-on-github-actions-runners/
build-android	Setup Node.js	2026-08-01T13:59:19.4821132Z ##[group]Run actions/setup-node@v4
build-android	Setup Node.js	2026-08-01T13:59:19.4821503Z with:
build-android	Setup Node.js	2026-08-01T13:59:19.4821789Z   node-version: 20
build-android	Setup Node.js	2026-08-01T13:59:19.4822075Z   cache: npm
build-android	Setup Node.js	2026-08-01T13:59:19.4822357Z   always-auth: false
build-android	Setup Node.js	2026-08-01T13:59:19.4822659Z   check-latest: false
build-android	Setup Node.js	2026-08-01T13:59:19.4825086Z   token: ***
build-android	Setup Node.js	2026-08-01T13:59:19.4825383Z ##[endgroup]
build-android	Setup Node.js	2026-08-01T13:59:19.6210563Z Attempting to download 20...
build-android	Setup Node.js	2026-08-01T13:59:19.6315301Z (node:2105) [DEP0040] DeprecationWarning: The `punycode` module is deprecated. Please use a userland alternative instead.
build-android	Setup Node.js	2026-08-01T13:59:19.6316555Z (Use `node --trace-deprecation ...` to show where the warning was created)
build-android	Setup Node.js	2026-08-01T13:59:20.1670485Z Acquiring 20.20.2 - x64 from https://github.com/actions/node-versions/releases/download/20.20.2-23521894959/node-20.20.2-linux-x64.tar.gz
build-android	Setup Node.js	2026-08-01T13:59:20.4669417Z Extracting ...
build-android	Setup Node.js	2026-08-01T13:59:20.4756107Z [command]/usr/bin/tar xz --strip 1 --warning=no-unknown-keyword --overwrite -C /home/runner/work/_temp/ee7d2000-cf9a-4e1c-8c5e-20b3fcc69518 -f /home/runner/work/_temp/847df10f-2d3e-413e-a97d-51f7e87df967
build-android	Setup Node.js	2026-08-01T13:59:21.5050697Z Adding to the cache ...
build-android	Setup Node.js	2026-08-01T13:59:23.5516807Z ##[group]Environment details
build-android	Setup Node.js	2026-08-01T13:59:24.0469920Z node: v20.20.2
build-android	Setup Node.js	2026-08-01T13:59:24.0470408Z npm: 10.8.2
build-android	Setup Node.js	2026-08-01T13:59:24.0470794Z yarn: 1.22.22
build-android	Setup Node.js	2026-08-01T13:59:24.0471442Z ##[endgroup]
build-android	Setup Node.js	2026-08-01T13:59:24.0486987Z [command]/opt/hostedtoolcache/node/20.20.2/x64/bin/npm config get cache
build-android	Setup Node.js	2026-08-01T13:59:24.1447566Z /home/runner/.npm
build-android	Setup Node.js	2026-08-01T13:59:24.2535427Z npm cache is not found
build-android	Clean stale Android project	﻿2026-08-01T13:59:24.2675787Z ##[group]Run rm -rf src-tauri/gen/android
build-android	Clean stale Android project	2026-08-01T13:59:24.2676272Z [36;1mrm -rf src-tauri/gen/android[0m
build-android	Clean stale Android project	2026-08-01T13:59:24.2764140Z shell: /usr/bin/bash -e {0}
build-android	Clean stale Android project	2026-08-01T13:59:24.2764549Z ##[endgroup]
build-android	Install Linux Dependencies	﻿2026-08-01T13:59:24.2885700Z ##[group]Run sudo apt-get update
build-android	Install Linux Dependencies	2026-08-01T13:59:24.2886096Z [36;1msudo apt-get update[0m
build-android	Install Linux Dependencies	2026-08-01T13:59:24.2886814Z [36;1msudo apt-get install -y libwebkit2gtk-4.1-dev libsoup-3.0-dev libappindicator3-dev librsvg2-dev patchelf build-essential libssl-dev libgtk-3-dev[0m
build-android	Install Linux Dependencies	2026-08-01T13:59:24.2916869Z shell: /usr/bin/bash -e {0}
build-android	Install Linux Dependencies	2026-08-01T13:59:24.2917246Z ##[endgroup]
build-android	Install Linux Dependencies	2026-08-01T13:59:24.3956440Z Get:1 file:/etc/apt/apt-mirrors.txt Mirrorlist [144 B]
build-android	Install Linux Dependencies	2026-08-01T13:59:24.4461591Z Hit:6 https://packages.microsoft.com/repos/azure-cli jammy InRelease
build-android	Install Linux Dependencies	2026-08-01T13:59:24.4563052Z Get:7 https://packages.microsoft.com/ubuntu/22.04/prod jammy InRelease [3632 B]
build-android	Install Linux Dependencies	2026-08-01T13:59:24.4569190Z Hit:2 http://azure.archive.ubuntu.com/ubuntu jammy InRelease
build-android	Install Linux Dependencies	2026-08-01T13:59:24.4577706Z Get:3 http://azure.archive.ubuntu.com/ubuntu jammy-updates InRelease [128 kB]
build-android	Install Linux Dependencies	2026-08-01T13:59:24.4629320Z Get:4 http://azure.archive.ubuntu.com/ubuntu jammy-backports InRelease [127 kB]
build-android	Install Linux Dependencies	2026-08-01T13:59:24.4691583Z Get:5 http://azure.archive.ubuntu.com/ubuntu jammy-security InRelease [129 kB]
build-android	Install Linux Dependencies	2026-08-01T13:59:24.5272181Z Get:8 https://dl.google.com/linux/chrome-stable/deb stable InRelease [2548 B]
build-android	Install Linux Dependencies	2026-08-01T13:59:24.5370822Z Get:9 https://packages.microsoft.com/ubuntu/22.04/prod jammy/main armhf Packages [22.0 kB]
build-android	Install Linux Dependencies	2026-08-01T13:59:24.5467853Z Get:10 https://packages.microsoft.com/ubuntu/22.04/prod jammy/main amd64 Packages [484 kB]
build-android	Install Linux Dependencies	2026-08-01T13:59:24.5535027Z Get:11 https://packages.microsoft.com/ubuntu/22.04/prod jammy/main arm64 Packages [287 kB]
build-android	Install Linux Dependencies	2026-08-01T13:59:24.6858307Z Get:12 http://azure.archive.ubuntu.com/ubuntu jammy-updates/main amd64 Packages [3683 kB]
build-android	Install Linux Dependencies	2026-08-01T13:59:24.7070303Z Get:13 http://azure.archive.ubuntu.com/ubuntu jammy-updates/main Translation-en [552 kB]
build-android	Install Linux Dependencies	2026-08-01T13:59:24.7111733Z Get:14 http://azure.archive.ubuntu.com/ubuntu jammy-updates/restricted amd64 Packages [6346 kB]
build-android	Install Linux Dependencies	2026-08-01T13:59:24.7382997Z Get:15 http://azure.archive.ubuntu.com/ubuntu jammy-updates/restricted Translation-en [1215 kB]
build-android	Install Linux Dependencies	2026-08-01T13:59:24.7454577Z Get:16 http://azure.archive.ubuntu.com/ubuntu jammy-updates/universe amd64 Packages [1279 kB]
build-android	Install Linux Dependencies	2026-08-01T13:59:24.7527362Z Get:17 http://azure.archive.ubuntu.com/ubuntu jammy-updates/universe Translation-en [322 kB]
build-android	Install Linux Dependencies	2026-08-01T13:59:24.7555796Z Get:18 http://azure.archive.ubuntu.com/ubuntu jammy-updates/multiverse amd64 Packages [76.5 kB]
build-android	Install Linux Dependencies	2026-08-01T13:59:24.7569943Z Get:19 http://azure.archive.ubuntu.com/ubuntu jammy-updates/multiverse Translation-en [15.9 kB]
build-android	Install Linux Dependencies	2026-08-01T13:59:24.8401048Z Get:20 http://azure.archive.ubuntu.com/ubuntu jammy-security/main amd64 Packages [3414 kB]
build-android	Install Linux Dependencies	2026-08-01T13:59:24.8529995Z Get:21 http://azure.archive.ubuntu.com/ubuntu jammy-security/main Translation-en [482 kB]
build-android	Install Linux Dependencies	2026-08-01T13:59:24.9005225Z Get:22 http://azure.archive.ubuntu.com/ubuntu jammy-security/restricted amd64 Packages [6110 kB]
build-android	Install Linux Dependencies	2026-08-01T13:59:24.9161234Z Get:28 https://dl.google.com/linux/chrome-stable/deb stable/main amd64 Packages [1408 B]
build-android	Install Linux Dependencies	2026-08-01T13:59:24.9282660Z Get:23 http://azure.archive.ubuntu.com/ubuntu jammy-security/restricted Translation-en [1173 kB]
build-android	Install Linux Dependencies	2026-08-01T13:59:24.9337389Z Get:24 http://azure.archive.ubuntu.com/ubuntu jammy-security/universe amd64 Packages [1046 kB]
build-android	Install Linux Dependencies	2026-08-01T13:59:24.9420532Z Get:25 http://azure.archive.ubuntu.com/ubuntu jammy-security/universe Translation-en [234 kB]
build-android	Install Linux Dependencies	2026-08-01T13:59:24.9422180Z Get:26 http://azure.archive.ubuntu.com/ubuntu jammy-security/multiverse amd64 Packages [69.1 kB]
build-android	Install Linux Dependencies	2026-08-01T13:59:24.9426464Z Get:27 http://azure.archive.ubuntu.com/ubuntu jammy-security/multiverse Translation-en [12.9 kB]
build-android	Install Linux Dependencies	2026-08-01T13:59:30.4239420Z Fetched 27.2 MB in 3s (8278 kB/s)
build-android	Install Linux Dependencies	2026-08-01T13:59:31.5571001Z Reading package lists...
build-android	Install Linux Dependencies	2026-08-01T13:59:31.6186835Z Reading package lists...
build-android	Install Linux Dependencies	2026-08-01T13:59:31.8567641Z Building dependency tree...
build-android	Install Linux Dependencies	2026-08-01T13:59:31.8578250Z Reading state information...
build-android	Install Linux Dependencies	2026-08-01T13:59:32.0762004Z build-essential is already the newest version (12.9ubuntu3).
build-android	Install Linux Dependencies	2026-08-01T13:59:32.0763178Z build-essential set to manually installed.
build-android	Install Linux Dependencies	2026-08-01T13:59:32.0898665Z patchelf is already the newest version (0.14.3-1).
build-android	Install Linux Dependencies	2026-08-01T13:59:32.0899788Z librsvg2-dev is already the newest version (2.52.5+dfsg-3ubuntu0.2).
build-android	Install Linux Dependencies	2026-08-01T13:59:32.0900426Z librsvg2-dev set to manually installed.
build-android	Install Linux Dependencies	2026-08-01T13:59:32.0901026Z The following additional packages will be installed:
build-android	Install Linux Dependencies	2026-08-01T13:59:32.0901658Z   bubblewrap gir1.2-appindicator3-0.1 gir1.2-atk-1.0 gir1.2-atspi-2.0
build-android	Install Linux Dependencies	2026-08-01T13:59:32.0902411Z   gir1.2-dazzle-1.0 gir1.2-dbusmenu-glib-0.4 gir1.2-gtk-3.0
build-android	Install Linux Dependencies	2026-08-01T13:59:32.0903068Z   gir1.2-harfbuzz-0.0 gir1.2-json-1.0 gir1.2-pango-1.0 gir1.2-polkit-1.0
build-android	Install Linux Dependencies	2026-08-01T13:59:32.0903866Z   gir1.2-soup-3.0 gstreamer1.0-gl gstreamer1.0-plugins-base
build-android	Install Linux Dependencies	2026-08-01T13:59:32.0904618Z   gstreamer1.0-plugins-good gstreamer1.0-x libaa1 libappindicator3-1
build-android	Install Linux Dependencies	2026-08-01T13:59:32.0905440Z   libasyncns0 libatk-bridge2.0-dev libatk1.0-dev libatspi2.0-dev libavc1394-0
build-android	Install Linux Dependencies	2026-08-01T13:59:32.0906293Z   libcaca0 libcdparanoia0 libdatrie-dev libdazzle-1.0-0 libdazzle-1.0-dev
build-android	Install Linux Dependencies	2026-08-01T13:59:32.0907149Z   libdazzle-common libdbus-1-dev libdbus-glib-1-dev libdbus-glib-1-dev-bin
build-android	Install Linux Dependencies	2026-08-01T13:59:32.0908016Z   libdbusmenu-glib-dev libdv4 libegl-dev libegl-mesa0 libegl1 libegl1-mesa-dev
build-android	Install Linux Dependencies	2026-08-01T13:59:32.0909058Z   libepoxy-dev libevdev2 libflac8 libfribidi-dev libgl-dev libgles-dev
build-android	Install Linux Dependencies	2026-08-01T13:59:32.0909965Z   libgles1 libgles2 libglvnd-core-dev libglvnd-dev libglx-dev
build-android	Install Linux Dependencies	2026-08-01T13:59:32.0910540Z   libgraphene-1.0-0 libgraphite2-dev libgstreamer-gl1.0-0
build-android	Install Linux Dependencies	2026-08-01T13:59:32.0911076Z   libgstreamer-plugins-base1.0-0 libgstreamer-plugins-good1.0-0
build-android	Install Linux Dependencies	2026-08-01T13:59:32.0911649Z   libharfbuzz-dev libharfbuzz-gobject0 libharfbuzz-icu0 libhyphen0
build-android	Install Linux Dependencies	2026-08-01T13:59:32.0912177Z   libiec61883-0 libjack-jackd2-0 libjavascriptcoregtk-4.1-0
build-android	Install Linux Dependencies	2026-08-01T13:59:32.0912718Z   libjavascriptcoregtk-4.1-dev libjson-glib-dev libmanette-0.2-0 libmp3lame0
build-android	Install Linux Dependencies	2026-08-01T13:59:32.0913375Z   libmpg123-0 libnghttp2-dev libopengl-dev libopengl0 libopus0 liborc-0.4-0
build-android	Install Linux Dependencies	2026-08-01T13:59:32.0914164Z   libpango1.0-dev libpangoxft-1.0-0 libpipewire-0.3-0 libpipewire-0.3-common
build-android	Install Linux Dependencies	2026-08-01T13:59:32.0914937Z   libpipewire-0.3-modules libpolkit-gobject-1-dev libpsl-dev libpulse0
build-android	Install Linux Dependencies	2026-08-01T13:59:32.0915647Z   libraw1394-11 libsamplerate0 libshout3 libsndfile1 libsoup-3.0-0
build-android	Install Linux Dependencies	2026-08-01T13:59:32.0916405Z   libsoup-3.0-common libspa-0.2-modules libspeex1 libssl3 libsysprof-4
build-android	Install Linux Dependencies	2026-08-01T13:59:32.0917203Z   libsysprof-4-dev libsysprof-ui-4 libtag1v5 libtag1v5-vanilla libthai-dev
build-android	Install Linux Dependencies	2026-08-01T13:59:32.0918015Z   libtheora0 libtwolame0 libv4l-0 libv4lconvert0 libvisual-0.4-0 libvorbisenc2
build-android	Install Linux Dependencies	2026-08-01T13:59:32.0919041Z   libvpx7 libwavpack1 libwayland-bin libwayland-dev libwebkit2gtk-4.1-0
build-android	Install Linux Dependencies	2026-08-01T13:59:32.0919908Z   libwebrtc-audio-processing1 libwoff1 libxcomposite-dev libxcursor-dev
build-android	Install Linux Dependencies	2026-08-01T13:59:32.0920742Z   libxdamage-dev libxfixes-dev libxft-dev libxi-dev libxinerama-dev
build-android	Install Linux Dependencies	2026-08-01T13:59:32.0921649Z   libxkbcommon-dev libxrandr-dev libxtst-dev libxv1 pango1.0-tools pipewire
build-android	Install Linux Dependencies	2026-08-01T13:59:32.0922553Z   pipewire-bin pipewire-media-session rtkit wayland-protocols xdg-dbus-proxy
build-android	Install Linux Dependencies	2026-08-01T13:59:32.0923449Z   xdg-desktop-portal xdg-desktop-portal-gtk
build-android	Install Linux Dependencies	2026-08-01T13:59:32.0924008Z Suggested packages:
build-android	Install Linux Dependencies	2026-08-01T13:59:32.0924672Z   gvfs indicator-application libdatrie-doc libdazzle-doc libdazzle-tools
build-android	Install Linux Dependencies	2026-08-01T13:59:32.0925621Z   libdv-bin oss-compat libgraphite2-utils libvisual-0.4-plugins libgtk-3-doc
build-android	Install Linux Dependencies	2026-08-01T13:59:32.0926562Z   jackd2 libjson-glib-doc libnghttp2-doc opus-tools libpango1.0-doc pulseaudio
build-android	Install Linux Dependencies	2026-08-01T13:59:32.0927629Z   libraw1394-doc libsoup-3.0-doc speex libssl-doc libthai-doc libwayland-doc
build-android	Install Linux Dependencies	2026-08-01T13:59:32.0928551Z   gstreamer1.0-libav gstreamer1.0-plugins-bad gstreamer1.0-alsa graphicsmagick
build-android	Install Linux Dependencies	2026-08-01T13:59:32.0929824Z   accountsservice evince xdg-desktop-portal-gnome
build-android	Install Linux Dependencies	2026-08-01T13:59:32.1355205Z The following NEW packages will be installed:
build-android	Install Linux Dependencies	2026-08-01T13:59:32.1356099Z   bubblewrap gir1.2-appindicator3-0.1 gir1.2-atk-1.0 gir1.2-atspi-2.0
build-android	Install Linux Dependencies	2026-08-01T13:59:32.1357120Z   gir1.2-dazzle-1.0 gir1.2-dbusmenu-glib-0.4 gir1.2-gtk-3.0
build-android	Install Linux Dependencies	2026-08-01T13:59:32.1358366Z   gir1.2-harfbuzz-0.0 gir1.2-json-1.0 gir1.2-pango-1.0 gir1.2-polkit-1.0
build-android	Install Linux Dependencies	2026-08-01T13:59:32.1359407Z   gir1.2-soup-3.0 gstreamer1.0-gl gstreamer1.0-plugins-base
build-android	Install Linux Dependencies	2026-08-01T13:59:32.1360227Z   gstreamer1.0-plugins-good gstreamer1.0-x libaa1 libappindicator3-1
build-android	Install Linux Dependencies	2026-08-01T13:59:32.1361062Z   libappindicator3-dev libasyncns0 libatk-bridge2.0-dev libatk1.0-dev
build-android	Install Linux Dependencies	2026-08-01T13:59:32.1361924Z   libatspi2.0-dev libavc1394-0 libcaca0 libcdparanoia0 libdatrie-dev
build-android	Install Linux Dependencies	2026-08-01T13:59:32.1362733Z   libdazzle-1.0-0 libdazzle-1.0-dev libdazzle-common libdbus-1-dev
build-android	Install Linux Dependencies	2026-08-01T13:59:32.1363277Z   libdbus-glib-1-dev libdbus-glib-1-dev-bin libdbusmenu-glib-dev libdv4
build-android	Install Linux Dependencies	2026-08-01T13:59:32.1363885Z   libegl-dev libegl-mesa0 libegl1 libegl1-mesa-dev libepoxy-dev libevdev2
build-android	Install Linux Dependencies	2026-08-01T13:59:32.1364421Z   libflac8 libfribidi-dev libgl-dev libgles-dev libgles1 libgles2
build-android	Install Linux Dependencies	2026-08-01T13:59:32.1364953Z   libglvnd-core-dev libglvnd-dev libglx-dev libgraphene-1.0-0 libgraphite2-dev
build-android	Install Linux Dependencies	2026-08-01T13:59:32.1365524Z   libgstreamer-gl1.0-0 libgstreamer-plugins-base1.0-0
build-android	Install Linux Dependencies	2026-08-01T13:59:32.1365999Z   libgstreamer-plugins-good1.0-0 libgtk-3-dev libharfbuzz-dev
build-android	Install Linux Dependencies	2026-08-01T13:59:32.1366532Z   libharfbuzz-gobject0 libharfbuzz-icu0 libhyphen0 libiec61883-0
build-android	Install Linux Dependencies	2026-08-01T13:59:32.1367140Z   libjack-jackd2-0 libjavascriptcoregtk-4.1-0 libjavascriptcoregtk-4.1-dev
build-android	Install Linux Dependencies	2026-08-01T13:59:32.1367684Z   libjson-glib-dev libmanette-0.2-0 libmp3lame0 libmpg123-0 libnghttp2-dev
build-android	Install Linux Dependencies	2026-08-01T13:59:32.1368259Z   libopengl-dev libopengl0 libopus0 liborc-0.4-0 libpango1.0-dev
build-android	Install Linux Dependencies	2026-08-01T13:59:32.1368832Z   libpangoxft-1.0-0 libpipewire-0.3-0 libpipewire-0.3-common
build-android	Install Linux Dependencies	2026-08-01T13:59:32.1379750Z   libpipewire-0.3-modules libpolkit-gobject-1-dev libpsl-dev libpulse0
build-android	Install Linux Dependencies	2026-08-01T13:59:32.1380565Z   libraw1394-11 libsamplerate0 libshout3 libsndfile1 libsoup-3.0-0
build-android	Install Linux Dependencies	2026-08-01T13:59:32.1381334Z   libsoup-3.0-common libsoup-3.0-dev libspa-0.2-modules libspeex1 libsysprof-4
build-android	Install Linux Dependencies	2026-08-01T13:59:32.1382291Z   libsysprof-4-dev libsysprof-ui-4 libtag1v5 libtag1v5-vanilla libthai-dev
build-android	Install Linux Dependencies	2026-08-01T13:59:32.1383267Z   libtheora0 libtwolame0 libv4l-0 libv4lconvert0 libvisual-0.4-0 libvorbisenc2
build-android	Install Linux Dependencies	2026-08-01T13:59:32.1383847Z   libvpx7 libwavpack1 libwayland-bin libwayland-dev libwebkit2gtk-4.1-0
build-android	Install Linux Dependencies	2026-08-01T13:59:32.1384428Z   libwebkit2gtk-4.1-dev libwebrtc-audio-processing1 libwoff1 libxcomposite-dev
build-android	Install Linux Dependencies	2026-08-01T13:59:32.1384963Z   libxcursor-dev libxdamage-dev libxfixes-dev libxft-dev libxi-dev
build-android	Install Linux Dependencies	2026-08-01T13:59:32.1385557Z   libxinerama-dev libxkbcommon-dev libxrandr-dev libxtst-dev libxv1
build-android	Install Linux Dependencies	2026-08-01T13:59:32.1386079Z   pango1.0-tools pipewire pipewire-bin pipewire-media-session rtkit
build-android	Install Linux Dependencies	2026-08-01T13:59:32.1386673Z   wayland-protocols xdg-dbus-proxy xdg-desktop-portal xdg-desktop-portal-gtk
build-android	Install Linux Dependencies	2026-08-01T13:59:32.1387190Z The following packages will be upgraded:
build-android	Install Linux Dependencies	2026-08-01T13:59:32.1387946Z   libssl-dev libssl3
build-android	Install Linux Dependencies	2026-08-01T13:59:32.1555364Z 2 upgraded, 130 newly installed, 0 to remove and 85 not upgraded.
build-android	Install Linux Dependencies	2026-08-01T13:59:32.1556066Z Need to get 59.6 MB of archives.
build-android	Install Linux Dependencies	2026-08-01T13:59:32.1568445Z After this operation, 215 MB of additional disk space will be used.
build-android	Install Linux Dependencies	2026-08-01T13:59:32.1569321Z Get:1 file:/etc/apt/apt-mirrors.txt Mirrorlist [144 B]
build-android	Install Linux Dependencies	2026-08-01T13:59:32.2162784Z Get:2 http://azure.archive.ubuntu.com/ubuntu jammy-updates/main amd64 libssl-dev amd64 3.0.2-0ubuntu1.26 [2377 kB]
build-android	Install Linux Dependencies	2026-08-01T13:59:32.2620624Z Get:3 http://azure.archive.ubuntu.com/ubuntu jammy-updates/main amd64 libssl3 amd64 3.0.2-0ubuntu1.26 [1906 kB]
build-android	Install Linux Dependencies	2026-08-01T13:59:32.3005338Z Get:4 http://azure.archive.ubuntu.com/ubuntu jammy-updates/main amd64 bubblewrap amd64 0.6.1-1ubuntu0.1 [46.3 kB]
build-android	Install Linux Dependencies	2026-08-01T13:59:32.3228117Z Get:5 http://azure.archive.ubuntu.com/ubuntu jammy/main amd64 gir1.2-atk-1.0 amd64 2.36.0-3build1 [21.0 kB]
build-android	Install Linux Dependencies	2026-08-01T13:59:32.3443163Z Get:6 http://azure.archive.ubuntu.com/ubuntu jammy-updates/main amd64 gir1.2-harfbuzz-0.0 amd64 2.7.4-1ubuntu3.2 [31.6 kB]
build-android	Install Linux Dependencies	2026-08-01T13:59:32.3691684Z Get:7 http://azure.archive.ubuntu.com/ubuntu jammy-updates/main amd64 libpangoxft-1.0-0 amd64 1.50.6+ds-2ubuntu1 [31.0 kB]
build-android	Install Linux Dependencies	2026-08-01T13:59:32.3912571Z Get:8 http://azure.archive.ubuntu.com/ubuntu jammy-updates/main amd64 gir1.2-pango-1.0 amd64 1.50.6+ds-2ubuntu1 [44.0 kB]
build-android	Install Linux Dependencies	2026-08-01T13:59:32.4133417Z Get:9 http://azure.archive.ubuntu.com/ubuntu jammy-updates/main amd64 gir1.2-gtk-3.0 amd64 3.24.33-1ubuntu2.2 [240 kB]
build-android	Install Linux Dependencies	2026-08-01T13:59:32.4376731Z Get:10 http://azure.archive.ubuntu.com/ubuntu jammy/universe amd64 libappindicator3-1 amd64 12.10.1+20.10.20200706.1-0ubuntu1 [23.2 kB]
build-android	Install Linux Dependencies	2026-08-01T13:59:32.4593709Z Get:11 http://azure.archive.ubuntu.com/ubuntu jammy/universe amd64 gir1.2-appindicator3-0.1 amd64 12.10.1+20.10.20200706.1-0ubuntu1 [3452 B]
build-android	Install Linux Dependencies	2026-08-01T13:59:32.4812416Z Get:12 http://azure.archive.ubuntu.com/ubuntu jammy/main amd64 gir1.2-atspi-2.0 amd64 2.44.0-3 [18.1 kB]
build-android	Install Linux Dependencies	2026-08-01T13:59:32.5031684Z Get:13 http://azure.archive.ubuntu.com/ubuntu jammy/main amd64 libdazzle-common all 3.44.0-1 [3400 B]
build-android	Install Linux Dependencies	2026-08-01T13:59:32.5249425Z Get:14 http://azure.archive.ubuntu.com/ubuntu jammy/main amd64 libdazzle-1.0-0 amd64 3.44.0-1 [356 kB]
build-android	Install Linux Dependencies	2026-08-01T13:59:32.5492207Z Get:15 http://azure.archive.ubuntu.com/ubuntu jammy/main amd64 gir1.2-dazzle-1.0 amd64 3.44.0-1 [36.7 kB]
build-android	Install Linux Dependencies	2026-08-01T13:59:32.5712317Z Get:16 http://azure.archive.ubuntu.com/ubuntu jammy/main amd64 gir1.2-dbusmenu-glib-0.4 amd64 16.04.1+18.10.20180917-0ubuntu8 [6624 B]
build-android	Install Linux Dependencies	2026-08-01T13:59:32.5931190Z Get:17 http://azure.archive.ubuntu.com/ubuntu jammy/main amd64 gir1.2-json-1.0 amd64 1.6.6-1build1 [8874 B]
build-android	Install Linux Dependencies	2026-08-01T13:59:32.6150358Z Get:18 http://azure.archive.ubuntu.com/ubuntu jammy-updates/main amd64 gir1.2-polkit-1.0 amd64 0.105-33ubuntu0.1 [7768 B]
build-android	Install Linux Dependencies	2026-08-01T13:59:32.6372882Z Get:19 http://azure.archive.ubuntu.com/ubuntu jammy-updates/universe amd64 libsoup-3.0-common all 3.0.7-0ubuntu1 [62.1 kB]
build-android	Install Linux Dependencies	2026-08-01T13:59:32.7052318Z Get:20 http://azure.archive.ubuntu.com/ubuntu jammy-updates/universe amd64 libsoup-3.0-0 amd64 3.0.7-0ubuntu1 [278 kB]
build-android	Install Linux Dependencies	2026-08-01T13:59:32.7289967Z Get:21 http://azure.archive.ubuntu.com/ubuntu jammy-updates/universe amd64 gir1.2-soup-3.0 amd64 3.0.7-0ubuntu1 [21.8 kB]
build-android	Install Linux Dependencies	2026-08-01T13:59:32.7513099Z Get:22 http://azure.archive.ubuntu.com/ubuntu jammy/main amd64 libgraphene-1.0-0 amd64 1.10.8-1 [48.2 kB]
build-android	Install Linux Dependencies	2026-08-01T13:59:32.7735959Z Get:23 http://azure.archive.ubuntu.com/ubuntu jammy-updates/main amd64 libegl-mesa0 amd64 23.2.1-1ubuntu3.1~22.04.4 [118 kB]
build-android	Install Linux Dependencies	2026-08-01T13:59:32.7958999Z Get:24 http://azure.archive.ubuntu.com/ubuntu jammy/main amd64 libegl1 amd64 1.4.0-1 [28.6 kB]
build-android	Install Linux Dependencies	2026-08-01T13:59:32.8177098Z Get:25 http://azure.archive.ubuntu.com/ubuntu jammy-updates/main amd64 liborc-0.4-0 amd64 1:0.4.32-2ubuntu0.1 [228 kB]
build-android	Install Linux Dependencies	2026-08-01T13:59:32.8411385Z Get:26 http://azure.archive.ubuntu.com/ubuntu jammy-updates/main amd64 libgstreamer-plugins-base1.0-0 amd64 1.20.1-1ubuntu0.6 [848 kB]
build-android	Install Linux Dependencies	2026-08-01T13:59:32.8698307Z Get:27 http://azure.archive.ubuntu.com/ubuntu jammy-updates/main amd64 libgstreamer-gl1.0-0 amd64 1.20.1-1ubuntu0.6 [204 kB]
build-android	Install Linux Dependencies	2026-08-01T13:59:32.8926209Z Get:28 http://azure.archive.ubuntu.com/ubuntu jammy-updates/main amd64 gstreamer1.0-gl amd64 1.20.1-1ubuntu0.6 [125 kB]
build-android	Install Linux Dependencies	2026-08-01T13:59:32.9151283Z Get:29 http://azure.archive.ubuntu.com/ubuntu jammy/main amd64 libcdparanoia0 amd64 3.10.2+debian-14build2 [49.3 kB]
build-android	Install Linux Dependencies	2026-08-01T13:59:32.9371734Z Get:30 http://azure.archive.ubuntu.com/ubuntu jammy/main amd64 libopus0 amd64 1.3.1-0.1build2 [203 kB]
build-android	Install Linux Dependencies	2026-08-01T13:59:32.9623397Z Get:31 http://azure.archive.ubuntu.com/ubuntu jammy/main amd64 libtheora0 amd64 1.1.1+dfsg.1-15ubuntu4 [209 kB]
build-android	Install Linux Dependencies	2026-08-01T13:59:32.9973780Z Get:32 http://azure.archive.ubuntu.com/ubuntu jammy/main amd64 libvisual-0.4-0 amd64 0.4.0-17build2 [108 kB]
build-android	Install Linux Dependencies	2026-08-01T13:59:33.0200169Z Get:33 http://azure.archive.ubuntu.com/ubuntu jammy/main amd64 libvorbisenc2 amd64 1.3.7-1build2 [82.6 kB]
build-android	Install Linux Dependencies	2026-08-01T13:59:33.0422266Z Get:34 http://azure.archive.ubuntu.com/ubuntu jammy-updates/main amd64 gstreamer1.0-plugins-base amd64 1.20.1-1ubuntu0.6 [712 kB]
build-android	Install Linux Dependencies	2026-08-01T13:59:33.0687508Z Get:35 http://azure.archive.ubuntu.com/ubuntu jammy/main amd64 libaa1 amd64 1.4p5-50build1 [51.9 kB]
build-android	Install Linux Dependencies	2026-08-01T13:59:33.0913738Z Get:36 http://azure.archive.ubuntu.com/ubuntu jammy/main amd64 libraw1394-11 amd64 2.1.2-2build2 [27.0 kB]
build-android	Install Linux Dependencies	2026-08-01T13:59:33.1135907Z Get:37 http://azure.archive.ubuntu.com/ubuntu jammy/main amd64 libavc1394-0 amd64 0.5.4-5build2 [17.0 kB]
build-android	Install Linux Dependencies	2026-08-01T13:59:33.1776929Z Get:38 http://azure.archive.ubuntu.com/ubuntu jammy-updates/main amd64 libcaca0 amd64 0.99.beta19-2.2ubuntu4.2 [224 kB]
build-android	Install Linux Dependencies	2026-08-01T13:59:33.2014125Z Get:39 http://azure.archive.ubuntu.com/ubuntu jammy/main amd64 libdv4 amd64 1.0.0-14build1 [61.9 kB]
build-android	Install Linux Dependencies	2026-08-01T13:59:33.2236274Z Get:40 http://azure.archive.ubuntu.com/ubuntu jammy-updates/main amd64 libflac8 amd64 1.3.3-2ubuntu0.2 [111 kB]
build-android	Install Linux Dependencies	2026-08-01T13:59:33.2460151Z Get:41 http://azure.archive.ubuntu.com/ubuntu jammy-updates/main amd64 libgstreamer-plugins-good1.0-0 amd64 1.20.3-0ubuntu1.7 [30.6 kB]
build-android	Install Linux Dependencies	2026-08-01T13:59:33.2679199Z Get:42 http://azure.archive.ubuntu.com/ubuntu jammy/main amd64 libiec61883-0 amd64 1.2.0-4build3 [25.9 kB]
build-android	Install Linux Dependencies	2026-08-01T13:59:33.2903306Z Get:43 http://azure.archive.ubuntu.com/ubuntu jammy/main amd64 libsamplerate0 amd64 0.2.2-1build1 [1359 kB]
build-android	Install Linux Dependencies	2026-08-01T13:59:33.3252091Z Get:44 http://azure.archive.ubuntu.com/ubuntu jammy/main amd64 libjack-jackd2-0 amd64 1.9.20~dfsg-1 [293 kB]
build-android	Install Linux Dependencies	2026-08-01T13:59:33.3485505Z Get:45 http://azure.archive.ubuntu.com/ubuntu jammy/main amd64 libmp3lame0 amd64 3.100-3build2 [141 kB]
build-android	Install Linux Dependencies	2026-08-01T13:59:33.3719337Z Get:46 http://azure.archive.ubuntu.com/ubuntu jammy-updates/main amd64 libmpg123-0 amd64 1.29.3-1ubuntu0.1 [172 kB]
build-android	Install Linux Dependencies	2026-08-01T13:59:33.3951263Z Get:47 http://azure.archive.ubuntu.com/ubuntu jammy/main amd64 libasyncns0 amd64 0.8-6build2 [12.8 kB]
build-android	Install Linux Dependencies	2026-08-01T13:59:33.4172120Z Get:48 http://azure.archive.ubuntu.com/ubuntu jammy-updates/main amd64 libsndfile1 amd64 1.0.31-2ubuntu0.2 [196 kB]
build-android	Install Linux Dependencies	2026-08-01T13:59:33.4410280Z Get:49 http://azure.archive.ubuntu.com/ubuntu jammy-updates/main amd64 libpulse0 amd64 1:15.99.1+dfsg1-1ubuntu2.2 [298 kB]
build-android	Install Linux Dependencies	2026-08-01T13:59:33.4652171Z Get:50 http://azure.archive.ubuntu.com/ubuntu jammy/main amd64 libspeex1 amd64 1.2~rc1.2-1.1ubuntu3 [57.9 kB]
build-android	Install Linux Dependencies	2026-08-01T13:59:33.4875670Z Get:51 http://azure.archive.ubuntu.com/ubuntu jammy/main amd64 libshout3 amd64 2.4.5-1build3 [54.5 kB]
build-android	Install Linux Dependencies	2026-08-01T13:59:33.5102387Z Get:52 http://azure.archive.ubuntu.com/ubuntu jammy/main amd64 libtag1v5-vanilla amd64 1.11.1+dfsg.1-3ubuntu3 [304 kB]
build-android	Install Linux Dependencies	2026-08-01T13:59:33.5347219Z Get:53 http://azure.archive.ubuntu.com/ubuntu jammy/main amd64 libtag1v5 amd64 1.11.1+dfsg.1-3ubuntu3 [11.5 kB]
build-android	Install Linux Dependencies	2026-08-01T13:59:33.5568467Z Get:54 http://azure.archive.ubuntu.com/ubuntu jammy/main amd64 libtwolame0 amd64 0.4.0-2build2 [52.5 kB]
build-android	Install Linux Dependencies	2026-08-01T13:59:33.5787718Z Get:55 http://azure.archive.ubuntu.com/ubuntu jammy/main amd64 libv4lconvert0 amd64 1.22.1-2build1 [82.4 kB]
build-android	Install Linux Dependencies	2026-08-01T13:59:33.6494717Z Get:56 http://azure.archive.ubuntu.com/ubuntu jammy/main amd64 libv4l-0 amd64 1.22.1-2build1 [44.9 kB]
build-android	Install Linux Dependencies	2026-08-01T13:59:33.6719566Z Get:57 http://azure.archive.ubuntu.com/ubuntu jammy-updates/main amd64 libvpx7 amd64 1.11.0-2ubuntu2.5 [1078 kB]
build-android	Install Linux Dependencies	2026-08-01T13:59:33.7017458Z Get:58 http://azure.archive.ubuntu.com/ubuntu jammy/main amd64 libwavpack1 amd64 5.4.0-1build2 [83.7 kB]
build-android	Install Linux Dependencies	2026-08-01T13:59:33.7244055Z Get:59 http://azure.archive.ubuntu.com/ubuntu jammy-updates/main amd64 gstreamer1.0-plugins-good amd64 1.20.3-0ubuntu1.7 [2006 kB]
build-android	Install Linux Dependencies	2026-08-01T13:59:33.7621475Z Get:60 http://azure.archive.ubuntu.com/ubuntu jammy/main amd64 libxv1 amd64 2:1.0.11-1build2 [11.2 kB]
build-android	Install Linux Dependencies	2026-08-01T13:59:33.7842128Z Get:61 http://azure.archive.ubuntu.com/ubuntu jammy-updates/main amd64 gstreamer1.0-x amd64 1.20.1-1ubuntu0.6 [85.1 kB]
build-android	Install Linux Dependencies	2026-08-01T13:59:33.8070335Z Get:62 http://azure.archive.ubuntu.com/ubuntu jammy-updates/main amd64 libdbus-1-dev amd64 1.12.20-2ubuntu4.1 [188 kB]
build-android	Install Linux Dependencies	2026-08-01T13:59:33.8305345Z Get:63 http://azure.archive.ubuntu.com/ubuntu jammy/main amd64 libdbus-glib-1-dev-bin amd64 0.112-2build1 [41.9 kB]
build-android	Install Linux Dependencies	2026-08-01T13:59:33.8527847Z Get:64 http://azure.archive.ubuntu.com/ubuntu jammy/main amd64 libdbus-glib-1-dev amd64 0.112-2build1 [80.6 kB]
build-android	Install Linux Dependencies	2026-08-01T13:59:33.8755062Z Get:65 http://azure.archive.ubuntu.com/ubuntu jammy/main amd64 libdbusmenu-glib-dev amd64 16.04.1+18.10.20180917-0ubuntu8 [73.8 kB]
build-android	Install Linux Dependencies	2026-08-01T13:59:33.8984634Z Get:66 http://azure.archive.ubuntu.com/ubuntu jammy/main amd64 libatk1.0-dev amd64 2.36.0-3build1 [96.6 kB]
build-android	Install Linux Dependencies	2026-08-01T13:59:33.9210327Z Get:67 http://azure.archive.ubuntu.com/ubuntu jammy/main amd64 libxfixes-dev amd64 1:6.0.0-1 [12.2 kB]
build-android	Install Linux Dependencies	2026-08-01T13:59:33.9441052Z Get:68 http://azure.archive.ubuntu.com/ubuntu jammy/main amd64 libxi-dev amd64 2:1.8-1build1 [193 kB]
build-android	Install Linux Dependencies	2026-08-01T13:59:33.9666910Z Get:69 http://azure.archive.ubuntu.com/ubuntu jammy/main amd64 libxtst-dev amd64 2:1.2.3-1build4 [16.3 kB]
build-android	Install Linux Dependencies	2026-08-01T13:59:33.9880809Z Get:70 http://azure.archive.ubuntu.com/ubuntu jammy/main amd64 libatspi2.0-dev amd64 2.44.0-3 [71.5 kB]
build-android	Install Linux Dependencies	2026-08-01T13:59:34.0105424Z Get:71 http://azure.archive.ubuntu.com/ubuntu jammy/main amd64 libatk-bridge2.0-dev amd64 2.38.0-3 [2954 B]
build-android	Install Linux Dependencies	2026-08-01T13:59:34.0323313Z Get:72 http://azure.archive.ubuntu.com/ubuntu jammy/main amd64 libglx-dev amd64 1.4.0-1 [14.1 kB]
build-android	Install Linux Dependencies	2026-08-01T13:59:34.0544289Z Get:73 http://azure.archive.ubuntu.com/ubuntu jammy/main amd64 libgl-dev amd64 1.4.0-1 [101 kB]
build-android	Install Linux Dependencies	2026-08-01T13:59:34.0765734Z Get:74 http://azure.archive.ubuntu.com/ubuntu jammy/main amd64 libegl-dev amd64 1.4.0-1 [18.0 kB]
build-android	Install Linux Dependencies	2026-08-01T13:59:34.1453313Z Get:75 http://azure.archive.ubuntu.com/ubuntu jammy/main amd64 libglvnd-core-dev amd64 1.4.0-1 [12.7 kB]
build-android	Install Linux Dependencies	2026-08-01T13:59:34.1676725Z Get:76 http://azure.archive.ubuntu.com/ubuntu jammy/main amd64 libgles1 amd64 1.4.0-1 [11.5 kB]
build-android	Install Linux Dependencies	2026-08-01T13:59:34.1896985Z Get:77 http://azure.archive.ubuntu.com/ubuntu jammy/main amd64 libgles2 amd64 1.4.0-1 [18.0 kB]
build-android	Install Linux Dependencies	2026-08-01T13:59:34.2115241Z Get:78 http://azure.archive.ubuntu.com/ubuntu jammy/main amd64 libgles-dev amd64 1.4.0-1 [49.4 kB]
build-android	Install Linux Dependencies	2026-08-01T13:59:34.2333731Z Get:79 http://azure.archive.ubuntu.com/ubuntu jammy/main amd64 libopengl0 amd64 1.4.0-1 [36.5 kB]
build-android	Install Linux Dependencies	2026-08-01T13:59:34.2554519Z Get:80 http://azure.archive.ubuntu.com/ubuntu jammy/main amd64 libopengl-dev amd64 1.4.0-1 [3400 B]
build-android	Install Linux Dependencies	2026-08-01T13:59:34.2771983Z Get:81 http://azure.archive.ubuntu.com/ubuntu jammy/main amd64 libglvnd-dev amd64 1.4.0-1 [3162 B]
build-android	Install Linux Dependencies	2026-08-01T13:59:34.2989980Z Get:82 http://azure.archive.ubuntu.com/ubuntu jammy-updates/main amd64 libegl1-mesa-dev amd64 23.2.1-1ubuntu3.1~22.04.4 [11.3 kB]
build-android	Install Linux Dependencies	2026-08-01T13:59:34.3203798Z Get:83 http://azure.archive.ubuntu.com/ubuntu jammy/main amd64 libepoxy-dev amd64 1.5.10-1 [132 kB]
build-android	Install Linux Dependencies	2026-08-01T13:59:34.3437243Z Get:84 http://azure.archive.ubuntu.com/ubuntu jammy-updates/main amd64 libfribidi-dev amd64 1.0.8-2ubuntu3.1 [64.8 kB]
build-android	Install Linux Dependencies	2026-08-01T13:59:34.3657267Z Get:85 http://azure.archive.ubuntu.com/ubuntu jammy-updates/main amd64 libharfbuzz-icu0 amd64 2.7.4-1ubuntu3.2 [5890 B]
build-android	Install Linux Dependencies	2026-08-01T13:59:34.3885831Z Get:86 http://azure.archive.ubuntu.com/ubuntu jammy-updates/main amd64 libharfbuzz-gobject0 amd64 2.7.4-1ubuntu3.2 [26.0 kB]
build-android	Install Linux Dependencies	2026-08-01T13:59:34.4105655Z Get:87 http://azure.archive.ubuntu.com/ubuntu jammy-updates/main amd64 libgraphite2-dev amd64 1.3.14-1ubuntu0.1 [14.7 kB]
build-android	Install Linux Dependencies	2026-08-01T13:59:34.4325219Z Get:88 http://azure.archive.ubuntu.com/ubuntu jammy-updates/main amd64 libharfbuzz-dev amd64 2.7.4-1ubuntu3.2 [554 kB]
build-android	Install Linux Dependencies	2026-08-01T13:59:34.4791177Z Get:89 http://azure.archive.ubuntu.com/ubuntu jammy/main amd64 libdatrie-dev amd64 0.2.13-2 [19.7 kB]
build-android	Install Linux Dependencies	2026-08-01T13:59:34.5210713Z Get:90 http://azure.archive.ubuntu.com/ubuntu jammy/main amd64 libthai-dev amd64 0.1.29-1build1 [26.4 kB]
build-android	Install Linux Dependencies	2026-08-01T13:59:34.5521985Z Get:91 http://azure.archive.ubuntu.com/ubuntu jammy/main amd64 libxft-dev amd64 2.3.4-1 [52.4 kB]
build-android	Install Linux Dependencies	2026-08-01T13:59:34.5935347Z Get:92 http://azure.archive.ubuntu.com/ubuntu jammy-updates/main amd64 pango1.0-tools amd64 1.50.6+ds-2ubuntu1 [45.8 kB]
build-android	Install Linux Dependencies	2026-08-01T13:59:34.6269464Z Get:93 http://azure.archive.ubuntu.com/ubuntu jammy-updates/main amd64 libpango1.0-dev amd64 1.50.6+ds-2ubuntu1 [154 kB]
build-android	Install Linux Dependencies	2026-08-01T13:59:34.7326472Z Get:94 http://azure.archive.ubuntu.com/ubuntu jammy-updates/main amd64 libwayland-bin amd64 1.20.0-1ubuntu0.1 [20.4 kB]
build-android	Install Linux Dependencies	2026-08-01T13:59:34.7594968Z Get:95 http://azure.archive.ubuntu.com/ubuntu jammy-updates/main amd64 libwayland-dev amd64 1.20.0-1ubuntu0.1 [69.5 kB]
build-android	Install Linux Dependencies	2026-08-01T13:59:34.7919102Z Get:96 http://azure.archive.ubuntu.com/ubuntu jammy/main amd64 libxcomposite-dev amd64 1:0.4.5-1build2 [9326 B]
build-android	Install Linux Dependencies	2026-08-01T13:59:34.8183632Z Get:97 http://azure.archive.ubuntu.com/ubuntu jammy/main amd64 libxcursor-dev amd64 1:1.2.0-2build4 [28.2 kB]
build-android	Install Linux Dependencies	2026-08-01T13:59:34.8445253Z Get:98 http://azure.archive.ubuntu.com/ubuntu jammy/main amd64 libxdamage-dev amd64 1:1.1.5-2build2 [5264 B]
build-android	Install Linux Dependencies	2026-08-01T13:59:34.8714886Z Get:99 http://azure.archive.ubuntu.com/ubuntu jammy/main amd64 libxinerama-dev amd64 2:1.1.4-3 [8104 B]
build-android	Install Linux Dependencies	2026-08-01T13:59:34.8977042Z Get:100 http://azure.archive.ubuntu.com/ubuntu jammy/main amd64 libxkbcommon-dev amd64 1.4.0-1 [54.9 kB]
build-android	Install Linux Dependencies	2026-08-01T13:59:34.9251064Z Get:101 http://azure.archive.ubuntu.com/ubuntu jammy/main amd64 libxrandr-dev amd64 2:1.5.2-1build1 [26.7 kB]
build-android	Install Linux Dependencies	2026-08-01T13:59:34.9506755Z Get:102 http://azure.archive.ubuntu.com/ubuntu jammy/main amd64 wayland-protocols all 1.25-1 [70.6 kB]
build-android	Install Linux Dependencies	2026-08-01T13:59:34.9999509Z Get:103 http://azure.archive.ubuntu.com/ubuntu jammy-updates/main amd64 libgtk-3-dev amd64 3.24.33-1ubuntu2.2 [1082 kB]
build-android	Install Linux Dependencies	2026-08-01T13:59:35.1774791Z Get:104 http://azure.archive.ubuntu.com/ubuntu jammy/universe amd64 libappindicator3-dev amd64 12.10.1+20.10.20200706.1-0ubuntu1 [11.9 kB]
build-android	Install Linux Dependencies	2026-08-01T13:59:35.1995923Z Get:105 http://azure.archive.ubuntu.com/ubuntu jammy/main amd64 libdazzle-1.0-dev amd64 3.44.0-1 [121 kB]
build-android	Install Linux Dependencies	2026-08-01T13:59:35.2242992Z Get:106 http://azure.archive.ubuntu.com/ubuntu jammy/main amd64 libhyphen0 amd64 2.8.8-7build2 [28.2 kB]
build-android	Install Linux Dependencies	2026-08-01T13:59:35.2464515Z Get:107 http://azure.archive.ubuntu.com/ubuntu jammy-updates/main amd64 libjavascriptcoregtk-4.1-0 amd64 2.50.4-0ubuntu0.22.04.1 [9518 kB]
build-android	Install Linux Dependencies	2026-08-01T13:59:35.6061067Z Get:108 http://azure.archive.ubuntu.com/ubuntu jammy-updates/main amd64 libjavascriptcoregtk-4.1-dev amd64 2.50.4-0ubuntu0.22.04.1 [69.7 kB]
build-android	Install Linux Dependencies	2026-08-01T13:59:35.6294834Z Get:109 http://azure.archive.ubuntu.com/ubuntu jammy/main amd64 libjson-glib-dev amd64 1.6.6-1build1 [96.7 kB]
build-android	Install Linux Dependencies	2026-08-01T13:59:35.6532815Z Get:110 http://azure.archive.ubuntu.com/ubuntu jammy/main amd64 libevdev2 amd64 1.12.1+dfsg-1 [39.5 kB]
build-android	Install Linux Dependencies	2026-08-01T13:59:35.6760513Z Get:111 http://azure.archive.ubuntu.com/ubuntu jammy/main amd64 libmanette-0.2-0 amd64 0.2.6-3build1 [30.4 kB]
build-android	Install Linux Dependencies	2026-08-01T13:59:35.6989172Z Get:112 http://azure.archive.ubuntu.com/ubuntu jammy-updates/main amd64 libnghttp2-dev amd64 1.43.0-1ubuntu0.4 [117 kB]
build-android	Install Linux Dependencies	2026-08-01T13:59:35.7255907Z Get:113 http://azure.archive.ubuntu.com/ubuntu jammy/main amd64 libwebrtc-audio-processing1 amd64 0.3.1-0ubuntu5 [291 kB]
build-android	Install Linux Dependencies	2026-08-01T13:59:35.7577138Z Get:114 http://azure.archive.ubuntu.com/ubuntu jammy-updates/main amd64 libspa-0.2-modules amd64 0.3.48-1ubuntu3.2 [546 kB]
build-android	Install Linux Dependencies	2026-08-01T13:59:35.8041081Z Get:115 http://azure.archive.ubuntu.com/ubuntu jammy-updates/main amd64 libpipewire-0.3-0 amd64 0.3.48-1ubuntu3.2 [274 kB]
build-android	Install Linux Dependencies	2026-08-01T13:59:35.8350556Z Get:116 http://azure.archive.ubuntu.com/ubuntu jammy-updates/main amd64 libpipewire-0.3-common all 0.3.48-1ubuntu3.2 [4278 B]
build-android	Install Linux Dependencies	2026-08-01T13:59:35.8573325Z Get:117 http://azure.archive.ubuntu.com/ubuntu jammy-updates/main amd64 libpipewire-0.3-modules amd64 0.3.48-1ubuntu3.2 [525 kB]
build-android	Install Linux Dependencies	2026-08-01T13:59:35.9021044Z Get:118 http://azure.archive.ubuntu.com/ubuntu jammy-updates/main amd64 libpolkit-gobject-1-dev amd64 0.105-33ubuntu0.1 [65.4 kB]
build-android	Install Linux Dependencies	2026-08-01T13:59:35.9254177Z Get:119 http://azure.archive.ubuntu.com/ubuntu jammy/main amd64 libpsl-dev amd64 0.21.0-1.2build2 [77.9 kB]
build-android	Install Linux Dependencies	2026-08-01T13:59:35.9494113Z Get:120 http://azure.archive.ubuntu.com/ubuntu jammy/universe amd64 libsysprof-4 amd64 3.44.0-1 [136 kB]
build-android	Install Linux Dependencies	2026-08-01T13:59:36.0192015Z Get:121 http://azure.archive.ubuntu.com/ubuntu jammy/universe amd64 libsysprof-ui-4 amd64 3.44.0-1 [146 kB]
build-android	Install Linux Dependencies	2026-08-01T13:59:36.0477609Z Get:122 http://azure.archive.ubuntu.com/ubuntu jammy/universe amd64 libsysprof-4-dev amd64 3.44.0-1 [54.7 kB]
build-android	Install Linux Dependencies	2026-08-01T13:59:36.0737894Z Get:123 http://azure.archive.ubuntu.com/ubuntu jammy-updates/universe amd64 libsoup-3.0-dev amd64 3.0.7-0ubuntu1 [102 kB]
build-android	Install Linux Dependencies	2026-08-01T13:59:36.1005292Z Get:124 http://azure.archive.ubuntu.com/ubuntu jammy-updates/main amd64 xdg-dbus-proxy amd64 0.1.3-1ubuntu0.1 [24.9 kB]
build-android	Install Linux Dependencies	2026-08-01T13:59:36.1232052Z Get:125 http://azure.archive.ubuntu.com/ubuntu jammy/main amd64 libwoff1 amd64 1.0.2-1build4 [45.2 kB]
build-android	Install Linux Dependencies	2026-08-01T13:59:36.1476552Z Get:126 http://azure.archive.ubuntu.com/ubuntu jammy-updates/universe amd64 libwebkit2gtk-4.1-0 amd64 2.50.4-0ubuntu0.22.04.1 [27.3 MB]
build-android	Install Linux Dependencies	2026-08-01T13:59:37.1305214Z Get:127 http://azure.archive.ubuntu.com/ubuntu jammy-updates/universe amd64 libwebkit2gtk-4.1-dev amd64 2.50.4-0ubuntu0.22.04.1 [288 kB]
build-android	Install Linux Dependencies	2026-08-01T13:59:37.1667863Z Get:128 http://azure.archive.ubuntu.com/ubuntu jammy-updates/main amd64 pipewire-bin amd64 0.3.48-1ubuntu3.2 [312 kB]
build-android	Install Linux Dependencies	2026-08-01T13:59:37.2043501Z Get:129 http://azure.archive.ubuntu.com/ubuntu jammy-updates/main amd64 pipewire amd64 0.3.48-1ubuntu3.2 [3978 B]
build-android	Install Linux Dependencies	2026-08-01T13:59:37.2301897Z Get:130 http://azure.archive.ubuntu.com/ubuntu jammy/main amd64 pipewire-media-session amd64 0.4.1-2ubuntu1 [128 kB]
build-android	Install Linux Dependencies	2026-08-01T13:59:37.2596329Z Get:131 http://azure.archive.ubuntu.com/ubuntu jammy/main amd64 rtkit amd64 0.13-4build2 [35.1 kB]
build-android	Install Linux Dependencies	2026-08-01T13:59:37.2855707Z Get:132 http://azure.archive.ubuntu.com/ubuntu jammy-updates/main amd64 xdg-desktop-portal amd64 1.14.4-1ubuntu2~22.04.2 [265 kB]
build-android	Install Linux Dependencies	2026-08-01T13:59:37.3202560Z Get:133 http://azure.archive.ubuntu.com/ubuntu jammy/main amd64 xdg-desktop-portal-gtk amd64 1.14.0-1build1 [87.4 kB]
build-android	Install Linux Dependencies	2026-08-01T13:59:37.8377113Z Preconfiguring packages ...
build-android	Install Linux Dependencies	2026-08-01T13:59:37.8976616Z Fetched 59.6 MB in 5s (11.5 MB/s)
build-android	Install Linux Dependencies	2026-08-01T13:59:37.9532968Z (Reading database ... 
build-android	Install Linux Dependencies	2026-08-01T13:59:37.9533926Z (Reading database ... 5%
build-android	Install Linux Dependencies	2026-08-01T13:59:37.9534417Z (Reading database ... 10%
build-android	Install Linux Dependencies	2026-08-01T13:59:37.9534818Z (Reading database ... 15%
build-android	Install Linux Dependencies	2026-08-01T13:59:37.9535379Z (Reading database ... 20%
build-android	Install Linux Dependencies	2026-08-01T13:59:37.9535736Z (Reading database ... 25%
build-android	Install Linux Dependencies	2026-08-01T13:59:37.9536121Z (Reading database ... 30%
build-android	Install Linux Dependencies	2026-08-01T13:59:37.9536477Z (Reading database ... 35%
build-android	Install Linux Dependencies	2026-08-01T13:59:37.9536800Z (Reading database ... 40%
build-android	Install Linux Dependencies	2026-08-01T13:59:37.9537243Z (Reading database ... 45%
build-android	Install Linux Dependencies	2026-08-01T13:59:37.9537701Z (Reading database ... 50%
build-android	Install Linux Dependencies	2026-08-01T13:59:38.0558296Z (Reading database ... 55%
build-android	Install Linux Dependencies	2026-08-01T13:59:38.0962070Z (Reading database ... 60%
build-android	Install Linux Dependencies	2026-08-01T13:59:38.1556354Z (Reading database ... 65%
build-android	Install Linux Dependencies	2026-08-01T13:59:38.3041562Z (Reading database ... 70%
build-android	Install Linux Dependencies	2026-08-01T13:59:38.5062041Z (Reading database ... 75%
build-android	Install Linux Dependencies	2026-08-01T13:59:38.5968495Z (Reading database ... 80%
build-android	Install Linux Dependencies	2026-08-01T13:59:38.7608048Z (Reading database ... 85%
build-android	Install Linux Dependencies	2026-08-01T13:59:38.9500821Z (Reading database ... 90%
build-android	Install Linux Dependencies	2026-08-01T13:59:39.1107743Z (Reading database ... 95%
build-android	Install Linux Dependencies	2026-08-01T13:59:39.1108411Z (Reading database ... 100%
build-android	Install Linux Dependencies	2026-08-01T13:59:39.1109645Z (Reading database ... 259812 files and directories currently installed.)
build-android	Install Linux Dependencies	2026-08-01T13:59:39.1175017Z Preparing to unpack .../libssl-dev_3.0.2-0ubuntu1.26_amd64.deb ...
build-android	Install Linux Dependencies	2026-08-01T13:59:39.1277700Z Unpacking libssl-dev:amd64 (3.0.2-0ubuntu1.26) over (3.0.2-0ubuntu1.25) ...
build-android	Install Linux Dependencies	2026-08-01T13:59:39.3170752Z Preparing to unpack .../libssl3_3.0.2-0ubuntu1.26_amd64.deb ...
build-android	Install Linux Dependencies	2026-08-01T13:59:39.3271193Z Unpacking libssl3:amd64 (3.0.2-0ubuntu1.26) over (3.0.2-0ubuntu1.25) ...
build-android	Install Linux Dependencies	2026-08-01T13:59:39.4187784Z Setting up libssl3:amd64 (3.0.2-0ubuntu1.26) ...
build-android	Install Linux Dependencies	2026-08-01T13:59:39.5765876Z Selecting previously unselected package bubblewrap.
build-android	Install Linux Dependencies	2026-08-01T13:59:39.5804655Z (Reading database ... 
build-android	Install Linux Dependencies	2026-08-01T13:59:39.5805228Z (Reading database ... 5%
build-android	Install Linux Dependencies	2026-08-01T13:59:39.5805613Z (Reading database ... 10%
build-android	Install Linux Dependencies	2026-08-01T13:59:39.5805978Z (Reading database ... 15%
build-android	Install Linux Dependencies	2026-08-01T13:59:39.5807015Z (Reading database ... 20%
build-android	Install Linux Dependencies	2026-08-01T13:59:39.5807379Z (Reading database ... 25%
build-android	Install Linux Dependencies	2026-08-01T13:59:39.5807759Z (Reading database ... 30%
build-android	Install Linux Dependencies	2026-08-01T13:59:39.5808163Z (Reading database ... 35%
build-android	Install Linux Dependencies	2026-08-01T13:59:39.5808544Z (Reading database ... 40%
build-android	Install Linux Dependencies	2026-08-01T13:59:39.5809202Z (Reading database ... 45%
build-android	Install Linux Dependencies	2026-08-01T13:59:39.5810009Z (Reading database ... 50%
build-android	Install Linux Dependencies	2026-08-01T13:59:39.5831094Z (Reading database ... 55%
build-android	Install Linux Dependencies	2026-08-01T13:59:39.5858981Z (Reading database ... 60%
build-android	Install Linux Dependencies	2026-08-01T13:59:39.5954198Z (Reading database ... 65%
build-android	Install Linux Dependencies	2026-08-01T13:59:39.5988273Z (Reading database ... 70%
build-android	Install Linux Dependencies	2026-08-01T13:59:39.6126550Z (Reading database ... 75%
build-android	Install Linux Dependencies	2026-08-01T13:59:39.6193843Z (Reading database ... 80%
build-android	Install Linux Dependencies	2026-08-01T13:59:39.6403752Z (Reading database ... 85%
build-android	Install Linux Dependencies	2026-08-01T13:59:39.6650045Z (Reading database ... 90%
build-android	Install Linux Dependencies	2026-08-01T13:59:39.6774170Z (Reading database ... 95%
build-android	Install Linux Dependencies	2026-08-01T13:59:39.6775084Z (Reading database ... 100%
build-android	Install Linux Dependencies	2026-08-01T13:59:39.6776061Z (Reading database ... 259812 files and directories currently installed.)
build-android	Install Linux Dependencies	2026-08-01T13:59:39.6836767Z Preparing to unpack .../000-bubblewrap_0.6.1-1ubuntu0.1_amd64.deb ...
build-android	Install Linux Dependencies	2026-08-01T13:59:39.6851193Z Unpacking bubblewrap (0.6.1-1ubuntu0.1) ...
build-android	Install Linux Dependencies	2026-08-01T13:59:39.7096229Z Selecting previously unselected package gir1.2-atk-1.0:amd64.
build-android	Install Linux Dependencies	2026-08-01T13:59:39.7255897Z Preparing to unpack .../001-gir1.2-atk-1.0_2.36.0-3build1_amd64.deb ...
build-android	Install Linux Dependencies	2026-08-01T13:59:39.7271364Z Unpacking gir1.2-atk-1.0:amd64 (2.36.0-3build1) ...
build-android	Install Linux Dependencies	2026-08-01T13:59:39.7577829Z Selecting previously unselected package gir1.2-harfbuzz-0.0:amd64.
build-android	Install Linux Dependencies	2026-08-01T13:59:39.7741075Z Preparing to unpack .../002-gir1.2-harfbuzz-0.0_2.7.4-1ubuntu3.2_amd64.deb ...
build-android	Install Linux Dependencies	2026-08-01T13:59:39.7844002Z Unpacking gir1.2-harfbuzz-0.0:amd64 (2.7.4-1ubuntu3.2) ...
build-android	Install Linux Dependencies	2026-08-01T13:59:39.8223476Z Selecting previously unselected package libpangoxft-1.0-0:amd64.
build-android	Install Linux Dependencies	2026-08-01T13:59:39.8386138Z Preparing to unpack .../003-libpangoxft-1.0-0_1.50.6+ds-2ubuntu1_amd64.deb ...
build-android	Install Linux Dependencies	2026-08-01T13:59:39.8397171Z Unpacking libpangoxft-1.0-0:amd64 (1.50.6+ds-2ubuntu1) ...
build-android	Install Linux Dependencies	2026-08-01T13:59:39.8608409Z Selecting previously unselected package gir1.2-pango-1.0:amd64.
build-android	Install Linux Dependencies	2026-08-01T13:59:39.8769171Z Preparing to unpack .../004-gir1.2-pango-1.0_1.50.6+ds-2ubuntu1_amd64.deb ...
build-android	Install Linux Dependencies	2026-08-01T13:59:39.8785416Z Unpacking gir1.2-pango-1.0:amd64 (1.50.6+ds-2ubuntu1) ...
build-android	Install Linux Dependencies	2026-08-01T13:59:39.8988863Z Selecting previously unselected package gir1.2-gtk-3.0:amd64.
build-android	Install Linux Dependencies	2026-08-01T13:59:39.9155081Z Preparing to unpack .../005-gir1.2-gtk-3.0_3.24.33-1ubuntu2.2_amd64.deb ...
build-android	Install Linux Dependencies	2026-08-01T13:59:39.9171024Z Unpacking gir1.2-gtk-3.0:amd64 (3.24.33-1ubuntu2.2) ...
build-android	Install Linux Dependencies	2026-08-01T13:59:39.9450789Z Selecting previously unselected package libappindicator3-1.
build-android	Install Linux Dependencies	2026-08-01T13:59:39.9611999Z Preparing to unpack .../006-libappindicator3-1_12.10.1+20.10.20200706.1-0ubuntu1_amd64.deb ...
build-android	Install Linux Dependencies	2026-08-01T13:59:39.9625773Z Unpacking libappindicator3-1 (12.10.1+20.10.20200706.1-0ubuntu1) ...
build-android	Install Linux Dependencies	2026-08-01T13:59:39.9854689Z Selecting previously unselected package gir1.2-appindicator3-0.1.
build-android	Install Linux Dependencies	2026-08-01T13:59:40.0018376Z Preparing to unpack .../007-gir1.2-appindicator3-0.1_12.10.1+20.10.20200706.1-0ubuntu1_amd64.deb ...
build-android	Install Linux Dependencies	2026-08-01T13:59:40.0048419Z Unpacking gir1.2-appindicator3-0.1 (12.10.1+20.10.20200706.1-0ubuntu1) ...
build-android	Install Linux Dependencies	2026-08-01T13:59:40.0238928Z Selecting previously unselected package gir1.2-atspi-2.0:amd64.
build-android	Install Linux Dependencies	2026-08-01T13:59:40.0406337Z Preparing to unpack .../008-gir1.2-atspi-2.0_2.44.0-3_amd64.deb ...
build-android	Install Linux Dependencies	2026-08-01T13:59:40.0435385Z Unpacking gir1.2-atspi-2.0:amd64 (2.44.0-3) ...
build-android	Install Linux Dependencies	2026-08-01T13:59:40.0900270Z Selecting previously unselected package libdazzle-common.
build-android	Install Linux Dependencies	2026-08-01T13:59:40.1065356Z Preparing to unpack .../009-libdazzle-common_3.44.0-1_all.deb ...
build-android	Install Linux Dependencies	2026-08-01T13:59:40.1080366Z Unpacking libdazzle-common (3.44.0-1) ...
build-android	Install Linux Dependencies	2026-08-01T13:59:40.1293142Z Selecting previously unselected package libdazzle-1.0-0:amd64.
build-android	Install Linux Dependencies	2026-08-01T13:59:40.1462740Z Preparing to unpack .../010-libdazzle-1.0-0_3.44.0-1_amd64.deb ...
build-android	Install Linux Dependencies	2026-08-01T13:59:40.1476733Z Unpacking libdazzle-1.0-0:amd64 (3.44.0-1) ...
build-android	Install Linux Dependencies	2026-08-01T13:59:40.1747187Z Selecting previously unselected package gir1.2-dazzle-1.0:amd64.
build-android	Install Linux Dependencies	2026-08-01T13:59:40.1908075Z Preparing to unpack .../011-gir1.2-dazzle-1.0_3.44.0-1_amd64.deb ...
build-android	Install Linux Dependencies	2026-08-01T13:59:40.1921382Z Unpacking gir1.2-dazzle-1.0:amd64 (3.44.0-1) ...
build-android	Install Linux Dependencies	2026-08-01T13:59:40.2120722Z Selecting previously unselected package gir1.2-dbusmenu-glib-0.4:amd64.
build-android	Install Linux Dependencies	2026-08-01T13:59:40.2280657Z Preparing to unpack .../012-gir1.2-dbusmenu-glib-0.4_16.04.1+18.10.20180917-0ubuntu8_amd64.deb ...
build-android	Install Linux Dependencies	2026-08-01T13:59:40.2433273Z Unpacking gir1.2-dbusmenu-glib-0.4:amd64 (16.04.1+18.10.20180917-0ubuntu8) ...
build-android	Install Linux Dependencies	2026-08-01T13:59:40.2617623Z Selecting previously unselected package gir1.2-json-1.0:amd64.
build-android	Install Linux Dependencies	2026-08-01T13:59:40.2775392Z Preparing to unpack .../013-gir1.2-json-1.0_1.6.6-1build1_amd64.deb ...
build-android	Install Linux Dependencies	2026-08-01T13:59:40.2786793Z Unpacking gir1.2-json-1.0:amd64 (1.6.6-1build1) ...
build-android	Install Linux Dependencies	2026-08-01T13:59:40.3164390Z Selecting previously unselected package gir1.2-polkit-1.0.
build-android	Install Linux Dependencies	2026-08-01T13:59:40.3326887Z Preparing to unpack .../014-gir1.2-polkit-1.0_0.105-33ubuntu0.1_amd64.deb ...
build-android	Install Linux Dependencies	2026-08-01T13:59:40.3338279Z Unpacking gir1.2-polkit-1.0 (0.105-33ubuntu0.1) ...
build-android	Install Linux Dependencies	2026-08-01T13:59:40.3524450Z Selecting previously unselected package libsoup-3.0-common.
build-android	Install Linux Dependencies	2026-08-01T13:59:40.3683894Z Preparing to unpack .../015-libsoup-3.0-common_3.0.7-0ubuntu1_all.deb ...
build-android	Install Linux Dependencies	2026-08-01T13:59:40.3695223Z Unpacking libsoup-3.0-common (3.0.7-0ubuntu1) ...
build-android	Install Linux Dependencies	2026-08-01T13:59:40.5245119Z Selecting previously unselected package libsoup-3.0-0:amd64.
build-android	Install Linux Dependencies	2026-08-01T13:59:40.5412950Z Preparing to unpack .../016-libsoup-3.0-0_3.0.7-0ubuntu1_amd64.deb ...
build-android	Install Linux Dependencies	2026-08-01T13:59:40.5668610Z Unpacking libsoup-3.0-0:amd64 (3.0.7-0ubuntu1) ...
build-android	Install Linux Dependencies	2026-08-01T13:59:40.5923978Z Selecting previously unselected package gir1.2-soup-3.0:amd64.
build-android	Install Linux Dependencies	2026-08-01T13:59:40.6087644Z Preparing to unpack .../017-gir1.2-soup-3.0_3.0.7-0ubuntu1_amd64.deb ...
build-android	Install Linux Dependencies	2026-08-01T13:59:40.6102522Z Unpacking gir1.2-soup-3.0:amd64 (3.0.7-0ubuntu1) ...
build-android	Install Linux Dependencies	2026-08-01T13:59:40.6334838Z Selecting previously unselected package libgraphene-1.0-0:amd64.
build-android	Install Linux Dependencies	2026-08-01T13:59:40.6499240Z Preparing to unpack .../018-libgraphene-1.0-0_1.10.8-1_amd64.deb ...
build-android	Install Linux Dependencies	2026-08-01T13:59:40.6519278Z Unpacking libgraphene-1.0-0:amd64 (1.10.8-1) ...
build-android	Install Linux Dependencies	2026-08-01T13:59:40.6766473Z Selecting previously unselected package libegl-mesa0:amd64.
build-android	Install Linux Dependencies	2026-08-01T13:59:40.6929555Z Preparing to unpack .../019-libegl-mesa0_23.2.1-1ubuntu3.1~22.04.4_amd64.deb ...
build-android	Install Linux Dependencies	2026-08-01T13:59:40.6948479Z Unpacking libegl-mesa0:amd64 (23.2.1-1ubuntu3.1~22.04.4) ...
build-android	Install Linux Dependencies	2026-08-01T13:59:40.7207360Z Selecting previously unselected package libegl1:amd64.
build-android	Install Linux Dependencies	2026-08-01T13:59:40.7374913Z Preparing to unpack .../020-libegl1_1.4.0-1_amd64.deb ...
build-android	Install Linux Dependencies	2026-08-01T13:59:40.7387368Z Unpacking libegl1:amd64 (1.4.0-1) ...
build-android	Install Linux Dependencies	2026-08-01T13:59:40.7612742Z Selecting previously unselected package liborc-0.4-0:amd64.
build-android	Install Linux Dependencies	2026-08-01T13:59:40.7774156Z Preparing to unpack .../021-liborc-0.4-0_1%3a0.4.32-2ubuntu0.1_amd64.deb ...
build-android	Install Linux Dependencies	2026-08-01T13:59:40.7789214Z Unpacking liborc-0.4-0:amd64 (1:0.4.32-2ubuntu0.1) ...
build-android	Install Linux Dependencies	2026-08-01T13:59:40.8324926Z Selecting previously unselected package libgstreamer-plugins-base1.0-0:amd64.
build-android	Install Linux Dependencies	2026-08-01T13:59:40.8488021Z Preparing to unpack .../022-libgstreamer-plugins-base1.0-0_1.20.1-1ubuntu0.6_amd64.deb ...
build-android	Install Linux Dependencies	2026-08-01T13:59:40.8502910Z Unpacking libgstreamer-plugins-base1.0-0:amd64 (1.20.1-1ubuntu0.6) ...
build-android	Install Linux Dependencies	2026-08-01T13:59:40.8893578Z Selecting previously unselected package libgstreamer-gl1.0-0:amd64.
build-android	Install Linux Dependencies	2026-08-01T13:59:40.9060888Z Preparing to unpack .../023-libgstreamer-gl1.0-0_1.20.1-1ubuntu0.6_amd64.deb ...
build-android	Install Linux Dependencies	2026-08-01T13:59:40.9074161Z Unpacking libgstreamer-gl1.0-0:amd64 (1.20.1-1ubuntu0.6) ...
build-android	Install Linux Dependencies	2026-08-01T13:59:40.9309415Z Selecting previously unselected package gstreamer1.0-gl:amd64.
build-android	Install Linux Dependencies	2026-08-01T13:59:40.9473177Z Preparing to unpack .../024-gstreamer1.0-gl_1.20.1-1ubuntu0.6_amd64.deb ...
build-android	Install Linux Dependencies	2026-08-01T13:59:40.9487412Z Unpacking gstreamer1.0-gl:amd64 (1.20.1-1ubuntu0.6) ...
build-android	Install Linux Dependencies	2026-08-01T13:59:40.9730558Z Selecting previously unselected package libcdparanoia0:amd64.
build-android	Install Linux Dependencies	2026-08-01T13:59:40.9898216Z Preparing to unpack .../025-libcdparanoia0_3.10.2+debian-14build2_amd64.deb ...
build-android	Install Linux Dependencies	2026-08-01T13:59:40.9915906Z Unpacking libcdparanoia0:amd64 (3.10.2+debian-14build2) ...
build-android	Install Linux Dependencies	2026-08-01T13:59:41.0137939Z Selecting previously unselected package libopus0:amd64.
build-android	Install Linux Dependencies	2026-08-01T13:59:41.0301548Z Preparing to unpack .../026-libopus0_1.3.1-0.1build2_amd64.deb ...
build-android	Install Linux Dependencies	2026-08-01T13:59:41.0313792Z Unpacking libopus0:amd64 (1.3.1-0.1build2) ...
build-android	Install Linux Dependencies	2026-08-01T13:59:41.0888178Z Selecting previously unselected package libtheora0:amd64.
build-android	Install Linux Dependencies	2026-08-01T13:59:41.1051080Z Preparing to unpack .../027-libtheora0_1.1.1+dfsg.1-15ubuntu4_amd64.deb ...
build-android	Install Linux Dependencies	2026-08-01T13:59:41.1066727Z Unpacking libtheora0:amd64 (1.1.1+dfsg.1-15ubuntu4) ...
build-android	Install Linux Dependencies	2026-08-01T13:59:41.1358179Z Selecting previously unselected package libvisual-0.4-0:amd64.
build-android	Install Linux Dependencies	2026-08-01T13:59:41.1520942Z Preparing to unpack .../028-libvisual-0.4-0_0.4.0-17build2_amd64.deb ...
build-android	Install Linux Dependencies	2026-08-01T13:59:41.1538468Z Unpacking libvisual-0.4-0:amd64 (0.4.0-17build2) ...
build-android	Install Linux Dependencies	2026-08-01T13:59:41.1798860Z Selecting previously unselected package libvorbisenc2:amd64.
build-android	Install Linux Dependencies	2026-08-01T13:59:41.1961497Z Preparing to unpack .../029-libvorbisenc2_1.3.7-1build2_amd64.deb ...
build-android	Install Linux Dependencies	2026-08-01T13:59:41.1975166Z Unpacking libvorbisenc2:amd64 (1.3.7-1build2) ...
build-android	Install Linux Dependencies	2026-08-01T13:59:41.2220563Z Selecting previously unselected package gstreamer1.0-plugins-base:amd64.
build-android	Install Linux Dependencies	2026-08-01T13:59:41.2385755Z Preparing to unpack .../030-gstreamer1.0-plugins-base_1.20.1-1ubuntu0.6_amd64.deb ...
build-android	Install Linux Dependencies	2026-08-01T13:59:41.2398149Z Unpacking gstreamer1.0-plugins-base:amd64 (1.20.1-1ubuntu0.6) ...
build-android	Install Linux Dependencies	2026-08-01T13:59:41.2795052Z Selecting previously unselected package libaa1:amd64.
build-android	Install Linux Dependencies	2026-08-01T13:59:41.2960514Z Preparing to unpack .../031-libaa1_1.4p5-50build1_amd64.deb ...
build-android	Install Linux Dependencies	2026-08-01T13:59:41.3156016Z Unpacking libaa1:amd64 (1.4p5-50build1) ...
build-android	Install Linux Dependencies	2026-08-01T13:59:41.3386171Z Selecting previously unselected package libraw1394-11:amd64.
build-android	Install Linux Dependencies	2026-08-01T13:59:41.3545993Z Preparing to unpack .../032-libraw1394-11_2.1.2-2build2_amd64.deb ...
build-android	Install Linux Dependencies	2026-08-01T13:59:41.3557911Z Unpacking libraw1394-11:amd64 (2.1.2-2build2) ...
build-android	Install Linux Dependencies	2026-08-01T13:59:41.3813240Z Selecting previously unselected package libavc1394-0:amd64.
build-android	Install Linux Dependencies	2026-08-01T13:59:41.3974631Z Preparing to unpack .../033-libavc1394-0_0.5.4-5build2_amd64.deb ...
build-android	Install Linux Dependencies	2026-08-01T13:59:41.3986747Z Unpacking libavc1394-0:amd64 (0.5.4-5build2) ...
build-android	Install Linux Dependencies	2026-08-01T13:59:41.4207836Z Selecting previously unselected package libcaca0:amd64.
build-android	Install Linux Dependencies	2026-08-01T13:59:41.4369210Z Preparing to unpack .../034-libcaca0_0.99.beta19-2.2ubuntu4.2_amd64.deb ...
build-android	Install Linux Dependencies	2026-08-01T13:59:41.4383062Z Unpacking libcaca0:amd64 (0.99.beta19-2.2ubuntu4.2) ...
build-android	Install Linux Dependencies	2026-08-01T13:59:41.4694380Z Selecting previously unselected package libdv4:amd64.
build-android	Install Linux Dependencies	2026-08-01T13:59:41.4857059Z Preparing to unpack .../035-libdv4_1.0.0-14build1_amd64.deb ...
build-android	Install Linux Dependencies	2026-08-01T13:59:41.4869569Z Unpacking libdv4:amd64 (1.0.0-14build1) ...
build-android	Install Linux Dependencies	2026-08-01T13:59:41.5094363Z Selecting previously unselected package libflac8:amd64.
build-android	Install Linux Dependencies	2026-08-01T13:59:41.5258197Z Preparing to unpack .../036-libflac8_1.3.3-2ubuntu0.2_amd64.deb ...
build-android	Install Linux Dependencies	2026-08-01T13:59:41.5270099Z Unpacking libflac8:amd64 (1.3.3-2ubuntu0.2) ...
build-android	Install Linux Dependencies	2026-08-01T13:59:41.5677431Z Selecting previously unselected package libgstreamer-plugins-good1.0-0:amd64.
build-android	Install Linux Dependencies	2026-08-01T13:59:41.5848068Z Preparing to unpack .../037-libgstreamer-plugins-good1.0-0_1.20.3-0ubuntu1.7_amd64.deb ...
build-android	Install Linux Dependencies	2026-08-01T13:59:41.5876488Z Unpacking libgstreamer-plugins-good1.0-0:amd64 (1.20.3-0ubuntu1.7) ...
build-android	Install Linux Dependencies	2026-08-01T13:59:41.6091096Z Selecting previously unselected package libiec61883-0:amd64.
build-android	Install Linux Dependencies	2026-08-01T13:59:41.6250899Z Preparing to unpack .../038-libiec61883-0_1.2.0-4build3_amd64.deb ...
build-android	Install Linux Dependencies	2026-08-01T13:59:41.6274058Z Unpacking libiec61883-0:amd64 (1.2.0-4build3) ...
build-android	Install Linux Dependencies	2026-08-01T13:59:41.6630746Z Selecting previously unselected package libsamplerate0:amd64.
build-android	Install Linux Dependencies	2026-08-01T13:59:41.6796339Z Preparing to unpack .../039-libsamplerate0_0.2.2-1build1_amd64.deb ...
build-android	Install Linux Dependencies	2026-08-01T13:59:41.6814135Z Unpacking libsamplerate0:amd64 (0.2.2-1build1) ...
build-android	Install Linux Dependencies	2026-08-01T13:59:41.7147579Z Selecting previously unselected package libjack-jackd2-0:amd64.
build-android	Install Linux Dependencies	2026-08-01T13:59:41.7308029Z Preparing to unpack .../040-libjack-jackd2-0_1.9.20~dfsg-1_amd64.deb ...
build-android	Install Linux Dependencies	2026-08-01T13:59:41.7804017Z Unpacking libjack-jackd2-0:amd64 (1.9.20~dfsg-1) ...
build-android	Install Linux Dependencies	2026-08-01T13:59:41.8354853Z Selecting previously unselected package libmp3lame0:amd64.
build-android	Install Linux Dependencies	2026-08-01T13:59:41.8525177Z Preparing to unpack .../041-libmp3lame0_3.100-3build2_amd64.deb ...
build-android	Install Linux Dependencies	2026-08-01T13:59:41.8541672Z Unpacking libmp3lame0:amd64 (3.100-3build2) ...
build-android	Install Linux Dependencies	2026-08-01T13:59:41.8783313Z Selecting previously unselected package libmpg123-0:amd64.
build-android	Install Linux Dependencies	2026-08-01T13:59:41.8944217Z Preparing to unpack .../042-libmpg123-0_1.29.3-1ubuntu0.1_amd64.deb ...
build-android	Install Linux Dependencies	2026-08-01T13:59:41.8957513Z Unpacking libmpg123-0:amd64 (1.29.3-1ubuntu0.1) ...
build-android	Install Linux Dependencies	2026-08-01T13:59:41.9229326Z Selecting previously unselected package libasyncns0:amd64.
build-android	Install Linux Dependencies	2026-08-01T13:59:41.9394528Z Preparing to unpack .../043-libasyncns0_0.8-6build2_amd64.deb ...
build-android	Install Linux Dependencies	2026-08-01T13:59:41.9409929Z Unpacking libasyncns0:amd64 (0.8-6build2) ...
build-android	Install Linux Dependencies	2026-08-01T13:59:41.9631535Z Selecting previously unselected package libsndfile1:amd64.
build-android	Install Linux Dependencies	2026-08-01T13:59:41.9793974Z Preparing to unpack .../044-libsndfile1_1.0.31-2ubuntu0.2_amd64.deb ...
build-android	Install Linux Dependencies	2026-08-01T13:59:41.9806056Z Unpacking libsndfile1:amd64 (1.0.31-2ubuntu0.2) ...
build-android	Install Linux Dependencies	2026-08-01T13:59:42.1237783Z Selecting previously unselected package libpulse0:amd64.
build-android	Install Linux Dependencies	2026-08-01T13:59:42.1408502Z Preparing to unpack .../045-libpulse0_1%3a15.99.1+dfsg1-1ubuntu2.2_amd64.deb ...
build-android	Install Linux Dependencies	2026-08-01T13:59:42.1984713Z Unpacking libpulse0:amd64 (1:15.99.1+dfsg1-1ubuntu2.2) ...
build-android	Install Linux Dependencies	2026-08-01T13:59:42.2283667Z Selecting previously unselected package libspeex1:amd64.
build-android	Install Linux Dependencies	2026-08-01T13:59:42.2450459Z Preparing to unpack .../046-libspeex1_1.2~rc1.2-1.1ubuntu3_amd64.deb ...
build-android	Install Linux Dependencies	2026-08-01T13:59:42.2465966Z Unpacking libspeex1:amd64 (1.2~rc1.2-1.1ubuntu3) ...
build-android	Install Linux Dependencies	2026-08-01T13:59:42.2720376Z Selecting previously unselected package libshout3:amd64.
build-android	Install Linux Dependencies	2026-08-01T13:59:42.2885054Z Preparing to unpack .../047-libshout3_2.4.5-1build3_amd64.deb ...
build-android	Install Linux Dependencies	2026-08-01T13:59:42.2898821Z Unpacking libshout3:amd64 (2.4.5-1build3) ...
build-android	Install Linux Dependencies	2026-08-01T13:59:42.3118183Z Selecting previously unselected package libtag1v5-vanilla:amd64.
build-android	Install Linux Dependencies	2026-08-01T13:59:42.3280667Z Preparing to unpack .../048-libtag1v5-vanilla_1.11.1+dfsg.1-3ubuntu3_amd64.deb ...
build-android	Install Linux Dependencies	2026-08-01T13:59:42.3580957Z Unpacking libtag1v5-vanilla:amd64 (1.11.1+dfsg.1-3ubuntu3) ...
build-android	Install Linux Dependencies	2026-08-01T13:59:42.4022173Z Selecting previously unselected package libtag1v5:amd64.
build-android	Install Linux Dependencies	2026-08-01T13:59:42.4197151Z Preparing to unpack .../049-libtag1v5_1.11.1+dfsg.1-3ubuntu3_amd64.deb ...
build-android	Install Linux Dependencies	2026-08-01T13:59:42.4213277Z Unpacking libtag1v5:amd64 (1.11.1+dfsg.1-3ubuntu3) ...
build-android	Install Linux Dependencies	2026-08-01T13:59:42.4422209Z Selecting previously unselected package libtwolame0:amd64.
build-android	Install Linux Dependencies	2026-08-01T13:59:42.4584886Z Preparing to unpack .../050-libtwolame0_0.4.0-2build2_amd64.deb ...
build-android	Install Linux Dependencies	2026-08-01T13:59:42.4599266Z Unpacking libtwolame0:amd64 (0.4.0-2build2) ...
build-android	Install Linux Dependencies	2026-08-01T13:59:42.4814466Z Selecting previously unselected package libv4lconvert0:amd64.
build-android	Install Linux Dependencies	2026-08-01T13:59:42.4973402Z Preparing to unpack .../051-libv4lconvert0_1.22.1-2build1_amd64.deb ...
build-android	Install Linux Dependencies	2026-08-01T13:59:42.4986514Z Unpacking libv4lconvert0:amd64 (1.22.1-2build1) ...
build-android	Install Linux Dependencies	2026-08-01T13:59:42.5212446Z Selecting previously unselected package libv4l-0:amd64.
build-android	Install Linux Dependencies	2026-08-01T13:59:42.5377776Z Preparing to unpack .../052-libv4l-0_1.22.1-2build1_amd64.deb ...
build-android	Install Linux Dependencies	2026-08-01T13:59:42.5390614Z Unpacking libv4l-0:amd64 (1.22.1-2build1) ...
build-android	Install Linux Dependencies	2026-08-01T13:59:42.5673587Z Selecting previously unselected package libvpx7:amd64.
build-android	Install Linux Dependencies	2026-08-01T13:59:42.5840296Z Preparing to unpack .../053-libvpx7_1.11.0-2ubuntu2.5_amd64.deb ...
build-android	Install Linux Dependencies	2026-08-01T13:59:42.5966764Z Unpacking libvpx7:amd64 (1.11.0-2ubuntu2.5) ...
build-android	Install Linux Dependencies	2026-08-01T13:59:42.6482450Z Selecting previously unselected package libwavpack1:amd64.
build-android	Install Linux Dependencies	2026-08-01T13:59:42.6646717Z Preparing to unpack .../054-libwavpack1_5.4.0-1build2_amd64.deb ...
build-android	Install Linux Dependencies	2026-08-01T13:59:42.6662577Z Unpacking libwavpack1:amd64 (5.4.0-1build2) ...
build-android	Install Linux Dependencies	2026-08-01T13:59:42.6877665Z Selecting previously unselected package gstreamer1.0-plugins-good:amd64.
build-android	Install Linux Dependencies	2026-08-01T13:59:42.7041769Z Preparing to unpack .../055-gstreamer1.0-plugins-good_1.20.3-0ubuntu1.7_amd64.deb ...
build-android	Install Linux Dependencies	2026-08-01T13:59:42.7056068Z Unpacking gstreamer1.0-plugins-good:amd64 (1.20.3-0ubuntu1.7) ...
build-android	Install Linux Dependencies	2026-08-01T13:59:42.7792675Z Selecting previously unselected package libxv1:amd64.
build-android	Install Linux Dependencies	2026-08-01T13:59:42.7952515Z Preparing to unpack .../056-libxv1_2%3a1.0.11-1build2_amd64.deb ...
build-android	Install Linux Dependencies	2026-08-01T13:59:42.7966119Z Unpacking libxv1:amd64 (2:1.0.11-1build2) ...
build-android	Install Linux Dependencies	2026-08-01T13:59:42.8160241Z Selecting previously unselected package gstreamer1.0-x:amd64.
build-android	Install Linux Dependencies	2026-08-01T13:59:42.8323783Z Preparing to unpack .../057-gstreamer1.0-x_1.20.1-1ubuntu0.6_amd64.deb ...
build-android	Install Linux Dependencies	2026-08-01T13:59:42.8448038Z Unpacking gstreamer1.0-x:amd64 (1.20.1-1ubuntu0.6) ...
build-android	Install Linux Dependencies	2026-08-01T13:59:42.8670162Z Selecting previously unselected package libdbus-1-dev:amd64.
build-android	Install Linux Dependencies	2026-08-01T13:59:42.8838355Z Preparing to unpack .../058-libdbus-1-dev_1.12.20-2ubuntu4.1_amd64.deb ...
build-android	Install Linux Dependencies	2026-08-01T13:59:42.8880328Z Unpacking libdbus-1-dev:amd64 (1.12.20-2ubuntu4.1) ...
build-android	Install Linux Dependencies	2026-08-01T13:59:42.9209504Z Selecting previously unselected package libdbus-glib-1-dev-bin.
build-android	Install Linux Dependencies	2026-08-01T13:59:42.9372945Z Preparing to unpack .../059-libdbus-glib-1-dev-bin_0.112-2build1_amd64.deb ...
build-android	Install Linux Dependencies	2026-08-01T13:59:42.9397569Z Unpacking libdbus-glib-1-dev-bin (0.112-2build1) ...
build-android	Install Linux Dependencies	2026-08-01T13:59:42.9598455Z Selecting previously unselected package libdbus-glib-1-dev:amd64.
build-android	Install Linux Dependencies	2026-08-01T13:59:42.9759495Z Preparing to unpack .../060-libdbus-glib-1-dev_0.112-2build1_amd64.deb ...
build-android	Install Linux Dependencies	2026-08-01T13:59:42.9774798Z Unpacking libdbus-glib-1-dev:amd64 (0.112-2build1) ...
build-android	Install Linux Dependencies	2026-08-01T13:59:43.0027383Z Selecting previously unselected package libdbusmenu-glib-dev:amd64.
build-android	Install Linux Dependencies	2026-08-01T13:59:43.0190845Z Preparing to unpack .../061-libdbusmenu-glib-dev_16.04.1+18.10.20180917-0ubuntu8_amd64.deb ...
build-android	Install Linux Dependencies	2026-08-01T13:59:43.0203384Z Unpacking libdbusmenu-glib-dev:amd64 (16.04.1+18.10.20180917-0ubuntu8) ...
build-android	Install Linux Dependencies	2026-08-01T13:59:43.0495117Z Selecting previously unselected package libatk1.0-dev:amd64.
build-android	Install Linux Dependencies	2026-08-01T13:59:43.0660605Z Preparing to unpack .../062-libatk1.0-dev_2.36.0-3build1_amd64.deb ...
build-android	Install Linux Dependencies	2026-08-01T13:59:43.0672324Z Unpacking libatk1.0-dev:amd64 (2.36.0-3build1) ...
build-android	Install Linux Dependencies	2026-08-01T13:59:43.1260514Z Selecting previously unselected package libxfixes-dev:amd64.
build-android	Install Linux Dependencies	2026-08-01T13:59:43.1425575Z Preparing to unpack .../063-libxfixes-dev_1%3a6.0.0-1_amd64.deb ...
build-android	Install Linux Dependencies	2026-08-01T13:59:43.1443725Z Unpacking libxfixes-dev:amd64 (1:6.0.0-1) ...
build-android	Install Linux Dependencies	2026-08-01T13:59:43.1653769Z Selecting previously unselected package libxi-dev:amd64.
build-android	Install Linux Dependencies	2026-08-01T13:59:43.1820316Z Preparing to unpack .../064-libxi-dev_2%3a1.8-1build1_amd64.deb ...
build-android	Install Linux Dependencies	2026-08-01T13:59:43.1833855Z Unpacking libxi-dev:amd64 (2:1.8-1build1) ...
build-android	Install Linux Dependencies	2026-08-01T13:59:43.2119794Z Selecting previously unselected package libxtst-dev:amd64.
build-android	Install Linux Dependencies	2026-08-01T13:59:43.2284918Z Preparing to unpack .../065-libxtst-dev_2%3a1.2.3-1build4_amd64.deb ...
build-android	Install Linux Dependencies	2026-08-01T13:59:43.2297455Z Unpacking libxtst-dev:amd64 (2:1.2.3-1build4) ...
build-android	Install Linux Dependencies	2026-08-01T13:59:43.2510909Z Selecting previously unselected package libatspi2.0-dev:amd64.
build-android	Install Linux Dependencies	2026-08-01T13:59:43.2674136Z Preparing to unpack .../066-libatspi2.0-dev_2.44.0-3_amd64.deb ...
build-android	Install Linux Dependencies	2026-08-01T13:59:43.2687332Z Unpacking libatspi2.0-dev:amd64 (2.44.0-3) ...
build-android	Install Linux Dependencies	2026-08-01T13:59:43.2959504Z Selecting previously unselected package libatk-bridge2.0-dev:amd64.
build-android	Install Linux Dependencies	2026-08-01T13:59:43.3125375Z Preparing to unpack .../067-libatk-bridge2.0-dev_2.38.0-3_amd64.deb ...
build-android	Install Linux Dependencies	2026-08-01T13:59:43.3138306Z Unpacking libatk-bridge2.0-dev:amd64 (2.38.0-3) ...
build-android	Install Linux Dependencies	2026-08-01T13:59:43.3488213Z Selecting previously unselected package libglx-dev:amd64.
build-android	Install Linux Dependencies	2026-08-01T13:59:43.3655012Z Preparing to unpack .../068-libglx-dev_1.4.0-1_amd64.deb ...
build-android	Install Linux Dependencies	2026-08-01T13:59:43.3664229Z Unpacking libglx-dev:amd64 (1.4.0-1) ...
build-android	Install Linux Dependencies	2026-08-01T13:59:43.3858546Z Selecting previously unselected package libgl-dev:amd64.
build-android	Install Linux Dependencies	2026-08-01T13:59:43.4018224Z Preparing to unpack .../069-libgl-dev_1.4.0-1_amd64.deb ...
build-android	Install Linux Dependencies	2026-08-01T13:59:43.4032360Z Unpacking libgl-dev:amd64 (1.4.0-1) ...
build-android	Install Linux Dependencies	2026-08-01T13:59:43.4334907Z Selecting previously unselected package libegl-dev:amd64.
build-android	Install Linux Dependencies	2026-08-01T13:59:43.4497514Z Preparing to unpack .../070-libegl-dev_1.4.0-1_amd64.deb ...
build-android	Install Linux Dependencies	2026-08-01T13:59:43.4510469Z Unpacking libegl-dev:amd64 (1.4.0-1) ...
build-android	Install Linux Dependencies	2026-08-01T13:59:43.4744023Z Selecting previously unselected package libglvnd-core-dev:amd64.
build-android	Install Linux Dependencies	2026-08-01T13:59:43.4911341Z Preparing to unpack .../071-libglvnd-core-dev_1.4.0-1_amd64.deb ...
build-android	Install Linux Dependencies	2026-08-01T13:59:43.4926657Z Unpacking libglvnd-core-dev:amd64 (1.4.0-1) ...
build-android	Install Linux Dependencies	2026-08-01T13:59:43.5164034Z Selecting previously unselected package libgles1:amd64.
build-android	Install Linux Dependencies	2026-08-01T13:59:43.5324529Z Preparing to unpack .../072-libgles1_1.4.0-1_amd64.deb ...
build-android	Install Linux Dependencies	2026-08-01T13:59:43.5338510Z Unpacking libgles1:amd64 (1.4.0-1) ...
build-android	Install Linux Dependencies	2026-08-01T13:59:43.5611756Z Selecting previously unselected package libgles2:amd64.
build-android	Install Linux Dependencies	2026-08-01T13:59:43.5775802Z Preparing to unpack .../073-libgles2_1.4.0-1_amd64.deb ...
build-android	Install Linux Dependencies	2026-08-01T13:59:43.5989193Z Unpacking libgles2:amd64 (1.4.0-1) ...
build-android	Install Linux Dependencies	2026-08-01T13:59:43.6187720Z Selecting previously unselected package libgles-dev:amd64.
build-android	Install Linux Dependencies	2026-08-01T13:59:43.6349844Z Preparing to unpack .../074-libgles-dev_1.4.0-1_amd64.deb ...
build-android	Install Linux Dependencies	2026-08-01T13:59:43.6362516Z Unpacking libgles-dev:amd64 (1.4.0-1) ...
build-android	Install Linux Dependencies	2026-08-01T13:59:43.6671748Z Selecting previously unselected package libopengl0:amd64.
build-android	Install Linux Dependencies	2026-08-01T13:59:43.6833415Z Preparing to unpack .../075-libopengl0_1.4.0-1_amd64.deb ...
build-android	Install Linux Dependencies	2026-08-01T13:59:43.6848545Z Unpacking libopengl0:amd64 (1.4.0-1) ...
build-android	Install Linux Dependencies	2026-08-01T13:59:43.7067244Z Selecting previously unselected package libopengl-dev:amd64.
build-android	Install Linux Dependencies	2026-08-01T13:59:43.7227415Z Preparing to unpack .../076-libopengl-dev_1.4.0-1_amd64.deb ...
build-android	Install Linux Dependencies	2026-08-01T13:59:43.7240016Z Unpacking libopengl-dev:amd64 (1.4.0-1) ...
build-android	Install Linux Dependencies	2026-08-01T13:59:43.7476339Z Selecting previously unselected package libglvnd-dev:amd64.
build-android	Install Linux Dependencies	2026-08-01T13:59:43.7635099Z Preparing to unpack .../077-libglvnd-dev_1.4.0-1_amd64.deb ...
build-android	Install Linux Dependencies	2026-08-01T13:59:43.7648346Z Unpacking libglvnd-dev:amd64 (1.4.0-1) ...
build-android	Install Linux Dependencies	2026-08-01T13:59:43.8010166Z Selecting previously unselected package libegl1-mesa-dev:amd64.
build-android	Install Linux Dependencies	2026-08-01T13:59:43.8169718Z Preparing to unpack .../078-libegl1-mesa-dev_23.2.1-1ubuntu3.1~22.04.4_amd64.deb ...
build-android	Install Linux Dependencies	2026-08-01T13:59:43.8181941Z Unpacking libegl1-mesa-dev:amd64 (23.2.1-1ubuntu3.1~22.04.4) ...
build-android	Install Linux Dependencies	2026-08-01T13:59:43.8589587Z Selecting previously unselected package libepoxy-dev:amd64.
build-android	Install Linux Dependencies	2026-08-01T13:59:43.8753572Z Preparing to unpack .../079-libepoxy-dev_1.5.10-1_amd64.deb ...
build-android	Install Linux Dependencies	2026-08-01T13:59:43.8765862Z Unpacking libepoxy-dev:amd64 (1.5.10-1) ...
build-android	Install Linux Dependencies	2026-08-01T13:59:43.9079850Z Selecting previously unselected package libfribidi-dev:amd64.
build-android	Install Linux Dependencies	2026-08-01T13:59:43.9241460Z Preparing to unpack .../080-libfribidi-dev_1.0.8-2ubuntu3.1_amd64.deb ...
build-android	Install Linux Dependencies	2026-08-01T13:59:43.9252799Z Unpacking libfribidi-dev:amd64 (1.0.8-2ubuntu3.1) ...
build-android	Install Linux Dependencies	2026-08-01T13:59:43.9491459Z Selecting previously unselected package libharfbuzz-icu0:amd64.
build-android	Install Linux Dependencies	2026-08-01T13:59:43.9652488Z Preparing to unpack .../081-libharfbuzz-icu0_2.7.4-1ubuntu3.2_amd64.deb ...
build-android	Install Linux Dependencies	2026-08-01T13:59:43.9667066Z Unpacking libharfbuzz-icu0:amd64 (2.7.4-1ubuntu3.2) ...
build-android	Install Linux Dependencies	2026-08-01T13:59:43.9897353Z Selecting previously unselected package libharfbuzz-gobject0:amd64.
build-android	Install Linux Dependencies	2026-08-01T13:59:44.0065446Z Preparing to unpack .../082-libharfbuzz-gobject0_2.7.4-1ubuntu3.2_amd64.deb ...
build-android	Install Linux Dependencies	2026-08-01T13:59:44.0077428Z Unpacking libharfbuzz-gobject0:amd64 (2.7.4-1ubuntu3.2) ...
build-android	Install Linux Dependencies	2026-08-01T13:59:44.0301682Z Selecting previously unselected package libgraphite2-dev:amd64.
build-android	Install Linux Dependencies	2026-08-01T13:59:44.0463694Z Preparing to unpack .../083-libgraphite2-dev_1.3.14-1ubuntu0.1_amd64.deb ...
build-android	Install Linux Dependencies	2026-08-01T13:59:44.0651382Z Unpacking libgraphite2-dev:amd64 (1.3.14-1ubuntu0.1) ...
build-android	Install Linux Dependencies	2026-08-01T13:59:44.1091405Z Selecting previously unselected package libharfbuzz-dev:amd64.
build-android	Install Linux Dependencies	2026-08-01T13:59:44.1258350Z Preparing to unpack .../084-libharfbuzz-dev_2.7.4-1ubuntu3.2_amd64.deb ...
build-android	Install Linux Dependencies	2026-08-01T13:59:44.1275302Z Unpacking libharfbuzz-dev:amd64 (2.7.4-1ubuntu3.2) ...
build-android	Install Linux Dependencies	2026-08-01T13:59:44.1718012Z Selecting previously unselected package libdatrie-dev:amd64.
build-android	Install Linux Dependencies	2026-08-01T13:59:44.1883943Z Preparing to unpack .../085-libdatrie-dev_0.2.13-2_amd64.deb ...
build-android	Install Linux Dependencies	2026-08-01T13:59:44.1895963Z Unpacking libdatrie-dev:amd64 (0.2.13-2) ...
build-android	Install Linux Dependencies	2026-08-01T13:59:44.2149418Z Selecting previously unselected package libthai-dev:amd64.
build-android	Install Linux Dependencies	2026-08-01T13:59:44.2309785Z Preparing to unpack .../086-libthai-dev_0.1.29-1build1_amd64.deb ...
build-android	Install Linux Dependencies	2026-08-01T13:59:44.2322990Z Unpacking libthai-dev:amd64 (0.1.29-1build1) ...
build-android	Install Linux Dependencies	2026-08-01T13:59:44.2547304Z Selecting previously unselected package libxft-dev:amd64.
build-android	Install Linux Dependencies	2026-08-01T13:59:44.2707049Z Preparing to unpack .../087-libxft-dev_2.3.4-1_amd64.deb ...
build-android	Install Linux Dependencies	2026-08-01T13:59:44.2718250Z Unpacking libxft-dev:amd64 (2.3.4-1) ...
build-android	Install Linux Dependencies	2026-08-01T13:59:44.2922635Z Selecting previously unselected package pango1.0-tools.
build-android	Install Linux Dependencies	2026-08-01T13:59:44.3084767Z Preparing to unpack .../088-pango1.0-tools_1.50.6+ds-2ubuntu1_amd64.deb ...
build-android	Install Linux Dependencies	2026-08-01T13:59:44.3096861Z Unpacking pango1.0-tools (1.50.6+ds-2ubuntu1) ...
build-android	Install Linux Dependencies	2026-08-01T13:59:44.3512925Z Selecting previously unselected package libpango1.0-dev:amd64.
build-android	Install Linux Dependencies	2026-08-01T13:59:44.3676984Z Preparing to unpack .../089-libpango1.0-dev_1.50.6+ds-2ubuntu1_amd64.deb ...
build-android	Install Linux Dependencies	2026-08-01T13:59:44.3704362Z Unpacking libpango1.0-dev:amd64 (1.50.6+ds-2ubuntu1) ...
build-android	Install Linux Dependencies	2026-08-01T13:59:44.4028901Z Selecting previously unselected package libwayland-bin.
build-android	Install Linux Dependencies	2026-08-01T13:59:44.4191283Z Preparing to unpack .../090-libwayland-bin_1.20.0-1ubuntu0.1_amd64.deb ...
build-android	Install Linux Dependencies	2026-08-01T13:59:44.4211014Z Unpacking libwayland-bin (1.20.0-1ubuntu0.1) ...
build-android	Install Linux Dependencies	2026-08-01T13:59:44.4427480Z Selecting previously unselected package libwayland-dev:amd64.
build-android	Install Linux Dependencies	2026-08-01T13:59:44.4590913Z Preparing to unpack .../091-libwayland-dev_1.20.0-1ubuntu0.1_amd64.deb ...
build-android	Install Linux Dependencies	2026-08-01T13:59:44.4605538Z Unpacking libwayland-dev:amd64 (1.20.0-1ubuntu0.1) ...
build-android	Install Linux Dependencies	2026-08-01T13:59:44.4866517Z Selecting previously unselected package libxcomposite-dev:amd64.
build-android	Install Linux Dependencies	2026-08-01T13:59:44.5028472Z Preparing to unpack .../092-libxcomposite-dev_1%3a0.4.5-1build2_amd64.deb ...
build-android	Install Linux Dependencies	2026-08-01T13:59:44.5049267Z Unpacking libxcomposite-dev:amd64 (1:0.4.5-1build2) ...
build-android	Install Linux Dependencies	2026-08-01T13:59:44.5247258Z Selecting previously unselected package libxcursor-dev:amd64.
build-android	Install Linux Dependencies	2026-08-01T13:59:44.5412018Z Preparing to unpack .../093-libxcursor-dev_1%3a1.2.0-2build4_amd64.deb ...
build-android	Install Linux Dependencies	2026-08-01T13:59:44.5424039Z Unpacking libxcursor-dev:amd64 (1:1.2.0-2build4) ...
build-android	Install Linux Dependencies	2026-08-01T13:59:44.5649101Z Selecting previously unselected package libxdamage-dev:amd64.
build-android	Install Linux Dependencies	2026-08-01T13:59:44.5812515Z Preparing to unpack .../094-libxdamage-dev_1%3a1.1.5-2build2_amd64.deb ...
build-android	Install Linux Dependencies	2026-08-01T13:59:44.5888108Z Unpacking libxdamage-dev:amd64 (1:1.1.5-2build2) ...
build-android	Install Linux Dependencies	2026-08-01T13:59:44.6098041Z Selecting previously unselected package libxinerama-dev:amd64.
build-android	Install Linux Dependencies	2026-08-01T13:59:44.6261107Z Preparing to unpack .../095-libxinerama-dev_2%3a1.1.4-3_amd64.deb ...
build-android	Install Linux Dependencies	2026-08-01T13:59:44.6275307Z Unpacking libxinerama-dev:amd64 (2:1.1.4-3) ...
build-android	Install Linux Dependencies	2026-08-01T13:59:44.6468559Z Selecting previously unselected package libxkbcommon-dev:amd64.
build-android	Install Linux Dependencies	2026-08-01T13:59:44.6632763Z Preparing to unpack .../096-libxkbcommon-dev_1.4.0-1_amd64.deb ...
build-android	Install Linux Dependencies	2026-08-01T13:59:44.6647353Z Unpacking libxkbcommon-dev:amd64 (1.4.0-1) ...
build-android	Install Linux Dependencies	2026-08-01T13:59:44.6866633Z Selecting previously unselected package libxrandr-dev:amd64.
build-android	Install Linux Dependencies	2026-08-01T13:59:44.7027826Z Preparing to unpack .../097-libxrandr-dev_2%3a1.5.2-1build1_amd64.deb ...
build-android	Install Linux Dependencies	2026-08-01T13:59:44.7043949Z Unpacking libxrandr-dev:amd64 (2:1.5.2-1build1) ...
build-android	Install Linux Dependencies	2026-08-01T13:59:44.7244459Z Selecting previously unselected package wayland-protocols.
build-android	Install Linux Dependencies	2026-08-01T13:59:44.7404057Z Preparing to unpack .../098-wayland-protocols_1.25-1_all.deb ...
build-android	Install Linux Dependencies	2026-08-01T13:59:44.7418871Z Unpacking wayland-protocols (1.25-1) ...
build-android	Install Linux Dependencies	2026-08-01T13:59:44.7677694Z Selecting previously unselected package libgtk-3-dev:amd64.
build-android	Install Linux Dependencies	2026-08-01T13:59:44.7837417Z Preparing to unpack .../099-libgtk-3-dev_3.24.33-1ubuntu2.2_amd64.deb ...
build-android	Install Linux Dependencies	2026-08-01T13:59:44.7862853Z Unpacking libgtk-3-dev:amd64 (3.24.33-1ubuntu2.2) ...
build-android	Install Linux Dependencies	2026-08-01T13:59:44.9796006Z Selecting previously unselected package libappindicator3-dev.
build-android	Install Linux Dependencies	2026-08-01T13:59:44.9963793Z Preparing to unpack .../100-libappindicator3-dev_12.10.1+20.10.20200706.1-0ubuntu1_amd64.deb ...
build-android	Install Linux Dependencies	2026-08-01T13:59:44.9977229Z Unpacking libappindicator3-dev (12.10.1+20.10.20200706.1-0ubuntu1) ...
build-android	Install Linux Dependencies	2026-08-01T13:59:45.0179685Z Selecting previously unselected package libdazzle-1.0-dev:amd64.
build-android	Install Linux Dependencies	2026-08-01T13:59:45.0349939Z Preparing to unpack .../101-libdazzle-1.0-dev_3.44.0-1_amd64.deb ...
build-android	Install Linux Dependencies	2026-08-01T13:59:45.0367151Z Unpacking libdazzle-1.0-dev:amd64 (3.44.0-1) ...
build-android	Install Linux Dependencies	2026-08-01T13:59:45.0777152Z Selecting previously unselected package libhyphen0:amd64.
build-android	Install Linux Dependencies	2026-08-01T13:59:45.0941690Z Preparing to unpack .../102-libhyphen0_2.8.8-7build2_amd64.deb ...
build-android	Install Linux Dependencies	2026-08-01T13:59:45.1013359Z Unpacking libhyphen0:amd64 (2.8.8-7build2) ...
build-android	Install Linux Dependencies	2026-08-01T13:59:45.1230785Z Selecting previously unselected package libjavascriptcoregtk-4.1-0:amd64.
build-android	Install Linux Dependencies	2026-08-01T13:59:45.1399634Z Preparing to unpack .../103-libjavascriptcoregtk-4.1-0_2.50.4-0ubuntu0.22.04.1_amd64.deb ...
build-android	Install Linux Dependencies	2026-08-01T13:59:45.1423014Z Unpacking libjavascriptcoregtk-4.1-0:amd64 (2.50.4-0ubuntu0.22.04.1) ...
build-android	Install Linux Dependencies	2026-08-01T13:59:45.4722061Z Selecting previously unselected package libjavascriptcoregtk-4.1-dev:amd64.
build-android	Install Linux Dependencies	2026-08-01T13:59:45.4885855Z Preparing to unpack .../104-libjavascriptcoregtk-4.1-dev_2.50.4-0ubuntu0.22.04.1_amd64.deb ...
build-android	Install Linux Dependencies	2026-08-01T13:59:45.4899870Z Unpacking libjavascriptcoregtk-4.1-dev:amd64 (2.50.4-0ubuntu0.22.04.1) ...
build-android	Install Linux Dependencies	2026-08-01T13:59:45.5160562Z Selecting previously unselected package libjson-glib-dev:amd64.
build-android	Install Linux Dependencies	2026-08-01T13:59:45.5325363Z Preparing to unpack .../105-libjson-glib-dev_1.6.6-1build1_amd64.deb ...
build-android	Install Linux Dependencies	2026-08-01T13:59:45.5340438Z Unpacking libjson-glib-dev:amd64 (1.6.6-1build1) ...
build-android	Install Linux Dependencies	2026-08-01T13:59:45.5662386Z Selecting previously unselected package libevdev2:amd64.
build-android	Install Linux Dependencies	2026-08-01T13:59:45.5835319Z Preparing to unpack .../106-libevdev2_1.12.1+dfsg-1_amd64.deb ...
build-android	Install Linux Dependencies	2026-08-01T13:59:45.5848294Z Unpacking libevdev2:amd64 (1.12.1+dfsg-1) ...
build-android	Install Linux Dependencies	2026-08-01T13:59:45.6101564Z Selecting previously unselected package libmanette-0.2-0:amd64.
build-android	Install Linux Dependencies	2026-08-01T13:59:45.6269595Z Preparing to unpack .../107-libmanette-0.2-0_0.2.6-3build1_amd64.deb ...
build-android	Install Linux Dependencies	2026-08-01T13:59:45.6541943Z Unpacking libmanette-0.2-0:amd64 (0.2.6-3build1) ...
build-android	Install Linux Dependencies	2026-08-01T13:59:45.6779190Z Selecting previously unselected package libnghttp2-dev.
build-android	Install Linux Dependencies	2026-08-01T13:59:45.6938679Z Preparing to unpack .../108-libnghttp2-dev_1.43.0-1ubuntu0.4_amd64.deb ...
build-android	Install Linux Dependencies	2026-08-01T13:59:45.6957375Z Unpacking libnghttp2-dev (1.43.0-1ubuntu0.4) ...
build-android	Install Linux Dependencies	2026-08-01T13:59:45.7208354Z Selecting previously unselected package libwebrtc-audio-processing1:amd64.
build-android	Install Linux Dependencies	2026-08-01T13:59:45.7370024Z Preparing to unpack .../109-libwebrtc-audio-processing1_0.3.1-0ubuntu5_amd64.deb ...
build-android	Install Linux Dependencies	2026-08-01T13:59:45.7382570Z Unpacking libwebrtc-audio-processing1:amd64 (0.3.1-0ubuntu5) ...
build-android	Install Linux Dependencies	2026-08-01T13:59:45.7637511Z Selecting previously unselected package libspa-0.2-modules:amd64.
build-android	Install Linux Dependencies	2026-08-01T13:59:45.7798829Z Preparing to unpack .../110-libspa-0.2-modules_0.3.48-1ubuntu3.2_amd64.deb ...
build-android	Install Linux Dependencies	2026-08-01T13:59:45.7813623Z Unpacking libspa-0.2-modules:amd64 (0.3.48-1ubuntu3.2) ...
build-android	Install Linux Dependencies	2026-08-01T13:59:45.8184519Z Selecting previously unselected package libpipewire-0.3-0:amd64.
build-android	Install Linux Dependencies	2026-08-01T13:59:45.8347209Z Preparing to unpack .../111-libpipewire-0.3-0_0.3.48-1ubuntu3.2_amd64.deb ...
build-android	Install Linux Dependencies	2026-08-01T13:59:45.8358137Z Unpacking libpipewire-0.3-0:amd64 (0.3.48-1ubuntu3.2) ...
build-android	Install Linux Dependencies	2026-08-01T13:59:45.8619170Z Selecting previously unselected package libpipewire-0.3-common.
build-android	Install Linux Dependencies	2026-08-01T13:59:45.8782766Z Preparing to unpack .../112-libpipewire-0.3-common_0.3.48-1ubuntu3.2_all.deb ...
build-android	Install Linux Dependencies	2026-08-01T13:59:45.9008220Z Unpacking libpipewire-0.3-common (0.3.48-1ubuntu3.2) ...
build-android	Install Linux Dependencies	2026-08-01T13:59:45.9196337Z Selecting previously unselected package libpipewire-0.3-modules:amd64.
build-android	Install Linux Dependencies	2026-08-01T13:59:45.9364059Z Preparing to unpack .../113-libpipewire-0.3-modules_0.3.48-1ubuntu3.2_amd64.deb ...
build-android	Install Linux Dependencies	2026-08-01T13:59:45.9376273Z Unpacking libpipewire-0.3-modules:amd64 (0.3.48-1ubuntu3.2) ...
build-android	Install Linux Dependencies	2026-08-01T13:59:45.9741629Z Selecting previously unselected package libpolkit-gobject-1-dev.
build-android	Install Linux Dependencies	2026-08-01T13:59:45.9905904Z Preparing to unpack .../114-libpolkit-gobject-1-dev_0.105-33ubuntu0.1_amd64.deb ...
build-android	Install Linux Dependencies	2026-08-01T13:59:45.9926766Z Unpacking libpolkit-gobject-1-dev (0.105-33ubuntu0.1) ...
build-android	Install Linux Dependencies	2026-08-01T13:59:46.0199404Z Selecting previously unselected package libpsl-dev:amd64.
build-android	Install Linux Dependencies	2026-08-01T13:59:46.0358597Z Preparing to unpack .../115-libpsl-dev_0.21.0-1.2build2_amd64.deb ...
build-android	Install Linux Dependencies	2026-08-01T13:59:46.0401181Z Unpacking libpsl-dev:amd64 (0.21.0-1.2build2) ...
build-android	Install Linux Dependencies	2026-08-01T13:59:46.0702518Z Selecting previously unselected package libsysprof-4:amd64.
build-android	Install Linux Dependencies	2026-08-01T13:59:46.0864948Z Preparing to unpack .../116-libsysprof-4_3.44.0-1_amd64.deb ...
build-android	Install Linux Dependencies	2026-08-01T13:59:46.0879817Z Unpacking libsysprof-4:amd64 (3.44.0-1) ...
build-android	Install Linux Dependencies	2026-08-01T13:59:46.1155553Z Selecting previously unselected package libsysprof-ui-4:amd64.
build-android	Install Linux Dependencies	2026-08-01T13:59:46.1319517Z Preparing to unpack .../117-libsysprof-ui-4_3.44.0-1_amd64.deb ...
build-android	Install Linux Dependencies	2026-08-01T13:59:46.1480269Z Unpacking libsysprof-ui-4:amd64 (3.44.0-1) ...
build-android	Install Linux Dependencies	2026-08-01T13:59:46.1765440Z Selecting previously unselected package libsysprof-4-dev:amd64.
build-android	Install Linux Dependencies	2026-08-01T13:59:46.1925308Z Preparing to unpack .../118-libsysprof-4-dev_3.44.0-1_amd64.deb ...
build-android	Install Linux Dependencies	2026-08-01T13:59:46.2195220Z Unpacking libsysprof-4-dev:amd64 (3.44.0-1) ...
build-android	Install Linux Dependencies	2026-08-01T13:59:46.2627760Z Selecting previously unselected package libsoup-3.0-dev:amd64.
build-android	Install Linux Dependencies	2026-08-01T13:59:46.2786488Z Preparing to unpack .../119-libsoup-3.0-dev_3.0.7-0ubuntu1_amd64.deb ...
build-android	Install Linux Dependencies	2026-08-01T13:59:46.2799872Z Unpacking libsoup-3.0-dev:amd64 (3.0.7-0ubuntu1) ...
build-android	Install Linux Dependencies	2026-08-01T13:59:46.3096697Z Selecting previously unselected package xdg-dbus-proxy.
build-android	Install Linux Dependencies	2026-08-01T13:59:46.3258134Z Preparing to unpack .../120-xdg-dbus-proxy_0.1.3-1ubuntu0.1_amd64.deb ...
build-android	Install Linux Dependencies	2026-08-01T13:59:46.3271154Z Unpacking xdg-dbus-proxy (0.1.3-1ubuntu0.1) ...
build-android	Install Linux Dependencies	2026-08-01T13:59:46.3519645Z Selecting previously unselected package libwoff1:amd64.
build-android	Install Linux Dependencies	2026-08-01T13:59:46.3680862Z Preparing to unpack .../121-libwoff1_1.0.2-1build4_amd64.deb ...
build-android	Install Linux Dependencies	2026-08-01T13:59:46.3693174Z Unpacking libwoff1:amd64 (1.0.2-1build4) ...
build-android	Install Linux Dependencies	2026-08-01T13:59:46.4169871Z Selecting previously unselected package libwebkit2gtk-4.1-0:amd64.
build-android	Install Linux Dependencies	2026-08-01T13:59:46.4337463Z Preparing to unpack .../122-libwebkit2gtk-4.1-0_2.50.4-0ubuntu0.22.04.1_amd64.deb ...
build-android	Install Linux Dependencies	2026-08-01T13:59:46.4350399Z Unpacking libwebkit2gtk-4.1-0:amd64 (2.50.4-0ubuntu0.22.04.1) ...
build-android	Install Linux Dependencies	2026-08-01T13:59:47.2414841Z Selecting previously unselected package libwebkit2gtk-4.1-dev.
build-android	Install Linux Dependencies	2026-08-01T13:59:47.2580961Z Preparing to unpack .../123-libwebkit2gtk-4.1-dev_2.50.4-0ubuntu0.22.04.1_amd64.deb ...
build-android	Install Linux Dependencies	2026-08-01T13:59:47.2799848Z Unpacking libwebkit2gtk-4.1-dev (2.50.4-0ubuntu0.22.04.1) ...
build-android	Install Linux Dependencies	2026-08-01T13:59:47.3736468Z Selecting previously unselected package pipewire-bin.
build-android	Install Linux Dependencies	2026-08-01T13:59:47.3906829Z Preparing to unpack .../124-pipewire-bin_0.3.48-1ubuntu3.2_amd64.deb ...
build-android	Install Linux Dependencies	2026-08-01T13:59:47.4258342Z Unpacking pipewire-bin (0.3.48-1ubuntu3.2) ...
build-android	Install Linux Dependencies	2026-08-01T13:59:47.4802305Z Selecting previously unselected package pipewire:amd64.
build-android	Install Linux Dependencies	2026-08-01T13:59:47.4970826Z Preparing to unpack .../125-pipewire_0.3.48-1ubuntu3.2_amd64.deb ...
build-android	Install Linux Dependencies	2026-08-01T13:59:47.4985208Z Unpacking pipewire:amd64 (0.3.48-1ubuntu3.2) ...
build-android	Install Linux Dependencies	2026-08-01T13:59:47.5381936Z Selecting previously unselected package pipewire-media-session.
build-android	Install Linux Dependencies	2026-08-01T13:59:47.5549207Z Preparing to unpack .../126-pipewire-media-session_0.4.1-2ubuntu1_amd64.deb ...
build-android	Install Linux Dependencies	2026-08-01T13:59:47.5563682Z Unpacking pipewire-media-session (0.4.1-2ubuntu1) ...
build-android	Install Linux Dependencies	2026-08-01T13:59:47.5816586Z Selecting previously unselected package rtkit.
build-android	Install Linux Dependencies	2026-08-01T13:59:47.5983497Z Preparing to unpack .../127-rtkit_0.13-4build2_amd64.deb ...
build-android	Install Linux Dependencies	2026-08-01T13:59:47.6048856Z Unpacking rtkit (0.13-4build2) ...
build-android	Install Linux Dependencies	2026-08-01T13:59:47.6342725Z Selecting previously unselected package xdg-desktop-portal.
build-android	Install Linux Dependencies	2026-08-01T13:59:47.6509982Z Preparing to unpack .../128-xdg-desktop-portal_1.14.4-1ubuntu2~22.04.2_amd64.deb ...
build-android	Install Linux Dependencies	2026-08-01T13:59:47.6525230Z Unpacking xdg-desktop-portal (1.14.4-1ubuntu2~22.04.2) ...
build-android	Install Linux Dependencies	2026-08-01T13:59:47.6820727Z Selecting previously unselected package xdg-desktop-portal-gtk.
build-android	Install Linux Dependencies	2026-08-01T13:59:47.6994546Z Preparing to unpack .../129-xdg-desktop-portal-gtk_1.14.0-1build1_amd64.deb ...
build-android	Install Linux Dependencies	2026-08-01T13:59:47.7342729Z Unpacking xdg-desktop-portal-gtk (1.14.0-1build1) ...
build-android	Install Linux Dependencies	2026-08-01T13:59:47.8163301Z Setting up libpipewire-0.3-common (0.3.48-1ubuntu3.2) ...
build-android	Install Linux Dependencies	2026-08-01T13:59:47.8193835Z Setting up bubblewrap (0.6.1-1ubuntu0.1) ...
build-android	Install Linux Dependencies	2026-08-01T13:59:47.8242996Z Setting up libcdparanoia0:amd64 (3.10.2+debian-14build2) ...
build-android	Install Linux Dependencies	2026-08-01T13:59:47.8267349Z Setting up libnghttp2-dev (1.43.0-1ubuntu0.4) ...
build-android	Install Linux Dependencies	2026-08-01T13:59:47.8291753Z Setting up libraw1394-11:amd64 (2.1.2-2build2) ...
build-android	Install Linux Dependencies	2026-08-01T13:59:47.8316756Z Setting up rtkit (0.13-4build2) ...
build-android	Install Linux Dependencies	2026-08-01T13:59:48.0534278Z Setting up libtag1v5-vanilla:amd64 (1.11.1+dfsg.1-3ubuntu3) ...
build-android	Install Linux Dependencies	2026-08-01T13:59:48.0559022Z Setting up libharfbuzz-icu0:amd64 (2.7.4-1ubuntu3.2) ...
build-android	Install Linux Dependencies	2026-08-01T13:59:48.0583173Z Setting up libmpg123-0:amd64 (1.29.3-1ubuntu0.1) ...
build-android	Install Linux Dependencies	2026-08-01T13:59:48.0613054Z Setting up libspeex1:amd64 (1.2~rc1.2-1.1ubuntu3) ...
build-android	Install Linux Dependencies	2026-08-01T13:59:48.0652659Z Setting up libcaca0:amd64 (0.99.beta19-2.2ubuntu4.2) ...
build-android	Install Linux Dependencies	2026-08-01T13:59:48.0693450Z Setting up libpangoxft-1.0-0:amd64 (1.50.6+ds-2ubuntu1) ...
build-android	Install Linux Dependencies	2026-08-01T13:59:48.0726452Z Setting up gir1.2-dbusmenu-glib-0.4:amd64 (16.04.1+18.10.20180917-0ubuntu8) ...
build-android	Install Linux Dependencies	2026-08-01T13:59:48.0754991Z Setting up libglvnd-core-dev:amd64 (1.4.0-1) ...
build-android	Install Linux Dependencies	2026-08-01T13:59:48.0789881Z Setting up libtwolame0:amd64 (0.4.0-2build2) ...
build-android	Install Linux Dependencies	2026-08-01T13:59:48.0822685Z Setting up libwoff1:amd64 (1.0.2-1build4) ...
build-android	Install Linux Dependencies	2026-08-01T13:59:48.0847101Z Setting up libhyphen0:amd64 (2.8.8-7build2) ...
build-android	Install Linux Dependencies	2026-08-01T13:59:48.0885924Z Setting up libvisual-0.4-0:amd64 (0.4.0-17build2) ...
build-android	Install Linux Dependencies	2026-08-01T13:59:48.0938419Z Setting up gir1.2-atk-1.0:amd64 (2.36.0-3build1) ...
build-android	Install Linux Dependencies	2026-08-01T13:59:48.0974836Z Setting up libfribidi-dev:amd64 (1.0.8-2ubuntu3.1) ...
build-android	Install Linux Dependencies	2026-08-01T13:59:48.1033947Z Setting up libxkbcommon-dev:amd64 (1.4.0-1) ...
build-android	Install Linux Dependencies	2026-08-01T13:59:48.1067986Z Setting up pango1.0-tools (1.50.6+ds-2ubuntu1) ...
build-android	Install Linux Dependencies	2026-08-01T13:59:48.1110466Z Setting up libdbus-glib-1-dev-bin (0.112-2build1) ...
build-android	Install Linux Dependencies	2026-08-01T13:59:48.1141118Z Setting up libwebrtc-audio-processing1:amd64 (0.3.1-0ubuntu5) ...
build-android	Install Linux Dependencies	2026-08-01T13:59:48.1186284Z Setting up libharfbuzz-gobject0:amd64 (2.7.4-1ubuntu3.2) ...
build-android	Install Linux Dependencies	2026-08-01T13:59:48.1212550Z Setting up gir1.2-atspi-2.0:amd64 (2.44.0-3) ...
build-android	Install Linux Dependencies	2026-08-01T13:59:48.1237493Z Setting up libsoup-3.0-common (3.0.7-0ubuntu1) ...
build-android	Install Linux Dependencies	2026-08-01T13:59:48.1273488Z Setting up gir1.2-harfbuzz-0.0:amd64 (2.7.4-1ubuntu3.2) ...
build-android	Install Linux Dependencies	2026-08-01T13:59:48.1302431Z Setting up libopengl0:amd64 (1.4.0-1) ...
build-android	Install Linux Dependencies	2026-08-01T13:59:48.1329321Z Setting up libappindicator3-1 (12.10.1+20.10.20200706.1-0ubuntu1) ...
build-android	Install Linux Dependencies	2026-08-01T13:59:48.1355348Z Setting up libpsl-dev:amd64 (0.21.0-1.2build2) ...
build-android	Install Linux Dependencies	2026-08-01T13:59:48.1382718Z Setting up libflac8:amd64 (1.3.3-2ubuntu0.2) ...
build-android	Install Linux Dependencies	2026-08-01T13:59:48.1414146Z Setting up libxfixes-dev:amd64 (1:6.0.0-1) ...
build-android	Install Linux Dependencies	2026-08-01T13:59:48.1451024Z Setting up libwayland-bin (1.20.0-1ubuntu0.1) ...
build-android	Install Linux Dependencies	2026-08-01T13:59:48.1474810Z Setting up libgraphite2-dev:amd64 (1.3.14-1ubuntu0.1) ...
build-android	Install Linux Dependencies	2026-08-01T13:59:48.1500035Z Setting up gir1.2-pango-1.0:amd64 (1.50.6+ds-2ubuntu1) ...
build-android	Install Linux Dependencies	2026-08-01T13:59:48.1530707Z Setting up libxrandr-dev:amd64 (2:1.5.2-1build1) ...
build-android	Install Linux Dependencies	2026-08-01T13:59:48.1559596Z Setting up libegl-mesa0:amd64 (23.2.1-1ubuntu3.1~22.04.4) ...
build-android	Install Linux Dependencies	2026-08-01T13:59:48.1583475Z Setting up libjavascriptcoregtk-4.1-0:amd64 (2.50.4-0ubuntu0.22.04.1) ...
build-android	Install Linux Dependencies	2026-08-01T13:59:48.1607100Z Setting up libgles2:amd64 (1.4.0-1) ...
build-android	Install Linux Dependencies	2026-08-01T13:59:48.1636278Z Setting up libdbus-1-dev:amd64 (1.12.20-2ubuntu4.1) ...
build-android	Install Linux Dependencies	2026-08-01T13:59:48.1681323Z Setting up libspa-0.2-modules:amd64 (0.3.48-1ubuntu3.2) ...
build-android	Install Linux Dependencies	2026-08-01T13:59:48.1717709Z Setting up libgles1:amd64 (1.4.0-1) ...
build-android	Install Linux Dependencies	2026-08-01T13:59:48.1775018Z Setting up libpipewire-0.3-0:amd64 (0.3.48-1ubuntu3.2) ...
build-android	Install Linux Dependencies	2026-08-01T13:59:48.1800518Z Setting up libopus0:amd64 (1.3.1-0.1build2) ...
build-android	Install Linux Dependencies	2026-08-01T13:59:48.1830121Z Setting up libxv1:amd64 (2:1.0.11-1build2) ...
build-android	Install Linux Dependencies	2026-08-01T13:59:48.1874063Z Setting up libssl-dev:amd64 (3.0.2-0ubuntu1.26) ...
build-android	Install Linux Dependencies	2026-08-01T13:59:48.1900252Z Setting up liborc-0.4-0:amd64 (1:0.4.32-2ubuntu0.1) ...
build-android	Install Linux Dependencies	2026-08-01T13:59:48.1928301Z Setting up libxinerama-dev:amd64 (2:1.1.4-3) ...
build-android	Install Linux Dependencies	2026-08-01T13:59:48.1956040Z Setting up xdg-dbus-proxy (0.1.3-1ubuntu0.1) ...
build-android	Install Linux Dependencies	2026-08-01T13:59:48.1986573Z Setting up wayland-protocols (1.25-1) ...
build-android	Install Linux Dependencies	2026-08-01T13:59:48.2014010Z Setting up libtag1v5:amd64 (1.11.1+dfsg.1-3ubuntu3) ...
build-android	Install Linux Dependencies	2026-08-01T13:59:48.2038368Z Setting up libdatrie-dev:amd64 (0.2.13-2) ...
build-android	Install Linux Dependencies	2026-08-01T13:59:48.2062832Z Setting up libdv4:amd64 (1.0.0-14build1) ...
build-android	Install Linux Dependencies	2026-08-01T13:59:48.2103104Z Setting up libasyncns0:amd64 (0.8-6build2) ...
build-android	Install Linux Dependencies	2026-08-01T13:59:48.2126615Z Setting up gir1.2-polkit-1.0 (0.105-33ubuntu0.1) ...
build-android	Install Linux Dependencies	2026-08-01T13:59:48.2149830Z Setting up libwavpack1:amd64 (5.4.0-1build2) ...
build-android	Install Linux Dependencies	2026-08-01T13:59:48.2175391Z Setting up libdazzle-common (3.44.0-1) ...
build-android	Install Linux Dependencies	2026-08-01T13:59:48.2199860Z Setting up libtheora0:amd64 (1.1.1+dfsg.1-15ubuntu4) ...
build-android	Install Linux Dependencies	2026-08-01T13:59:48.2229560Z Setting up libv4lconvert0:amd64 (1.22.1-2build1) ...
build-android	Install Linux Dependencies	2026-08-01T13:59:48.2255123Z Setting up libegl1:amd64 (1.4.0-1) ...
build-android	Install Linux Dependencies	2026-08-01T13:59:48.2280882Z Setting up libglx-dev:amd64 (1.4.0-1) ...
build-android	Install Linux Dependencies	2026-08-01T13:59:48.2324449Z Setting up gir1.2-json-1.0:amd64 (1.6.6-1build1) ...
build-android	Install Linux Dependencies	2026-08-01T13:59:48.2351042Z Setting up libvpx7:amd64 (1.11.0-2ubuntu2.5) ...
build-android	Install Linux Dependencies	2026-08-01T13:59:48.2388656Z Setting up libopengl-dev:amd64 (1.4.0-1) ...
build-android	Install Linux Dependencies	2026-08-01T13:59:48.2413340Z Setting up libsysprof-4:amd64 (3.44.0-1) ...
build-android	Install Linux Dependencies	2026-08-01T13:59:48.2437482Z Setting up libxi-dev:amd64 (2:1.8-1build1) ...
build-android	Install Linux Dependencies	2026-08-01T13:59:48.2702108Z Setting up libsamplerate0:amd64 (0.2.2-1build1) ...
build-android	Install Linux Dependencies	2026-08-01T13:59:48.2777889Z Setting up libevdev2:amd64 (1.12.1+dfsg-1) ...
build-android	Install Linux Dependencies	2026-08-01T13:59:48.2803030Z Setting up libgl-dev:amd64 (1.4.0-1) ...
build-android	Install Linux Dependencies	2026-08-01T13:59:48.2826339Z Setting up libjavascriptcoregtk-4.1-dev:amd64 (2.50.4-0ubuntu0.22.04.1) ...
build-android	Install Linux Dependencies	2026-08-01T13:59:48.2852141Z Setting up libmp3lame0:amd64 (3.100-3build2) ...
build-android	Install Linux Dependencies	2026-08-01T13:59:48.2876175Z Setting up libgraphene-1.0-0:amd64 (1.10.8-1) ...
build-android	Install Linux Dependencies	2026-08-01T13:59:48.2900782Z Setting up libatk1.0-dev:amd64 (2.36.0-3build1) ...
build-android	Install Linux Dependencies	2026-08-01T13:59:48.2923686Z Setting up libvorbisenc2:amd64 (1.3.7-1build2) ...
build-android	Install Linux Dependencies	2026-08-01T13:59:48.2948563Z Setting up libaa1:amd64 (1.4p5-50build1) ...
build-android	Install Linux Dependencies	2026-08-01T13:59:48.2974833Z Setting up libiec61883-0:amd64 (1.2.0-4build3) ...
build-android	Install Linux Dependencies	2026-08-01T13:59:48.3049374Z Setting up libxft-dev:amd64 (2.3.4-1) ...
build-android	Install Linux Dependencies	2026-08-01T13:59:48.3097615Z Setting up libxtst-dev:amd64 (2:1.2.3-1build4) ...
build-android	Install Linux Dependencies	2026-08-01T13:59:48.3125048Z Setting up libxdamage-dev:amd64 (1:1.1.5-2build2) ...
build-android	Install Linux Dependencies	2026-08-01T13:59:48.3179900Z Setting up libavc1394-0:amd64 (0.5.4-5build2) ...
build-android	Install Linux Dependencies	2026-08-01T13:59:48.3212063Z Setting up libatspi2.0-dev:amd64 (2.44.0-3) ...
build-android	Install Linux Dependencies	2026-08-01T13:59:48.3239230Z Setting up libharfbuzz-dev:amd64 (2.7.4-1ubuntu3.2) ...
build-android	Install Linux Dependencies	2026-08-01T13:59:48.3266613Z Setting up libdazzle-1.0-0:amd64 (3.44.0-1) ...
build-android	Install Linux Dependencies	2026-08-01T13:59:48.3547715Z Setting up xdg-desktop-portal (1.14.4-1ubuntu2~22.04.2) ...
build-android	Install Linux Dependencies	2026-08-01T13:59:48.4492803Z Created symlink /etc/systemd/user/graphical-session-pre.target.wants/xdg-desktop-portal-rewrite-launchers.service → /usr/lib/systemd/user/xdg-desktop-portal-rewrite-launchers.service.
build-android	Install Linux Dependencies	2026-08-01T13:59:48.4523856Z Setting up libegl-dev:amd64 (1.4.0-1) ...
build-android	Install Linux Dependencies	2026-08-01T13:59:48.4560375Z Setting up libdbus-glib-1-dev:amd64 (0.112-2build1) ...
build-android	Install Linux Dependencies	2026-08-01T13:59:48.4587432Z Setting up libxcomposite-dev:amd64 (1:0.4.5-1build2) ...
build-android	Install Linux Dependencies	2026-08-01T13:59:48.4616140Z Setting up libxcursor-dev:amd64 (1:1.2.0-2build4) ...
build-android	Install Linux Dependencies	2026-08-01T13:59:48.4642607Z Setting up libmanette-0.2-0:amd64 (0.2.6-3build1) ...
build-android	Install Linux Dependencies	2026-08-01T13:59:48.4667913Z Setting up libjson-glib-dev:amd64 (1.6.6-1build1) ...
build-android	Install Linux Dependencies	2026-08-01T13:59:48.4694794Z Setting up libepoxy-dev:amd64 (1.5.10-1) ...
build-android	Install Linux Dependencies	2026-08-01T13:59:48.4720724Z Setting up libsoup-3.0-0:amd64 (3.0.7-0ubuntu1) ...
build-android	Install Linux Dependencies	2026-08-01T13:59:48.4746217Z Setting up gir1.2-gtk-3.0:amd64 (3.24.33-1ubuntu2.2) ...
build-android	Install Linux Dependencies	2026-08-01T13:59:48.4789119Z Setting up libgstreamer-plugins-base1.0-0:amd64 (1.20.1-1ubuntu0.6) ...
build-android	Install Linux Dependencies	2026-08-01T13:59:48.4813628Z Setting up libatk-bridge2.0-dev:amd64 (2.38.0-3) ...
build-android	Install Linux Dependencies	2026-08-01T13:59:48.4838328Z Setting up libwayland-dev:amd64 (1.20.0-1ubuntu0.1) ...
build-android	Install Linux Dependencies	2026-08-01T13:59:48.4863951Z Setting up libv4l-0:amd64 (1.22.1-2build1) ...
build-android	Install Linux Dependencies	2026-08-01T13:59:48.4886877Z Setting up libgstreamer-plugins-good1.0-0:amd64 (1.20.3-0ubuntu1.7) ...
build-android	Install Linux Dependencies	2026-08-01T13:59:48.4912968Z Setting up libgstreamer-gl1.0-0:amd64 (1.20.1-1ubuntu0.6) ...
build-android	Install Linux Dependencies	2026-08-01T13:59:48.5190384Z Setting up gstreamer1.0-plugins-base:amd64 (1.20.1-1ubuntu0.6) ...
build-android	Install Linux Dependencies	2026-08-01T13:59:48.5216402Z Setting up gir1.2-appindicator3-0.1 (12.10.1+20.10.20200706.1-0ubuntu1) ...
build-android	Install Linux Dependencies	2026-08-01T13:59:48.5261317Z Setting up libshout3:amd64 (2.4.5-1build3) ...
build-android	Install Linux Dependencies	2026-08-01T13:59:48.5287837Z Setting up libpolkit-gobject-1-dev (0.105-33ubuntu0.1) ...
build-android	Install Linux Dependencies	2026-08-01T13:59:48.5315698Z Setting up libdbusmenu-glib-dev:amd64 (16.04.1+18.10.20180917-0ubuntu8) ...
build-android	Install Linux Dependencies	2026-08-01T13:59:48.5343004Z Setting up libthai-dev:amd64 (0.1.29-1build1) ...
build-android	Install Linux Dependencies	2026-08-01T13:59:48.5367197Z Setting up gir1.2-soup-3.0:amd64 (3.0.7-0ubuntu1) ...
build-android	Install Linux Dependencies	2026-08-01T13:59:48.5394181Z Setting up libjack-jackd2-0:amd64 (1.9.20~dfsg-1) ...
build-android	Install Linux Dependencies	2026-08-01T13:59:48.5419575Z Setting up libsysprof-ui-4:amd64 (3.44.0-1) ...
build-android	Install Linux Dependencies	2026-08-01T13:59:48.5444490Z Setting up libsndfile1:amd64 (1.0.31-2ubuntu0.2) ...
build-android	Install Linux Dependencies	2026-08-01T13:59:48.5501114Z Setting up libgles-dev:amd64 (1.4.0-1) ...
build-android	Install Linux Dependencies	2026-08-01T13:59:48.5565526Z Setting up gir1.2-dazzle-1.0:amd64 (3.44.0-1) ...
build-android	Install Linux Dependencies	2026-08-01T13:59:48.5591808Z Setting up gstreamer1.0-gl:amd64 (1.20.1-1ubuntu0.6) ...
build-android	Install Linux Dependencies	2026-08-01T13:59:48.5622480Z Setting up xdg-desktop-portal-gtk (1.14.0-1build1) ...
build-android	Install Linux Dependencies	2026-08-01T13:59:48.5651172Z Setting up gstreamer1.0-x:amd64 (1.20.1-1ubuntu0.6) ...
build-android	Install Linux Dependencies	2026-08-01T13:59:48.5706877Z Setting up libpulse0:amd64 (1:15.99.1+dfsg1-1ubuntu2.2) ...
build-android	Install Linux Dependencies	2026-08-01T13:59:48.5784507Z Setting up gstreamer1.0-plugins-good:amd64 (1.20.3-0ubuntu1.7) ...
build-android	Install Linux Dependencies	2026-08-01T13:59:48.5814489Z Setting up libglvnd-dev:amd64 (1.4.0-1) ...
build-android	Install Linux Dependencies	2026-08-01T13:59:48.5844058Z Setting up libpipewire-0.3-modules:amd64 (0.3.48-1ubuntu3.2) ...
build-android	Install Linux Dependencies	2026-08-01T13:59:48.5869995Z Setting up libpango1.0-dev:amd64 (1.50.6+ds-2ubuntu1) ...
build-android	Install Linux Dependencies	2026-08-01T13:59:48.5922475Z Setting up libegl1-mesa-dev:amd64 (23.2.1-1ubuntu3.1~22.04.4) ...
build-android	Install Linux Dependencies	2026-08-01T13:59:48.5954310Z Setting up libgtk-3-dev:amd64 (3.24.33-1ubuntu2.2) ...
build-android	Install Linux Dependencies	2026-08-01T13:59:48.5992770Z Setting up libwebkit2gtk-4.1-0:amd64 (2.50.4-0ubuntu0.22.04.1) ...
build-android	Install Linux Dependencies	2026-08-01T13:59:48.6021502Z Setting up libdazzle-1.0-dev:amd64 (3.44.0-1) ...
build-android	Install Linux Dependencies	2026-08-01T13:59:48.6076201Z Setting up libappindicator3-dev (12.10.1+20.10.20200706.1-0ubuntu1) ...
build-android	Install Linux Dependencies	2026-08-01T13:59:48.6105496Z Setting up pipewire-bin (0.3.48-1ubuntu3.2) ...
build-android	Install Linux Dependencies	2026-08-01T13:59:48.6507286Z Setting up libsysprof-4-dev:amd64 (3.44.0-1) ...
build-android	Install Linux Dependencies	2026-08-01T13:59:48.6553451Z Setting up pipewire:amd64 (0.3.48-1ubuntu3.2) ...
build-android	Install Linux Dependencies	2026-08-01T13:59:48.7467160Z Created symlink /etc/systemd/user/default.target.wants/pipewire.service → /usr/lib/systemd/user/pipewire.service.
build-android	Install Linux Dependencies	2026-08-01T13:59:48.7468917Z Created symlink /etc/systemd/user/sockets.target.wants/pipewire.socket → /usr/lib/systemd/user/pipewire.socket.
build-android	Install Linux Dependencies	2026-08-01T13:59:48.8537838Z Setting up libsoup-3.0-dev:amd64 (3.0.7-0ubuntu1) ...
build-android	Install Linux Dependencies	2026-08-01T13:59:48.8565350Z Setting up libwebkit2gtk-4.1-dev (2.50.4-0ubuntu0.22.04.1) ...
build-android	Install Linux Dependencies	2026-08-01T13:59:48.8595429Z Setting up pipewire-media-session (0.4.1-2ubuntu1) ...
build-android	Install Linux Dependencies	2026-08-01T13:59:48.9507973Z Created symlink /etc/systemd/user/pipewire-session-manager.service → /usr/lib/systemd/user/pipewire-media-session.service.
build-android	Install Linux Dependencies	2026-08-01T13:59:48.9510518Z Created symlink /etc/systemd/user/pipewire.service.wants/pipewire-media-session.service → /usr/lib/systemd/user/pipewire-media-session.service.
build-android	Install Linux Dependencies	2026-08-01T13:59:48.9545812Z Processing triggers for libc-bin (2.35-0ubuntu3.13) ...
build-android	Install Linux Dependencies	2026-08-01T13:59:49.0157511Z Processing triggers for man-db (2.10.2-1) ...
build-android	Install Linux Dependencies	2026-08-01T13:59:49.0183609Z Not building database; man-db/auto-update is not 'true'.
build-android	Install Linux Dependencies	2026-08-01T13:59:49.0203830Z Processing triggers for dbus (1.12.20-2ubuntu4.1) ...
build-android	Install Linux Dependencies	2026-08-01T13:59:49.0279395Z Processing triggers for mailcap (3.70+nmu1ubuntu1.22.04.1) ...
build-android	Install Linux Dependencies	2026-08-01T13:59:49.5820157Z 
build-android	Install Linux Dependencies	2026-08-01T13:59:49.5821448Z Running kernel seems to be up-to-date.
build-android	Install Linux Dependencies	2026-08-01T13:59:49.5822158Z 
build-android	Install Linux Dependencies	2026-08-01T13:59:49.5822774Z Services to be restarted:
build-android	Install Linux Dependencies	2026-08-01T13:59:49.5900764Z  systemctl restart packagekit.service
build-android	Install Linux Dependencies	2026-08-01T13:59:49.5939108Z  systemctl restart php8.1-fpm.service
build-android	Install Linux Dependencies	2026-08-01T13:59:49.5975986Z  systemctl restart ssh.service
build-android	Install Linux Dependencies	2026-08-01T13:59:49.6016281Z  systemctl restart systemd-journald.service
build-android	Install Linux Dependencies	2026-08-01T13:59:49.6126865Z  /etc/needrestart/restart.d/systemd-manager
build-android	Install Linux Dependencies	2026-08-01T13:59:49.6168074Z  systemctl restart systemd-networkd.service
build-android	Install Linux Dependencies	2026-08-01T13:59:49.6209616Z  systemctl restart systemd-resolved.service
build-android	Install Linux Dependencies	2026-08-01T13:59:49.6249698Z  systemctl restart systemd-udevd.service
build-android	Install Linux Dependencies	2026-08-01T13:59:49.6322183Z 
build-android	Install Linux Dependencies	2026-08-01T13:59:49.6323690Z Service restarts being deferred:
build-android	Install Linux Dependencies	2026-08-01T13:59:49.6324503Z  systemctl restart hosted-compute-agent.service
build-android	Install Linux Dependencies	2026-08-01T13:59:49.6325109Z  systemctl restart systemd-logind.service
build-android	Install Linux Dependencies	2026-08-01T13:59:49.6325732Z  systemctl restart user@1001.service
build-android	Install Linux Dependencies	2026-08-01T13:59:49.6326262Z  systemctl restart walinuxagent.service
build-android	Install Linux Dependencies	2026-08-01T13:59:49.6326555Z 
build-android	Install Linux Dependencies	2026-08-01T13:59:49.6326806Z No containers need to be restarted.
build-android	Install Linux Dependencies	2026-08-01T13:59:49.6327124Z 
build-android	Install Linux Dependencies	2026-08-01T13:59:49.6327447Z No user sessions are running outdated binaries.
build-android	Install Linux Dependencies	2026-08-01T13:59:49.6327811Z 
build-android	Install Linux Dependencies	2026-08-01T13:59:49.6328227Z No VM guests are running outdated hypervisor (qemu) binaries on this host.
build-android	Install Rust stable with Android targets	﻿2026-08-01T13:59:50.9146395Z ##[group]Run dtolnay/rust-toolchain@stable
build-android	Install Rust stable with Android targets	2026-08-01T13:59:50.9146845Z with:
build-android	Install Rust stable with Android targets	2026-08-01T13:59:50.9147365Z   targets: aarch64-linux-android,armv7-linux-androideabi,i686-linux-android,x86_64-linux-android
build-android	Install Rust stable with Android targets	2026-08-01T13:59:50.9148003Z   toolchain: stable
build-android	Install Rust stable with Android targets	2026-08-01T13:59:50.9148320Z ##[endgroup]
build-android	Install Rust stable with Android targets	2026-08-01T13:59:50.9239555Z ##[start-action display=Run : parse toolchain version;id=__dtolnay_rust-toolchain.parse]
build-android	Install Rust stable with Android targets	2026-08-01T13:59:50.9266620Z ##[group]Run : parse toolchain version
build-android	Install Rust stable with Android targets	2026-08-01T13:59:50.9267072Z [36;1m: parse toolchain version[0m
build-android	Install Rust stable with Android targets	2026-08-01T13:59:50.9267415Z [36;1mif [[ -z $toolchain ]]; then[0m
build-android	Install Rust stable with Android targets	2026-08-01T13:59:50.9267962Z [36;1m  # GitHub does not enforce `required: true` inputs itself. https://github.com/actions/runner/issues/1070[0m
build-android	Install Rust stable with Android targets	2026-08-01T13:59:50.9268536Z [36;1m  echo "'toolchain' is a required input" >&2[0m
build-android	Install Rust stable with Android targets	2026-08-01T13:59:50.9269069Z [36;1m  exit 1[0m
build-android	Install Rust stable with Android targets	2026-08-01T13:59:50.9269474Z [36;1melif [[ $toolchain =~ ^stable' '[0-9]+' '(year|month|week|day)s?' 'ago$ ]]; then[0m
build-android	Install Rust stable with Android targets	2026-08-01T13:59:50.9270068Z [36;1m  if [[ Linux == macOS ]]; then[0m
build-android	Install Rust stable with Android targets	2026-08-01T13:59:50.9270630Z [36;1m    echo "toolchain=1.$((($(date -v-$(sed 's/stable \([0-9]*\) \(.\).*/\1\2/' <<< $toolchain) +%s)/60/60/24-16569)/7/6))" >> $GITHUB_OUTPUT[0m
build-android	Install Rust stable with Android targets	2026-08-01T13:59:50.9271151Z [36;1m  else[0m
build-android	Install Rust stable with Android targets	2026-08-01T13:59:50.9271633Z [36;1m    echo "toolchain=1.$((($(date --date "${toolchain#stable }" +%s)/60/60/24-16569)/7/6))" >> $GITHUB_OUTPUT[0m
build-android	Install Rust stable with Android targets	2026-08-01T13:59:50.9272117Z [36;1m  fi[0m
build-android	Install Rust stable with Android targets	2026-08-01T13:59:50.9272478Z [36;1melif [[ $toolchain =~ ^stable' 'minus' '[0-9]+' 'releases?$ ]]; then[0m
build-android	Install Rust stable with Android targets	2026-08-01T13:59:50.9273050Z [36;1m  echo "toolchain=1.$((($(date +%s)/60/60/24-16569)/7/6-${toolchain//[^0-9]/}))" >> $GITHUB_OUTPUT[0m
build-android	Install Rust stable with Android targets	2026-08-01T13:59:50.9273541Z [36;1melif [[ $toolchain =~ ^1\.[0-9]+$ ]]; then[0m
build-android	Install Rust stable with Android targets	2026-08-01T13:59:50.9274140Z [36;1m  echo "toolchain=1.$((i=${toolchain#1.}, c=($(date +%s)/60/60/24-16569)/7/6, i+9*i*(10*i<=c)+90*i*(100*i<=c)))" >> $GITHUB_OUTPUT[0m
build-android	Install Rust stable with Android targets	2026-08-01T13:59:50.9274654Z [36;1melse[0m
build-android	Install Rust stable with Android targets	2026-08-01T13:59:50.9274974Z [36;1m  echo "toolchain=$toolchain" >> $GITHUB_OUTPUT[0m
build-android	Install Rust stable with Android targets	2026-08-01T13:59:50.9275350Z [36;1mfi[0m
build-android	Install Rust stable with Android targets	2026-08-01T13:59:50.9308372Z shell: /usr/bin/bash --noprofile --norc -e -o pipefail {0}
build-android	Install Rust stable with Android targets	2026-08-01T13:59:50.9308853Z env:
build-android	Install Rust stable with Android targets	2026-08-01T13:59:50.9309166Z   toolchain: stable
build-android	Install Rust stable with Android targets	2026-08-01T13:59:50.9309462Z ##[endgroup]
build-android	Install Rust stable with Android targets	2026-08-01T13:59:50.9391305Z ##[end-action id=__dtolnay_rust-toolchain.parse;outcome=success;conclusion=success;duration_ms=15]
build-android	Install Rust stable with Android targets	2026-08-01T13:59:50.9400222Z ##[start-action display=Run : construct rustup command line;id=__dtolnay_rust-toolchain.flags]
build-android	Install Rust stable with Android targets	2026-08-01T13:59:50.9418870Z ##[group]Run : construct rustup command line
build-android	Install Rust stable with Android targets	2026-08-01T13:59:50.9419386Z [36;1m: construct rustup command line[0m
build-android	Install Rust stable with Android targets	2026-08-01T13:59:50.9419902Z [36;1mecho "targets=$(for t in ${targets//,/ }; do echo -n ' --target' $t; done)" >> $GITHUB_OUTPUT[0m
build-android	Install Rust stable with Android targets	2026-08-01T13:59:50.9420563Z [36;1mecho "components=$(for c in ${components//,/ }; do echo -n ' --component' $c; done)" >> $GITHUB_OUTPUT[0m
build-android	Install Rust stable with Android targets	2026-08-01T13:59:50.9421240Z [36;1mecho "downgrade=" >> $GITHUB_OUTPUT[0m
build-android	Install Rust stable with Android targets	2026-08-01T13:59:50.9450424Z shell: /usr/bin/bash --noprofile --norc -e -o pipefail {0}
build-android	Install Rust stable with Android targets	2026-08-01T13:59:50.9450868Z env:
build-android	Install Rust stable with Android targets	2026-08-01T13:59:50.9451474Z   targets: aarch64-linux-android,armv7-linux-androideabi,i686-linux-android,x86_64-linux-android
build-android	Install Rust stable with Android targets	2026-08-01T13:59:50.9452224Z   components: 
build-android	Install Rust stable with Android targets	2026-08-01T13:59:50.9452546Z ##[endgroup]
build-android	Install Rust stable with Android targets	2026-08-01T13:59:50.9514973Z ##[end-action id=__dtolnay_rust-toolchain.flags;outcome=success;conclusion=success;duration_ms=11]
build-android	Install Rust stable with Android targets	2026-08-01T13:59:50.9519202Z ##[start-action display=Run : set $CARGO_HOME;id=__dtolnay_rust-toolchain.__run]
build-android	Install Rust stable with Android targets	2026-08-01T13:59:50.9536297Z ##[group]Run : set $CARGO_HOME
build-android	Install Rust stable with Android targets	2026-08-01T13:59:50.9536644Z [36;1m: set $CARGO_HOME[0m
build-android	Install Rust stable with Android targets	2026-08-01T13:59:50.9537020Z [36;1mecho CARGO_HOME=${CARGO_HOME:-"$HOME/.cargo"} >> $GITHUB_ENV[0m
build-android	Install Rust stable with Android targets	2026-08-01T13:59:50.9563110Z shell: /usr/bin/bash --noprofile --norc -e -o pipefail {0}
build-android	Install Rust stable with Android targets	2026-08-01T13:59:50.9563621Z ##[endgroup]
build-android	Install Rust stable with Android targets	2026-08-01T13:59:50.9618423Z ##[end-action id=__dtolnay_rust-toolchain.__run;outcome=success;conclusion=success;duration_ms=9]
build-android	Install Rust stable with Android targets	2026-08-01T13:59:50.9621385Z ##[start-action display=Run : install rustup if needed;id=__dtolnay_rust-toolchain.__run_2]
build-android	Install Rust stable with Android targets	2026-08-01T13:59:50.9642894Z ##[group]Run : install rustup if needed
build-android	Install Rust stable with Android targets	2026-08-01T13:59:50.9643276Z [36;1m: install rustup if needed[0m
build-android	Install Rust stable with Android targets	2026-08-01T13:59:50.9643688Z [36;1mif ! command -v rustup &>/dev/null; then[0m
build-android	Install Rust stable with Android targets	2026-08-01T13:59:50.9644445Z [36;1m  curl --proto '=https' --tlsv1.2 --retry 10 --retry-connrefused --location --silent --show-error --fail https://sh.rustup.rs | sh -s -- --default-toolchain none -y[0m
build-android	Install Rust stable with Android targets	2026-08-01T13:59:50.9645183Z [36;1m  echo "$CARGO_HOME/bin" >> $GITHUB_PATH[0m
build-android	Install Rust stable with Android targets	2026-08-01T13:59:50.9645544Z [36;1mfi[0m
build-android	Install Rust stable with Android targets	2026-08-01T13:59:50.9671526Z shell: /usr/bin/bash --noprofile --norc -e -o pipefail {0}
build-android	Install Rust stable with Android targets	2026-08-01T13:59:50.9671986Z env:
build-android	Install Rust stable with Android targets	2026-08-01T13:59:50.9672317Z   CARGO_HOME: /home/runner/.cargo
build-android	Install Rust stable with Android targets	2026-08-01T13:59:50.9672702Z ##[endgroup]
build-android	Install Rust stable with Android targets	2026-08-01T13:59:50.9727918Z ##[end-action id=__dtolnay_rust-toolchain.__run_2;outcome=success;conclusion=success;duration_ms=10]
build-android	Install Rust stable with Android targets	2026-08-01T13:59:50.9732551Z ##[start-action display=Run : install rustup if needed on windows;id=__dtolnay_rust-toolchain.__run_3]
build-android	Install Rust stable with Android targets	2026-08-01T13:59:50.9738971Z ##[end-action id=__dtolnay_rust-toolchain.__run_3;outcome=skipped;conclusion=skipped;duration_ms=0]
build-android	Install Rust stable with Android targets	2026-08-01T13:59:50.9742947Z ##[start-action display=rustup toolchain install stable;id=__dtolnay_rust-toolchain.__run_4]
build-android	Install Rust stable with Android targets	2026-08-01T13:59:50.9759944Z ##[group]Run rustup toolchain install stable --target aarch64-linux-android --target armv7-linux-androideabi --target i686-linux-android --target x86_64-linux-android --profile minimal --no-self-update
build-android	Install Rust stable with Android targets	2026-08-01T13:59:50.9761220Z [36;1mrustup toolchain install stable --target aarch64-linux-android --target armv7-linux-androideabi --target i686-linux-android --target x86_64-linux-android --profile minimal --no-self-update[0m
build-android	Install Rust stable with Android targets	2026-08-01T13:59:50.9786197Z shell: /usr/bin/bash --noprofile --norc -e -o pipefail {0}
build-android	Install Rust stable with Android targets	2026-08-01T13:59:50.9786609Z env:
build-android	Install Rust stable with Android targets	2026-08-01T13:59:50.9786904Z   CARGO_HOME: /home/runner/.cargo
build-android	Install Rust stable with Android targets	2026-08-01T13:59:50.9787257Z   RUSTUP_PERMIT_COPY_RENAME: 1
build-android	Install Rust stable with Android targets	2026-08-01T13:59:50.9787562Z ##[endgroup]
build-android	Install Rust stable with Android targets	2026-08-01T13:59:51.2363148Z info: syncing channel updates for stable-x86_64-unknown-linux-gnu
build-android	Install Rust stable with Android targets	2026-08-01T13:59:51.4640031Z info: latest update on 2026-07-16 for version 1.97.1 (8bab26f4f 2026-07-14)
build-android	Install Rust stable with Android targets	2026-08-01T13:59:51.4861558Z info: downloading 4 components
build-android	Install Rust stable with Android targets	2026-08-01T14:00:00.2263955Z 
build-android	Install Rust stable with Android targets	2026-08-01T14:00:00.2360003Z   stable-x86_64-unknown-linux-gnu updated - rustc 1.97.1 (8bab26f4f 2026-07-14) (from rustc 1.97.1 (8bab26f4f 2026-07-14))
build-android	Install Rust stable with Android targets	2026-08-01T14:00:00.2360686Z 
build-android	Install Rust stable with Android targets	2026-08-01T14:00:00.2394898Z ##[end-action id=__dtolnay_rust-toolchain.__run_4;outcome=success;conclusion=success;duration_ms=9265]
build-android	Install Rust stable with Android targets	2026-08-01T14:00:00.2401569Z ##[start-action display=Run rustup default stable;id=__dtolnay_rust-toolchain.__run_5]
build-android	Install Rust stable with Android targets	2026-08-01T14:00:00.2421447Z ##[group]Run rustup default stable
build-android	Install Rust stable with Android targets	2026-08-01T14:00:00.2421866Z [36;1mrustup default stable[0m
build-android	Install Rust stable with Android targets	2026-08-01T14:00:00.2455341Z shell: /usr/bin/bash --noprofile --norc -e -o pipefail {0}
build-android	Install Rust stable with Android targets	2026-08-01T14:00:00.2455755Z env:
build-android	Install Rust stable with Android targets	2026-08-01T14:00:00.2456163Z   CARGO_HOME: /home/runner/.cargo
build-android	Install Rust stable with Android targets	2026-08-01T14:00:00.2456485Z ##[endgroup]
build-android	Install Rust stable with Android targets	2026-08-01T14:00:00.3189746Z info: using existing install for stable-x86_64-unknown-linux-gnu
build-android	Install Rust stable with Android targets	2026-08-01T14:00:00.4201045Z info: default toolchain set to stable-x86_64-unknown-linux-gnu
build-android	Install Rust stable with Android targets	2026-08-01T14:00:00.4201584Z 
build-android	Install Rust stable with Android targets	2026-08-01T14:00:00.4292187Z   stable-x86_64-unknown-linux-gnu unchanged - rustc 1.97.1 (8bab26f4f 2026-07-14)
build-android	Install Rust stable with Android targets	2026-08-01T14:00:00.4292782Z 
build-android	Install Rust stable with Android targets	2026-08-01T14:00:00.4308875Z ##[end-action id=__dtolnay_rust-toolchain.__run_5;outcome=success;conclusion=success;duration_ms=190]
build-android	Install Rust stable with Android targets	2026-08-01T14:00:00.4317308Z ##[start-action display=Run : create cachekey;id=__dtolnay_rust-toolchain.rustc-version]
build-android	Install Rust stable with Android targets	2026-08-01T14:00:00.4346118Z ##[group]Run : create cachekey
build-android	Install Rust stable with Android targets	2026-08-01T14:00:00.4347011Z [36;1m: create cachekey[0m
build-android	Install Rust stable with Android targets	2026-08-01T14:00:00.4347633Z [36;1mDATE=$(rustc +stable --version --verbose | sed -ne 's/^commit-date: \(20[0-9][0-9]\)-\([01][0-9]\)-\([0-3][0-9]\)$/\1\2\3/p')[0m
build-android	Install Rust stable with Android targets	2026-08-01T14:00:00.4348486Z [36;1mHASH=$(rustc +stable --version --verbose | sed -ne 's/^commit-hash: //p')[0m
build-android	Install Rust stable with Android targets	2026-08-01T14:00:00.4349355Z [36;1mecho "cachekey=$(echo $DATE$HASH | head -c12)" >> $GITHUB_OUTPUT[0m
build-android	Install Rust stable with Android targets	2026-08-01T14:00:00.4381942Z shell: /usr/bin/bash --noprofile --norc -e -o pipefail {0}
build-android	Install Rust stable with Android targets	2026-08-01T14:00:00.4382444Z env:
build-android	Install Rust stable with Android targets	2026-08-01T14:00:00.4382735Z   CARGO_HOME: /home/runner/.cargo
build-android	Install Rust stable with Android targets	2026-08-01T14:00:00.4383139Z ##[endgroup]
build-android	Install Rust stable with Android targets	2026-08-01T14:00:00.5461788Z ##[end-action id=__dtolnay_rust-toolchain.rustc-version;outcome=success;conclusion=success;duration_ms=114]
build-android	Install Rust stable with Android targets	2026-08-01T14:00:00.5465743Z ##[start-action display=Run : disable incremental compilation;id=__dtolnay_rust-toolchain.__run_6]
build-android	Install Rust stable with Android targets	2026-08-01T14:00:00.5943463Z ##[group]Run : disable incremental compilation
build-android	Install Rust stable with Android targets	2026-08-01T14:00:00.5944145Z [36;1m: disable incremental compilation[0m
build-android	Install Rust stable with Android targets	2026-08-01T14:00:00.5944750Z [36;1mif [ -z "${CARGO_INCREMENTAL+set}" ]; then[0m
build-android	Install Rust stable with Android targets	2026-08-01T14:00:00.5945316Z [36;1m  echo CARGO_INCREMENTAL=0 >> $GITHUB_ENV[0m
build-android	Install Rust stable with Android targets	2026-08-01T14:00:00.5945833Z [36;1mfi[0m
build-android	Install Rust stable with Android targets	2026-08-01T14:00:00.5978538Z shell: /usr/bin/bash --noprofile --norc -e -o pipefail {0}
build-android	Install Rust stable with Android targets	2026-08-01T14:00:00.5979298Z env:
build-android	Install Rust stable with Android targets	2026-08-01T14:00:00.5979687Z   CARGO_HOME: /home/runner/.cargo
build-android	Install Rust stable with Android targets	2026-08-01T14:00:00.5980105Z ##[endgroup]
build-android	Install Rust stable with Android targets	2026-08-01T14:00:00.6072639Z ##[end-action id=__dtolnay_rust-toolchain.__run_6;outcome=success;conclusion=success;duration_ms=60]
build-android	Install Rust stable with Android targets	2026-08-01T14:00:00.6075705Z ##[start-action display=Run : enable colors in Cargo output;id=__dtolnay_rust-toolchain.__run_7]
build-android	Install Rust stable with Android targets	2026-08-01T14:00:00.6162234Z ##[group]Run : enable colors in Cargo output
build-android	Install Rust stable with Android targets	2026-08-01T14:00:00.6162650Z [36;1m: enable colors in Cargo output[0m
build-android	Install Rust stable with Android targets	2026-08-01T14:00:00.6163043Z [36;1mif [ -z "${CARGO_TERM_COLOR+set}" ]; then[0m
build-android	Install Rust stable with Android targets	2026-08-01T14:00:00.6163457Z [36;1m  echo CARGO_TERM_COLOR=always >> $GITHUB_ENV[0m
build-android	Install Rust stable with Android targets	2026-08-01T14:00:00.6163842Z [36;1mfi[0m
build-android	Install Rust stable with Android targets	2026-08-01T14:00:00.6200115Z shell: /usr/bin/bash --noprofile --norc -e -o pipefail {0}
build-android	Install Rust stable with Android targets	2026-08-01T14:00:00.6200528Z env:
build-android	Install Rust stable with Android targets	2026-08-01T14:00:00.6200799Z   CARGO_HOME: /home/runner/.cargo
build-android	Install Rust stable with Android targets	2026-08-01T14:00:00.6201177Z   CARGO_INCREMENTAL: 0
build-android	Install Rust stable with Android targets	2026-08-01T14:00:00.6201470Z ##[endgroup]
build-android	Install Rust stable with Android targets	2026-08-01T14:00:00.6320821Z ##[end-action id=__dtolnay_rust-toolchain.__run_7;outcome=success;conclusion=success;duration_ms=24]
build-android	Install Rust stable with Android targets	2026-08-01T14:00:00.6329098Z ##[start-action display=Run : enable Cargo sparse registry;id=__dtolnay_rust-toolchain.__run_8]
build-android	Install Rust stable with Android targets	2026-08-01T14:00:00.6355341Z ##[group]Run : enable Cargo sparse registry
build-android	Install Rust stable with Android targets	2026-08-01T14:00:00.6356001Z [36;1m: enable Cargo sparse registry[0m
build-android	Install Rust stable with Android targets	2026-08-01T14:00:00.6356636Z [36;1m# implemented in 1.66, stabilized in 1.68, made default in 1.70[0m
build-android	Install Rust stable with Android targets	2026-08-01T14:00:00.6357809Z [36;1mif [ -z "${CARGO_REGISTRIES_CRATES_IO_PROTOCOL+set}" -o -f "/home/runner/work/_temp"/.implicit_cargo_registries_crates_io_protocol ]; then[0m
build-android	Install Rust stable with Android targets	2026-08-01T14:00:00.6359453Z [36;1m  if rustc +stable --version --verbose | grep -q '^release: 1\.6[89]\.'; then[0m
build-android	Install Rust stable with Android targets	2026-08-01T14:00:00.6360417Z [36;1m    touch "/home/runner/work/_temp"/.implicit_cargo_registries_crates_io_protocol || true[0m
build-android	Install Rust stable with Android targets	2026-08-01T14:00:00.6361411Z [36;1m    echo CARGO_REGISTRIES_CRATES_IO_PROTOCOL=sparse >> $GITHUB_ENV[0m
build-android	Install Rust stable with Android targets	2026-08-01T14:00:00.6362262Z [36;1m  elif rustc +stable --version --verbose | grep -q '^release: 1\.6[67]\.'; then[0m
build-android	Install Rust stable with Android targets	2026-08-01T14:00:00.6363155Z [36;1m    touch "/home/runner/work/_temp"/.implicit_cargo_registries_crates_io_protocol || true[0m
build-android	Install Rust stable with Android targets	2026-08-01T14:00:00.6364084Z [36;1m    echo CARGO_REGISTRIES_CRATES_IO_PROTOCOL=git >> $GITHUB_ENV[0m
build-android	Install Rust stable with Android targets	2026-08-01T14:00:00.6364709Z [36;1m  fi[0m
build-android	Install Rust stable with Android targets	2026-08-01T14:00:00.6365067Z [36;1mfi[0m
build-android	Install Rust stable with Android targets	2026-08-01T14:00:00.6406890Z shell: /usr/bin/bash --noprofile --norc -e -o pipefail {0}
build-android	Install Rust stable with Android targets	2026-08-01T14:00:00.6407614Z env:
build-android	Install Rust stable with Android targets	2026-08-01T14:00:00.6408057Z   CARGO_HOME: /home/runner/.cargo
build-android	Install Rust stable with Android targets	2026-08-01T14:00:00.6408571Z   CARGO_INCREMENTAL: 0
build-android	Install Rust stable with Android targets	2026-08-01T14:00:00.6409356Z   CARGO_TERM_COLOR: always
build-android	Install Rust stable with Android targets	2026-08-01T14:00:00.6410018Z ##[endgroup]
build-android	Install Rust stable with Android targets	2026-08-01T14:00:00.6768390Z ##[end-action id=__dtolnay_rust-toolchain.__run_8;outcome=success;conclusion=success;duration_ms=43]
build-android	Install Rust stable with Android targets	2026-08-01T14:00:00.6773425Z ##[start-action display=Run : work around spurious network errors in curl 8.0;id=__dtolnay_rust-toolchain.__run_9]
build-android	Install Rust stable with Android targets	2026-08-01T14:00:00.7363859Z ##[group]Run : work around spurious network errors in curl 8.0
build-android	Install Rust stable with Android targets	2026-08-01T14:00:00.7364382Z [36;1m: work around spurious network errors in curl 8.0[0m
build-android	Install Rust stable with Android targets	2026-08-01T14:00:00.7364955Z [36;1m# https://rust-lang.zulipchat.com/#narrow/stream/246057-t-cargo/topic/timeout.20investigation[0m
build-android	Install Rust stable with Android targets	2026-08-01T14:00:00.7365633Z [36;1mif rustc +stable --version --verbose | grep -q '^release: 1\.7[01]\.'; then[0m
build-android	Install Rust stable with Android targets	2026-08-01T14:00:00.7366125Z [36;1m  echo CARGO_HTTP_MULTIPLEXING=false >> $GITHUB_ENV[0m
build-android	Install Rust stable with Android targets	2026-08-01T14:00:00.7366509Z [36;1mfi[0m
build-android	Install Rust stable with Android targets	2026-08-01T14:00:00.7401371Z shell: /usr/bin/bash --noprofile --norc -e -o pipefail {0}
build-android	Install Rust stable with Android targets	2026-08-01T14:00:00.7401968Z env:
build-android	Install Rust stable with Android targets	2026-08-01T14:00:00.7402270Z   CARGO_HOME: /home/runner/.cargo
build-android	Install Rust stable with Android targets	2026-08-01T14:00:00.7402634Z   CARGO_INCREMENTAL: 0
build-android	Install Rust stable with Android targets	2026-08-01T14:00:00.7402946Z   CARGO_TERM_COLOR: always
build-android	Install Rust stable with Android targets	2026-08-01T14:00:00.7403255Z ##[endgroup]
build-android	Install Rust stable with Android targets	2026-08-01T14:00:00.7608531Z ##[end-action id=__dtolnay_rust-toolchain.__run_9;outcome=success;conclusion=success;duration_ms=83]
build-android	Install Rust stable with Android targets	2026-08-01T14:00:00.7612815Z ##[start-action display=Run rustc +stable --version --verbose;id=__dtolnay_rust-toolchain.__run_10]
build-android	Install Rust stable with Android targets	2026-08-01T14:00:00.7630437Z ##[group]Run rustc +stable --version --verbose
build-android	Install Rust stable with Android targets	2026-08-01T14:00:00.7630924Z [36;1mrustc +stable --version --verbose[0m
build-android	Install Rust stable with Android targets	2026-08-01T14:00:00.7662244Z shell: /usr/bin/bash --noprofile --norc -e -o pipefail {0}
build-android	Install Rust stable with Android targets	2026-08-01T14:00:00.7662678Z env:
build-android	Install Rust stable with Android targets	2026-08-01T14:00:00.7662975Z   CARGO_HOME: /home/runner/.cargo
build-android	Install Rust stable with Android targets	2026-08-01T14:00:00.7663350Z   CARGO_INCREMENTAL: 0
build-android	Install Rust stable with Android targets	2026-08-01T14:00:00.7663654Z   CARGO_TERM_COLOR: always
build-android	Install Rust stable with Android targets	2026-08-01T14:00:00.7663985Z ##[endgroup]
build-android	Install Rust stable with Android targets	2026-08-01T14:00:00.7837735Z rustc 1.97.1 (8bab26f4f 2026-07-14)
build-android	Install Rust stable with Android targets	2026-08-01T14:00:00.7839115Z binary: rustc
build-android	Install Rust stable with Android targets	2026-08-01T14:00:00.7840069Z commit-hash: 8bab26f4f68e0e26f0bb7960be334d5b520ea452
build-android	Install Rust stable with Android targets	2026-08-01T14:00:00.7841033Z commit-date: 2026-07-14
build-android	Install Rust stable with Android targets	2026-08-01T14:00:00.7841851Z host: x86_64-unknown-linux-gnu
build-android	Install Rust stable with Android targets	2026-08-01T14:00:00.7842567Z release: 1.97.1
build-android	Install Rust stable with Android targets	2026-08-01T14:00:00.7843328Z LLVM version: 22.1.6
build-android	Install Rust stable with Android targets	2026-08-01T14:00:00.7858988Z ##[end-action id=__dtolnay_rust-toolchain.__run_10;outcome=success;conclusion=success;duration_ms=24]
build-android	Confirm Android Rust targets	﻿2026-08-01T14:00:00.7912849Z ##[group]Run rustup target add aarch64-linux-android armv7-linux-androideabi i686-linux-android x86_64-linux-android
build-android	Confirm Android Rust targets	2026-08-01T14:00:00.7913667Z [36;1mrustup target add aarch64-linux-android armv7-linux-androideabi i686-linux-android x86_64-linux-android[0m
build-android	Confirm Android Rust targets	2026-08-01T14:00:00.7943451Z shell: /usr/bin/bash -e {0}
build-android	Confirm Android Rust targets	2026-08-01T14:00:00.7943796Z env:
build-android	Confirm Android Rust targets	2026-08-01T14:00:00.7944164Z   CARGO_HOME: /home/runner/.cargo
build-android	Confirm Android Rust targets	2026-08-01T14:00:00.7944512Z   CARGO_INCREMENTAL: 0
build-android	Confirm Android Rust targets	2026-08-01T14:00:00.7944957Z   CARGO_TERM_COLOR: always
build-android	Confirm Android Rust targets	2026-08-01T14:00:00.7945261Z ##[endgroup]
build-android	Confirm Android Rust targets	2026-08-01T14:00:00.8416782Z info: component rust-std for target aarch64-linux-android is up to date
build-android	Confirm Android Rust targets	2026-08-01T14:00:00.8611113Z info: component rust-std for target armv7-linux-androideabi is up to date
build-android	Confirm Android Rust targets	2026-08-01T14:00:00.8805944Z info: component rust-std for target i686-linux-android is up to date
build-android	Confirm Android Rust targets	2026-08-01T14:00:00.9001544Z info: component rust-std for target x86_64-linux-android is up to date
build-android	Setup Java (JDK)	﻿2026-08-01T14:00:00.9295230Z Node 20 is being deprecated. This workflow is running with Node 24 by default. If you need to temporarily use Node 20, you can set the ACTIONS_ALLOW_USE_UNSECURE_NODE_VERSION=true environment variable. For more information see: https://github.blog/changelog/2025-09-19-deprecation-of-node-20-on-github-actions-runners/
build-android	Setup Java (JDK)	2026-08-01T14:00:00.9296385Z ##[group]Run actions/setup-java@v4
build-android	Setup Java (JDK)	2026-08-01T14:00:00.9296627Z with:
build-android	Setup Java (JDK)	2026-08-01T14:00:00.9296818Z   distribution: temurin
build-android	Setup Java (JDK)	2026-08-01T14:00:00.9297049Z   java-version: 17
build-android	Setup Java (JDK)	2026-08-01T14:00:00.9297256Z   java-package: jdk
build-android	Setup Java (JDK)	2026-08-01T14:00:00.9297457Z   check-latest: false
build-android	Setup Java (JDK)	2026-08-01T14:00:00.9297658Z   server-id: github
build-android	Setup Java (JDK)	2026-08-01T14:00:00.9297864Z   server-username: GITHUB_ACTOR
build-android	Setup Java (JDK)	2026-08-01T14:00:00.9298104Z   server-password: GITHUB_TOKEN
build-android	Setup Java (JDK)	2026-08-01T14:00:00.9298341Z   overwrite-settings: true
build-android	Setup Java (JDK)	2026-08-01T14:00:00.9298562Z   job-status: success
build-android	Setup Java (JDK)	2026-08-01T14:00:00.9301125Z   token: ***
build-android	Setup Java (JDK)	2026-08-01T14:00:00.9301315Z env:
build-android	Setup Java (JDK)	2026-08-01T14:00:00.9301500Z   CARGO_HOME: /home/runner/.cargo
build-android	Setup Java (JDK)	2026-08-01T14:00:00.9301766Z   CARGO_INCREMENTAL: 0
build-android	Setup Java (JDK)	2026-08-01T14:00:00.9301978Z   CARGO_TERM_COLOR: always
build-android	Setup Java (JDK)	2026-08-01T14:00:00.9302192Z ##[endgroup]
build-android	Setup Java (JDK)	2026-08-01T14:00:01.0907670Z ##[group]Installed distributions
build-android	Setup Java (JDK)	2026-08-01T14:00:01.0966692Z Resolved Java 17.0.19+10 from tool-cache
build-android	Setup Java (JDK)	2026-08-01T14:00:01.0967293Z Setting Java 17.0.19+10 as the default
build-android	Setup Java (JDK)	2026-08-01T14:00:01.0975517Z (node:4238) [DEP0040] DeprecationWarning: The `punycode` module is deprecated. Please use a userland alternative instead.
build-android	Setup Java (JDK)	2026-08-01T14:00:01.0976211Z (Use `node --trace-deprecation ...` to show where the warning was created)
build-android	Setup Java (JDK)	2026-08-01T14:00:01.0978612Z Creating toolchains.xml for JDK version 17 from temurin
build-android	Setup Java (JDK)	2026-08-01T14:00:01.1042838Z Writing to /home/runner/.m2/toolchains.xml
build-android	Setup Java (JDK)	2026-08-01T14:00:01.1043316Z 
build-android	Setup Java (JDK)	2026-08-01T14:00:01.1043506Z Java configuration:
build-android	Setup Java (JDK)	2026-08-01T14:00:01.1043830Z   Distribution: temurin
build-android	Setup Java (JDK)	2026-08-01T14:00:01.1044145Z   Version: 17.0.19+10
build-android	Setup Java (JDK)	2026-08-01T14:00:01.1044687Z   Path: /opt/hostedtoolcache/Java_Temurin-Hotspot_jdk/17.0.19-10/x64
build-android	Setup Java (JDK)	2026-08-01T14:00:01.1045132Z 
build-android	Setup Java (JDK)	2026-08-01T14:00:01.1045467Z ##[endgroup]
build-android	Setup Java (JDK)	2026-08-01T14:00:01.1048643Z Creating settings.xml with server-id: github
build-android	Setup Java (JDK)	2026-08-01T14:00:01.1090047Z Writing to /home/runner/.m2/settings.xml
build-android	Setup Android SDK	﻿2026-08-01T14:00:01.1225141Z Node 20 is being deprecated. This workflow is running with Node 24 by default. If you need to temporarily use Node 20, you can set the ACTIONS_ALLOW_USE_UNSECURE_NODE_VERSION=true environment variable. For more information see: https://github.blog/changelog/2025-09-19-deprecation-of-node-20-on-github-actions-runners/
build-android	Setup Android SDK	2026-08-01T14:00:01.1227072Z ##[group]Run android-actions/setup-android@v3
build-android	Setup Android SDK	2026-08-01T14:00:01.1227497Z with:
build-android	Setup Android SDK	2026-08-01T14:00:01.1227800Z   cmdline-tools-version: 12266719
build-android	Setup Android SDK	2026-08-01T14:00:01.1228209Z   accept-android-sdk-licenses: true
build-android	Setup Android SDK	2026-08-01T14:00:01.1228638Z   log-accepted-android-sdk-licenses: true
build-android	Setup Android SDK	2026-08-01T14:00:01.1229182Z   packages: tools platform-tools
build-android	Setup Android SDK	2026-08-01T14:00:01.1229538Z env:
build-android	Setup Android SDK	2026-08-01T14:00:01.1229807Z   CARGO_HOME: /home/runner/.cargo
build-android	Setup Android SDK	2026-08-01T14:00:01.1230163Z   CARGO_INCREMENTAL: 0
build-android	Setup Android SDK	2026-08-01T14:00:01.1230479Z   CARGO_TERM_COLOR: always
build-android	Setup Android SDK	2026-08-01T14:00:01.1230970Z   JAVA_HOME: /opt/hostedtoolcache/Java_Temurin-Hotspot_jdk/17.0.19-10/x64
build-android	Setup Android SDK	2026-08-01T14:00:01.1231750Z   JAVA_HOME_17_X64: /opt/hostedtoolcache/Java_Temurin-Hotspot_jdk/17.0.19-10/x64
build-android	Setup Android SDK	2026-08-01T14:00:01.1232313Z ##[endgroup]
build-android	Setup Android SDK	2026-08-01T14:00:01.2159840Z Found preinstalled sdkmanager in /usr/local/lib/android/sdk/cmdline-tools/latest with following source.properties:
build-android	Setup Android SDK	2026-08-01T14:00:01.2161098Z Pkg.Revision=9.0
build-android	Setup Android SDK	2026-08-01T14:00:01.2161472Z Pkg.Path=cmdline-tools;9.0
build-android	Setup Android SDK	2026-08-01T14:00:01.2161918Z Pkg.Desc=Android SDK Command-line Tools
build-android	Setup Android SDK	2026-08-01T14:00:01.2162187Z 
build-android	Setup Android SDK	2026-08-01T14:00:01.2162410Z Wrong version in preinstalled sdkmanager
build-android	Setup Android SDK	2026-08-01T14:00:01.2163184Z Downloading commandline tools from https://dl.google.com/android/repository/commandlinetools-linux-12266719_latest.zip
build-android	Setup Android SDK	2026-08-01T14:00:02.8991200Z [command]/usr/bin/unzip -o -q /home/runner/work/_temp/7ad3a294-eb42-4082-b8d2-5d5b22bb41ee
build-android	Setup Android SDK	2026-08-01T14:00:03.8293796Z Accepting Android SDK licenses
build-android	Setup Android SDK	2026-08-01T14:00:03.8298558Z [command]/usr/local/lib/android/sdk/cmdline-tools/16.0/bin/sdkmanager --licenses
build-android	Setup Android SDK	2026-08-01T14:00:07.9513991Z Loading local repository...                                                     
build-android	Setup Android SDK	2026-08-01T14:00:07.9515278Z [=========                              ] 25% Loading local repository...       
build-android	Setup Android SDK	2026-08-01T14:00:09.3152072Z [=========                              ] 25% Fetch remote repository...        
build-android	Setup Android SDK	2026-08-01T14:00:09.6802382Z [==========                             ] 26% Fetch remote repository...        
build-android	Setup Android SDK	2026-08-01T14:00:09.6840058Z [============                           ] 31% Fetch remote repository...        
build-android	Setup Android SDK	2026-08-01T14:00:09.7119870Z [============                           ] 32% Fetch remote repository...        
build-android	Setup Android SDK	2026-08-01T14:00:09.7130276Z [=============                          ] 33% Fetch remote repository...        
build-android	Setup Android SDK	2026-08-01T14:00:09.7301859Z [=============                          ] 35% Fetch remote repository...        
build-android	Setup Android SDK	2026-08-01T14:00:09.7303026Z [==============                         ] 36% Fetch remote repository...        
build-android	Setup Android SDK	2026-08-01T14:00:09.7446930Z [==============                         ] 37% Fetch remote repository...        
build-android	Setup Android SDK	2026-08-01T14:00:09.7448224Z [===============                        ] 38% Fetch remote repository...        
build-android	Setup Android SDK	2026-08-01T14:00:09.7649742Z [===============                        ] 39% Fetch remote repository...        
build-android	Setup Android SDK	2026-08-01T14:00:09.7651141Z [================                       ] 40% Fetch remote repository...        
build-android	Setup Android SDK	2026-08-01T14:00:09.7999071Z [================                       ] 41% Fetch remote repository...        
build-android	Setup Android SDK	2026-08-01T14:00:09.8002476Z [================                       ] 42% Fetch remote repository...        
build-android	Setup Android SDK	2026-08-01T14:00:09.8177961Z [=================                      ] 44% Fetch remote repository...        
build-android	Setup Android SDK	2026-08-01T14:00:09.8180943Z [=================                      ] 45% Fetch remote repository...        
build-android	Setup Android SDK	2026-08-01T14:00:09.8353451Z [==================                     ] 46% Fetch remote repository...        
build-android	Setup Android SDK	2026-08-01T14:00:09.8355935Z [==================                     ] 47% Fetch remote repository...        
build-android	Setup Android SDK	2026-08-01T14:00:09.8531782Z [===================                    ] 48% Fetch remote repository...        
build-android	Setup Android SDK	2026-08-01T14:00:09.8532827Z [===================                    ] 49% Fetch remote repository...        
build-android	Setup Android SDK	2026-08-01T14:00:09.8702151Z [====================                   ] 50% Fetch remote repository...        
build-android	Setup Android SDK	2026-08-01T14:00:09.8731446Z [====================                   ] 51% Fetch remote repository...        
build-android	Setup Android SDK	2026-08-01T14:00:09.8850528Z [====================                   ] 53% Fetch remote repository...        
build-android	Setup Android SDK	2026-08-01T14:00:09.8878038Z [=====================                  ] 54% Fetch remote repository...        
build-android	Setup Android SDK	2026-08-01T14:00:09.9035365Z [=====================                  ] 55% Fetch remote repository...        
build-android	Setup Android SDK	2026-08-01T14:00:09.9036692Z [======================                 ] 56% Fetch remote repository...        
build-android	Setup Android SDK	2026-08-01T14:00:09.9193031Z [======================                 ] 57% Fetch remote repository...        
build-android	Setup Android SDK	2026-08-01T14:00:09.9205278Z [=======================                ] 58% Fetch remote repository...        
build-android	Setup Android SDK	2026-08-01T14:00:09.9370284Z [=======================                ] 59% Fetch remote repository...        
build-android	Setup Android SDK	2026-08-01T14:00:09.9390158Z [========================               ] 60% Fetch remote repository...        
build-android	Setup Android SDK	2026-08-01T14:00:09.9536373Z [========================               ] 61% Fetch remote repository...        
build-android	Setup Android SDK	2026-08-01T14:00:09.9537494Z [=========================              ] 63% Fetch remote repository...        
build-android	Setup Android SDK	2026-08-01T14:00:10.0270203Z [=========================              ] 64% Fetch remote repository...        
build-android	Setup Android SDK	2026-08-01T14:00:10.0271515Z [=========================              ] 65% Fetch remote repository...        
build-android	Setup Android SDK	2026-08-01T14:00:10.0427105Z [==========================             ] 66% Fetch remote repository...        
build-android	Setup Android SDK	2026-08-01T14:00:10.0429431Z [==========================             ] 67% Fetch remote repository...        
build-android	Setup Android SDK	2026-08-01T14:00:10.0629964Z [===========================            ] 68% Fetch remote repository...        
build-android	Setup Android SDK	2026-08-01T14:00:10.0632396Z [===========================            ] 69% Fetch remote repository...        
build-android	Setup Android SDK	2026-08-01T14:00:10.0912450Z [============================           ] 70% Fetch remote repository...        
build-android	Setup Android SDK	2026-08-01T14:00:10.0913575Z [============================           ] 72% Fetch remote repository...        
build-android	Setup Android SDK	2026-08-01T14:00:10.1428305Z [=============================          ] 73% Fetch remote repository...        
build-android	Setup Android SDK	2026-08-01T14:00:10.1463828Z [=============================          ] 74% Fetch remote repository...        
build-android	Setup Android SDK	2026-08-01T14:00:10.1550239Z [=============================          ] 75% Fetch remote repository...        
build-android	Setup Android SDK	2026-08-01T14:00:10.1659372Z [=============================          ] 75% Computing updates...              
build-android	Setup Android SDK	2026-08-01T14:00:10.1660468Z [=======================================] 100% Computing updates...             
build-android	Setup Android SDK	2026-08-01T14:00:10.2094908Z 6 of 7 SDK package licenses not accepted.
build-android	Setup Android SDK	2026-08-01T14:00:10.2115055Z Review licenses that have not been accepted (y/N)? 
build-android	Setup Android SDK	2026-08-01T14:00:10.2115875Z 1/6: License android-googletv-license:
build-android	Setup Android SDK	2026-08-01T14:00:10.2129866Z ---------------------------------------
build-android	Setup Android SDK	2026-08-01T14:00:10.2130360Z Terms and Conditions
build-android	Setup Android SDK	2026-08-01T14:00:10.2130608Z 
build-android	Setup Android SDK	2026-08-01T14:00:10.2131094Z This is the Google TV Add-on for the Android Software Development Kit License Agreement.
build-android	Setup Android SDK	2026-08-01T14:00:10.2131598Z 
build-android	Setup Android SDK	2026-08-01T14:00:10.2131733Z 1. Introduction
build-android	Setup Android SDK	2026-08-01T14:00:10.2131917Z 
build-android	Setup Android SDK	2026-08-01T14:00:10.2134353Z 1.1 The Google TV Add-on for the Android Software Development Kit (referred to in this License Agreement as the "Google TV Add-on" and specifically including the Android system files, packaged APIs, and Google APIs add-ons) is licensed to you subject to the terms of this License Agreement. This License Agreement forms a legally binding contract between you and Google in relation to your use of the Google TV Add-on.
build-android	Setup Android SDK	2026-08-01T14:00:10.2136387Z 
build-android	Setup Android SDK	2026-08-01T14:00:10.2137305Z 1.2 "Google" means Google Inc., a Delaware corporation with principal place of business at 1600 Amphitheatre Parkway, Mountain View, CA 94043, United States.
build-android	Setup Android SDK	2026-08-01T14:00:10.2138616Z 
build-android	Setup Android SDK	2026-08-01T14:00:10.2138987Z 2. Accepting this License Agreement
build-android	Setup Android SDK	2026-08-01T14:00:10.2139262Z 
build-android	Setup Android SDK	2026-08-01T14:00:10.2140211Z 2.1 In order to use the Google TV Add-on, you must first agree to this License Agreement. You may not use the Google TV Add-on if you do not accept this License Agreement.
build-android	Setup Android SDK	2026-08-01T14:00:10.2141050Z 
build-android	Setup Android SDK	2026-08-01T14:00:10.2141775Z 2.2 You can accept this License Agreement by:
build-android	Setup Android SDK	2026-08-01T14:00:10.2142101Z 
build-android	Setup Android SDK	2026-08-01T14:00:10.2142703Z (A) clicking to accept or agree to this License Agreement, where this option is made available to you; or
build-android	Setup Android SDK	2026-08-01T14:00:10.2143252Z 
build-android	Setup Android SDK	2026-08-01T14:00:10.2144219Z (B) by actually using the Google TV Add-on. In this case, you agree that use of the Google TV Add-on constitutes acceptance of the License Agreement from that point onwards.
build-android	Setup Android SDK	2026-08-01T14:00:10.2145100Z 
build-android	Setup Android SDK	2026-08-01T14:00:10.2146822Z 2.3 You may not use the Google TV Add-on and may not accept the Licensing Agreement if you are a person barred from receiving the Google TV Add-on under the laws of the United States or other countries including the country in which you are resident or from which you use the Google TV Add-on.
build-android	Setup Android SDK	2026-08-01T14:00:10.2148419Z 
build-android	Setup Android SDK	2026-08-01T14:00:10.2167722Z 2.4 If you are agreeing to be bound by this License Agreement on behalf of your employer or other entity, you represent and warrant that you have full legal authority to bind your employer or such entity to this License Agreement. If you do not have the requisite authority, you may not accept the Licensing Agreement or use the Google TV Add-on on behalf of your employer or other entity.
build-android	Setup Android SDK	2026-08-01T14:00:10.2169818Z 
build-android	Setup Android SDK	2026-08-01T14:00:10.2170088Z 3. Google TV Add-on License from Google
build-android	Setup Android SDK	2026-08-01T14:00:10.2170396Z 
build-android	Setup Android SDK	2026-08-01T14:00:10.2171843Z 3.1 Subject to the terms of this License Agreement, Google grants you a limited, worldwide, royalty-free, non- assignable and non-exclusive license to use the Google TV Add-on solely to develop applications to run on the Google TV platform.
build-android	Setup Android SDK	2026-08-01T14:00:10.2173117Z 
build-android	Setup Android SDK	2026-08-01T14:00:10.2175626Z 3.2 You agree that Google or third parties own all legal right, title and interest in and to the Google TV Add-on, including any Intellectual Property Rights that subsist in the Google TV Add-on. "Intellectual Property Rights" means any and all rights under patent law, copyright law, trade secret law, trademark law, and any and all other proprietary rights. Google reserves all rights not expressly granted to you.
build-android	Setup Android SDK	2026-08-01T14:00:10.2177623Z 
build-android	Setup Android SDK	2026-08-01T14:00:10.2180747Z 3.3 Except to the extent required by applicable third party licenses, you may not copy (except for backup purposes), modify, adapt, redistribute, decompile, reverse engineer, disassemble, or create derivative works of the Google TV Add-on or any part of the Google TV Add-on. Except to the extent required by applicable third party licenses, you may not load any part of the Google TV Add-on onto a mobile handset, television, or any other hardware device except a personal computer, combine any part of the Google TV Add-on with other software, or distribute any software or device incorporating a part of the Google TV Add-on.
build-android	Setup Android SDK	2026-08-01T14:00:10.2183667Z 
build-android	Setup Android SDK	2026-08-01T14:00:10.2184922Z 3.4 Use, reproduction and distribution of components of the Google TV Add-on licensed under an open source software license are governed solely by the terms of that open source software license and not this License Agreement.
build-android	Setup Android SDK	2026-08-01T14:00:10.2186009Z 
build-android	Setup Android SDK	2026-08-01T14:00:10.2188457Z 3.5 You agree that the form and nature of the Google TV Add-on that Google provides may change without prior notice to you and that future versions of the Google TV Add-on may be incompatible with applications developed on previous versions of the Google TV Add-on. You agree that Google may stop (permanently or temporarily) providing the Google TV Add-on (or any features within the Google TV Add-on) to you or to users generally at Google's sole discretion, without prior notice to you.
build-android	Setup Android SDK	2026-08-01T14:00:10.2219865Z 
build-android	Setup Android SDK	2026-08-01T14:00:10.2221959Z 3.6 Nothing in this License Agreement gives you a right to use any of Google's or it’s licensors’ trade names, trademarks, service marks, logos, domain names, or other distinctive brand features.
build-android	Setup Android SDK	2026-08-01T14:00:10.2222917Z 
build-android	Setup Android SDK	2026-08-01T14:00:10.2224025Z 3.7 You agree that you will not remove, obscure, or alter any proprietary rights notices (including copyright and trademark notices) that may be affixed to or contained within the Google TV Add-on.
build-android	Setup Android SDK	2026-08-01T14:00:10.2224909Z 
build-android	Setup Android SDK	2026-08-01T14:00:10.2225140Z 4. Use of the Google TV Add-on by You
build-android	Setup Android SDK	2026-08-01T14:00:10.2225415Z 
build-android	Setup Android SDK	2026-08-01T14:00:10.2226947Z 4.1 Google agrees that it obtains no right, title or interest from you (or your licensors) under this License Agreement in or to any software applications that you develop using the Google TV Add-on, including any intellectual property rights that subsist in those applications.
build-android	Setup Android SDK	2026-08-01T14:00:10.2228215Z 
build-android	Setup Android SDK	2026-08-01T14:00:10.2230312Z 4.2 You agree to use the Google TV Add-on and write applications only for purposes that are permitted by (a) this License Agreement and (b) any applicable law, regulation or generally accepted practices or guidelines in the relevant jurisdictions (including any laws regarding the export of data or software to and from the United States or other relevant countries).
build-android	Setup Android SDK	2026-08-01T14:00:10.2232363Z 
build-android	Setup Android SDK	2026-08-01T14:00:10.2237052Z 4.3 You agree that if you use the Google TV Add-on to develop applications for general public users, you will protect the privacy and legal rights of those users. If the users provide you with user names, passwords, or other login information or personal information, your must make the users aware that the information will be available to your application, and you must provide legally adequate privacy notice and protection for those users. If your application stores personal or sensitive information provided by users, it must do so securely. If the user provides your application with Google Account information, your application may only use that information to access the user's Google Account when, and for the limited purposes for which, the user has given you explicit permission to do so.
build-android	Setup Android SDK	2026-08-01T14:00:10.2241180Z 
build-android	Setup Android SDK	2026-08-01T14:00:10.2243641Z 4.4 You agree that you will not engage in any activity with the Google TV Add-on, including the development or distribution of an application, that interferes with, disrupts, damages, or accesses in an unauthorized manner the servers, networks, or other properties or services of any third party including, but not limited to, Google, Multichannel Video Program Distributors or any mobile communications carrier.
build-android	Setup Android SDK	2026-08-01T14:00:10.2245619Z 
build-android	Setup Android SDK	2026-08-01T14:00:10.2247863Z 4.5 You agree that you are solely responsible for (and that Google has no responsibility to you or to any third party for) any data, content, or resources that you create, transmit or display through the Google TV platform and/or applications for the Google TV platform, and for the consequences of your actions (including any loss or damage which Google may suffer) by doing so.
build-android	Setup Android SDK	2026-08-01T14:00:10.2249830Z 
build-android	Setup Android SDK	2026-08-01T14:00:10.2252129Z 4.6 You agree that you are solely responsible for (and that Google has no responsibility to you or to any third party for) any breach of your obligations under this License Agreement, any applicable third party contract or Terms of Service, or any applicable law or regulation, and for the consequences (including any loss or damage which Google or any third party may suffer) of any such breach.
build-android	Setup Android SDK	2026-08-01T14:00:10.2253997Z 
build-android	Setup Android SDK	2026-08-01T14:00:10.2254197Z 5. Your Developer Credentials
build-android	Setup Android SDK	2026-08-01T14:00:10.2254449Z 
build-android	Setup Android SDK	2026-08-01T14:00:10.2256152Z 5.1 You agree that you are responsible for maintaining the confidentiality of any developer credentials that may be issued to you by Google or which you may choose yourself and that you will be solely responsible for all applications that are developed under your developer credentials.
build-android	Setup Android SDK	2026-08-01T14:00:10.2257771Z 
build-android	Setup Android SDK	2026-08-01T14:00:10.2257947Z 6. Privacy and Information
build-android	Setup Android SDK	2026-08-01T14:00:10.2258199Z 
build-android	Setup Android SDK	2026-08-01T14:00:10.2261317Z 6.1 In order to continually innovate and improve the Google TV Add-on, Google may collect certain usage statistics from the software including but not limited to a unique identifier, associated IP address, version number of the software, and information on which tools and/or services in the Google TV Add-on are being used and how they are being used. Before any of this information is collected, the Google TV Add-on will notify you and seek your consent. If you withhold consent, the information will not be collected.
build-android	Setup Android SDK	2026-08-01T14:00:10.2263793Z 
build-android	Setup Android SDK	2026-08-01T14:00:10.2264609Z 6.2 The data collected is examined in the aggregate to improve the Google TV Add-on and is maintained in accordance with Google's Privacy Policy.
build-android	Setup Android SDK	2026-08-01T14:00:10.2265340Z 
build-android	Setup Android SDK	2026-08-01T14:00:10.2265647Z 7. Third Party Applications for the Google TV Platform
build-android	Setup Android SDK	2026-08-01T14:00:10.2265984Z 
build-android	Setup Android SDK	2026-08-01T14:00:10.2269570Z 7.1 If you use the Google TV Add-on to run applications developed by a third party or that access data, content or resources provided by a third party, you agree that Google is not responsible for those applications, data, content, or resources. You understand that all data, content or resources which you may access through such third party applications are the sole responsibility of the person from which they originated and that Google is not liable for any loss or damage that you may experience as a result of the use or access of any of those third party applications, data, content, or resources.
build-android	Setup Android SDK	2026-08-01T14:00:10.2272526Z 
build-android	Setup Android SDK	2026-08-01T14:00:10.2275286Z 7.2 You should be aware the data, content, and resources presented to you through such a third party application may be protected by intellectual property rights which are owned by the providers (or by other persons or companies on their behalf). You may not modify, rent, lease, loan, sell, distribute or create derivative works based on these data, content, or resources (either in whole or in part) unless you have been specifically given permission to do so by the relevant owners.
build-android	Setup Android SDK	2026-08-01T14:00:10.2277522Z 
build-android	Setup Android SDK	2026-08-01T14:00:10.2279205Z 7.3 You acknowledge that your use of such third party applications, data, content, or resources may be subject to separate terms between you and the relevant third party. In that case, this License Agreement does not affect your legal relationship with these third parties.
build-android	Setup Android SDK	2026-08-01T14:00:10.2280539Z 
build-android	Setup Android SDK	2026-08-01T14:00:10.2280699Z 8. Using Google TV APIs
build-android	Setup Android SDK	2026-08-01T14:00:10.2280923Z 
build-android	Setup Android SDK	2026-08-01T14:00:10.2285446Z 8.1 If you use any Google TV API to retrieve data from Google, you acknowledge that the data (“Google TV API Content”) may be protected by intellectual property rights which are owned by Google or those parties that provide the data (or by other persons or companies on their behalf). Your use of any such API may be subject to additional Terms of Service. You may not modify, rent, lease, loan, sell, distribute or create derivative works based on this data (either in whole or in part) unless allowed by the relevant Terms of Service. Some portions of the Google TV API Content are licensed to Google by third parties, including but not limited to Tribune Media Services
build-android	Setup Android SDK	2026-08-01T14:00:10.2288555Z 
build-android	Setup Android SDK	2026-08-01T14:00:10.2290094Z 8.2 If you use any API to retrieve a user's data from Google, you acknowledge and agree that you shall retrieve data only with the user's explicit consent and only when, and for the limited purposes for which, the user has given you permission to do so.
build-android	Setup Android SDK	2026-08-01T14:00:10.2291756Z 
build-android	Setup Android SDK	2026-08-01T14:00:10.2292303Z 8.3 Except as explicitly permitted in Section 3 (Google TV Add-on License from Google), you must:
build-android	Setup Android SDK	2026-08-01T14:00:10.2292839Z 
build-android	Setup Android SDK	2026-08-01T14:00:10.2293871Z (a) not modify nor format the Google TV API Content except to the extent reasonably and technically necessary to optimize the display such Google TV API Content in your application;
build-android	Setup Android SDK	2026-08-01T14:00:10.2294723Z 
build-android	Setup Android SDK	2026-08-01T14:00:10.2295967Z (b) not edit the Google TV API Content in a manner that renders the Google TV API Content inaccurate of alters its inherent meaning (provided that displaying excerpts will not violate the foregoing); or
build-android	Setup Android SDK	2026-08-01T14:00:10.2296963Z 
build-android	Setup Android SDK	2026-08-01T14:00:10.2297495Z (c) not create any commercial audience measurement tool or service using the Google TV API Content
build-android	Setup Android SDK	2026-08-01T14:00:10.2298037Z 
build-android	Setup Android SDK	2026-08-01T14:00:10.2298261Z 9. Terminating this License Agreement
build-android	Setup Android SDK	2026-08-01T14:00:10.2298541Z 
build-android	Setup Android SDK	2026-08-01T14:00:10.2299240Z 9.1 This License Agreement will continue to apply until terminated by either you or Google as set out below.
build-android	Setup Android SDK	2026-08-01T14:00:10.2299834Z 
build-android	Setup Android SDK	2026-08-01T14:00:10.2300597Z 9.2 If you want to terminate this License Agreement, you may do so by ceasing your use of the Google TV Add-on and any relevant developer credentials.
build-android	Setup Android SDK	2026-08-01T14:00:10.2301336Z 
build-android	Setup Android SDK	2026-08-01T14:00:10.2301731Z 9.3 Google may at any time, terminate this License Agreement with you if:
build-android	Setup Android SDK	2026-08-01T14:00:10.2302109Z 
build-android	Setup Android SDK	2026-08-01T14:00:10.2302469Z (A) you have breached any provision of this License Agreement; or
build-android	Setup Android SDK	2026-08-01T14:00:10.2302835Z 
build-android	Setup Android SDK	2026-08-01T14:00:10.2303066Z (B) Google is required to do so by law; or
build-android	Setup Android SDK	2026-08-01T14:00:10.2303475Z 
build-android	Setup Android SDK	2026-08-01T14:00:10.2304662Z (C) the partner with whom Google offered certain parts of Google TV Add-on (such as APIs) to you has terminated its relationship with Google or ceased to offer certain parts of the Google TV Add-on to you; or
build-android	Setup Android SDK	2026-08-01T14:00:10.2305719Z 
build-android	Setup Android SDK	2026-08-01T14:00:10.2307714Z (D) Google decides to no longer providing the Google TV Add-on or certain parts of the Google TV Add-on to users in the country in which you are resident or from which you use the service, or the provision of the Google TV Add-on or certain Google TV Add-on services to you by Google is, in Google's sole discretion, no longer commercially viable.
build-android	Setup Android SDK	2026-08-01T14:00:10.2309511Z 
build-android	Setup Android SDK	2026-08-01T14:00:10.2312138Z 9.4 When this License Agreement comes to an end, all of the legal rights, obligations and liabilities that you and Google have benefited from, been subject to (or which have accrued over time whilst this License Agreement has been in force) or which are expressed to continue indefinitely, shall be unaffected by this cessation, and the provisions of paragraph 14.7 shall continue to apply to such rights, obligations and liabilities indefinitely.
build-android	Setup Android SDK	2026-08-01T14:00:10.2314304Z 
build-android	Setup Android SDK	2026-08-01T14:00:10.2314487Z 10. DISCLAIMER OF WARRANTIES
build-android	Setup Android SDK	2026-08-01T14:00:10.2314739Z 
build-android	Setup Android SDK	2026-08-01T14:00:10.2315873Z 10.1 YOU EXPRESSLY UNDERSTAND AND AGREE THAT YOUR USE OF THE GOOGLE TV ADD-ON IS AT YOUR SOLE RISK AND THAT THE GOOGLE TV ADD-ON IS PROVIDED "AS IS" AND "AS AVAILABLE" WITHOUT WARRANTY OF ANY KIND FROM GOOGLE.
build-android	Setup Android SDK	2026-08-01T14:00:10.2316842Z 
build-android	Setup Android SDK	2026-08-01T14:00:10.2318412Z 10.2 YOUR USE OF THE GOOGLE TV ADD-ON AND ANY MATERIAL DOWNLOADED OR OTHERWISE OBTAINED THROUGH THE USE OF THE GOOGLE TV ADD-ON IS AT YOUR OWN DISCRETION AND RISK AND YOU ARE SOLELY RESPONSIBLE FOR ANY DAMAGE TO YOUR COMPUTER SYSTEM OR OTHER DEVICE OR LOSS OF DATA THAT RESULTS FROM SUCH USE.
build-android	Setup Android SDK	2026-08-01T14:00:10.2323510Z 
build-android	Setup Android SDK	2026-08-01T14:00:10.2325113Z 10.3 GOOGLE FURTHER EXPRESSLY DISCLAIMS ALL WARRANTIES AND CONDITIONS OF ANY KIND, WHETHER EXPRESS OR IMPLIED, INCLUDING, BUT NOT LIMITED TO THE IMPLIED WARRANTIES AND CONDITIONS OF MERCHANTABILITY, FITNESS FOR A PARTICULAR PURPOSE AND NON-INFRINGEMENT.
build-android	Setup Android SDK	2026-08-01T14:00:10.2326501Z 
build-android	Setup Android SDK	2026-08-01T14:00:10.2326696Z 11. LIMITATION OF LIABILITY
build-android	Setup Android SDK	2026-08-01T14:00:10.2326943Z 
build-android	Setup Android SDK	2026-08-01T14:00:10.2329672Z 11.1 YOU EXPRESSLY UNDERSTAND AND AGREE THAT GOOGLE, ITS SUBSIDIARIES AND AFFILIATES, AND ITS LICENSORS SHALL NOT BE LIABLE TO YOU UNDER ANY THEORY OF LIABILITY FOR ANY DIRECT, INDIRECT, INCIDENTAL, SPECIAL CONSEQUENTIAL OR EXEMPLARY DAMAGES THAT MAY BE INCURRED BY YOU, INCLUDING ANY LOSS OF DATA, WHETHER OR NOT GOOGLE OR ITS REPRESENTATIVES HAVE BEEN ADVISED OF OR SHOULD HAVE BEEN AWARE OF THE POSSIBILITY OF ANY SUCH LOSSES ARISING.
build-android	Setup Android SDK	2026-08-01T14:00:10.2331771Z 
build-android	Setup Android SDK	2026-08-01T14:00:10.2331938Z 12. Indemnification
build-android	Setup Android SDK	2026-08-01T14:00:10.2332378Z 
build-android	Setup Android SDK	2026-08-01T14:00:10.2335502Z 12.1 To the maximum extent permitted by law, you agree to defend, indemnify and hold harmless Google, its affiliates and their respective directors, officers, employees and agents from and against any and all claims, actions, suits or proceedings, as well as any and all losses, liabilities, damages, costs and expenses (including reasonable attorneys fees) arising out of or accruing from (a) your use of the Google TV Add-on, (b) any application you develop on the Google TV Add-on that infringes any copyright, trademark, trade secret, trade dress, patent or other intellectual property right of any person or defames any person or violates their rights of publicity or privacy, and (c) any non-compliance by you with this License Agreement.
build-android	Setup Android SDK	2026-08-01T14:00:10.2337536Z 
build-android	Setup Android SDK	2026-08-01T14:00:10.2337684Z 13. Changes to the License Agreement
build-android	Setup Android SDK	2026-08-01T14:00:10.2337849Z 
build-android	Setup Android SDK	2026-08-01T14:00:10.2338214Z 13.1 Google may make changes to the License Agreement as it distributes new versions of the Google TV Add-on.
build-android	Setup Android SDK	2026-08-01T14:00:10.2338552Z 
build-android	Setup Android SDK	2026-08-01T14:00:10.2338662Z 14. General Legal Terms
build-android	Setup Android SDK	2026-08-01T14:00:10.2339042Z 
build-android	Setup Android SDK	2026-08-01T14:00:10.2340189Z 14.1 This License Agreement constitute the whole legal agreement between you and Google and govern your use of the Google TV Add-on (excluding any services which Google may provide to you under a separate written agreement), and completely replace any prior agreements between you and Google in relation to the Google TV Add-on.
build-android	Setup Android SDK	2026-08-01T14:00:10.2341195Z 
build-android	Setup Android SDK	2026-08-01T14:00:10.2342246Z 14.2 You agree that if Google does not exercise or enforce any legal right or remedy which is contained in this License Agreement (or which Google has the benefit of under any applicable law), this will not be taken to be a formal waiver of Google's rights and that those rights or remedies will still be available to Google.
build-android	Setup Android SDK	2026-08-01T14:00:10.2343134Z 
build-android	Setup Android SDK	2026-08-01T14:00:10.2344285Z 14.3 If any court of law, having the jurisdiction to decide on this matter, rules that any provision of this License Agreement is invalid, then that provision will be removed from this License Agreement without affecting the rest of this License Agreement. The remaining provisions of this License Agreement will continue to be valid and enforceable.
build-android	Setup Android SDK	2026-08-01T14:00:10.2345248Z 
build-android	Setup Android SDK	2026-08-01T14:00:10.2347318Z 14.4 You acknowledge and agree that Google’s API data licensors and each member of the group of companies of which Google is the parent shall be third party beneficiaries to this License Agreement and that such other companies shall be entitled to directly enforce, and rely upon, any provision of this License Agreement that confers a benefit on (or rights in favor of) them. Other than this, no other person or company shall be third party beneficiaries to this License Agreement.
build-android	Setup Android SDK	2026-08-01T14:00:10.2348640Z 
build-android	Setup Android SDK	2026-08-01T14:00:10.2349816Z 14.5 EXPORT RESTRICTIONS. THE GOOGLE TV ADD-ON IS SUBJECT TO UNITED STATES EXPORT LAWS AND REGULATIONS. YOU MUST COMPLY WITH ALL DOMESTIC AND INTERNATIONAL EXPORT LAWS AND REGULATIONS THAT APPLY TO THE GOOGLE TV ADD-ON. THESE LAWS INCLUDE RESTRICTIONS ON DESTINATIONS, END USERS AND END USE.
build-android	Setup Android SDK	2026-08-01T14:00:10.2350669Z 
build-android	Setup Android SDK	2026-08-01T14:00:10.2351863Z 14.6 The rights granted in this License Agreement may not be assigned or transferred by either you or Google without the prior written approval of the other party. Neither you nor Google shall be permitted to delegate their responsibilities or obligations under this License Agreement without the prior written approval of the other party.
build-android	Setup Android SDK	2026-08-01T14:00:10.2352861Z 
build-android	Setup Android SDK	2026-08-01T14:00:10.2354753Z 14.7 This License Agreement, and your relationship with Google under this License Agreement, shall be governed by the laws of the State of California without regard to its conflict of laws provisions. You and Google agree to submit to the exclusive jurisdiction of the courts located within the county of Santa Clara, California to resolve any legal matter arising from this License Agreement. Notwithstanding this, you agree that Google shall still be allowed to apply for injunctive remedies (or an equivalent type of urgent legal relief) in any jurisdiction.
build-android	Setup Android SDK	2026-08-01T14:00:10.2356387Z 
build-android	Setup Android SDK	2026-08-01T14:00:10.2356393Z 
build-android	Setup Android SDK	2026-08-01T14:00:10.2356491Z August 15, 2011
build-android	Setup Android SDK	2026-08-01T14:00:10.2356752Z ---------------------------------------
build-android	Setup Android SDK	2026-08-01T14:00:10.2357181Z Accept? (y/N): 
build-android	Setup Android SDK	2026-08-01T14:00:10.2357453Z 2/6: License android-googlexr-license:
build-android	Setup Android SDK	2026-08-01T14:00:10.2357750Z ---------------------------------------
build-android	Setup Android SDK	2026-08-01T14:00:10.2358880Z To get started with the Android XR Emulator System Image SDK, you must agree to the following terms and conditions. As described below, please note that this is a preview, emulated version of the Android XR OS, subject to change, that you use at your own risk.
build-android	Setup Android SDK	2026-08-01T14:00:10.2359616Z 
build-android	Setup Android SDK	2026-08-01T14:00:10.2359831Z This is the Android XR Emulator System Image SDK License Agreement
build-android	Setup Android SDK	2026-08-01T14:00:10.2360067Z 
build-android	Setup Android SDK	2026-08-01T14:00:10.2360155Z 1. Introduction
build-android	Setup Android SDK	2026-08-01T14:00:10.2360267Z 
build-android	Setup Android SDK	2026-08-01T14:00:10.2361797Z 1.1 The Android Android XR Emulator System Image SDK (referred to in the License Agreement as the "SDK" and specifically including the Android system files,, packaged APIs, library files (if and when they are made available), and Google applications and APIs add-ons) is licensed to you subject to the terms of the License Agreement. The License Agreement forms a legally binding contract between you and Google in relation to your use of the SDK.
build-android	Setup Android SDK	2026-08-01T14:00:10.2363134Z 
build-android	Setup Android SDK	2026-08-01T14:00:10.2363868Z 1.2 "Android" means the Android software stack for devices, as made available under the Android Open Source Project, which is located at the following URL: https://source.android.com/, as updated from time to time.
build-android	Setup Android SDK	2026-08-01T14:00:10.2364496Z 
build-android	Setup Android SDK	2026-08-01T14:00:10.2365218Z 1.3 "Google" means Google LLC, organized under the laws of the State of Delaware, USA, and operating under the laws of the USA with principal place of business at 1600 Amphitheatre Parkway, Mountain View, CA 94043, USA.
build-android	Setup Android SDK	2026-08-01T14:00:10.2365818Z 
build-android	Setup Android SDK	2026-08-01T14:00:10.2365957Z 2. Accepting this License Agreement
build-android	Setup Android SDK	2026-08-01T14:00:10.2366117Z 
build-android	Setup Android SDK	2026-08-01T14:00:10.2366574Z 2.1 In order to use the SDK, you must first agree to the License Agreement. You may not use the SDK if you do not accept the License Agreement.
build-android	Setup Android SDK	2026-08-01T14:00:10.2366982Z 
build-android	Setup Android SDK	2026-08-01T14:00:10.2367324Z 2.2 By clicking to accept and/or using this SDK, you hereby agree to the terms of the License Agreement.
build-android	Setup Android SDK	2026-08-01T14:00:10.2367648Z 
build-android	Setup Android SDK	2026-08-01T14:00:10.2368467Z 2.3 You may not use the SDK and may not accept the License Agreement if you are a person barred from receiving the SDK under the laws of the United States or other countries, including the country in which you are resident or from which you use the SDK.
build-android	Setup Android SDK	2026-08-01T14:00:10.2369306Z 
build-android	Setup Android SDK	2026-08-01T14:00:10.2370544Z 2.4 If you are agreeing to be bound by the License Agreement on behalf of your employer or other entity, you represent and warrant that you have full legal authority to bind your employer or such entity to the License Agreement. If you do not have the requisite authority, you may not accept the License Agreement or use the SDK on behalf of your employer or other entity.
build-android	Setup Android SDK	2026-08-01T14:00:10.2371573Z 
build-android	Setup Android SDK	2026-08-01T14:00:10.2371692Z 3. SDK License from Google
build-android	Setup Android SDK	2026-08-01T14:00:10.2371831Z 
build-android	Setup Android SDK	2026-08-01T14:00:10.2372627Z 3.1 Subject to the terms of the License Agreement, Google grants you a limited, worldwide, royalty-free, non-assignable, non-exclusive, and non-sublicensable license to use the SDK solely to develop applications for Android XR.
build-android	Setup Android SDK	2026-08-01T14:00:10.2373312Z 
build-android	Setup Android SDK	2026-08-01T14:00:10.2374046Z 3.2 You may not use this SDK to develop applications for other platforms or to develop another SDK. You are of course free to develop applications for other platforms provided that this SDK is not used for that purpose.
build-android	Setup Android SDK	2026-08-01T14:00:10.2374675Z 
build-android	Setup Android SDK	2026-08-01T14:00:10.2375995Z 3.3 You agree that Google or third parties own all legal right, title and interest in and to the SDK, including any Intellectual Property Rights that subsist in the SDK. "Intellectual Property Rights" means any and all rights under patent law, copyright law, trade secret law, trademark law, and any and all other proprietary rights. Google reserves all rights not expressly granted to you.
build-android	Setup Android SDK	2026-08-01T14:00:10.2377146Z 
build-android	Setup Android SDK	2026-08-01T14:00:10.2379207Z 3.4 You may not use the SDK for any purpose not expressly permitted by the License Agreement. Except to the extent required by applicable third party licenses, you may not (a) copy (except for backup purposes), modify, adapt, redistribute, decompile, reverse engineer, disassemble, or create derivative works of the SDK or any part of the SDK; or (b) load any part of the SDK onto a mobile handset or any other hardware device except a personal computer, combine any part of the SDK with other software, or distribute any software or device incorporating a part of the SDK.
build-android	Setup Android SDK	2026-08-01T14:00:10.2380780Z 
build-android	Setup Android SDK	2026-08-01T14:00:10.2382221Z 3.5 Use, reproduction and distribution of components of the SDK licensed under an open source software license are governed solely by the terms of that open source software license and not the License Agreement. You agree to remain a licensee in good standing in regard to such open source software licenses under all the rights granted and to refrain from any actions that may terminate, suspend, or breach such rights.
build-android	Setup Android SDK	2026-08-01T14:00:10.2383411Z 
build-android	Setup Android SDK	2026-08-01T14:00:10.2384835Z 3.6 You agree that the form and nature of the SDK that Google provides may change without prior notice to you and that future versions of the SDK may be incompatible with applications developed on previous versions of the SDK. You agree that Google may stop (permanently or temporarily) providing the SDK (or any features within the SDK) to you or to users generally at Google's sole discretion, without prior notice to you.
build-android	Setup Android SDK	2026-08-01T14:00:10.2385984Z 
build-android	Setup Android SDK	2026-08-01T14:00:10.2386559Z 3.7 Nothing in the License Agreement gives you a right to use any of Google's trade names, trademarks, service marks, logos, domain names, or other distinctive brand features.
build-android	Setup Android SDK	2026-08-01T14:00:10.2387060Z 
build-android	Setup Android SDK	2026-08-01T14:00:10.2387676Z 3.8 You agree that you will not remove, obscure, or alter any proprietary rights notices (including copyright and trademark notices) that may be affixed to or contained within the SDK.
build-android	Setup Android SDK	2026-08-01T14:00:10.2388208Z 
build-android	Setup Android SDK	2026-08-01T14:00:10.2388315Z 4. Use of the SDK by You
build-android	Setup Android SDK	2026-08-01T14:00:10.2388449Z 
build-android	Setup Android SDK	2026-08-01T14:00:10.2389507Z 4.1 Google agrees that it obtains no right, title or interest from you (or your licensors) under the License Agreement in or to any software applications that you develop using the SDK, including any intellectual property rights that subsist in those applications.
build-android	Setup Android SDK	2026-08-01T14:00:10.2390266Z 
build-android	Setup Android SDK	2026-08-01T14:00:10.2391473Z 4.2 You agree to use the SDK and write applications only for purposes that are permitted by (a) the License Agreement and (b) any applicable law, regulation or generally accepted practices or guidelines in the relevant jurisdictions (including any laws regarding the export of data or software to and from the United States or other relevant countries).
build-android	Setup Android SDK	2026-08-01T14:00:10.2392465Z 
build-android	Setup Android SDK	2026-08-01T14:00:10.2395160Z 4.3 You agree that if you use the SDK to develop applications for general public users, you will protect the privacy and legal rights of those users. If the users provide you with user names, passwords, or other login information or personal information, you must make the users aware that the information will be available to your application, and you must provide legally adequate privacy notice and protection for those users. If your application stores personal or sensitive information provided by users, it must do so securely. If the user provides your application with Google Account information, your application may only use that information to access the user's Google Account when, and for the limited purposes for which, the user has given you permission to do so.
build-android	Setup Android SDK	2026-08-01T14:00:10.2397297Z 
build-android	Setup Android SDK	2026-08-01T14:00:10.2398515Z 4.4 You agree that you will not engage in any activity with the SDK, including the development or distribution of an application, that interferes with, disrupts, damages, or accesses in an unauthorized manner the servers, networks, or other properties or services of any third party including, but not limited to, Google or any mobile communications carrier.
build-android	Setup Android SDK	2026-08-01T14:00:10.2399769Z 
build-android	Setup Android SDK	2026-08-01T14:00:10.2400949Z 4.5 You agree that you are solely responsible for (and that Google has no responsibility to you or to any third party for) any data, content, or resources that you create, transmit or display through Android and/or applications for Android, and for the consequences of your actions (including any loss or damage which Google may suffer) by doing so.
build-android	Setup Android SDK	2026-08-01T14:00:10.2401927Z 
build-android	Setup Android SDK	2026-08-01T14:00:10.2403244Z 4.6 You agree that you are solely responsible for (and that Google has no responsibility to you or to any third party for) any breach of your obligations under the License Agreement, any applicable third party contract or Terms of Service, or any applicable law or regulation, and for the consequences (including any loss or damage which Google or any third party may suffer) of any such breach.
build-android	Setup Android SDK	2026-08-01T14:00:10.2404364Z 
build-android	Setup Android SDK	2026-08-01T14:00:10.2405375Z 4.7 The SDK is in development, and your testing and feedback are an important part of the development process. By using the SDK, you acknowledge that implementation of some features are still under development and that you should not rely on the SDK having the full functionality of a stable release.
build-android	Setup Android SDK	2026-08-01T14:00:10.2406272Z 
build-android	Setup Android SDK	2026-08-01T14:00:10.2406400Z 5. Your Developer Credentials
build-android	Setup Android SDK	2026-08-01T14:00:10.2406558Z 
build-android	Setup Android SDK	2026-08-01T14:00:10.2407538Z 5.1 You agree that you are responsible for maintaining the confidentiality of any developer credentials that may be issued to you by Google or which you may choose yourself and that you will be solely responsible for all applications that are developed under your developer credentials.
build-android	Setup Android SDK	2026-08-01T14:00:10.2408353Z 
build-android	Setup Android SDK	2026-08-01T14:00:10.2408458Z 6. Privacy and Information
build-android	Setup Android SDK	2026-08-01T14:00:10.2408611Z 
build-android	Setup Android SDK	2026-08-01T14:00:10.2410357Z 6.1 In order to continually innovate and improve the SDK, Google may collect certain usage statistics from the software including but not limited to a unique identifier, associated IP address, version number of the software, and information on which tools and/or services in the SDK are being used and how they are being used. Before any of this information is collected, the SDK will notify you and seek your consent. If you withhold consent, the information will not be collected.
build-android	Setup Android SDK	2026-08-01T14:00:10.2411677Z 
build-android	Setup Android SDK	2026-08-01T14:00:10.2412393Z 6.2 The data collected is examined in the aggregate to improve the SDK and is maintained in accordance with Google's Privacy Policy, which is located at the following URL: https://policies.google.com/privacy
build-android	Setup Android SDK	2026-08-01T14:00:10.2413008Z 
build-android	Setup Android SDK	2026-08-01T14:00:10.2413343Z 6.3 Anonymized and aggregated sets of the data may be shared with Google partners to improve the SDK.
build-android	Setup Android SDK	2026-08-01T14:00:10.2413665Z 
build-android	Setup Android SDK	2026-08-01T14:00:10.2413776Z 7. Third Party Applications
build-android	Setup Android SDK	2026-08-01T14:00:10.2413929Z 
build-android	Setup Android SDK	2026-08-01T14:00:10.2416051Z 7.1 If you use the SDK to run applications developed by a third party or that access data, content or resources provided by a third party, you agree that Google is not responsible for those applications, data, content, or resources. You understand that all data, content or resources which you may access through such third party applications are the sole responsibility of the person from which they originated and that Google is not liable for any loss or damage that you may experience as a result of the use or access of any of those third party applications, data, content, or resources.
build-android	Setup Android SDK	2026-08-01T14:00:10.2417776Z 
build-android	Setup Android SDK	2026-08-01T14:00:10.2419562Z 7.2 You should be aware that the data, content, and resources presented to you through such a third party application may be protected by intellectual property rights which are owned by the providers (or by other persons or companies on their behalf). You may not modify, rent, lease, loan, sell, distribute or create derivative works based on these data, content, or resources (either in whole or in part) unless you have been specifically given permission to do so by the relevant owners.
build-android	Setup Android SDK	2026-08-01T14:00:10.2421042Z 
build-android	Setup Android SDK	2026-08-01T14:00:10.2422009Z 7.3 You acknowledge that your use of such third party applications, data, content, or resources may be subject to separate terms between you and the relevant third party. In that case, the License Agreement does not affect your legal relationship with these third parties.
build-android	Setup Android SDK	2026-08-01T14:00:10.2422813Z 
build-android	Setup Android SDK	2026-08-01T14:00:10.2422922Z 8. Using Android APIs
build-android	Setup Android SDK	2026-08-01T14:00:10.2423057Z 
build-android	Setup Android SDK	2026-08-01T14:00:10.2423160Z 8.1 Google Data APIs
build-android	Setup Android SDK	2026-08-01T14:00:10.2423300Z 
build-android	Setup Android SDK	2026-08-01T14:00:10.2425037Z 8.1.1 If you use any API to retrieve data from Google, you acknowledge that the data may be protected by intellectual property rights which are owned by Google or those parties that provide the data (or by other persons or companies on their behalf). Your use of any such API may be subject to additional Terms of Service. You may not modify, rent, lease, loan, sell, distribute or create derivative works based on this data (either in whole or in part) unless allowed by the relevant Terms of Service.
build-android	Setup Android SDK	2026-08-01T14:00:10.2426515Z 
build-android	Setup Android SDK	2026-08-01T14:00:10.2429995Z 8.1.2 If you use any API to retrieve a user's data from Google, you acknowledge and agree that you shall retrieve data only with the user's explicit consent and only when, and for the limited purposes for which, the user has given you permission to do so. If you use the Android Recognition Service API, documented at the following URL: https://developer.android.com/reference/android/speech/RecognitionService, as updated from time to time, you acknowledge that the use of the API is subject to the Data Processing Addendum for Products where Google is a Data Processor, which is located at the following URL: https://privacy.google.com/businesses/gdprprocessorterms/, as updated from time to time. By clicking to accept, you hereby agree to the terms of the Data Processing Addendum for Products where Google is a Data Processor.
build-android	Setup Android SDK	2026-08-01T14:00:10.2432276Z 
build-android	Setup Android SDK	2026-08-01T14:00:10.2432416Z 9. Terminating this License Agreement
build-android	Setup Android SDK	2026-08-01T14:00:10.2432592Z 
build-android	Setup Android SDK	2026-08-01T14:00:10.2432954Z 9.1 The License Agreement will continue to apply until terminated by either you or Google as set out below.
build-android	Setup Android SDK	2026-08-01T14:00:10.2433292Z 
build-android	Setup Android SDK	2026-08-01T14:00:10.2433726Z 9.2 If you want to terminate the License Agreement, you may do so by ceasing your use of the SDK and any relevant developer credentials.
build-android	Setup Android SDK	2026-08-01T14:00:10.2434113Z 
build-android	Setup Android SDK	2026-08-01T14:00:10.2436304Z 9.3 Google may at any time, terminate the License Agreement with you if: (A) you have breached any provision of the License Agreement; or (B) Google is required to do so by law; or (C) the partner with whom Google offered certain parts of SDK (such as APIs) to you has terminated its relationship with Google or ceased to offer certain parts of the SDK to you; or (D) Google decides to no longer provide the SDK or certain parts of the SDK to users in the country in which you are resident or from which you use the service, or the provision of the SDK or certain SDK services to you by Google is, in Google's sole discretion, no longer commercially viable.
build-android	Setup Android SDK	2026-08-01T14:00:10.2438028Z 
build-android	Setup Android SDK	2026-08-01T14:00:10.2439630Z 9.4 When the License Agreement comes to an end, all of the legal rights, obligations and liabilities that you and Google have benefited from, been subject to (or which have accrued over time whilst the License Agreement has been in force) or which are expressed to continue indefinitely, shall be unaffected by this cessation, and the provisions of paragraph 14.7 shall continue to apply to such rights, obligations and liabilities indefinitely.
build-android	Setup Android SDK	2026-08-01T14:00:10.2440880Z 
build-android	Setup Android SDK	2026-08-01T14:00:10.2440992Z 10. DISCLAIMER OF WARRANTIES
build-android	Setup Android SDK	2026-08-01T14:00:10.2441142Z 
build-android	Setup Android SDK	2026-08-01T14:00:10.2441722Z 10.1 YOU EXPRESSLY UNDERSTAND AND AGREE THAT YOUR USE OF THE SDK IS AT YOUR SOLE RISK AND THAT THE SDK IS PROVIDED "AS IS" AND "AS AVAILABLE" WITHOUT WARRANTY OF ANY KIND FROM GOOGLE.
build-android	Setup Android SDK	2026-08-01T14:00:10.2442312Z 
build-android	Setup Android SDK	2026-08-01T14:00:10.2443209Z 10.2 YOUR USE OF THE SDK AND ANY MATERIAL DOWNLOADED OR OTHERWISE OBTAINED THROUGH THE USE OF THE SDK IS AT YOUR OWN DISCRETION AND RISK AND YOU ARE SOLELY RESPONSIBLE FOR ANY DAMAGE TO YOUR COMPUTER SYSTEM OR OTHER DEVICE OR LOSS OF DATA THAT RESULTS FROM SUCH USE.
build-android	Setup Android SDK	2026-08-01T14:00:10.2443978Z 
build-android	Setup Android SDK	2026-08-01T14:00:10.2444884Z 10.3 GOOGLE FURTHER EXPRESSLY DISCLAIMS ALL WARRANTIES AND CONDITIONS OF ANY KIND, WHETHER EXPRESS OR IMPLIED, INCLUDING, BUT NOT LIMITED TO THE IMPLIED WARRANTIES AND CONDITIONS OF MERCHANTABILITY, FITNESS FOR A PARTICULAR PURPOSE AND NON-INFRINGEMENT.
build-android	Setup Android SDK	2026-08-01T14:00:10.2445694Z 
build-android	Setup Android SDK	2026-08-01T14:00:10.2445850Z 11. LIMITATION OF LIABILITY
build-android	Setup Android SDK	2026-08-01T14:00:10.2446050Z 
build-android	Setup Android SDK	2026-08-01T14:00:10.2447742Z 11.1 YOU EXPRESSLY UNDERSTAND AND AGREE THAT GOOGLE, ITS SUBSIDIARIES AND AFFILIATES, AND ITS LICENSORS SHALL NOT BE LIABLE TO YOU UNDER ANY THEORY OF LIABILITY FOR ANY DIRECT, INDIRECT, INCIDENTAL, SPECIAL, CONSEQUENTIAL OR EXEMPLARY DAMAGES THAT MAY BE INCURRED BY YOU, INCLUDING ANY LOSS OF DATA, WHETHER OR NOT GOOGLE OR ITS REPRESENTATIVES HAVE BEEN ADVISED OF OR SHOULD HAVE BEEN AWARE OF THE POSSIBILITY OF ANY SUCH LOSSES ARISING.
build-android	Setup Android SDK	2026-08-01T14:00:10.2449265Z 
build-android	Setup Android SDK	2026-08-01T14:00:10.2449380Z 12. Indemnification
build-android	Setup Android SDK	2026-08-01T14:00:10.2449509Z 
build-android	Setup Android SDK	2026-08-01T14:00:10.2452068Z 12.1 To the maximum extent permitted by law, you agree to defend, indemnify and hold harmless Google, its affiliates and their respective directors, officers, employees and agents from and against any and all claims, actions, suits or proceedings, as well as any and all losses, liabilities, damages, costs and expenses (including reasonable attorneys fees) arising out of or accruing from (a) your use of the SDK, (b) any application you develop on the SDK that infringes any copyright, trademark, trade secret, trade dress, patent or other intellectual property right of any person or defames any person or violates their rights of publicity or privacy, and (c) any non-compliance by you with the License Agreement.
build-android	Setup Android SDK	2026-08-01T14:00:10.2454094Z 
build-android	Setup Android SDK	2026-08-01T14:00:10.2454236Z 13. Changes to the License Agreement
build-android	Setup Android SDK	2026-08-01T14:00:10.2454406Z 
build-android	Setup Android SDK	2026-08-01T14:00:10.2455234Z 13.1 Google may make changes to the License Agreement as it distributes new versions of the SDK. When these changes are made, Google will make a new version of the License Agreement available on the website where the SDK is made available.
build-android	Setup Android SDK	2026-08-01T14:00:10.2455904Z 
build-android	Setup Android SDK	2026-08-01T14:00:10.2456008Z 14. General Legal Terms
build-android	Setup Android SDK	2026-08-01T14:00:10.2456145Z 
build-android	Setup Android SDK	2026-08-01T14:00:10.2457179Z 14.1 The License Agreement constitutes the whole legal agreement between you and Google and governs your use of the SDK (excluding any services which Google may provide to you under a separate written agreement), and completely replaces any prior agreements between you and Google in relation to the SDK.
build-android	Setup Android SDK	2026-08-01T14:00:10.2458045Z 
build-android	Setup Android SDK	2026-08-01T14:00:10.2459257Z 14.2 You agree that if Google does not exercise or enforce any legal right or remedy which is contained in the License Agreement (or which Google has the benefit of under any applicable law), this will not be taken to be a formal waiver of Google's rights and that those rights or remedies will still be available to Google.
build-android	Setup Android SDK	2026-08-01T14:00:10.2460161Z 
build-android	Setup Android SDK	2026-08-01T14:00:10.2461566Z 14.3 If any court of law, having the jurisdiction to decide on this matter, rules that any provision of the License Agreement is invalid, then that provision will be removed from the License Agreement without affecting the rest of the License Agreement. The remaining provisions of the License Agreement will continue to be valid and enforceable.
build-android	Setup Android SDK	2026-08-01T14:00:10.2462625Z 
build-android	Setup Android SDK	2026-08-01T14:00:10.2464134Z 14.4 You acknowledge and agree that each member of the group of companies of which Google is the parent shall be third party beneficiaries to the License Agreement and that such other companies shall be entitled to directly enforce, and rely upon, any provision of the License Agreement that confers a benefit on (or rights in favor of) them. Other than this, no other person or company shall be third party beneficiaries to the License Agreement.
build-android	Setup Android SDK	2026-08-01T14:00:10.2465488Z 
build-android	Setup Android SDK	2026-08-01T14:00:10.2466404Z 14.5 EXPORT RESTRICTIONS. THE SDK IS SUBJECT TO UNITED STATES EXPORT LAWS AND REGULATIONS. YOU MUST COMPLY WITH ALL DOMESTIC AND INTERNATIONAL EXPORT LAWS AND REGULATIONS THAT APPLY TO THE SDK. THESE LAWS INCLUDE RESTRICTIONS ON DESTINATIONS, END USERS AND END USE.
build-android	Setup Android SDK	2026-08-01T14:00:10.2467154Z 
build-android	Setup Android SDK	2026-08-01T14:00:10.2468342Z 14.6 The rights granted in the License Agreement may not be assigned or transferred by either you or Google without the prior written approval of the other party. Neither you nor Google shall be permitted to delegate their responsibilities or obligations under the License Agreement without the prior written approval of the other party.
build-android	Setup Android SDK	2026-08-01T14:00:10.2469449Z 
build-android	Setup Android SDK	2026-08-01T14:00:10.2471326Z 14.7 The License Agreement, and your relationship with Google under the License Agreement, shall be governed by the laws of the State of California without regard to its conflict of laws provisions. You and Google agree to submit to the exclusive jurisdiction of the courts located within the county of Santa Clara, California to resolve any legal matter arising from the License Agreement. Notwithstanding this, you agree that Google shall still be allowed to apply for injunctive remedies (or an equivalent type of urgent legal relief) in any jurisdiction.
build-android	Setup Android SDK	2026-08-01T14:00:10.2473101Z ---------------------------------------
build-android	Setup Android SDK	2026-08-01T14:00:10.2473349Z Accept? (y/N): 
build-android	Setup Android SDK	2026-08-01T14:00:10.2473620Z 3/6: License android-sdk-arm-dbt-license:
build-android	Setup Android SDK	2026-08-01T14:00:10.2473926Z ---------------------------------------
build-android	Setup Android SDK	2026-08-01T14:00:10.2474180Z Terms and Conditions
build-android	Setup Android SDK	2026-08-01T14:00:10.2474313Z 
build-android	Setup Android SDK	2026-08-01T14:00:10.2474514Z This is the Android Software Development Kit License Agreement
build-android	Setup Android SDK	2026-08-01T14:00:10.2474746Z 
build-android	Setup Android SDK	2026-08-01T14:00:10.2474825Z 1. Introduction
build-android	Setup Android SDK	2026-08-01T14:00:10.2474945Z 
build-android	Setup Android SDK	2026-08-01T14:00:10.2476198Z 1.1 The Android Software Development Kit (referred to in the License Agreement as the "SDK" and specifically including the Android system files, packaged APIs, and Google APIs add-ons) is licensed to you subject to the terms of the License Agreement. The License Agreement forms a legally binding contract between you and Google in relation to your use of the SDK.
build-android	Setup Android SDK	2026-08-01T14:00:10.2477222Z 
build-android	Setup Android SDK	2026-08-01T14:00:10.2477951Z 1.2 "Android" means the Android software stack for devices, as made available under the Android Open Source Project, which is located at the following URL: http://source.android.com/, as updated from time to time.
build-android	Setup Android SDK	2026-08-01T14:00:10.2478561Z 
build-android	Setup Android SDK	2026-08-01T14:00:10.2479924Z 1.3 A "compatible implementation" means any Android device that (i) complies with the Android Compatibility Definition document, which can be found at the Android compatibility website (http://source.android.com/compatibility) and which may be updated from time to time; and (ii) successfully passes the Android Compatibility Test Suite (CTS).
build-android	Setup Android SDK	2026-08-01T14:00:10.2480926Z 
build-android	Setup Android SDK	2026-08-01T14:00:10.2481457Z 1.4 "Google" means Google Inc., a Delaware corporation with principal place of business at 1600 Amphitheatre Parkway, Mountain View, CA 94043, United States.
build-android	Setup Android SDK	2026-08-01T14:00:10.2481937Z 
build-android	Setup Android SDK	2026-08-01T14:00:10.2481943Z 
build-android	Setup Android SDK	2026-08-01T14:00:10.2482081Z 2. Accepting the License Agreement
build-android	Setup Android SDK	2026-08-01T14:00:10.2482239Z 
build-android	Setup Android SDK	2026-08-01T14:00:10.2482696Z 2.1 In order to use the SDK, you must first agree to the License Agreement. You may not use the SDK if you do not accept the License Agreement.
build-android	Setup Android SDK	2026-08-01T14:00:10.2483096Z 
build-android	Setup Android SDK	2026-08-01T14:00:10.2483362Z 2.2 By clicking to accept, you hereby agree to the terms of the License Agreement.
build-android	Setup Android SDK	2026-08-01T14:00:10.2483635Z 
build-android	Setup Android SDK	2026-08-01T14:00:10.2484468Z 2.3 You may not use the SDK and may not accept the License Agreement if you are a person barred from receiving the SDK under the laws of the United States or other countries, including the country in which you are resident or from which you use the SDK.
build-android	Setup Android SDK	2026-08-01T14:00:10.2485257Z 
build-android	Setup Android SDK	2026-08-01T14:00:10.2486465Z 2.4 If you are agreeing to be bound by the License Agreement on behalf of your employer or other entity, you represent and warrant that you have full legal authority to bind your employer or such entity to the License Agreement. If you do not have the requisite authority, you may not accept the License Agreement or use the SDK on behalf of your employer or other entity.
build-android	Setup Android SDK	2026-08-01T14:00:10.2487470Z 
build-android	Setup Android SDK	2026-08-01T14:00:10.2487476Z 
build-android	Setup Android SDK	2026-08-01T14:00:10.2487588Z 3. SDK License from Google
build-android	Setup Android SDK	2026-08-01T14:00:10.2487725Z 
build-android	Setup Android SDK	2026-08-01T14:00:10.2488622Z 3.1 Subject to the terms of the License Agreement, Google grants you a limited, worldwide, royalty-free, non-assignable, non-exclusive, and non-sublicensable license to use the SDK solely to develop applications for compatible implementations of Android.
build-android	Setup Android SDK	2026-08-01T14:00:10.2489553Z 
build-android	Setup Android SDK	2026-08-01T14:00:10.2490689Z 3.2 You may not use this SDK to develop applications for other platforms (including non-compatible implementations of Android) or to develop another SDK. You are of course free to develop applications for other platforms, including non-compatible implementations of Android, provided that this SDK is not used for that purpose.
build-android	Setup Android SDK	2026-08-01T14:00:10.2491911Z 
build-android	Setup Android SDK	2026-08-01T14:00:10.2493308Z 3.3 You agree that Google or third parties own all legal right, title and interest in and to the SDK, including any Intellectual Property Rights that subsist in the SDK. "Intellectual Property Rights" means any and all rights under patent law, copyright law, trade secret law, trademark law, and any and all other proprietary rights. Google reserves all rights not expressly granted to you.
build-android	Setup Android SDK	2026-08-01T14:00:10.2494395Z 
build-android	Setup Android SDK	2026-08-01T14:00:10.2495787Z 3.4 You may not use the SDK for any purpose not expressly permitted by the License Agreement. Except to the extent required by applicable third party licenses, you may not copy (except for backup purposes), modify, adapt, redistribute, decompile, reverse engineer, disassemble, or create derivative works of the SDK or any part of the SDK.
build-android	Setup Android SDK	2026-08-01T14:00:10.2497109Z 
build-android	Setup Android SDK	2026-08-01T14:00:10.2497825Z 3.5 Use, reproduction and distribution of components of the SDK licensed under an open source software license are governed solely by the terms of that open source software license and not the License Agreement.
build-android	Setup Android SDK	2026-08-01T14:00:10.2498459Z 
build-android	Setup Android SDK	2026-08-01T14:00:10.2500197Z 3.6 You agree that the form and nature of the SDK that Google provides may change without prior notice to you and that future versions of the SDK may be incompatible with applications developed on previous versions of the SDK. You agree that Google may stop (permanently or temporarily) providing the SDK (or any features within the SDK) to you or to users generally at Google's sole discretion, without prior notice to you.
build-android	Setup Android SDK	2026-08-01T14:00:10.2501394Z 
build-android	Setup Android SDK	2026-08-01T14:00:10.2502004Z 3.7 Nothing in the License Agreement gives you a right to use any of Google's trade names, trademarks, service marks, logos, domain names, or other distinctive brand features.
build-android	Setup Android SDK	2026-08-01T14:00:10.2502540Z 
build-android	Setup Android SDK	2026-08-01T14:00:10.2503315Z 3.8 You agree that you will not remove, obscure, or alter any proprietary rights notices (including copyright and trademark notices) that may be affixed to or contained within the SDK.
build-android	Setup Android SDK	2026-08-01T14:00:10.2504434Z 
build-android	Setup Android SDK	2026-08-01T14:00:10.2504444Z 
build-android	Setup Android SDK	2026-08-01T14:00:10.2504755Z 4. Use of the SDK by You
build-android	Setup Android SDK	2026-08-01T14:00:10.2504931Z 
build-android	Setup Android SDK	2026-08-01T14:00:10.2506095Z 4.1 Google agrees that it obtains no right, title or interest from you (or your licensors) under the License Agreement in or to any software applications that you develop using the SDK, including any intellectual property rights that subsist in those applications.
build-android	Setup Android SDK	2026-08-01T14:00:10.2506823Z 
build-android	Setup Android SDK	2026-08-01T14:00:10.2508041Z 4.2 You agree to use the SDK and write applications only for purposes that are permitted by (a) the License Agreement and (b) any applicable law, regulation or generally accepted practices or guidelines in the relevant jurisdictions (including any laws regarding the export of data or software to and from the United States or other relevant countries).
build-android	Setup Android SDK	2026-08-01T14:00:10.2509306Z 
build-android	Setup Android SDK	2026-08-01T14:00:10.2512550Z 4.3 You agree that if you use the SDK to develop applications for general public users, you will protect the privacy and legal rights of those users. If the users provide you with user names, passwords, or other login information or personal information, you must make the users aware that the information will be available to your application, and you must provide legally adequate privacy notice and protection for those users. If your application stores personal or sensitive information provided by users, it must do so securely. If the user provides your application with Google Account information, your application may only use that information to access the user's Google Account when, and for the limited purposes for which, the user has given you permission to do so.
build-android	Setup Android SDK	2026-08-01T14:00:10.2514685Z 
build-android	Setup Android SDK	2026-08-01T14:00:10.2515890Z 4.4 You agree that you will not engage in any activity with the SDK, including the development or distribution of an application, that interferes with, disrupts, damages, or accesses in an unauthorized manner the servers, networks, or other properties or services of any third party including, but not limited to, Google or any mobile communications carrier.
build-android	Setup Android SDK	2026-08-01T14:00:10.2516987Z 
build-android	Setup Android SDK	2026-08-01T14:00:10.2518166Z 4.5 You agree that you are solely responsible for (and that Google has no responsibility to you or to any third party for) any data, content, or resources that you create, transmit or display through Android and/or applications for Android, and for the consequences of your actions (including any loss or damage which Google may suffer) by doing so.
build-android	Setup Android SDK	2026-08-01T14:00:10.2519302Z 
build-android	Setup Android SDK	2026-08-01T14:00:10.2521235Z 4.6 You agree that you are solely responsible for (and that Google has no responsibility to you or to any third party for) any breach of your obligations under the License Agreement, any applicable third party contract or Terms of Service, or any applicable law or regulation, and for the consequences (including any loss or damage which Google or any third party may suffer) of any such breach.
build-android	Setup Android SDK	2026-08-01T14:00:10.2522325Z 
build-android	Setup Android SDK	2026-08-01T14:00:10.2523955Z 4.7 This software enables the execution of intellectual property owned by Arm Limited. You agree that your use of the software, that allows execution of ARM Instruction Set Architecture (“ISA”) compliant executables for application development and debug only on x86 desktop, laptop, customer on-premise servers, and customer-procured cloud-based environments.
build-android	Setup Android SDK	2026-08-01T14:00:10.2524988Z 
build-android	Setup Android SDK	2026-08-01T14:00:10.2525103Z 5. Your Developer Credentials
build-android	Setup Android SDK	2026-08-01T14:00:10.2525260Z 
build-android	Setup Android SDK	2026-08-01T14:00:10.2526242Z 5.1 You agree that you are responsible for maintaining the confidentiality of any developer credentials that may be issued to you by Google or which you may choose yourself and that you will be solely responsible for all applications that are developed under your developer credentials.
build-android	Setup Android SDK	2026-08-01T14:00:10.2527034Z 
build-android	Setup Android SDK	2026-08-01T14:00:10.2527148Z 6. Privacy and Information
build-android	Setup Android SDK	2026-08-01T14:00:10.2527299Z 
build-android	Setup Android SDK	2026-08-01T14:00:10.2529115Z 6.1 In order to continually innovate and improve the SDK, Google may collect certain usage statistics from the software including but not limited to a unique identifier, associated IP address, version number of the software, and information on which tools and/or services in the SDK are being used and how they are being used. Before any of this information is collected, the SDK will notify you and seek your consent. If you withhold consent, the information will not be collected.
build-android	Setup Android SDK	2026-08-01T14:00:10.2530485Z 
build-android	Setup Android SDK	2026-08-01T14:00:10.2530952Z 6.2 The data collected is examined in the aggregate to improve the SDK and is maintained in accordance with Google's Privacy Policy.
build-android	Setup Android SDK	2026-08-01T14:00:10.2531355Z 
build-android	Setup Android SDK	2026-08-01T14:00:10.2531362Z 
build-android	Setup Android SDK	2026-08-01T14:00:10.2531478Z 7. Third Party Applications
build-android	Setup Android SDK	2026-08-01T14:00:10.2531627Z 
build-android	Setup Android SDK	2026-08-01T14:00:10.2534418Z 7.1 If you use the SDK to run applications developed by a third party or that access data, content or resources provided by a third party, you agree that Google is not responsible for those applications, data, content, or resources. You understand that all data, content or resources which you may access through such third party applications are the sole responsibility of the person from which they originated and that Google is not liable for any loss or damage that you may experience as a result of the use or access of any of those third party applications, data, content, or resources.
build-android	Setup Android SDK	2026-08-01T14:00:10.2536583Z 
build-android	Setup Android SDK	2026-08-01T14:00:10.2538269Z 7.2 You should be aware the data, content, and resources presented to you through such a third party application may be protected by intellectual property rights which are owned by the providers (or by other persons or companies on their behalf). You may not modify, rent, lease, loan, sell, distribute or create derivative works based on these data, content, or resources (either in whole or in part) unless you have been specifically given permission to do so by the relevant owners.
build-android	Setup Android SDK	2026-08-01T14:00:10.2539669Z 
build-android	Setup Android SDK	2026-08-01T14:00:10.2540610Z 7.3 You acknowledge that your use of such third party applications, data, content, or resources may be subject to separate terms between you and the relevant third party. In that case, the License Agreement does not affect your legal relationship with these third parties.
build-android	Setup Android SDK	2026-08-01T14:00:10.2541540Z 
build-android	Setup Android SDK	2026-08-01T14:00:10.2541550Z 
build-android	Setup Android SDK	2026-08-01T14:00:10.2541675Z 8. Using Android APIs
build-android	Setup Android SDK	2026-08-01T14:00:10.2541860Z 
build-android	Setup Android SDK	2026-08-01T14:00:10.2541984Z 8.1 Google Data APIs
build-android	Setup Android SDK	2026-08-01T14:00:10.2542127Z 
build-android	Setup Android SDK	2026-08-01T14:00:10.2543805Z 8.1.1 If you use any API to retrieve data from Google, you acknowledge that the data may be protected by intellectual property rights which are owned by Google or those parties that provide the data (or by other persons or companies on their behalf). Your use of any such API may be subject to additional Terms of Service. You may not modify, rent, lease, loan, sell, distribute or create derivative works based on this data (either in whole or in part) unless allowed by the relevant Terms of Service.
build-android	Setup Android SDK	2026-08-01T14:00:10.2545162Z 
build-android	Setup Android SDK	2026-08-01T14:00:10.2548053Z 8.1.2 If you use any API to retrieve a user's data from Google, you acknowledge and agree that you shall retrieve data only with the user's explicit consent and only when, and for the limited purposes for which, the user has given you permission to do so. If you use the Android Recognition Service API, documented at the following URL: https://developer.android.com/reference/android/speech/RecognitionService, as updated from time to time, you acknowledge that the use of the API is subject to the Data Processing Addendum for Products where Google is a Data Processor, which is located at the following URL: https://privacy.google.com/businesses/gdprprocessorterms/, as updated from time to time. By clicking to accept, you hereby agree to the terms of the Data Processing Addendum for Products where Google is a Data Processor.
build-android	Setup Android SDK	2026-08-01T14:00:10.2550479Z 
build-android	Setup Android SDK	2026-08-01T14:00:10.2550488Z 
build-android	Setup Android SDK	2026-08-01T14:00:10.2550637Z 9. Terminating the License Agreement
build-android	Setup Android SDK	2026-08-01T14:00:10.2550805Z 
build-android	Setup Android SDK	2026-08-01T14:00:10.2551173Z 9.1 The License Agreement will continue to apply until terminated by either you or Google as set out below.
build-android	Setup Android SDK	2026-08-01T14:00:10.2551521Z 
build-android	Setup Android SDK	2026-08-01T14:00:10.2551964Z 9.2 If you want to terminate the License Agreement, you may do so by ceasing your use of the SDK and any relevant developer credentials.
build-android	Setup Android SDK	2026-08-01T14:00:10.2552369Z 
build-android	Setup Android SDK	2026-08-01T14:00:10.2554561Z 9.3 Google may at any time, terminate the License Agreement with you if: (A) you have breached any provision of the License Agreement; or (B) Google is required to do so by law; or (C) the partner with whom Google offered certain parts of SDK (such as APIs) to you has terminated its relationship with Google or ceased to offer certain parts of the SDK to you; or (D) Google decides to no longer provide the SDK or certain parts of the SDK to users in the country in which you are resident or from which you use the service, or the provision of the SDK or certain SDK services to you by Google is, in Google's sole discretion, no longer commercially viable.
build-android	Setup Android SDK	2026-08-01T14:00:10.2556364Z 
build-android	Setup Android SDK	2026-08-01T14:00:10.2557920Z 9.4 When the License Agreement comes to an end, all of the legal rights, obligations and liabilities that you and Google have benefited from, been subject to (or which have accrued over time whilst the License Agreement has been in force) or which are expressed to continue indefinitely, shall be unaffected by this cessation, and the provisions of paragraph 14.7 shall continue to apply to such rights, obligations and liabilities indefinitely.
build-android	Setup Android SDK	2026-08-01T14:00:10.2559331Z 
build-android	Setup Android SDK	2026-08-01T14:00:10.2559341Z 
build-android	Setup Android SDK	2026-08-01T14:00:10.2559458Z 10. DISCLAIMER OF WARRANTIES
build-android	Setup Android SDK	2026-08-01T14:00:10.2559617Z 
build-android	Setup Android SDK	2026-08-01T14:00:10.2560198Z 10.1 YOU EXPRESSLY UNDERSTAND AND AGREE THAT YOUR USE OF THE SDK IS AT YOUR SOLE RISK AND THAT THE SDK IS PROVIDED "AS IS" AND "AS AVAILABLE" WITHOUT WARRANTY OF ANY KIND FROM GOOGLE.
build-android	Setup Android SDK	2026-08-01T14:00:10.2560708Z 
build-android	Setup Android SDK	2026-08-01T14:00:10.2561568Z 10.2 YOUR USE OF THE SDK AND ANY MATERIAL DOWNLOADED OR OTHERWISE OBTAINED THROUGH THE USE OF THE SDK IS AT YOUR OWN DISCRETION AND RISK AND YOU ARE SOLELY RESPONSIBLE FOR ANY DAMAGE TO YOUR COMPUTER SYSTEM OR OTHER DEVICE OR LOSS OF DATA THAT RESULTS FROM SUCH USE.
build-android	Setup Android SDK	2026-08-01T14:00:10.2562375Z 
build-android	Setup Android SDK	2026-08-01T14:00:10.2563256Z 10.3 GOOGLE FURTHER EXPRESSLY DISCLAIMS ALL WARRANTIES AND CONDITIONS OF ANY KIND, WHETHER EXPRESS OR IMPLIED, INCLUDING, BUT NOT LIMITED TO THE IMPLIED WARRANTIES AND CONDITIONS OF MERCHANTABILITY, FITNESS FOR A PARTICULAR PURPOSE AND NON-INFRINGEMENT.
build-android	Setup Android SDK	2026-08-01T14:00:10.2564014Z 
build-android	Setup Android SDK	2026-08-01T14:00:10.2564020Z 
build-android	Setup Android SDK	2026-08-01T14:00:10.2564124Z 11. LIMITATION OF LIABILITY
build-android	Setup Android SDK	2026-08-01T14:00:10.2564272Z 
build-android	Setup Android SDK	2026-08-01T14:00:10.2565776Z 11.1 YOU EXPRESSLY UNDERSTAND AND AGREE THAT GOOGLE, ITS SUBSIDIARIES AND AFFILIATES, AND ITS LICENSORS SHALL NOT BE LIABLE TO YOU UNDER ANY THEORY OF LIABILITY FOR ANY DIRECT, INDIRECT, INCIDENTAL, SPECIAL, CONSEQUENTIAL OR EXEMPLARY DAMAGES THAT MAY BE INCURRED BY YOU, INCLUDING ANY LOSS OF DATA, WHETHER OR NOT GOOGLE OR ITS REPRESENTATIVES HAVE BEEN ADVISED OF OR SHOULD HAVE BEEN AWARE OF THE POSSIBILITY OF ANY SUCH LOSSES ARISING.
build-android	Setup Android SDK	2026-08-01T14:00:10.2567005Z 
build-android	Setup Android SDK	2026-08-01T14:00:10.2567011Z 
build-android	Setup Android SDK	2026-08-01T14:00:10.2567112Z 12. Indemnification
build-android	Setup Android SDK	2026-08-01T14:00:10.2567244Z 
build-android	Setup Android SDK	2026-08-01T14:00:10.2569772Z 12.1 To the maximum extent permitted by law, you agree to defend, indemnify and hold harmless Google, its affiliates and their respective directors, officers, employees and agents from and against any and all claims, actions, suits or proceedings, as well as any and all losses, liabilities, damages, costs and expenses (including reasonable attorneys fees) arising out of or accruing from (a) your use of the SDK, (b) any application you develop on the SDK that infringes any copyright, trademark, trade secret, trade dress, patent or other intellectual property right of any person or defames any person or violates their rights of publicity or privacy, and (c) any non-compliance by you with the License Agreement.
build-android	Setup Android SDK	2026-08-01T14:00:10.2571757Z 
build-android	Setup Android SDK	2026-08-01T14:00:10.2571766Z 
build-android	Setup Android SDK	2026-08-01T14:00:10.2571906Z 13. Changes to the License Agreement
build-android	Setup Android SDK	2026-08-01T14:00:10.2572067Z 
build-android	Setup Android SDK	2026-08-01T14:00:10.2572866Z 13.1 Google may make changes to the License Agreement as it distributes new versions of the SDK. When these changes are made, Google will make a new version of the License Agreement available on the website where the SDK is made available.
build-android	Setup Android SDK	2026-08-01T14:00:10.2573527Z 
build-android	Setup Android SDK	2026-08-01T14:00:10.2573533Z 
build-android	Setup Android SDK	2026-08-01T14:00:10.2573629Z 14. General Legal Terms
build-android	Setup Android SDK	2026-08-01T14:00:10.2573767Z 
build-android	Setup Android SDK	2026-08-01T14:00:10.2575035Z 14.1 The License Agreement constitutes the whole legal agreement between you and Google and governs your use of the SDK (excluding any services which Google may provide to you under a separate written agreement), and completely replaces any prior agreements between you and Google in relation to the SDK.
build-android	Setup Android SDK	2026-08-01T14:00:10.2576373Z 
build-android	Setup Android SDK	2026-08-01T14:00:10.2577472Z 14.2 You agree that if Google does not exercise or enforce any legal right or remedy which is contained in the License Agreement (or which Google has the benefit of under any applicable law), this will not be taken to be a formal waiver of Google's rights and that those rights or remedies will still be available to Google.
build-android	Setup Android SDK	2026-08-01T14:00:10.2578344Z 
build-android	Setup Android SDK	2026-08-01T14:00:10.2579616Z 14.3 If any court of law, having the jurisdiction to decide on this matter, rules that any provision of the License Agreement is invalid, then that provision will be removed from the License Agreement without affecting the rest of the License Agreement. The remaining provisions of the License Agreement will continue to be valid and enforceable.
build-android	Setup Android SDK	2026-08-01T14:00:10.2580588Z 
build-android	Setup Android SDK	2026-08-01T14:00:10.2582076Z 14.4 You acknowledge and agree that each member of the group of companies of which Google is the parent shall be third party beneficiaries to the License Agreement and that such other companies shall be entitled to directly enforce, and rely upon, any provision of the License Agreement that confers a benefit on (or rights in favor of) them. Other than this, no other person or company shall be third party beneficiaries to the License Agreement.
build-android	Setup Android SDK	2026-08-01T14:00:10.2583378Z 
build-android	Setup Android SDK	2026-08-01T14:00:10.2584267Z 14.5 EXPORT RESTRICTIONS. THE SDK IS SUBJECT TO UNITED STATES EXPORT LAWS AND REGULATIONS. YOU MUST COMPLY WITH ALL DOMESTIC AND INTERNATIONAL EXPORT LAWS AND REGULATIONS THAT APPLY TO THE SDK. THESE LAWS INCLUDE RESTRICTIONS ON DESTINATIONS, END USERS AND END USE.
build-android	Setup Android SDK	2026-08-01T14:00:10.2585038Z 
build-android	Setup Android SDK	2026-08-01T14:00:10.2586198Z 14.6 The rights granted in the License Agreement may not be assigned or transferred by either you or Google without the prior written approval of the other party. Neither you nor Google shall be permitted to delegate their responsibilities or obligations under the License Agreement without the prior written approval of the other party.
build-android	Setup Android SDK	2026-08-01T14:00:10.2587143Z 
build-android	Setup Android SDK	2026-08-01T14:00:10.2589239Z 14.7 The License Agreement, and your relationship with Google under the License Agreement, shall be governed by the laws of the State of California without regard to its conflict of laws provisions. You and Google agree to submit to the exclusive jurisdiction of the courts located within the county of Santa Clara, California to resolve any legal matter arising from the License Agreement. Notwithstanding this, you agree that Google shall still be allowed to apply for injunctive remedies (or an equivalent type of urgent legal relief) in any jurisdiction.
build-android	Setup Android SDK	2026-08-01T14:00:10.2590826Z 
build-android	Setup Android SDK	2026-08-01T14:00:10.2590832Z 
build-android	Setup Android SDK	2026-08-01T14:00:10.2590937Z January 16, 2019
build-android	Setup Android SDK	2026-08-01T14:00:10.2591203Z ---------------------------------------
build-android	Setup Android SDK	2026-08-01T14:00:10.2591466Z Accept? (y/N): 
build-android	Setup Android SDK	2026-08-01T14:00:10.2591749Z 4/6: License android-sdk-preview-license:
build-android	Setup Android SDK	2026-08-01T14:00:10.2592071Z ---------------------------------------
build-android	Setup Android SDK	2026-08-01T14:00:10.2593614Z To get started with the Android SDK Preview, you must agree to the following terms and conditions. As described below, please note that this is a preview version of the Android SDK, subject to change, that you use at your own risk. The Android SDK Preview is not a stable release, and may contain errors and defects that can result in serious damage to your computer systems, devices and data.
build-android	Setup Android SDK	2026-08-01T14:00:10.2594683Z 
build-android	Setup Android SDK	2026-08-01T14:00:10.2594947Z This is the Android SDK Preview License Agreement (the "License Agreement").
build-android	Setup Android SDK	2026-08-01T14:00:10.2595216Z 
build-android	Setup Android SDK	2026-08-01T14:00:10.2595309Z 1. Introduction
build-android	Setup Android SDK	2026-08-01T14:00:10.2595420Z 
build-android	Setup Android SDK	2026-08-01T14:00:10.2597208Z 1.1 The Android SDK Preview (referred to in the License Agreement as the “Preview” and specifically including the Android system files, packaged APIs, and Preview library files, if and when they are made available) is licensed to you subject to the terms of the License Agreement. The License Agreement forms a legally binding contract between you and Google in relation to your use of the Preview.
build-android	Setup Android SDK	2026-08-01T14:00:10.2599111Z 
build-android	Setup Android SDK	2026-08-01T14:00:10.2600228Z 1.2 "Android" means the Android software stack for devices, as made available under the Android Open Source Project, which is located at the following URL: http://source.android.com/, as updated from time to time.
build-android	Setup Android SDK	2026-08-01T14:00:10.2601231Z 
build-android	Setup Android SDK	2026-08-01T14:00:10.2602041Z 1.3 "Google" means Google Inc., a Delaware corporation with principal place of business at 1600 Amphitheatre Parkway, Mountain View, CA 94043, United States.
build-android	Setup Android SDK	2026-08-01T14:00:10.2602827Z 
build-android	Setup Android SDK	2026-08-01T14:00:10.2603037Z 2. Accepting the License Agreement
build-android	Setup Android SDK	2026-08-01T14:00:10.2603283Z 
build-android	Setup Android SDK	2026-08-01T14:00:10.2604082Z 2.1 In order to use the Preview, you must first agree to the License Agreement. You may not use the Preview if you do not accept the License Agreement.
build-android	Setup Android SDK	2026-08-01T14:00:10.2604851Z 
build-android	Setup Android SDK	2026-08-01T14:00:10.2605415Z 2.2 By clicking to accept and/or using the Preview, you hereby agree to the terms of the License Agreement.
build-android	Setup Android SDK	2026-08-01T14:00:10.2605973Z 
build-android	Setup Android SDK	2026-08-01T14:00:10.2607473Z 2.3 You may not use the Preview and may not accept the License Agreement if you are a person barred from receiving the Preview under the laws of the United States or other countries including the country in which you are resident or from which you use the Preview.
build-android	Setup Android SDK	2026-08-01T14:00:10.2609060Z 
build-android	Setup Android SDK	2026-08-01T14:00:10.2611403Z 2.4 If you will use the Preview internally within your company or organization you agree to be bound by the License Agreement on behalf of your employer or other entity, and you represent and warrant that you have full legal authority to bind your employer or such entity to the License Agreement. If you do not have the requisite authority, you may not accept the License Agreement or use the Preview on behalf of your employer or other entity.
build-android	Setup Android SDK	2026-08-01T14:00:10.2613331Z 
build-android	Setup Android SDK	2026-08-01T14:00:10.2613518Z 3. Preview License from Google
build-android	Setup Android SDK	2026-08-01T14:00:10.2613764Z 
build-android	Setup Android SDK	2026-08-01T14:00:10.2615393Z 3.1 Subject to the terms of the License Agreement, Google grants you a royalty-free, non-assignable, non-exclusive, non-sublicensable, limited, revocable license to use the Preview, personally or internally within your company or organization, solely to develop applications to run on the Android platform.
build-android	Setup Android SDK	2026-08-01T14:00:10.2616417Z 
build-android	Setup Android SDK	2026-08-01T14:00:10.2617853Z 3.2 You agree that Google or third parties owns all legal right, title and interest in and to the Preview, including any Intellectual Property Rights that subsist in the Preview. "Intellectual Property Rights" means any and all rights under patent law, copyright law, trade secret law, trademark law, and any and all other proprietary rights. Google reserves all rights not expressly granted to you.
build-android	Setup Android SDK	2026-08-01T14:00:10.2619209Z 
build-android	Setup Android SDK	2026-08-01T14:00:10.2621268Z 3.3 You may not use the Preview for any purpose not expressly permitted by the License Agreement. Except to the extent required by applicable third party licenses, you may not: (a) copy (except for backup purposes), modify, adapt, redistribute, decompile, reverse engineer, disassemble, or create derivative works of the Preview or any part of the Preview; or (b) load any part of the Preview onto a mobile handset or any other hardware device except a personal computer, combine any part of the Preview with other software, or distribute any software or device incorporating a part of the Preview.
build-android	Setup Android SDK	2026-08-01T14:00:10.2622912Z 
build-android	Setup Android SDK	2026-08-01T14:00:10.2623795Z 3.4 You agree that you will not take any actions that may cause or result in the fragmentation of Android, including but not limited to distributing, participating in the creation of, or promoting in any way a software development kit derived from the Preview.
build-android	Setup Android SDK	2026-08-01T14:00:10.2624524Z 
build-android	Setup Android SDK	2026-08-01T14:00:10.2626098Z 3.5 Use, reproduction and distribution of components of the Preview licensed under an open source software license are governed solely by the terms of that open source software license and not the License Agreement. You agree to remain a licensee in good standing in regard to such open source software licenses under all the rights granted and to refrain from any actions that may terminate, suspend, or breach such rights.
build-android	Setup Android SDK	2026-08-01T14:00:10.2627428Z 
build-android	Setup Android SDK	2026-08-01T14:00:10.2629078Z 3.6 You agree that the form and nature of the Preview that Google provides may change without prior notice to you and that future versions of the Preview may be incompatible with applications developed on previous versions of the Preview. You agree that Google may stop (permanently or temporarily) providing the Preview (or any features within the Preview) to you or to users generally at Google's sole discretion, without prior notice to you.
build-android	Setup Android SDK	2026-08-01T14:00:10.2630329Z 
build-android	Setup Android SDK	2026-08-01T14:00:10.2630902Z 3.7 Nothing in the License Agreement gives you a right to use any of Google's trade names, trademarks, service marks, logos, domain names, or other distinctive brand features.
build-android	Setup Android SDK	2026-08-01T14:00:10.2631392Z 
build-android	Setup Android SDK	2026-08-01T14:00:10.2632014Z 3.8 You agree that you will not remove, obscure, or alter any proprietary rights notices (including copyright and trademark notices) that may be affixed to or contained within the Preview.
build-android	Setup Android SDK	2026-08-01T14:00:10.2632576Z 
build-android	Setup Android SDK	2026-08-01T14:00:10.2632689Z 4. Use of the Preview by You
build-android	Setup Android SDK	2026-08-01T14:00:10.2632845Z 
build-android	Setup Android SDK	2026-08-01T14:00:10.2633997Z 4.1 Google agrees that nothing in the License Agreement gives Google any right, title or interest from you (or your licensors) under the License Agreement in or to any software applications that you develop using the Preview, including any intellectual property rights that subsist in those applications.
build-android	Setup Android SDK	2026-08-01T14:00:10.2634830Z 
build-android	Setup Android SDK	2026-08-01T14:00:10.2636046Z 4.2 You agree to use the Preview and write applications only for purposes that are permitted by (a) the License Agreement, and (b) any applicable law, regulation or generally accepted practices or guidelines in the relevant jurisdictions (including any laws regarding the export of data or software to and from the United States or other relevant countries).
build-android	Setup Android SDK	2026-08-01T14:00:10.2637036Z 
build-android	Setup Android SDK	2026-08-01T14:00:10.2639662Z 4.3 You agree that if you use the Preview to develop applications, you will protect the privacy and legal rights of users. If users provide you with user names, passwords, or other login information or personal information, you must make the users aware that the information will be available to your application, and you must provide legally adequate privacy notice and protection for those users. If your application stores personal or sensitive information provided by users, it must do so securely. If users provide you with Google Account information, your application may only use that information to access the user's Google Account when, and for the limited purposes for which, each user has given you permission to do so.
build-android	Setup Android SDK	2026-08-01T14:00:10.2641713Z 
build-android	Setup Android SDK	2026-08-01T14:00:10.2642750Z 4.4 You agree that you will not engage in any activity with the Preview, including the development or distribution of an application, that interferes with, disrupts, damages, or accesses in an unauthorized manner the servers, networks, or other properties or services of Google or any third party.
build-android	Setup Android SDK	2026-08-01T14:00:10.2643602Z 
build-android	Setup Android SDK	2026-08-01T14:00:10.2644780Z 4.5 You agree that you are solely responsible for (and that Google has no responsibility to you or to any third party for) any data, content, or resources that you create, transmit or display through Android and/or applications for Android, and for the consequences of your actions (including any loss or damage which Google may suffer) by doing so.
build-android	Setup Android SDK	2026-08-01T14:00:10.2645764Z 
build-android	Setup Android SDK	2026-08-01T14:00:10.2647090Z 4.6 You agree that you are solely responsible for (and that Google has no responsibility to you or to any third party for) any breach of your obligations under the License Agreement, any applicable third party contract or Terms of Service, or any applicable law or regulation, and for the consequences (including any loss or damage which Google or any third party may suffer) of any such breach.
build-android	Setup Android SDK	2026-08-01T14:00:10.2648306Z 
build-android	Setup Android SDK	2026-08-01T14:00:10.2650405Z 4.7 The Preview is in development, and your testing and feedback are an important part of the development process. By using the Preview, you acknowledge that implementation of some features are still under development and that you should not rely on the Preview having the full functionality of a stable release. You agree not to publicly distribute or ship any application using this Preview as this Preview will no longer be supported after the official Android SDK is released.
build-android	Setup Android SDK	2026-08-01T14:00:10.2652327Z 
build-android	Setup Android SDK	2026-08-01T14:00:10.2652458Z 5. Your Developer Credentials
build-android	Setup Android SDK	2026-08-01T14:00:10.2652624Z 
build-android	Setup Android SDK	2026-08-01T14:00:10.2654027Z 5.1 You agree that you are responsible for maintaining the confidentiality of any developer credentials that may be issued to you by Google or which you may choose yourself and that you will be solely responsible for all applications that are developed under your developer credentials.
build-android	Setup Android SDK	2026-08-01T14:00:10.2655025Z 
build-android	Setup Android SDK	2026-08-01T14:00:10.2655174Z 6. Privacy and Information
build-android	Setup Android SDK	2026-08-01T14:00:10.2655327Z 
build-android	Setup Android SDK	2026-08-01T14:00:10.2657241Z 6.1 In order to continually innovate and improve the Preview, Google may collect certain usage statistics from the software including but not limited to a unique identifier, associated IP address, version number of the software, and information on which tools and/or services in the Preview are being used and how they are being used. Before any of this information is collected, the Preview will notify you and seek your consent. If you withhold consent, the information will not be collected.
build-android	Setup Android SDK	2026-08-01T14:00:10.2659050Z 
build-android	Setup Android SDK	2026-08-01T14:00:10.2659813Z 6.2 The data collected is examined in the aggregate to improve the Preview and is maintained in accordance with Google's Privacy Policy located at http://www.google.com/policies/privacy/.
build-android	Setup Android SDK	2026-08-01T14:00:10.2660486Z 
build-android	Setup Android SDK	2026-08-01T14:00:10.2660611Z 7. Third Party Applications
build-android	Setup Android SDK	2026-08-01T14:00:10.2660782Z 
build-android	Setup Android SDK	2026-08-01T14:00:10.2663026Z 7.1 If you use the Preview to run applications developed by a third party or that access data, content or resources provided by a third party, you agree that Google is not responsible for those applications, data, content, or resources. You understand that all data, content or resources which you may access through such third party applications are the sole responsibility of the person from which they originated and that Google is not liable for any loss or damage that you may experience as a result of the use or access of any of those third party applications, data, content, or resources.
build-android	Setup Android SDK	2026-08-01T14:00:10.2664763Z 
build-android	Setup Android SDK	2026-08-01T14:00:10.2666538Z 7.2 You should be aware the data, content, and resources presented to you through such a third party application may be protected by intellectual property rights which are owned by the providers (or by other persons or companies on their behalf). You may not modify, rent, lease, loan, sell, distribute or create derivative works based on these data, content, or resources (either in whole or in part) unless you have been specifically given permission to do so by the relevant owners.
build-android	Setup Android SDK	2026-08-01T14:00:10.2668035Z 
build-android	Setup Android SDK	2026-08-01T14:00:10.2668804Z 7.3 You acknowledge that your use of such third party applications, data, content, or resources may be subject to separate terms between you and the relevant third party.
build-android	Setup Android SDK	2026-08-01T14:00:10.2669346Z 
build-android	Setup Android SDK	2026-08-01T14:00:10.2669453Z 8. Using Google APIs
build-android	Setup Android SDK	2026-08-01T14:00:10.2669621Z 
build-android	Setup Android SDK	2026-08-01T14:00:10.2669749Z 8.1 Google APIs
build-android	Setup Android SDK	2026-08-01T14:00:10.2669892Z 
build-android	Setup Android SDK	2026-08-01T14:00:10.2671755Z 8.1.1 If you use any API to retrieve data from Google, you acknowledge that the data may be protected by intellectual property rights which are owned by Google or those parties that provide the data (or by other persons or companies on their behalf). Your use of any such API may be subject to additional Terms of Service. You may not modify, rent, lease, loan, sell, distribute or create derivative works based on this data (either in whole or in part) unless allowed by the relevant Terms of Service.
build-android	Setup Android SDK	2026-08-01T14:00:10.2673253Z 
build-android	Setup Android SDK	2026-08-01T14:00:10.2674174Z 8.1.2 If you use any API to retrieve a user's data from Google, you acknowledge and agree that you shall retrieve data only with the user's explicit consent and only when, and for the limited purposes for which, the user has given you permission to do so.
build-android	Setup Android SDK	2026-08-01T14:00:10.2675075Z 
build-android	Setup Android SDK	2026-08-01T14:00:10.2675267Z 9. Terminating the License Agreement
build-android	Setup Android SDK	2026-08-01T14:00:10.2675457Z 
build-android	Setup Android SDK	2026-08-01T14:00:10.2675860Z 9.1 the License Agreement will continue to apply until terminated by either you or Google as set out below.
build-android	Setup Android SDK	2026-08-01T14:00:10.2676286Z 
build-android	Setup Android SDK	2026-08-01T14:00:10.2676766Z 9.2 If you want to terminate the License Agreement, you may do so by ceasing your use of the Preview and any relevant developer credentials.
build-android	Setup Android SDK	2026-08-01T14:00:10.2677231Z 
build-android	Setup Android SDK	2026-08-01T14:00:10.2677609Z 9.3 Google may at any time, terminate the License Agreement, with or without cause, upon notice to you.
build-android	Setup Android SDK	2026-08-01T14:00:10.2677967Z 
build-android	Setup Android SDK	2026-08-01T14:00:10.2679379Z 9.4 The License Agreement will automatically terminate without notice or other action upon the earlier of: (A) when Google ceases to provide the Preview or certain parts of the Preview to users in the country in which you are resident or from which you use the service; and (B) Google issues a final release version of the Android SDK.
build-android	Setup Android SDK	2026-08-01T14:00:10.2680535Z 
build-android	Setup Android SDK	2026-08-01T14:00:10.2681454Z 9.5 When the License Agreement is terminated, the license granted to you in the License Agreement will terminate, you will immediately cease all use of the Preview, and the provisions of paragraphs 10, 11, 12 and 14 shall survive indefinitely.
build-android	Setup Android SDK	2026-08-01T14:00:10.2682387Z 
build-android	Setup Android SDK	2026-08-01T14:00:10.2682530Z 10. DISCLAIMERS
build-android	Setup Android SDK	2026-08-01T14:00:10.2682666Z 
build-android	Setup Android SDK	2026-08-01T14:00:10.2683540Z 10.1 YOU EXPRESSLY UNDERSTAND AND AGREE THAT YOUR USE OF THE PREVIEW IS AT YOUR SOLE RISK AND THAT THE PREVIEW IS PROVIDED "AS IS" AND "AS AVAILABLE" WITHOUT WARRANTY OF ANY KIND FROM GOOGLE.
build-android	Setup Android SDK	2026-08-01T14:00:10.2684177Z 
build-android	Setup Android SDK	2026-08-01T14:00:10.2686282Z 10.2 YOUR USE OF THE PREVIEW AND ANY MATERIAL DOWNLOADED OR OTHERWISE OBTAINED THROUGH THE USE OF THE PREVIEW IS AT YOUR OWN DISCRETION AND RISK AND YOU ARE SOLELY RESPONSIBLE FOR ANY DAMAGE TO YOUR COMPUTER SYSTEM OR OTHER DEVICE OR LOSS OF DATA THAT RESULTS FROM SUCH USE. WITHOUT LIMITING THE FOREGOING, YOU UNDERSTAND THAT THE PREVIEW IS NOT A STABLE RELEASE AND MAY CONTAIN ERRORS, DEFECTS AND SECURITY VULNERABILITIES THAT CAN RESULT IN SIGNIFICANT DAMAGE, INCLUDING THE COMPLETE, IRRECOVERABLE LOSS OF USE OF YOUR COMPUTER SYSTEM OR OTHER DEVICE.
build-android	Setup Android SDK	2026-08-01T14:00:10.2687993Z 
build-android	Setup Android SDK	2026-08-01T14:00:10.2689085Z 10.3 GOOGLE FURTHER EXPRESSLY DISCLAIMS ALL WARRANTIES AND CONDITIONS OF ANY KIND, WHETHER EXPRESS OR IMPLIED, INCLUDING, BUT NOT LIMITED TO THE IMPLIED WARRANTIES AND CONDITIONS OF MERCHANTABILITY, FITNESS FOR A PARTICULAR PURPOSE AND NON-INFRINGEMENT.
build-android	Setup Android SDK	2026-08-01T14:00:10.2689915Z 
build-android	Setup Android SDK	2026-08-01T14:00:10.2690033Z 11. LIMITATION OF LIABILITY
build-android	Setup Android SDK	2026-08-01T14:00:10.2690184Z 
build-android	Setup Android SDK	2026-08-01T14:00:10.2691739Z 11.1 YOU EXPRESSLY UNDERSTAND AND AGREE THAT GOOGLE, ITS SUBSIDIARIES AND AFFILIATES, AND ITS LICENSORS SHALL NOT BE LIABLE TO YOU UNDER ANY THEORY OF LIABILITY FOR ANY DIRECT, INDIRECT, INCIDENTAL, SPECIAL, CONSEQUENTIAL OR EXEMPLARY DAMAGES THAT MAY BE INCURRED BY YOU, INCLUDING ANY LOSS OF DATA, WHETHER OR NOT GOOGLE OR ITS REPRESENTATIVES HAVE BEEN ADVISED OF OR SHOULD HAVE BEEN AWARE OF THE POSSIBILITY OF ANY SUCH LOSSES ARISING.
build-android	Setup Android SDK	2026-08-01T14:00:10.2692981Z 
build-android	Setup Android SDK	2026-08-01T14:00:10.2693091Z 12. Indemnification
build-android	Setup Android SDK	2026-08-01T14:00:10.2693291Z 
build-android	Setup Android SDK	2026-08-01T14:00:10.2696128Z 12.1 To the maximum extent permitted by law, you agree to defend, indemnify and hold harmless Google, its affiliates and their respective directors, officers, employees and agents from and against any and all claims, actions, suits or proceedings, as well as any and all losses, liabilities, damages, costs and expenses (including reasonable attorneys’ fees) arising out of or accruing from (a) your use of the Preview, (b) any application you develop on the Preview that infringes any Intellectual Property Rights of any person or defames any person or violates their rights of publicity or privacy, and (c) any non-compliance by you of the License Agreement.
build-android	Setup Android SDK	2026-08-01T14:00:10.2698104Z 
build-android	Setup Android SDK	2026-08-01T14:00:10.2698248Z 13. Changes to the License Agreement
build-android	Setup Android SDK	2026-08-01T14:00:10.2698424Z 
build-android	Setup Android SDK	2026-08-01T14:00:10.2699404Z 13.1 Google may make changes to the License Agreement as it distributes new versions of the Preview. When these changes are made, Google will make a new version of the License Agreement available on the website where the Preview is made available.
build-android	Setup Android SDK	2026-08-01T14:00:10.2700107Z 
build-android	Setup Android SDK	2026-08-01T14:00:10.2700221Z 14. General Legal Terms
build-android	Setup Android SDK	2026-08-01T14:00:10.2700354Z 
build-android	Setup Android SDK	2026-08-01T14:00:10.2701434Z 14.1 the License Agreement constitutes the whole legal agreement between you and Google and governs your use of the Preview (excluding any services which Google may provide to you under a separate written agreement), and completely replaces any prior agreements between you and Google in relation to the Preview.
build-android	Setup Android SDK	2026-08-01T14:00:10.2702317Z 
build-android	Setup Android SDK	2026-08-01T14:00:10.2703395Z 14.2 You agree that if Google does not exercise or enforce any legal right or remedy which is contained in the License Agreement (or which Google has the benefit of under any applicable law), this will not be taken to be a formal waiver of Google's rights and that those rights or remedies will still be available to Google.
build-android	Setup Android SDK	2026-08-01T14:00:10.2704442Z 
build-android	Setup Android SDK	2026-08-01T14:00:10.2705589Z 14.3 If any court of law, having the jurisdiction to decide on this matter, rules that any provision of the License Agreement is invalid, then that provision will be removed from the License Agreement without affecting the rest of the License Agreement. The remaining provisions of the License Agreement will continue to be valid and enforceable.
build-android	Setup Android SDK	2026-08-01T14:00:10.2706552Z 
build-android	Setup Android SDK	2026-08-01T14:00:10.2708061Z 14.4 You acknowledge and agree that each member of the group of companies of which Google is the parent shall be third party beneficiaries to the License Agreement and that such other companies shall be entitled to directly enforce, and rely upon, any provision of the License Agreement that confers a benefit on (or rights in favor of) them. Other than this, no other person or company shall be third party beneficiaries to the License Agreement.
build-android	Setup Android SDK	2026-08-01T14:00:10.2709391Z 
build-android	Setup Android SDK	2026-08-01T14:00:10.2710344Z 14.5 EXPORT RESTRICTIONS. THE PREVIEW IS SUBJECT TO UNITED STATES EXPORT LAWS AND REGULATIONS. YOU MUST COMPLY WITH ALL DOMESTIC AND INTERNATIONAL EXPORT LAWS AND REGULATIONS THAT APPLY TO THE PREVIEW. THESE LAWS INCLUDE RESTRICTIONS ON DESTINATIONS, END USERS AND END USE.
build-android	Setup Android SDK	2026-08-01T14:00:10.2711139Z 
build-android	Setup Android SDK	2026-08-01T14:00:10.2712230Z 14.6 The License Agreement may not be assigned or transferred by you without the prior written approval of Google, and any attempted assignment without such approval will be void. You shall not delegate your responsibilities or obligations under the License Agreement without the prior written approval of Google.
build-android	Setup Android SDK	2026-08-01T14:00:10.2713131Z 
build-android	Setup Android SDK	2026-08-01T14:00:10.2715073Z 14.7 The License Agreement, and your relationship with Google under the License Agreement, shall be governed by the laws of the State of California without regard to its conflict of laws provisions. You and Google agree to submit to the exclusive jurisdiction of the courts located within the county of Santa Clara, California to resolve any legal matter arising from the License Agreement. Notwithstanding this, you agree that Google shall still be allowed to apply for injunctive remedies (or an equivalent type of urgent legal relief) in any jurisdiction.
build-android	Setup Android SDK	2026-08-01T14:00:10.2716629Z 
build-android	Setup Android SDK	2026-08-01T14:00:10.2716716Z June 2014.
build-android	Setup Android SDK	2026-08-01T14:00:10.2716956Z ---------------------------------------
build-android	Setup Android SDK	2026-08-01T14:00:10.2717207Z Accept? (y/N): 
build-android	Setup Android SDK	2026-08-01T14:00:10.2717634Z 5/6: License google-gdk-license:
build-android	Setup Android SDK	2026-08-01T14:00:10.2717923Z ---------------------------------------
build-android	Setup Android SDK	2026-08-01T14:00:10.2718292Z This is a Developer Preview of the GDK that is subject to change.
build-android	Setup Android SDK	2026-08-01T14:00:10.2718530Z 
build-android	Setup Android SDK	2026-08-01T14:00:10.2718624Z Terms and Conditions
build-android	Setup Android SDK	2026-08-01T14:00:10.2718897Z 
build-android	Setup Android SDK	2026-08-01T14:00:10.2719120Z This is the Glass Development Kit License Agreement.
build-android	Setup Android SDK	2026-08-01T14:00:10.2719413Z 
build-android	Setup Android SDK	2026-08-01T14:00:10.2719492Z 1. Introduction
build-android	Setup Android SDK	2026-08-01T14:00:10.2719609Z 
build-android	Setup Android SDK	2026-08-01T14:00:10.2720944Z 1.1 The Glass Development Kit (referred to in this License Agreement as the "GDK" and specifically including the Android system files, packaged APIs, and GDK library files, if and when they are made available) is licensed to you subject to the terms of this License Agreement. This License Agreement forms a legally binding contract between you and Google in relation to your use of the GDK.
build-android	Setup Android SDK	2026-08-01T14:00:10.2722017Z 
build-android	Setup Android SDK	2026-08-01T14:00:10.2722299Z 1.2 "Glass" means Glass devices and the Glass software stack for use on Glass devices.
build-android	Setup Android SDK	2026-08-01T14:00:10.2722593Z 
build-android	Setup Android SDK	2026-08-01T14:00:10.2722600Z 
build-android	Setup Android SDK	2026-08-01T14:00:10.2723321Z 1.3 "Android" means the Android software stack for devices, as made available under the Android Open Source Project, which is located at the following URL: http://source.android.com/, as updated from time to time.
build-android	Setup Android SDK	2026-08-01T14:00:10.2723923Z 
build-android	Setup Android SDK	2026-08-01T14:00:10.2724439Z 1.4 "Google" means Google Inc., a Delaware corporation with principal place of business at 1600 Amphitheatre Parkway, Mountain View, CA 94043, United States.
build-android	Setup Android SDK	2026-08-01T14:00:10.2724992Z 
build-android	Setup Android SDK	2026-08-01T14:00:10.2725129Z 2. Accepting this License Agreement
build-android	Setup Android SDK	2026-08-01T14:00:10.2725287Z 
build-android	Setup Android SDK	2026-08-01T14:00:10.2725757Z 2.1 In order to use the GDK, you must first agree to this License Agreement. You may not use the GDK if you do not accept this License Agreement.
build-android	Setup Android SDK	2026-08-01T14:00:10.2726164Z 
build-android	Setup Android SDK	2026-08-01T14:00:10.2726432Z 2.2 By clicking to accept, you hereby agree to the terms of this License Agreement.
build-android	Setup Android SDK	2026-08-01T14:00:10.2726700Z 
build-android	Setup Android SDK	2026-08-01T14:00:10.2727531Z 2.3 You may not use the GDK and may not accept the License Agreement if you are a person barred from receiving the GDK under the laws of the United States or other countries including the country in which you are resident or from which you use the GDK.
build-android	Setup Android SDK	2026-08-01T14:00:10.2728216Z 
build-android	Setup Android SDK	2026-08-01T14:00:10.2729684Z 2.4 If you are agreeing to be bound by this License Agreement on behalf of your employer or other entity, you represent and warrant that you have full legal authority to bind your employer or such entity to this License Agreement. If you do not have the requisite authority, you may not accept the License Agreement or use the GDK on behalf of your employer or other entity.
build-android	Setup Android SDK	2026-08-01T14:00:10.2730714Z 
build-android	Setup Android SDK	2026-08-01T14:00:10.2730830Z 3. GDK License from Google
build-android	Setup Android SDK	2026-08-01T14:00:10.2730969Z 
build-android	Setup Android SDK	2026-08-01T14:00:10.2731804Z 3.1 Subject to the terms of this License Agreement, Google grants you a limited, worldwide, royalty-free, non-assignable and non-exclusive license to use the GDK solely to develop applications to run on the Glass platform for Glass devices.
build-android	Setup Android SDK	2026-08-01T14:00:10.2732505Z 
build-android	Setup Android SDK	2026-08-01T14:00:10.2733830Z 3.2 You agree that Google or third parties own all legal right, title and interest in and to the GDK, including any Intellectual Property Rights that subsist in the GDK. "Intellectual Property Rights" means any and all rights under patent law, copyright law, trade secret law, trademark law, and any and all other proprietary rights. Google reserves all rights not expressly granted to you.
build-android	Setup Android SDK	2026-08-01T14:00:10.2734917Z 
build-android	Setup Android SDK	2026-08-01T14:00:10.2737022Z 3.3 You may not use the GDK for any purpose not expressly permitted by this License Agreement. Except to the extent required by applicable third party licenses, you may not: (a) copy (except for backup purposes), modify, adapt, redistribute, decompile, reverse engineer, disassemble, or create derivative works of the GDK or any part of the GDK; or (b) load any part of the GDK onto a mobile handset or wearable computing device or any other hardware device except a Glass device personal computer, combine any part of the GDK with other software, or distribute any software or device incorporating a part of the GDK.
build-android	Setup Android SDK	2026-08-01T14:00:10.2738682Z 
build-android	Setup Android SDK	2026-08-01T14:00:10.2739753Z 3.4 You agree that you will not take any actions that may cause or result in the fragmentation of Glass, including but not limited to distributing, participating in the creation of, or promoting in any way a software development kit derived from the GDK.
build-android	Setup Android SDK	2026-08-01T14:00:10.2740558Z 
build-android	Setup Android SDK	2026-08-01T14:00:10.2741274Z 3.5 Use, reproduction and distribution of components of the GDK licensed under an open source software license are governed solely by the terms of that open source software license and not this License Agreement.
build-android	Setup Android SDK	2026-08-01T14:00:10.2742121Z 
build-android	Setup Android SDK	2026-08-01T14:00:10.2743608Z 3.6 You agree that the form and nature of the GDK that Google provides may change without prior notice to you and that future versions of the GDK may be incompatible with applications developed on previous versions of the GDK. You agree that Google may stop (permanently or temporarily) providing the GDK (or any features within the GDK) to you or to users generally at Google's sole discretion, without prior notice to you.
build-android	Setup Android SDK	2026-08-01T14:00:10.2744839Z 
build-android	Setup Android SDK	2026-08-01T14:00:10.2745428Z 3.7 Nothing in this License Agreement gives you a right to use any of Google's trade names, trademarks, service marks, logos, domain names, or other distinctive brand features.
build-android	Setup Android SDK	2026-08-01T14:00:10.2745947Z 
build-android	Setup Android SDK	2026-08-01T14:00:10.2746569Z 3.8 You agree that you will not remove, obscure, or alter any proprietary rights notices (including copyright and trademark notices) that may be affixed to or contained within the GDK.
build-android	Setup Android SDK	2026-08-01T14:00:10.2747191Z 
build-android	Setup Android SDK	2026-08-01T14:00:10.2747198Z 
build-android	Setup Android SDK	2026-08-01T14:00:10.2748429Z 3.9 Your use of any Android system files, packaged APIs, or other components of the GDK which are part of the Android Software Development Kit is subject to the terms of the Android Software Development Kit License Agreement located at http://developer.android.com/sdk/terms.html. These terms are hereby incorporated by reference into this License Agreement.
build-android	Setup Android SDK	2026-08-01T14:00:10.2749640Z 
build-android	Setup Android SDK	2026-08-01T14:00:10.2749950Z 4. Use of the GDK by You
build-android	Setup Android SDK	2026-08-01T14:00:10.2750165Z 
build-android	Setup Android SDK	2026-08-01T14:00:10.2751084Z 4.1 Google agrees that it obtains no right, title or interest from you (or your licensors) under this License Agreement in or to any software applications that you develop using the GDK, including any intellectual property rights that subsist in those applications.
build-android	Setup Android SDK	2026-08-01T14:00:10.2751854Z 
build-android	Setup Android SDK	2026-08-01T14:00:10.2753671Z 4.2 You agree to use the GDK and write applications only for purposes that are permitted by (a) this License Agreement, (b) the Glass Platform Developer Policies (located at https://developers.google.com/glass/policies, and hereby incorporated into this License Agreement by reference), and (c) any applicable law, regulation or generally accepted practices or guidelines in the relevant jurisdictions (including any laws regarding the export of data or software to and from the United States or other relevant countries).
build-android	Setup Android SDK	2026-08-01T14:00:10.2755123Z 
build-android	Setup Android SDK	2026-08-01T14:00:10.2757800Z 4.3 You agree that if you use the GDK to develop applications for general public users, you will protect the privacy and legal rights of those users. If the users provide you with user names, passwords, or other login information or personal information, you must make the users aware that the information will be available to your application, and you must provide legally adequate privacy notice and protection for those users. If your application stores personal or sensitive information provided by users, it must do so securely. If the user provides your application with Google Account information, your application may only use that information to access the user's Google Account when, and for the limited purposes for which, the user has given you permission to do so.
build-android	Setup Android SDK	2026-08-01T14:00:10.2760041Z 
build-android	Setup Android SDK	2026-08-01T14:00:10.2761135Z 4.4 You agree that you will not engage in any activity with the GDK, including the development or distribution of an application, that interferes with, disrupts, damages, or accesses in an unauthorized manner the servers, networks, or other properties or services of any third party including, but not limited to, Google.
build-android	Setup Android SDK	2026-08-01T14:00:10.2762009Z 
build-android	Setup Android SDK	2026-08-01T14:00:10.2763263Z 4.5 You agree that you are solely responsible for (and that Google has no responsibility to you or to any third party for) any data, content, or resources that you create, transmit or display through Glass and/or applications for Glass, and for the consequences of your actions (including any loss or damage which Google may suffer) by doing so.
build-android	Setup Android SDK	2026-08-01T14:00:10.2764217Z 
build-android	Setup Android SDK	2026-08-01T14:00:10.2765545Z 4.6 You agree that you are solely responsible for (and that Google has no responsibility to you or to any third party for) any breach of your obligations under this License Agreement, any applicable third party contract or Terms of Service, or any applicable law or regulation, and for the consequences (including any loss or damage which Google or any third party may suffer) of any such breach.
build-android	Setup Android SDK	2026-08-01T14:00:10.2766633Z 
build-android	Setup Android SDK	2026-08-01T14:00:10.2766639Z 
build-android	Setup Android SDK	2026-08-01T14:00:10.2767916Z 4.7 The GDK is in development, and your testing and feedback are an important part of the development process. By using the GDK, you acknowledge that implementation of some features are still under development and that you should not rely on the GDK, Glass devices, Glass system software, Google Mirror API, or Glass services having the full functionality of a stable release.
build-android	Setup Android SDK	2026-08-01T14:00:10.2769372Z 
build-android	Setup Android SDK	2026-08-01T14:00:10.2769496Z 5. Your Developer Credentials
build-android	Setup Android SDK	2026-08-01T14:00:10.2769659Z 
build-android	Setup Android SDK	2026-08-01T14:00:10.2770646Z 5.1 You agree that you are responsible for maintaining the confidentiality of any developer credentials that may be issued to you by Google or which you may choose yourself and that you will be solely responsible for all applications that are developed under your developer credentials.
build-android	Setup Android SDK	2026-08-01T14:00:10.2771464Z 
build-android	Setup Android SDK	2026-08-01T14:00:10.2771578Z 6. Privacy and Information
build-android	Setup Android SDK	2026-08-01T14:00:10.2771721Z 
build-android	Setup Android SDK	2026-08-01T14:00:10.2771726Z 
build-android	Setup Android SDK	2026-08-01T14:00:10.2773386Z 6.1 In order to continually innovate and improve the GDK, Google may collect certain usage statistics from the software including but not limited to a unique identifier, associated IP address, version number of the software, and information on which tools and/or services in the GDK are being used and how they are being used. Before any of this information is collected, the GDK will notify you and seek your consent. If you withhold consent, the information will not be collected.
build-android	Setup Android SDK	2026-08-01T14:00:10.2774718Z 
build-android	Setup Android SDK	2026-08-01T14:00:10.2775153Z 6.2 The data collected is examined in the aggregate to improve the GDK and is maintained in accordance with Google's Privacy Policy.
build-android	Setup Android SDK	2026-08-01T14:00:10.2775564Z 
build-android	Setup Android SDK	2026-08-01T14:00:10.2775670Z 7. Third Party Applications
build-android	Setup Android SDK	2026-08-01T14:00:10.2775822Z 
build-android	Setup Android SDK	2026-08-01T14:00:10.2777844Z 7.1 If you use the GDK to run applications developed by a third party or that access data, content or resources provided by a third party, you agree that Google is not responsible for those applications, data, content, or resources. You understand that all data, content or resources which you may access through such third party applications are the sole responsibility of the person from which they originated and that Google is not liable for any loss or damage that you may experience as a result of the use or access of any of those third party applications, data, content, or resources.
build-android	Setup Android SDK	2026-08-01T14:00:10.2779826Z 
build-android	Setup Android SDK	2026-08-01T14:00:10.2781531Z 7.2 You should be aware the data, content, and resources presented to you through such a third party application may be protected by intellectual property rights which are owned by the providers (or by other persons or companies on their behalf). You may not modify, rent, lease, loan, sell, distribute or create derivative works based on these data, content, or resources (either in whole or in part) unless you have been specifically given permission to do so by the relevant owners.
build-android	Setup Android SDK	2026-08-01T14:00:10.2782881Z 
build-android	Setup Android SDK	2026-08-01T14:00:10.2783820Z 7.3 You acknowledge that your use of such third party applications, data, content, or resources may be subject to separate terms between you and the relevant third party. In that case, this License Agreement does not affect your legal relationship with these third parties.
build-android	Setup Android SDK	2026-08-01T14:00:10.2784671Z 
build-android	Setup Android SDK	2026-08-01T14:00:10.2784776Z 8. Using Google APIs
build-android	Setup Android SDK	2026-08-01T14:00:10.2784903Z 
build-android	Setup Android SDK	2026-08-01T14:00:10.2785000Z 8.1 Google APIs
build-android	Setup Android SDK	2026-08-01T14:00:10.2785111Z 
build-android	Setup Android SDK	2026-08-01T14:00:10.2786821Z 8.1.1 If you use any API to retrieve data from Google, you acknowledge that the data may be protected by intellectual property rights which are owned by Google or those parties that provide the data (or by other persons or companies on their behalf). Your use of any such API may be subject to additional Terms of Service. You may not modify, rent, lease, loan, sell, distribute or create derivative works based on this data (either in whole or in part) unless allowed by the relevant Terms of Service.
build-android	Setup Android SDK	2026-08-01T14:00:10.2788205Z 
build-android	Setup Android SDK	2026-08-01T14:00:10.2789293Z 8.1.2 If you use any API to retrieve a user's data from Google, you acknowledge and agree that you shall retrieve data only with the user's explicit consent and only when, and for the limited purposes for which, the user has given you permission to do so.
build-android	Setup Android SDK	2026-08-01T14:00:10.2790021Z 
build-android	Setup Android SDK	2026-08-01T14:00:10.2790171Z 9. Terminating this License Agreement
build-android	Setup Android SDK	2026-08-01T14:00:10.2790399Z 
build-android	Setup Android SDK	2026-08-01T14:00:10.2790781Z 9.1 This License Agreement will continue to apply until terminated by either you or Google as set out below.
build-android	Setup Android SDK	2026-08-01T14:00:10.2791134Z 
build-android	Setup Android SDK	2026-08-01T14:00:10.2791559Z 9.2 If you want to terminate this License Agreement, you may do so by ceasing your use of the GDK and any relevant developer credentials.
build-android	Setup Android SDK	2026-08-01T14:00:10.2791958Z 
build-android	Setup Android SDK	2026-08-01T14:00:10.2794120Z 9.3 Google may at any time, terminate this License Agreement with you if: (A) you have breached any provision of this License Agreement; or (B) Google is required to do so by law; or (C) the partner with whom Google offered certain parts of GDK (such as APIs) to you has terminated its relationship with Google or ceased to offer certain parts of the GDK to you; or (D) Google decides to no longer provide the GDK or certain parts of the GDK to users in the country in which you are resident or from which you use the service, or the provision of the GDK or certain GDK services to you by Google is, in Google's sole discretion, no longer commercially viable.
build-android	Setup Android SDK	2026-08-01T14:00:10.2795956Z 
build-android	Setup Android SDK	2026-08-01T14:00:10.2797475Z 9.4 When this License Agreement comes to an end, all of the legal rights, obligations and liabilities that you and Google have benefited from, been subject to (or which have accrued over time whilst this License Agreement has been in force) or which are expressed to continue indefinitely, shall be unaffected by this cessation, and the provisions of paragraph 14.7 shall continue to apply to such rights, obligations and liabilities indefinitely.
build-android	Setup Android SDK	2026-08-01T14:00:10.2798792Z 
build-android	Setup Android SDK	2026-08-01T14:00:10.2798952Z 10. DISCLAIMER OF WARRANTIES
build-android	Setup Android SDK	2026-08-01T14:00:10.2799150Z 
build-android	Setup Android SDK	2026-08-01T14:00:10.2800096Z 10.1 YOU EXPRESSLY UNDERSTAND AND AGREE THAT YOUR USE OF THE GDK IS AT YOUR SOLE RISK AND THAT THE GDK IS PROVIDED "AS IS" AND "AS AVAILABLE" WITHOUT WARRANTY OF ANY KIND FROM GOOGLE.
build-android	Setup Android SDK	2026-08-01T14:00:10.2800996Z 
build-android	Setup Android SDK	2026-08-01T14:00:10.2801883Z 10.2 YOUR USE OF THE GDK AND ANY MATERIAL DOWNLOADED OR OTHERWISE OBTAINED THROUGH THE USE OF THE GDK IS AT YOUR OWN DISCRETION AND RISK AND YOU ARE SOLELY RESPONSIBLE FOR ANY DAMAGE TO YOUR COMPUTER SYSTEM OR OTHER DEVICE OR LOSS OF DATA THAT RESULTS FROM SUCH USE.
build-android	Setup Android SDK	2026-08-01T14:00:10.2802621Z 
build-android	Setup Android SDK	2026-08-01T14:00:10.2803500Z 10.3 GOOGLE FURTHER EXPRESSLY DISCLAIMS ALL WARRANTIES AND CONDITIONS OF ANY KIND, WHETHER EXPRESS OR IMPLIED, INCLUDING, BUT NOT LIMITED TO THE IMPLIED WARRANTIES AND CONDITIONS OF MERCHANTABILITY, FITNESS FOR A PARTICULAR PURPOSE AND NON-INFRINGEMENT.
build-android	Setup Android SDK	2026-08-01T14:00:10.2804216Z 
build-android	Setup Android SDK	2026-08-01T14:00:10.2804320Z 11. LIMITATION OF LIABILITY
build-android	Setup Android SDK	2026-08-01T14:00:10.2804515Z 
build-android	Setup Android SDK	2026-08-01T14:00:10.2806002Z 11.1 YOU EXPRESSLY UNDERSTAND AND AGREE THAT GOOGLE, ITS SUBSIDIARIES AND AFFILIATES, AND ITS LICENSORS SHALL NOT BE LIABLE TO YOU UNDER ANY THEORY OF LIABILITY FOR ANY DIRECT, INDIRECT, INCIDENTAL, SPECIAL, CONSEQUENTIAL OR EXEMPLARY DAMAGES THAT MAY BE INCURRED BY YOU, INCLUDING ANY LOSS OF DATA, WHETHER OR NOT GOOGLE OR ITS REPRESENTATIVES HAVE BEEN ADVISED OF OR SHOULD HAVE BEEN AWARE OF THE POSSIBILITY OF ANY SUCH LOSSES ARISING.
build-android	Setup Android SDK	2026-08-01T14:00:10.2807327Z 
build-android	Setup Android SDK	2026-08-01T14:00:10.2807428Z 12. Indemnification
build-android	Setup Android SDK	2026-08-01T14:00:10.2807550Z 
build-android	Setup Android SDK	2026-08-01T14:00:10.2810129Z 12.1 To the maximum extent permitted by law, you agree to defend, indemnify and hold harmless Google, its affiliates and their respective directors, officers, employees and agents from and against any and all claims, actions, suits or proceedings, as well as any and all losses, liabilities, damages, costs and expenses (including reasonable attorneys fees) arising out of or accruing from (a) your use of the GDK, (b) any application you develop on the GDK that infringes any copyright, trademark, trade secret, trade dress, patent or other intellectual property right of any person or defames any person or violates their rights of publicity or privacy, and (c) any non-compliance by you with this License Agreement.
build-android	Setup Android SDK	2026-08-01T14:00:10.2812077Z 
build-android	Setup Android SDK	2026-08-01T14:00:10.2812220Z 13. Changes to the License Agreement
build-android	Setup Android SDK	2026-08-01T14:00:10.2812445Z 
build-android	Setup Android SDK	2026-08-01T14:00:10.2813247Z 13.1 Google may make changes to the License Agreement as it distributes new versions of the GDK. When these changes are made, Google will make a new version of the License Agreement available on the website where the GDK is made available.
build-android	Setup Android SDK	2026-08-01T14:00:10.2813920Z 
build-android	Setup Android SDK	2026-08-01T14:00:10.2814027Z 14. General Legal Terms
build-android	Setup Android SDK	2026-08-01T14:00:10.2814164Z 
build-android	Setup Android SDK	2026-08-01T14:00:10.2815205Z 14.1 This License Agreement constitutes the whole legal agreement between you and Google and governs your use of the GDK (excluding any services which Google may provide to you under a separate written agreement), and completely replaces any prior agreements between you and Google in relation to the GDK.
build-android	Setup Android SDK	2026-08-01T14:00:10.2816073Z 
build-android	Setup Android SDK	2026-08-01T14:00:10.2817153Z 14.2 You agree that if Google does not exercise or enforce any legal right or remedy which is contained in this License Agreement (or which Google has the benefit of under any applicable law), this will not be taken to be a formal waiver of Google's rights and that those rights or remedies will still be available to Google.
build-android	Setup Android SDK	2026-08-01T14:00:10.2818054Z 
build-android	Setup Android SDK	2026-08-01T14:00:10.2819305Z 14.3 If any court of law, having the jurisdiction to decide on this matter, rules that any provision of this License Agreement is invalid, then that provision will be removed from this License Agreement without affecting the rest of this License Agreement. The remaining provisions of this License Agreement will continue to be valid and enforceable.
build-android	Setup Android SDK	2026-08-01T14:00:10.2820289Z 
build-android	Setup Android SDK	2026-08-01T14:00:10.2821811Z 14.4 You acknowledge and agree that each member of the group of companies of which Google is the parent shall be third party beneficiaries to this License Agreement and that such other companies shall be entitled to directly enforce, and rely upon, any provision of this License Agreement that confers a benefit on (or rights in favor of) them. Other than this, no other person or company shall be third party beneficiaries to this License Agreement.
build-android	Setup Android SDK	2026-08-01T14:00:10.2823050Z 
build-android	Setup Android SDK	2026-08-01T14:00:10.2823958Z 14.5 EXPORT RESTRICTIONS. THE GDK IS SUBJECT TO UNITED STATES EXPORT LAWS AND REGULATIONS. YOU MUST COMPLY WITH ALL DOMESTIC AND INTERNATIONAL EXPORT LAWS AND REGULATIONS THAT APPLY TO THE GDK. THESE LAWS INCLUDE RESTRICTIONS ON DESTINATIONS, END USERS AND END USE.
build-android	Setup Android SDK	2026-08-01T14:00:10.2824713Z 
build-android	Setup Android SDK	2026-08-01T14:00:10.2825897Z 14.6 The rights granted in this License Agreement may not be assigned or transferred by either you or Google without the prior written approval of the other party. Neither you nor Google shall be permitted to delegate their responsibilities or obligations under this License Agreement without the prior written approval of the other party.
build-android	Setup Android SDK	2026-08-01T14:00:10.2826857Z 
build-android	Setup Android SDK	2026-08-01T14:00:10.2828939Z 14.7 This License Agreement, and your relationship with Google under this License Agreement, shall be governed by the laws of the State of California without regard to its conflict of laws provisions. You and Google agree to submit to the exclusive jurisdiction of the courts located within the county of Santa Clara, California to resolve any legal matter arising from this License Agreement. Notwithstanding this, you agree that Google shall still be allowed to apply for injunctive remedies (or an equivalent type of urgent legal relief) in any jurisdiction.
build-android	Setup Android SDK	2026-08-01T14:00:10.2830597Z 
build-android	Setup Android SDK	2026-08-01T14:00:10.2830708Z November 19, 2013
build-android	Setup Android SDK	2026-08-01T14:00:10.2830963Z ---------------------------------------
build-android	Setup Android SDK	2026-08-01T14:00:10.2831210Z Accept? (y/N): 
build-android	Setup Android SDK	2026-08-01T14:00:10.2831488Z 6/6: License mips-android-sysimage-license:
build-android	Setup Android SDK	2026-08-01T14:00:10.2831801Z ---------------------------------------
build-android	Setup Android SDK	2026-08-01T14:00:10.2834068Z MIPS Technologies, Inc. (“MIPS”) Internal Evaluation License Agreement for MIPS Android™ System Images for Android Software Development Kit (SDK): This Internal Evaluation License Agreement (this "Agreement") is entered into by and between MIPS and you (as an individual developer or a legal entity -- identified below as “Recipient”). MIPS shall make the Evaluation Software available to Recipient as described in accordance with the terms and conditions set forth below.
build-android	Setup Android SDK	2026-08-01T14:00:10.2835478Z 
build-android	Setup Android SDK	2026-08-01T14:00:10.2837499Z By clicking on the “Accept” button, downloading, installing, or otherwise using the Evaluation Materials (defined below), you agree to be bound by the terms of this Agreement effective as of the date you click “Accept” (the “Effective Date”), and if doing so on behalf of an entity, you represent that you are authorized to bind the entity to the terms and conditions of this Agreement. If you do not agree to be bound by the terms and conditions of this Agreement, do not download, install, or use the Evaluation Materials.
build-android	Setup Android SDK	2026-08-01T14:00:10.2839071Z 
build-android	Setup Android SDK	2026-08-01T14:00:10.2839354Z 1. DEFINITIONS. These terms shall have the following meanings:
build-android	Setup Android SDK	2026-08-01T14:00:10.2839603Z 
build-android	Setup Android SDK	2026-08-01T14:00:10.2840231Z 1.1 “MIPS” shall mean MIPS Technologies, Inc., a Delaware corporation having a principal place of business at: 955 East Arques Ave., Sunnyvale, CA 94085
build-android	Setup Android SDK	2026-08-01T14:00:10.2840706Z 
build-android	Setup Android SDK	2026-08-01T14:00:10.2841309Z 1.2 “Evaluation Software” shall mean MIPS Android™ emulator system images for Android Software Development Kit (SDK), as made available to Recipient.
build-android	Setup Android SDK	2026-08-01T14:00:10.2841773Z 
build-android	Setup Android SDK	2026-08-01T14:00:10.2843016Z 1.3 “Evaluation Materials" means, collectively, the Evaluation Software (in source and/or object code form) and documentation (including, without limitation, any design documents, specifications, reference manuals, and other related materials) related to the Evaluation Software as made available to Recipient.
build-android	Setup Android SDK	2026-08-01T14:00:10.2843909Z 
build-android	Setup Android SDK	2026-08-01T14:00:10.2847852Z 1.4 “Open Source Software” means any software that requires (as a condition of use, modification and/or distribution of such software) that such software or other software incorporated into, derived from or distributed with such software (a) be disclosed or distributed in source code form; or (b) be licensed by the user to third parties for the purpose of making and/or distributing derivative works; or (c) be redistributable at no charge. Open Source Software includes, without limitation, software licensed or distributed under any of the following licenses or distribution models, or licenses or distribution models substantially similar to any of the following: (a) GNU’s General Public License (GPL) or Lesser/Library GPL (LGPL), (b) the Artistic License (e.g., PERL), (c) the Mozilla Public License, (d) the Netscape Public License, (e) the Sun Community Source License (SCSL), (f) the Sun Industry Source License (SISL), (g) the Apache Software license and (h) the Common Public License (CPL).
build-android	Setup Android SDK	2026-08-01T14:00:10.2850674Z 
build-android	Setup Android SDK	2026-08-01T14:00:10.2852120Z 1.5 “Pre-Release Materials” means “alpha” or “beta” designated pre-release features, which may not be fully functional, which MIPS may substantially modify in producing any production version of the Evaluation Materials, and/or which is still under development by MIPS and/or MIPS’ suppliers.
build-android	Setup Android SDK	2026-08-01T14:00:10.2853079Z 
build-android	Setup Android SDK	2026-08-01T14:00:10.2855181Z 2. PURPOSE. MIPS desires to make the Evaluation Materials available to Recipient solely for Recipient's internal evaluation of the Evaluation Software to evaluate the desirability of cooperating with MIPS in developing products that are compatible with the Evaluation Software and/or to advise MIPS as to possible modifications to the Evaluation Software. Recipient may not disclose, distribute, modify (except to facilitate the above-mentioned internal evaluation), or make commercial use of the Evaluation Materials or any modifications of the Evaluation Materials.
build-android	Setup Android SDK	2026-08-01T14:00:10.2856795Z 
build-android	Setup Android SDK	2026-08-01T14:00:10.2858258Z THE EVALUATION MATERIALS ARE PROVIDED FOR EVALUATION PURPOSES ONLY AND MAY NOT BE MODIFIED (EXCEPT TO FACILITATE THE INTERNAL EVALUATION) OR DISTRIBUTED BY RECIPIENT OR INCORPORATED INTO RECIPIENT’S PRODUCTS OR SOFTWARE. PLEASE CONTACT A MIPS SALES REPRESENTATIVE TO LEARN ABOUT THE AVAILABILITY AND COST OF A COMMERCIAL VERSION OF THE EVALUATION SOFTWARE.
build-android	Setup Android SDK	2026-08-01T14:00:10.2859431Z 
build-android	Setup Android SDK	2026-08-01T14:00:10.2860402Z 3. TITLE. Title to the Evaluation Materials remains with MIPS or its suppliers. Recipient shall not mortgage, pledge or encumber the Evaluation Materials in any way. Recipient shall return all Evaluation Materials, keeping no copies, upon termination or expiration of this Agreement.
build-android	Setup Android SDK	2026-08-01T14:00:10.2861192Z 
build-android	Setup Android SDK	2026-08-01T14:00:10.2865066Z 4. LICENSE. MIPS grants Recipient a royalty-free, personal, nontransferable, nonexclusive license under its copyrights to use the Evaluation Software only for the purposes described in paragraph 2 above and only for a period beginning on the Effective Date and extending to the first anniversary of the Effective Date (the “Evaluation Period”). Unless otherwise communicated in writing by MIPS to Recipient, to the extent the Evaluation Software is provided in more than one delivery or release (each, a “Release”) the license grant in this Section 4 and the Evaluation Period shall apply to each Release, in which case the Evaluation Period shall begin on the date that the Release is made generally available and continue to the first anniversary of such date. Recipient may not make modifications to the Evaluation Software. Recipient shall not disassemble, reverse-engineer, or decompile any software that is not provided to Recipient in source code form.
build-android	Setup Android SDK	2026-08-01T14:00:10.2867739Z 
build-android	Setup Android SDK	2026-08-01T14:00:10.2867744Z 
build-android	Setup Android SDK	2026-08-01T14:00:10.2869116Z EXCEPT AS PROVIDED HEREIN, NO OTHER LICENSE, EXPRESS OR IMPLIED, BY ESTOPPEL OR OTHERWISE, TO ANY OTHER MIPS INTELLECTUAL PROPERTY RIGHTS IS GRANTED TO THE RECIPIENT. OTHER THAN AS EXPLICITLY SET FORTH IN PARAGRAPH 2 ABOVE, NO RIGHT TO COPY, TO REPRODUCE, TO MODIFY, OR TO CREATE DERIVATIVE WORKS OF, THE EVALUATION MATERIALS IS GRANTED HEREIN.
build-android	Setup Android SDK	2026-08-01T14:00:10.2870088Z 
build-android	Setup Android SDK	2026-08-01T14:00:10.2870979Z 5. NO OBLIGATION. Recipient shall have no duty to purchase or license any product from MIPS. MIPS and its suppliers shall have no obligation to provide support for, or develop a non-evaluation version of, the Evaluation Software or to license any version of it.
build-android	Setup Android SDK	2026-08-01T14:00:10.2871719Z 
build-android	Setup Android SDK	2026-08-01T14:00:10.2876101Z 6. MODIFICATIONS. This Agreement does not obligate Recipient to provide MIPS with comments or suggestions regarding Evaluation Materials. However, should Recipient provide MIPS with comments or suggestions for the modification, correction, improvement or enhancement of (a) the Evaluation Materials or (b) MIPS products or processes which may embody the Evaluation Materials, then Recipient agrees to grant and hereby grants to MIPS a non-exclusive, irrevocable, worldwide, fully paid-up, royalty-free license, with the right to sublicense MIPS’ licensees and customers, under Recipient’s Intellectual property rights, to use and disclose such comments and suggestions in any manner MIPS chooses and to display, perform, copy, make, have made, use, sell, offer to sell, import, and otherwise dispose of MIPS’ and its sublicensee’s products embodying such comments and suggestions in any manner and via any media MIPS chooses, without reference to the source.
build-android	Setup Android SDK	2026-08-01T14:00:10.2879177Z 
build-android	Setup Android SDK	2026-08-01T14:00:10.2880991Z 7. WARRANTY DISCLAIMER. MIPS AND ITS SUPPLIERS MAKE NO WARRANTIES WITH RESPECT TO EVALUATION MATERIALS, EITHER EXPRESS OR IMPLIED, INCLUDING ANY IMPLIED WARRANTIES OF MERCHANTABILITY OR FITNESS FOR A PARTICULAR PURPOSE, OR ANY IMPLIED WARRANTY OF NONINFRINGEMENT WITH RESPECT TO THIRD PARTY INTELLECTUAL PROPERTY. RECIPIENT ACKNOWLEDGES AND AGREES THAT THE EVALUATION MATERIALS ARE PROVIDED “AS IS,” WITHOUT WARRANTY OF ANY KIND.
build-android	Setup Android SDK	2026-08-01T14:00:10.2882234Z 
build-android	Setup Android SDK	2026-08-01T14:00:10.2884179Z 8. LIMITATION OF LIABILITY. MIPS AND ITS SUPPLIERS SHALL NOT BE LIABLE FOR ANY PROPERTY DAMAGE, PERSONAL INJURY, LOSS OF PROFITS, INTERRUPTION OF BUSINESS OR FOR ANY DIRECT, INDIRECT, SPECIAL, CONSEQUENTIAL OR INCIDENTAL DAMAGES, HOWEVER CAUSED OR ALLEGED, WHETHER FOR BREACH OF WARRANTY, CONTRACT, STRICT LIABILITY OR OTHERWISE, INCLUDING WITHOUT LIMITATION, UNDER TORT OR OTHER LEGAL THEORY. MIPS AND ITS SUPPLIERS DISCLAIM ANY AND ALL LIABILITY, INCLUDING LIABILITY FOR INFRINGEMENT OF ANY INTELLECTUAL PROPERTY RIGHTS OF ANY KIND RELATING TO THE EVALUATION MATERIALS.
build-android	Setup Android SDK	2026-08-01T14:00:10.2885869Z 
build-android	Setup Android SDK	2026-08-01T14:00:10.2886628Z 9. EXPIRATION. MIPS may terminate this Agreement immediately after a breach by Recipient or otherwise at MIPS’ reasonable discretion and upon five (5) business days’ notice to Recipient.
build-android	Setup Android SDK	2026-08-01T14:00:10.2887173Z 
build-android	Setup Android SDK	2026-08-01T14:00:10.2887265Z 10. GENERAL.
build-android	Setup Android SDK	2026-08-01T14:00:10.2887378Z 
build-android	Setup Android SDK	2026-08-01T14:00:10.2890874Z 10.1 Controlling Law. This Agreement shall be governed by California law excluding its choice of law rules. With the exception of MIPS’ rights to enforce its intellectual property rights and any confidentiality obligations under this Agreement or any licenses distributed with the Evaluation Materials, all disputes and any claims arising under or relating to this Agreement shall be subject to the exclusive jurisdiction and venue of the state and federal courts located in Santa Clara County, California. Each party hereby agrees to jurisdiction and venue in the courts set forth in the preceding sentence. The parties agree that the United Nations Convention on Contracts for the International Sale of Goods is specifically excluded from application to this Agreement. The parties consent to the personal jurisdiction of the above courts.
build-android	Setup Android SDK	2026-08-01T14:00:10.2893189Z 
build-android	Setup Android SDK	2026-08-01T14:00:10.2894858Z 10.2 Remedies. Recipient acknowledges and agrees that any breach of confidentiality obligations under this Agreement or any licenses distributed with the Evaluation Materials, as well as any disclosure, commercialization, or public use of the Evaluation Materials, would cause irreparable injury to MIPS, and therefore Recipient agrees to consent to, and hereby consents to, the grant of an injunction by any court of competent jurisdiction in the event of an actual or threatened breach.
build-android	Setup Android SDK	2026-08-01T14:00:10.2896382Z 
build-android	Setup Android SDK	2026-08-01T14:00:10.2898693Z 10.3 Assignment. Recipient may not delegate, assign or transfer this Agreement, the license granted or any of Recipient’s rights, obligations, or duties hereunder, expressly, by implication, by operation of law, by way of merger (regardless of whether Recipient is the surviving entity) or acquisition, or otherwise and any attempt to do so, without MIPS’ express prior written consent, shall be ineffective, null and void. MIPS may freely assign this Agreement, and its rights and obligations hereunder, in its sole discretion.
build-android	Setup Android SDK	2026-08-01T14:00:10.2900297Z 
build-android	Setup Android SDK	2026-08-01T14:00:10.2902413Z 10.4 Entire Agreement. This Agreement constitutes the entire agreement between Recipient and MIPS and supersedes in their entirety any and all oral or written agreements previously existing between Recipient and MIPS with respect to the subject matter hereof. This Agreement may only be amended or supplemented by a writing that refers explicitly to this Agreement and that is signed or otherwise accepted by duly authorized representatives of Recipient and MIPS.
build-android	Setup Android SDK	2026-08-01T14:00:10.2904028Z 
build-android	Setup Android SDK	2026-08-01T14:00:10.2905633Z 10.5 Severability. In the event that any provision of this Agreement is finally adjudicated to be unenforceable or invalid under any applicable law, such unenforceability or invalidity shall not render this Agreement unenforceable or invalid as a whole, and, in such event, such unenforceable or invalid provision shall be interpreted so as to best accomplish the objectives of such provision within the limits of applicable law or applicable court decisions.
build-android	Setup Android SDK	2026-08-01T14:00:10.2906914Z 
build-android	Setup Android SDK	2026-08-01T14:00:10.2912478Z 10.6 Export Regulations / Export Control. Recipient shall not export, either directly or indirectly, any product, service or technical data or system incorporating the Evaluation Materials without first obtaining any required license or other necessary approval from the U.S. Department of Commerce or any other governing agency or department of the United States Government. In the event any product is exported from the United States or re-exported from a foreign destination by Recipient, Recipient shall ensure that the distribution and export/re-export or import of the product is in compliance with all applicable laws, regulations, orders, or other restrictions of the U.S. Export Administration Regulations and the appropriate foreign government. Recipient agrees that neither it nor any of its subsidiaries will export/re-export any technical data, process, product, or service, directly or indirectly, to any country for which the United States government or any agency thereof or the foreign government from where it is shipping requires an export license, or other governmental approval, without first obtaining such license or approval. Recipient also agrees to implement measures to ensure that foreign national employees are authorized to receive any information controlled by U.S. export control laws. An export is "deemed" to take place when information is released to a foreign national wherever located.
build-android	Setup Android SDK	2026-08-01T14:00:10.2916752Z 
build-android	Setup Android SDK	2026-08-01T14:00:10.2920934Z 10.7 Special Terms for Pre-Release Materials. If so indicated in the description of the Evaluation Software, the Evaluation Software may contain Pre-Release Materials. Recipient hereby understands, acknowledges and agrees that: (i) Pre-Release Materials may not be fully tested and may contain bugs or errors; (ii) Pre-Release materials are not suitable for commercial release in their current state; (iii) regulatory approvals for Pre-Release Materials (such as UL or FCC) have not been obtained, and Pre-Release Materials may therefore not be certified for use in certain countries or environments or may not be suitable for certain applications and (iv) MIPS can provide no assurance that it will ever produce or make generally available a production version of the Pre-Release Materials . MIPS is not under any obligation to develop and/or release or offer for sale or license a final product based upon the Pre-Release Materials and may unilaterally elect to abandon the Pre-Release Materials or any such development platform at any time and without any obligation or liability whatsoever to Recipient or any other person.
build-android	Setup Android SDK	2026-08-01T14:00:10.2924342Z 
build-android	Setup Android SDK	2026-08-01T14:00:10.2925393Z ANY PRE-RELEASE MATERIALS ARE NON-QUALIFIED AND, AS SUCH, ARE PROVIDED “AS IS” AND “AS AVAILABLE”, POSSIBLY WITH FAULTS, AND WITHOUT REPRESENTATION OR WARRANTY OF ANY KIND.
build-android	Setup Android SDK	2026-08-01T14:00:10.2926174Z 
build-android	Setup Android SDK	2026-08-01T14:00:10.2929366Z 10.8 Open Source Software. In the event Open Source software is included with Evaluation Software, such Open Source software is licensed pursuant to the applicable Open Source software license agreement identified in the Open Source software comments in the applicable source code file(s) and/or file header as indicated in the Evaluation Software. Additional detail may be available (where applicable) in the accompanying on-line documentation. With respect to the Open Source software, nothing in this Agreement limits any rights under, or grants rights that supersede, the terms of any applicable Open Source software license agreement.
build-android	Setup Android SDK	2026-08-01T14:00:10.2932263Z ---------------------------------------
build-android	Setup Android SDK	2026-08-01T14:00:10.2932786Z Accept? (y/N): All SDK package licenses accepted
build-android	Setup Android SDK	2026-08-01T14:00:10.2933102Z 
build-android	Setup Android SDK	2026-08-01T14:00:10.2933515Z [command]/usr/local/lib/android/sdk/cmdline-tools/16.0/bin/sdkmanager tools
build-android	Setup Android SDK	2026-08-01T14:00:10.9700732Z Loading package information...                                                  
build-android	Setup Android SDK	2026-08-01T14:00:11.0598102Z Loading local repository...                                                     
build-android	Setup Android SDK	2026-08-01T14:00:11.0603552Z [                                       ] 3% Loading local repository...        
build-android	Setup Android SDK	2026-08-01T14:00:11.0709361Z [                                       ] 3% Fetch remote repository...         
build-android	Setup Android SDK	2026-08-01T14:00:11.2829309Z [=                                      ] 3% Fetch remote repository...         
build-android	Setup Android SDK	2026-08-01T14:00:11.3296610Z [=                                      ] 4% Fetch remote repository...         
build-android	Setup Android SDK	2026-08-01T14:00:11.3484237Z [=                                      ] 5% Fetch remote repository...         
build-android	Setup Android SDK	2026-08-01T14:00:11.3942186Z [==                                     ] 5% Fetch remote repository...         
build-android	Setup Android SDK	2026-08-01T14:00:11.4500271Z [==                                     ] 6% Fetch remote repository...         
build-android	Setup Android SDK	2026-08-01T14:00:11.4947519Z [==                                     ] 7% Fetch remote repository...         
build-android	Setup Android SDK	2026-08-01T14:00:11.4970122Z [==                                     ] 7% Computing updates...               
build-android	Setup Android SDK	2026-08-01T14:00:11.5071694Z [===                                    ] 8% Computing updates...               
build-android	Setup Android SDK	2026-08-01T14:00:11.5190254Z [===                                    ] 10% Computing updates...              
build-android	Setup Android SDK	2026-08-01T14:00:11.8045594Z [===                                    ] 10% Installing Android Emulator       
build-android	Setup Android SDK	2026-08-01T14:00:11.9136101Z [===                                    ] 10% Downloading emulator-linux_x64-159
build-android	Setup Android SDK	2026-08-01T14:00:12.0227939Z [====                                   ] 10% Downloading emulator-linux_x64-159
build-android	Setup Android SDK	2026-08-01T14:00:12.2505711Z [====                                   ] 11% Downloading emulator-linux_x64-159
build-android	Setup Android SDK	2026-08-01T14:00:12.5017617Z [====                                   ] 12% Downloading emulator-linux_x64-159
build-android	Setup Android SDK	2026-08-01T14:00:12.7480270Z [=====                                  ] 13% Downloading emulator-linux_x64-159
build-android	Setup Android SDK	2026-08-01T14:00:12.9519282Z [=====                                  ] 14% Downloading emulator-linux_x64-159
build-android	Setup Android SDK	2026-08-01T14:00:13.1054810Z [=====                                  ] 15% Downloading emulator-linux_x64-159
build-android	Setup Android SDK	2026-08-01T14:00:13.2078218Z [======                                 ] 15% Downloading emulator-linux_x64-159
build-android	Setup Android SDK	2026-08-01T14:00:13.4475050Z [======                                 ] 16% Downloading emulator-linux_x64-159
build-android	Setup Android SDK	2026-08-01T14:00:13.6810422Z [======                                 ] 17% Downloading emulator-linux_x64-159
build-android	Setup Android SDK	2026-08-01T14:00:13.9511837Z [=======                                ] 18% Downloading emulator-linux_x64-159
build-android	Setup Android SDK	2026-08-01T14:00:14.2095048Z [=======                                ] 19% Downloading emulator-linux_x64-159
build-android	Setup Android SDK	2026-08-01T14:00:14.3093574Z [=======                                ] 20% Downloading emulator-linux_x64-159
build-android	Setup Android SDK	2026-08-01T14:00:14.4410725Z [========                               ] 20% Downloading emulator-linux_x64-159
build-android	Setup Android SDK	2026-08-01T14:00:14.6115122Z [========                               ] 21% Downloading emulator-linux_x64-159
build-android	Setup Android SDK	2026-08-01T14:00:14.6800262Z [========                               ] 21% Unzipping...                      
build-android	Setup Android SDK	2026-08-01T14:00:14.6801285Z [========                               ] 21% Unzipping... emulator/            
build-android	Setup Android SDK	2026-08-01T14:00:14.6802072Z [========                               ] 21% Unzipping... emulator/resources/  
build-android	Setup Android SDK	2026-08-01T14:00:14.7445581Z [========                               ] 21% Unzipping... emulator/qsn         
build-android	Setup Android SDK	2026-08-01T14:00:14.8131980Z [========                               ] 21% Unzipping... emulator/emulator    
build-android	Setup Android SDK	2026-08-01T14:00:14.8468283Z [========                               ] 21% Unzipping... emulator/netsimd     
build-android	Setup Android SDK	2026-08-01T14:00:14.9428988Z [========                               ] 22% Unzipping... emulator/netsimd     
build-android	Setup Android SDK	2026-08-01T14:00:14.9450239Z [========                               ] 22% Unzipping... emulator/bin64/      
build-android	Setup Android SDK	2026-08-01T14:00:14.9451060Z [========                               ] 22% Unzipping... emulator/qemu/       
build-android	Setup Android SDK	2026-08-01T14:00:14.9451753Z [========                               ] 22% Unzipping... emulator/NOTICE.txt  
build-android	Setup Android SDK	2026-08-01T14:00:14.9679510Z [========                               ] 22% Unzipping... emulator/crashpad_han
build-android	Setup Android SDK	2026-08-01T14:00:14.9681468Z [========                               ] 22% Unzipping... emulator/source.prope
build-android	Setup Android SDK	2026-08-01T14:00:15.0402267Z [========                               ] 22% Unzipping... emulator/nimble_bridg
build-android	Setup Android SDK	2026-08-01T14:00:15.0404328Z [========                               ] 22% Unzipping... emulator/LICENSE     
build-android	Setup Android SDK	2026-08-01T14:00:15.0405096Z [========                               ] 22% Unzipping... emulator/lib/        
build-android	Setup Android SDK	2026-08-01T14:00:15.0502583Z [========                               ] 22% Unzipping... emulator/qemu-img    
build-android	Setup Android SDK	2026-08-01T14:00:15.0504031Z [========                               ] 22% Unzipping... emulator/include/    
build-android	Setup Android SDK	2026-08-01T14:00:15.0506901Z [========                               ] 22% Unzipping... emulator/NOTICE.csv  
build-android	Setup Android SDK	2026-08-01T14:00:15.0508868Z [========                               ] 22% Unzipping... emulator/lib64/      
build-android	Setup Android SDK	2026-08-01T14:00:15.0705758Z [========                               ] 22% Unzipping... emulator/emulator-che
build-android	Setup Android SDK	2026-08-01T14:00:15.0944721Z [========                               ] 22% Unzipping... emulator/crashreport 
build-android	Setup Android SDK	2026-08-01T14:00:15.0946147Z [========                               ] 22% Unzipping... emulator/mksdcard    
build-android	Setup Android SDK	2026-08-01T14:00:15.1170329Z [========                               ] 22% Unzipping... emulator/resources/To
build-android	Setup Android SDK	2026-08-01T14:00:15.1190119Z [========                               ] 22% Unzipping... emulator/resources/de
build-android	Setup Android SDK	2026-08-01T14:00:15.1760509Z [========                               ] 22% Unzipping... emulator/resources/To
build-android	Setup Android SDK	2026-08-01T14:00:15.1761049Z [========                               ] 22% Unzipping... emulator/resources/ma
build-android	Setup Android SDK	2026-08-01T14:00:15.1799086Z [========                               ] 22% Unzipping... emulator/resources/de
build-android	Setup Android SDK	2026-08-01T14:00:15.1799881Z [========                               ] 22% Unzipping... emulator/resources/sk
build-android	Setup Android SDK	2026-08-01T14:00:15.1832706Z [========                               ] 22% Unzipping... emulator/resources/de
build-android	Setup Android SDK	2026-08-01T14:00:15.1833482Z [========                               ] 22% Unzipping... emulator/resources/ma
build-android	Setup Android SDK	2026-08-01T14:00:15.1858019Z [========                               ] 22% Unzipping... emulator/resources/po
build-android	Setup Android SDK	2026-08-01T14:00:15.1927501Z [========                               ] 22% Unzipping... emulator/resources/ma
build-android	Setup Android SDK	2026-08-01T14:00:15.1994865Z [========                               ] 22% Unzipping... emulator/resources/sk
build-android	Setup Android SDK	2026-08-01T14:00:15.2308130Z [========                               ] 22% Unzipping... emulator/resources/ma
build-android	Setup Android SDK	2026-08-01T14:00:15.2346503Z [========                               ] 22% Unzipping... emulator/bin64/e2fsck
build-android	Setup Android SDK	2026-08-01T14:00:15.2385589Z [========                               ] 22% Unzipping... emulator/bin64/fsck.e
build-android	Setup Android SDK	2026-08-01T14:00:15.2411172Z [========                               ] 22% Unzipping... emulator/bin64/tune2f
build-android	Setup Android SDK	2026-08-01T14:00:15.2425301Z [========                               ] 22% Unzipping... emulator/bin64/resize
build-android	Setup Android SDK	2026-08-01T14:00:15.2451118Z [========                               ] 22% Unzipping... emulator/bin64/mkfs.e
build-android	Setup Android SDK	2026-08-01T14:00:15.2565350Z [========                               ] 22% Unzipping... emulator/qemu/linux-x
build-android	Setup Android SDK	2026-08-01T14:00:15.8727677Z [=========                              ] 23% Unzipping... emulator/qemu/linux-x
build-android	Setup Android SDK	2026-08-01T14:00:16.4651193Z [=========                              ] 24% Unzipping... emulator/qemu/linux-x
build-android	Setup Android SDK	2026-08-01T14:00:16.7234868Z [=========                              ] 25% Unzipping... emulator/qemu/linux-x
build-android	Setup Android SDK	2026-08-01T14:00:17.0044070Z [==========                             ] 25% Unzipping... emulator/qemu/linux-x
build-android	Setup Android SDK	2026-08-01T14:00:17.0045501Z [==========                             ] 25% Unzipping... emulator/lib/emulator
build-android	Setup Android SDK	2026-08-01T14:00:17.0047938Z [==========                             ] 25% Unzipping... emulator/lib/rtc_serv
build-android	Setup Android SDK	2026-08-01T14:00:17.0053829Z [==========                             ] 25% Unzipping... emulator/lib/advanced
build-android	Setup Android SDK	2026-08-01T14:00:17.0054534Z [==========                             ] 25% Unzipping... emulator/lib/cmake/  
build-android	Setup Android SDK	2026-08-01T14:00:17.0057486Z [==========                             ] 25% Unzipping... emulator/lib/emulator
build-android	Setup Android SDK	2026-08-01T14:00:17.0059553Z [==========                             ] 25% Unzipping... emulator/lib/control_
build-android	Setup Android SDK	2026-08-01T14:00:17.0061048Z [==========                             ] 25% Unzipping... emulator/lib/emulated
build-android	Setup Android SDK	2026-08-01T14:00:17.0063472Z [==========                             ] 25% Unzipping... emulator/lib/rtc_serv
build-android	Setup Android SDK	2026-08-01T14:00:17.0065740Z [==========                             ] 25% Unzipping... emulator/lib/emu-orig
build-android	Setup Android SDK	2026-08-01T14:00:17.0069255Z [==========                             ] 25% Unzipping... emulator/lib/hardware
build-android	Setup Android SDK	2026-08-01T14:00:17.0069941Z [==========                             ] 25% Unzipping... emulator/lib/pkgconfi
build-android	Setup Android SDK	2026-08-01T14:00:17.0070704Z [==========                             ] 25% Unzipping... emulator/lib/pc-bios/
build-android	Setup Android SDK	2026-08-01T14:00:17.0073077Z [==========                             ] 25% Unzipping... emulator/lib/snapshot
build-android	Setup Android SDK	2026-08-01T14:00:17.0076165Z [==========                             ] 25% Unzipping... emulator/lib/adb_serv
build-android	Setup Android SDK	2026-08-01T14:00:17.0085346Z [==========                             ] 25% Unzipping... emulator/lib/hostapd.
build-android	Setup Android SDK	2026-08-01T14:00:17.0086133Z [==========                             ] 25% Unzipping... emulator/lib/grpc_end
build-android	Setup Android SDK	2026-08-01T14:00:17.0409239Z [==========                             ] 25% Unzipping... emulator/lib/ca-bundl
build-android	Setup Android SDK	2026-08-01T14:00:17.0410025Z [==========                             ] 25% Unzipping... emulator/lib/ui_contr
build-android	Setup Android SDK	2026-08-01T14:00:17.0413899Z [==========                             ] 25% Unzipping... emulator/lib/snapshot
build-android	Setup Android SDK	2026-08-01T14:00:17.0416115Z [==========                             ] 25% Unzipping... emulator/lib/ice_conf
build-android	Setup Android SDK	2026-08-01T14:00:17.0577941Z [==========                             ] 25% Unzipping... emulator/lib/libflatb
build-android	Setup Android SDK	2026-08-01T14:00:17.1076542Z [==========                             ] 26% Unzipping... emulator/lib/libflatb
build-android	Setup Android SDK	2026-08-01T14:00:17.1084981Z [==========                             ] 26% Unzipping... emulator/lib/emulator
build-android	Setup Android SDK	2026-08-01T14:00:17.1093634Z [==========                             ] 26% Unzipping... emulator/lib/waterfal
build-android	Setup Android SDK	2026-08-01T14:00:17.1120036Z [==========                             ] 26% Unzipping... emulator/lib/emulated
build-android	Setup Android SDK	2026-08-01T14:00:17.1125892Z [==========                             ] 26% Unzipping... emulator/lib/cmake/fl
build-android	Setup Android SDK	2026-08-01T14:00:17.1126510Z [==========                             ] 26% Unzipping... emulator/lib/pkgconfi
build-android	Setup Android SDK	2026-08-01T14:00:17.2056890Z [==========                             ] 26% Unzipping... emulator/lib/pc-bios/
build-android	Setup Android SDK	2026-08-01T14:00:17.2216583Z [==========                             ] 26% Unzipping... emulator/include/flat
build-android	Setup Android SDK	2026-08-01T14:00:17.2320561Z [==========                             ] 26% Unzipping... emulator/lib64/libgli
build-android	Setup Android SDK	2026-08-01T14:00:17.2473710Z [==========                             ] 26% Unzipping... emulator/lib64/libpro
build-android	Setup Android SDK	2026-08-01T14:00:17.2474562Z [==========                             ] 26% Unzipping... emulator/lib64/qt/   
build-android	Setup Android SDK	2026-08-01T14:00:17.2954755Z [==========                             ] 26% Unzipping... emulator/lib64/liband
build-android	Setup Android SDK	2026-08-01T14:00:17.3805578Z [==========                             ] 26% Unzipping... emulator/lib64/libgfx
build-android	Setup Android SDK	2026-08-01T14:00:17.3806438Z [==========                             ] 26% Unzipping... emulator/lib64/gles_l
build-android	Setup Android SDK	2026-08-01T14:00:17.3807385Z [==========                             ] 26% Unzipping... emulator/lib64/liband
build-android	Setup Android SDK	2026-08-01T14:00:17.3808080Z [==========                             ] 26% Unzipping... emulator/lib64/vulkan
build-android	Setup Android SDK	2026-08-01T14:00:17.3808992Z [==========                             ] 26% Unzipping... emulator/lib64/gles_s
build-android	Setup Android SDK	2026-08-01T14:00:17.3810051Z [==========                             ] 26% Unzipping... emulator/lib64/libemu
build-android	Setup Android SDK	2026-08-01T14:00:17.3950112Z [==========                             ] 26% Unzipping... emulator/lib64/libpro
build-android	Setup Android SDK	2026-08-01T14:00:17.6519560Z [==========                             ] 26% Unzipping... emulator/lib64/liband
build-android	Setup Android SDK	2026-08-01T14:00:17.6539770Z [==========                             ] 26% Unzipping... emulator/lib64/libtcm
build-android	Setup Android SDK	2026-08-01T14:00:17.6543280Z [==========                             ] 26% Unzipping... emulator/lib64/libima
build-android	Setup Android SDK	2026-08-01T14:00:17.6617547Z [==========                             ] 26% Unzipping... emulator/lib64/libc++
build-android	Setup Android SDK	2026-08-01T14:00:17.6935742Z [==========                             ] 26% Unzipping... emulator/lib64/liband
build-android	Setup Android SDK	2026-08-01T14:00:17.6986851Z [==========                             ] 26% Unzipping... emulator/lib64/libabs
build-android	Setup Android SDK	2026-08-01T14:00:17.6987871Z [==========                             ] 26% Unzipping... emulator/lib64/gles_a
build-android	Setup Android SDK	2026-08-01T14:00:17.7124450Z [==========                             ] 26% Unzipping... emulator/lib64/libsha
build-android	Setup Android SDK	2026-08-01T14:00:17.7224278Z [==========                             ] 26% Unzipping... emulator/lib64/libc++
build-android	Setup Android SDK	2026-08-01T14:00:17.7224983Z [==========                             ] 26% Unzipping... emulator/lib64/qt/res
build-android	Setup Android SDK	2026-08-01T14:00:17.7225590Z [==========                             ] 26% Unzipping... emulator/lib64/qt/lib
build-android	Setup Android SDK	2026-08-01T14:00:17.7226184Z [==========                             ] 26% Unzipping... emulator/lib64/qt/tra
build-android	Setup Android SDK	2026-08-01T14:00:17.7226743Z [==========                             ] 26% Unzipping... emulator/lib64/qt/plu
build-android	Setup Android SDK	2026-08-01T14:00:17.7245119Z [==========                             ] 26% Unzipping... emulator/lib64/qt/res
build-android	Setup Android SDK	2026-08-01T14:00:17.8616122Z [==========                             ] 27% Unzipping... emulator/lib64/qt/res
build-android	Setup Android SDK	2026-08-01T14:00:17.9900771Z [==========                             ] 27% Unzipping... emulator/lib64/qt/lib
build-android	Setup Android SDK	2026-08-01T14:00:18.5108581Z [===========                            ] 28% Unzipping... emulator/lib64/qt/lib
build-android	Setup Android SDK	2026-08-01T14:00:18.9895944Z [===========                            ] 29% Unzipping... emulator/lib64/qt/lib
build-android	Setup Android SDK	2026-08-01T14:00:19.9983262Z [===========                            ] 30% Unzipping... emulator/lib64/qt/lib
build-android	Setup Android SDK	2026-08-01T14:00:20.1886345Z [============                           ] 30% Unzipping... emulator/lib64/qt/lib
build-android	Setup Android SDK	2026-08-01T14:00:20.2949322Z [============                           ] 30% Unzipping... emulator/lib64/qt/tra
build-android	Setup Android SDK	2026-08-01T14:00:20.3579509Z [============                           ] 31% Unzipping... emulator/lib64/qt/tra
build-android	Setup Android SDK	2026-08-01T14:00:20.3904118Z [============                           ] 31% Unzipping... emulator/lib64/qt/plu
build-android	Setup Android SDK	2026-08-01T14:00:20.4951193Z [============                           ] 31% Unzipping... emulator/lib64/gles_l
build-android	Setup Android SDK	2026-08-01T14:00:20.7887805Z [============                           ] 31% Unzipping... emulator/lib64/vulkan
build-android	Setup Android SDK	2026-08-01T14:00:21.5828092Z [============                           ] 32% Unzipping... emulator/lib64/vulkan
build-android	Setup Android SDK	2026-08-01T14:00:21.7211520Z [============                           ] 32% Unzipping... emulator/lib64/gles_s
build-android	Setup Android SDK	2026-08-01T14:00:21.7920233Z [============                           ] 32% Unzipping... emulator/lib64/gles_a
build-android	Setup Android SDK	2026-08-01T14:00:21.8878490Z [=============                          ] 33% Unzipping... emulator/lib64/gles_a
build-android	Setup Android SDK	2026-08-01T14:00:22.3672506Z [=====================                  ] 55% Unzipping... emulator/lib64/gles_a
build-android	Setup Android SDK	2026-08-01T14:00:22.4401579Z [=====================                  ] 55% Installing Android SDK Tools emula
build-android	Setup Android SDK	2026-08-01T14:00:22.4545950Z [=====================                  ] 55% Downloading sdk-tools-linux-433379
build-android	Setup Android SDK	2026-08-01T14:00:22.4965883Z [======================                 ] 55% Downloading sdk-tools-linux-433379
build-android	Setup Android SDK	2026-08-01T14:00:22.6627991Z [======================                 ] 56% Downloading sdk-tools-linux-433379
build-android	Setup Android SDK	2026-08-01T14:00:22.7769149Z [======================                 ] 57% Downloading sdk-tools-linux-433379
build-android	Setup Android SDK	2026-08-01T14:00:22.8949934Z [=======================                ] 58% Downloading sdk-tools-linux-433379
build-android	Setup Android SDK	2026-08-01T14:00:22.9958522Z [=======================                ] 59% Downloading sdk-tools-linux-433379
build-android	Setup Android SDK	2026-08-01T14:00:23.0632065Z [=======================                ] 60% Downloading sdk-tools-linux-433379
build-android	Setup Android SDK	2026-08-01T14:00:23.1199410Z [========================               ] 60% Downloading sdk-tools-linux-433379
build-android	Setup Android SDK	2026-08-01T14:00:23.2664438Z [========================               ] 61% Downloading sdk-tools-linux-433379
build-android	Setup Android SDK	2026-08-01T14:00:23.3822422Z [========================               ] 62% Downloading sdk-tools-linux-433379
build-android	Setup Android SDK	2026-08-01T14:00:23.4835510Z [=========================              ] 63% Downloading sdk-tools-linux-433379
build-android	Setup Android SDK	2026-08-01T14:00:23.5955794Z [=========================              ] 64% Downloading sdk-tools-linux-433379
build-android	Setup Android SDK	2026-08-01T14:00:23.6431206Z [=========================              ] 65% Downloading sdk-tools-linux-433379
build-android	Setup Android SDK	2026-08-01T14:00:23.7069256Z [==========================             ] 65% Downloading sdk-tools-linux-433379
build-android	Setup Android SDK	2026-08-01T14:00:23.7907206Z [==========================             ] 66% Downloading sdk-tools-linux-433379
build-android	Setup Android SDK	2026-08-01T14:00:23.8341839Z [==========================             ] 66% Unzipping... emulator/lib64/gles_a
build-android	Setup Android SDK	2026-08-01T14:00:23.8344770Z [==========================             ] 66% Unzipping... tools/               
build-android	Setup Android SDK	2026-08-01T14:00:23.8345708Z [==========================             ] 66% Unzipping... tools/proguard/      
build-android	Setup Android SDK	2026-08-01T14:00:23.8346585Z [==========================             ] 66% Unzipping... tools/proguard/licens
build-android	Setup Android SDK	2026-08-01T14:00:23.8347372Z [==========================             ] 66% Unzipping... tools/proguard/lib/  
build-android	Setup Android SDK	2026-08-01T14:00:23.8389592Z [==========================             ] 66% Unzipping... tools/proguard/lib/pr
build-android	Setup Android SDK	2026-08-01T14:00:23.8392126Z [==========================             ] 66% Unzipping... tools/proguard/lib/re
build-android	Setup Android SDK	2026-08-01T14:00:23.8404714Z [==========================             ] 66% Unzipping... tools/proguard/lib/pr
build-android	Setup Android SDK	2026-08-01T14:00:23.8407225Z [==========================             ] 66% Unzipping... tools/proguard/ant/  
build-android	Setup Android SDK	2026-08-01T14:00:23.8408093Z [==========================             ] 66% Unzipping... tools/proguard/ant/ta
build-android	Setup Android SDK	2026-08-01T14:00:23.8409772Z [==========================             ] 66% Unzipping... tools/proguard/docs/ 
build-android	Setup Android SDK	2026-08-01T14:00:23.8410637Z [==========================             ] 66% Unzipping... tools/proguard/docs/f
build-android	Setup Android SDK	2026-08-01T14:00:23.8416364Z [==========================             ] 66% Unzipping... tools/proguard/docs/s
build-android	Setup Android SDK	2026-08-01T14:00:23.8418258Z [==========================             ] 66% Unzipping... tools/proguard/docs/d
build-android	Setup Android SDK	2026-08-01T14:00:23.8420422Z [==========================             ] 66% Unzipping... tools/proguard/docs/s
build-android	Setup Android SDK	2026-08-01T14:00:23.8422772Z [==========================             ] 66% Unzipping... tools/proguard/docs/F
build-android	Setup Android SDK	2026-08-01T14:00:23.8426954Z [==========================             ] 66% Unzipping... tools/proguard/docs/s
build-android	Setup Android SDK	2026-08-01T14:00:23.8428437Z [==========================             ] 66% Unzipping... tools/proguard/docs/l
build-android	Setup Android SDK	2026-08-01T14:00:23.8432519Z [==========================             ] 66% Unzipping... tools/proguard/docs/s
build-android	Setup Android SDK	2026-08-01T14:00:23.8435634Z [==========================             ] 66% Unzipping... tools/proguard/docs/d
build-android	Setup Android SDK	2026-08-01T14:00:23.8440930Z [==========================             ] 66% Unzipping... tools/proguard/docs/s
build-android	Setup Android SDK	2026-08-01T14:00:23.8443047Z [==========================             ] 66% Unzipping... tools/proguard/docs/r
build-android	Setup Android SDK	2026-08-01T14:00:23.8444470Z [==========================             ] 66% Unzipping... tools/proguard/docs/d
build-android	Setup Android SDK	2026-08-01T14:00:23.8446071Z [==========================             ] 66% Unzipping... tools/proguard/docs/t
build-android	Setup Android SDK	2026-08-01T14:00:23.8447377Z [==========================             ] 66% Unzipping... tools/proguard/docs/f
build-android	Setup Android SDK	2026-08-01T14:00:23.8454835Z [==========================             ] 66% Unzipping... tools/proguard/docs/s
build-android	Setup Android SDK	2026-08-01T14:00:23.8455504Z [==========================             ] 66% Unzipping... tools/proguard/docs/t
build-android	Setup Android SDK	2026-08-01T14:00:23.8455985Z [==========================             ] 66% Unzipping... tools/proguard/docs/i
build-android	Setup Android SDK	2026-08-01T14:00:23.8460592Z [==========================             ] 66% Unzipping... tools/proguard/docs/s
build-android	Setup Android SDK	2026-08-01T14:00:23.8462093Z [==========================             ] 66% Unzipping... tools/proguard/docs/m
build-android	Setup Android SDK	2026-08-01T14:00:23.8462833Z [==========================             ] 66% Unzipping... tools/proguard/docs/s
build-android	Setup Android SDK	2026-08-01T14:00:23.8464237Z [==========================             ] 66% Unzipping... tools/proguard/docs/q
build-android	Setup Android SDK	2026-08-01T14:00:23.8466672Z [==========================             ] 66% Unzipping... tools/proguard/docs/G
build-android	Setup Android SDK	2026-08-01T14:00:23.8467206Z [==========================             ] 66% Unzipping... tools/proguard/docs/t
build-android	Setup Android SDK	2026-08-01T14:00:23.8482156Z [==========================             ] 66% Unzipping... tools/proguard/docs/s
build-android	Setup Android SDK	2026-08-01T14:00:23.8507622Z [==========================             ] 66% Unzipping... tools/proguard/docs/m
build-android	Setup Android SDK	2026-08-01T14:00:23.8508527Z [==========================             ] 66% Unzipping... tools/proguard/docs/s
build-android	Setup Android SDK	2026-08-01T14:00:23.8509951Z [==========================             ] 66% Unzipping... tools/proguard/docs/G
build-android	Setup Android SDK	2026-08-01T14:00:23.8510967Z [==========================             ] 66% Unzipping... tools/proguard/docs/c
build-android	Setup Android SDK	2026-08-01T14:00:23.8514962Z [==========================             ] 66% Unzipping... tools/proguard/docs/a
build-android	Setup Android SDK	2026-08-01T14:00:23.8586053Z [==========================             ] 66% Unzipping... tools/proguard/docs/s
build-android	Setup Android SDK	2026-08-01T14:00:23.8586646Z [==========================             ] 66% Unzipping... tools/proguard/docs/d
build-android	Setup Android SDK	2026-08-01T14:00:23.8646600Z [==========================             ] 66% Unzipping... tools/proguard/exampl
build-android	Setup Android SDK	2026-08-01T14:00:23.8647090Z [==========================             ] 66% Unzipping... tools/proguard/bin/  
build-android	Setup Android SDK	2026-08-01T14:00:23.8648108Z [==========================             ] 66% Unzipping... tools/proguard/bin/pr
build-android	Setup Android SDK	2026-08-01T14:00:23.8649212Z [==========================             ] 66% Unzipping... tools/proguard/bin/re
build-android	Setup Android SDK	2026-08-01T14:00:23.8650654Z [==========================             ] 66% Unzipping... tools/proguard/README
build-android	Setup Android SDK	2026-08-01T14:00:23.8695766Z [==========================             ] 66% Unzipping... tools/proguard/progua
build-android	Setup Android SDK	2026-08-01T14:00:23.8696306Z [==========================             ] 66% Unzipping... tools/lib/           
build-android	Setup Android SDK	2026-08-01T14:00:23.8740130Z [==========================             ] 66% Unzipping... tools/lib/bcpkix-jdk1
build-android	Setup Android SDK	2026-08-01T14:00:23.8769258Z [==========================             ] 66% Unzipping... tools/lib/org-eclipse
build-android	Setup Android SDK	2026-08-01T14:00:23.8770402Z [==========================             ] 66% Unzipping... tools/lib/manifest-me
build-android	Setup Android SDK	2026-08-01T14:00:23.8779794Z [==========================             ] 66% Unzipping... tools/lib/jcommander-
build-android	Setup Android SDK	2026-08-01T14:00:23.8792843Z [==========================             ] 66% Unzipping... tools/lib/gson-2.3.ja
build-android	Setup Android SDK	2026-08-01T14:00:23.8805725Z [==========================             ] 66% Unzipping... tools/lib/ddms-26.0.0
build-android	Setup Android SDK	2026-08-01T14:00:23.8806660Z [==========================             ] 66% Unzipping... tools/lib/asm-tree-5.
build-android	Setup Android SDK	2026-08-01T14:00:23.8860602Z [==========================             ] 66% Unzipping... tools/lib/uast-26.0.0
build-android	Setup Android SDK	2026-08-01T14:00:23.8870590Z [==========================             ] 66% Unzipping... tools/lib/dexlib2-2.2
build-android	Setup Android SDK	2026-08-01T14:00:23.8921193Z [==========================             ] 67% Unzipping... tools/lib/dexlib2-2.2
build-android	Setup Android SDK	2026-08-01T14:00:23.8923605Z [==========================             ] 67% Unzipping... tools/lib/android.el 
build-android	Setup Android SDK	2026-08-01T14:00:23.8929217Z [==========================             ] 67% Unzipping... tools/lib/apkanalyzer
build-android	Setup Android SDK	2026-08-01T14:00:23.9091337Z [==========================             ] 67% Unzipping... tools/lib/guava-22.0.
build-android	Setup Android SDK	2026-08-01T14:00:23.9129753Z [==========================             ] 67% Unzipping... tools/lib/lint-api-26
build-android	Setup Android SDK	2026-08-01T14:00:23.9139081Z [==========================             ] 67% Unzipping... tools/lib/baksmali-2.
build-android	Setup Android SDK	2026-08-01T14:00:23.9142646Z [==========================             ] 67% Unzipping... tools/lib/shared.jar 
build-android	Setup Android SDK	2026-08-01T14:00:23.9146357Z [==========================             ] 67% Unzipping... tools/lib/jsr305-1.3.
build-android	Setup Android SDK	2026-08-01T14:00:23.9176388Z [==========================             ] 67% Unzipping... tools/lib/httpclient-
build-android	Setup Android SDK	2026-08-01T14:00:23.9321681Z [==========================             ] 67% Unzipping... tools/lib/ecj-4.6.1.j
build-android	Setup Android SDK	2026-08-01T14:00:23.9325069Z [==========================             ] 67% Unzipping... tools/lib/jobb-26.0.0
build-android	Setup Android SDK	2026-08-01T14:00:23.9346926Z [==========================             ] 67% Unzipping... tools/lib/jcommon-1.0
build-android	Setup Android SDK	2026-08-01T14:00:23.9351003Z [==========================             ] 67% Unzipping... tools/lib/kxml2-2.3.0
build-android	Setup Android SDK	2026-08-01T14:00:23.9433567Z [==========================             ] 67% Unzipping... tools/lib/jfreechart-
build-android	Setup Android SDK	2026-08-01T14:00:23.9446543Z [==========================             ] 67% Unzipping... tools/lib/common-26.0
build-android	Setup Android SDK	2026-08-01T14:00:23.9518316Z [==========================             ] 67% Unzipping... tools/lib/lint-checks
build-android	Setup Android SDK	2026-08-01T14:00:23.9665797Z [==========================             ] 67% Unzipping... tools/lib/kotlin-refl
build-android	Setup Android SDK	2026-08-01T14:00:23.9668594Z [==========================             ] 67% Unzipping... tools/lib/builder-mod
build-android	Setup Android SDK	2026-08-01T14:00:23.9711831Z [==========================             ] 67% Unzipping... tools/lib/sdklib-26.0
build-android	Setup Android SDK	2026-08-01T14:00:23.9718628Z [==========================             ] 67% Unzipping... tools/lib/layoutlib-a
build-android	Setup Android SDK	2026-08-01T14:00:23.9723308Z [==========================             ] 67% Unzipping... tools/lib/annotations
build-android	Setup Android SDK	2026-08-01T14:00:23.9731697Z [==========================             ] 67% Unzipping... tools/lib/fat32lib.ja
build-android	Setup Android SDK	2026-08-01T14:00:23.9732845Z [==========================             ] 67% Unzipping... tools/lib/jsr305-3.0.
build-android	Setup Android SDK	2026-08-01T14:00:23.9809803Z [==========================             ] 67% Unzipping... tools/lib/org-eclipse
build-android	Setup Android SDK	2026-08-01T14:00:23.9810425Z [==========================             ] 67% Unzipping... tools/lib/error_prone
build-android	Setup Android SDK	2026-08-01T14:00:23.9815142Z [==========================             ] 67% Unzipping... tools/lib/org-eclipse
build-android	Setup Android SDK	2026-08-01T14:00:23.9816995Z [==========================             ] 67% Unzipping... tools/lib/animal-snif
build-android	Setup Android SDK	2026-08-01T14:00:23.9865311Z [==========================             ] 67% Unzipping... tools/lib/asset-studi
build-android	Setup Android SDK	2026-08-01T14:00:23.9899254Z [===========================            ] 68% Unzipping... tools/lib/asset-studi
build-android	Setup Android SDK	2026-08-01T14:00:23.9916639Z [===========================            ] 68% Unzipping... tools/lib/repository-
build-android	Setup Android SDK	2026-08-01T14:00:23.9920100Z [===========================            ] 68% Unzipping... tools/lib/dvlib-26.0.
build-android	Setup Android SDK	2026-08-01T14:00:23.9958052Z [===========================            ] 68% Unzipping... tools/lib/jsilver-1.0
build-android	Setup Android SDK	2026-08-01T14:00:23.9963138Z [===========================            ] 68% Unzipping... tools/lib/asm-5.1.jar
build-android	Setup Android SDK	2026-08-01T14:00:23.9965129Z [===========================            ] 68% Unzipping... tools/lib/devices.xml
build-android	Setup Android SDK	2026-08-01T14:00:23.9967532Z [===========================            ] 68% Unzipping... tools/lib/asm-analysi
build-android	Setup Android SDK	2026-08-01T14:00:23.9994596Z [===========================            ] 68% Unzipping... tools/lib/hierarchyvi
build-android	Setup Android SDK	2026-08-01T14:00:24.0002280Z [===========================            ] 68% Unzipping... tools/lib/monkeyrunne
build-android	Setup Android SDK	2026-08-01T14:00:24.0010775Z [===========================            ] 68% Unzipping... tools/lib/uiautomator
build-android	Setup Android SDK	2026-08-01T14:00:24.0013935Z [===========================            ] 68% Unzipping... tools/lib/archquery-2
build-android	Setup Android SDK	2026-08-01T14:00:24.0014875Z [===========================            ] 68% Unzipping... tools/lib/chimpchat-2
build-android	Setup Android SDK	2026-08-01T14:00:24.0017439Z [===========================            ] 68% Unzipping... tools/lib/explainer.j
build-android	Setup Android SDK	2026-08-01T14:00:24.0041478Z [===========================            ] 68% Unzipping... tools/lib/ddmlib-26.0
build-android	Setup Android SDK	2026-08-01T14:00:24.0044009Z [===========================            ] 68% Unzipping... tools/lib/swtmenubar-
build-android	Setup Android SDK	2026-08-01T14:00:24.0124934Z [===========================            ] 68% Unzipping... tools/lib/osgi-4.0.0.
build-android	Setup Android SDK	2026-08-01T14:00:24.0125904Z [===========================            ] 68% Unzipping... tools/lib/x86_64/    
build-android	Setup Android SDK	2026-08-01T14:00:24.0225260Z [===========================            ] 68% Unzipping... tools/lib/x86_64/swt.
build-android	Setup Android SDK	2026-08-01T14:00:24.0709942Z [===========================            ] 68% Unzipping... tools/lib/monitor-x86
build-android	Setup Android SDK	2026-08-01T14:00:24.1647923Z [===========================            ] 69% Unzipping... tools/lib/monitor-x86
build-android	Setup Android SDK	2026-08-01T14:00:24.2530514Z [===========================            ] 70% Unzipping... tools/lib/monitor-x86
build-android	Setup Android SDK	2026-08-01T14:00:24.2961082Z [============================           ] 70% Unzipping... tools/lib/monitor-x86
build-android	Setup Android SDK	2026-08-01T14:00:24.5175836Z [============================           ] 71% Unzipping... tools/lib/monitor-x86
build-android	Setup Android SDK	2026-08-01T14:00:24.5177739Z [============================           ] 71% Unzipping... tools/lib/httpmime-4.
build-android	Setup Android SDK	2026-08-01T14:00:24.5178371Z [============================           ] 71% Unzipping... tools/lib/annotations
build-android	Setup Android SDK	2026-08-01T14:00:24.5193998Z [============================           ] 71% Unzipping... tools/lib/lint-26.0.0
build-android	Setup Android SDK	2026-08-01T14:00:24.5200679Z [============================           ] 71% Unzipping... tools/lib/apkanalyzer
build-android	Setup Android SDK	2026-08-01T14:00:24.5207282Z [============================           ] 71% Unzipping... tools/lib/binary-reso
build-android	Setup Android SDK	2026-08-01T14:00:24.5215007Z [============================           ] 71% Unzipping... tools/lib/jopt-simple
build-android	Setup Android SDK	2026-08-01T14:00:24.5221010Z [============================           ] 71% Unzipping... tools/lib/util-2.2.1.
build-android	Setup Android SDK	2026-08-01T14:00:24.5243816Z [============================           ] 71% Unzipping... tools/lib/ddmuilib-26
build-android	Setup Android SDK	2026-08-01T14:00:24.5265814Z [============================           ] 72% Unzipping... tools/lib/ddmuilib-26
build-android	Setup Android SDK	2026-08-01T14:00:24.5326236Z [============================           ] 72% Unzipping... tools/lib/sdk-common-
build-android	Setup Android SDK	2026-08-01T14:00:24.5337120Z [============================           ] 72% Unzipping... tools/lib/traceview-2
build-android	Setup Android SDK	2026-08-01T14:00:24.5353335Z [============================           ] 72% Unzipping... tools/lib/httpcore-4.
build-android	Setup Android SDK	2026-08-01T14:00:24.5355178Z [============================           ] 72% Unzipping... tools/lib/screenshot2
build-android	Setup Android SDK	2026-08-01T14:00:24.5370074Z [============================           ] 72% Unzipping... tools/lib/commons-cod
build-android	Setup Android SDK	2026-08-01T14:00:24.5371143Z [============================           ] 72% Unzipping... tools/lib/proguard-pr
build-android	Setup Android SDK	2026-08-01T14:00:24.6104748Z [============================           ] 72% Unzipping... tools/lib/jython-stan
build-android	Setup Android SDK	2026-08-01T14:00:24.6168196Z [=============================          ] 73% Unzipping... tools/lib/jython-stan
build-android	Setup Android SDK	2026-08-01T14:00:24.6169558Z [=============================          ] 73% Unzipping... tools/lib/annotations
build-android	Setup Android SDK	2026-08-01T14:00:24.6174801Z [=============================          ] 73% Unzipping... tools/lib/commons-log
build-android	Setup Android SDK	2026-08-01T14:00:24.6259461Z [=============================          ] 73% Unzipping... tools/lib/protobuf-ja
build-android	Setup Android SDK	2026-08-01T14:00:24.6265835Z [=============================          ] 73% Unzipping... tools/lib/fakeadbserv
build-android	Setup Android SDK	2026-08-01T14:00:24.6462715Z [=============================          ] 73% Unzipping... tools/lib/bcprov-jdk1
build-android	Setup Android SDK	2026-08-01T14:00:24.6463284Z [=============================          ] 73% Unzipping... tools/lib/x86/       
build-android	Setup Android SDK	2026-08-01T14:00:24.6546756Z [=============================          ] 73% Unzipping... tools/lib/x86/swt.jar
build-android	Setup Android SDK	2026-08-01T14:00:24.6602562Z [=============================          ] 73% Unzipping... tools/lib/kotlin-stdl
build-android	Setup Android SDK	2026-08-01T14:00:24.6631319Z [=============================          ] 73% Unzipping... tools/lib/commons-com
build-android	Setup Android SDK	2026-08-01T14:00:24.6678220Z [=============================          ] 73% Unzipping... tools/lib/lombok-ast-
build-android	Setup Android SDK	2026-08-01T14:00:24.6715297Z [=============================          ] 73% Unzipping... tools/lib/trove4j-201
build-android	Setup Android SDK	2026-08-01T14:00:24.7031520Z [=============================          ] 73% Unzipping... tools/lib/intellij-co
build-android	Setup Android SDK	2026-08-01T14:00:24.7223832Z [=============================          ] 74% Unzipping... tools/lib/intellij-co
build-android	Setup Android SDK	2026-08-01T14:00:24.7237075Z [=============================          ] 74% Unzipping... tools/lib/jimfs-1.1.j
build-android	Setup Android SDK	2026-08-01T14:00:24.7239079Z [=============================          ] 74% Unzipping... tools/lib/j2objc-anno
build-android	Setup Android SDK	2026-08-01T14:00:24.7244828Z [=============================          ] 74% Unzipping... tools/lib/jfreechart-
build-android	Setup Android SDK	2026-08-01T14:00:24.8364960Z [=============================          ] 74% Unzipping... tools/lib/monitor-x86
build-android	Setup Android SDK	2026-08-01T14:00:24.8843915Z [=============================          ] 75% Unzipping... tools/lib/monitor-x86
build-android	Setup Android SDK	2026-08-01T14:00:24.9312352Z [==============================         ] 75% Unzipping... tools/lib/monitor-x86
build-android	Setup Android SDK	2026-08-01T14:00:25.0632692Z [==============================         ] 76% Unzipping... tools/lib/monitor-x86
build-android	Setup Android SDK	2026-08-01T14:00:25.2410015Z [==============================         ] 77% Unzipping... tools/lib/monitor-x86
build-android	Setup Android SDK	2026-08-01T14:00:25.2413352Z [==============================         ] 77% Unzipping... tools/lib/generator.j
build-android	Setup Android SDK	2026-08-01T14:00:25.2414241Z [==============================         ] 77% Unzipping... tools/source.properti
build-android	Setup Android SDK	2026-08-01T14:00:25.2414894Z [==============================         ] 77% Unzipping... tools/bin/           
build-android	Setup Android SDK	2026-08-01T14:00:25.2415944Z [==============================         ] 77% Unzipping... tools/bin/avdmanager 
build-android	Setup Android SDK	2026-08-01T14:00:25.2417009Z [==============================         ] 77% Unzipping... tools/bin/jobb       
build-android	Setup Android SDK	2026-08-01T14:00:25.2418223Z [==============================         ] 77% Unzipping... tools/bin/uiautomator
build-android	Setup Android SDK	2026-08-01T14:00:25.2420540Z [==============================         ] 77% Unzipping... tools/bin/apkanalyzer
build-android	Setup Android SDK	2026-08-01T14:00:25.2421168Z [==============================         ] 77% Unzipping... tools/bin/monkeyrunne
build-android	Setup Android SDK	2026-08-01T14:00:25.2422497Z [==============================         ] 77% Unzipping... tools/bin/archquery  
build-android	Setup Android SDK	2026-08-01T14:00:25.2424121Z [==============================         ] 77% Unzipping... tools/bin/sdkmanager 
build-android	Setup Android SDK	2026-08-01T14:00:25.2485648Z [==============================         ] 77% Unzipping... tools/bin/lint       
build-android	Setup Android SDK	2026-08-01T14:00:25.2487212Z [==============================         ] 77% Unzipping... tools/bin/screenshot2
build-android	Setup Android SDK	2026-08-01T14:00:25.2511218Z [==============================         ] 77% Unzipping... tools/NOTICE.txt     
build-android	Setup Android SDK	2026-08-01T14:00:25.2555500Z [==============================         ] 77% Unzipping... tools/emulator       
build-android	Setup Android SDK	2026-08-01T14:00:25.2584180Z [==============================         ] 77% Unzipping... tools/emulator-check 
build-android	Setup Android SDK	2026-08-01T14:00:25.2585529Z [==============================         ] 77% Unzipping... tools/monitor        
build-android	Setup Android SDK	2026-08-01T14:00:25.2586989Z [==============================         ] 77% Unzipping... tools/android        
build-android	Setup Android SDK	2026-08-01T14:00:25.2589876Z [==============================         ] 77% Unzipping... tools/mksdcard       
build-android	Setup Android SDK	2026-08-01T14:00:25.2590455Z [==============================         ] 77% Unzipping... tools/support/       
build-android	Setup Android SDK	2026-08-01T14:00:25.2595918Z [==============================         ] 77% Unzipping... tools/support/typos-d
build-android	Setup Android SDK	2026-08-01T14:00:25.2599224Z [==============================         ] 77% Unzipping... tools/support/typos-e
build-android	Setup Android SDK	2026-08-01T14:00:25.2600137Z [==============================         ] 77% Unzipping... tools/support/annotat
build-android	Setup Android SDK	2026-08-01T14:00:25.2609266Z [==============================         ] 77% Unzipping... tools/support/typos-e
build-android	Setup Android SDK	2026-08-01T14:00:25.2612185Z [==============================         ] 77% Unzipping... tools/support/typos-t
build-android	Setup Android SDK	2026-08-01T14:00:25.2617584Z [==============================         ] 77% Unzipping... tools/support/typos-p
build-android	Setup Android SDK	2026-08-01T14:00:25.2620902Z [==============================         ] 77% Unzipping... tools/support/typos-i
build-android	Setup Android SDK	2026-08-01T14:00:25.2623401Z [==============================         ] 77% Unzipping... tools/support/typos-n
build-android	Setup Android SDK	2026-08-01T14:00:25.2626628Z [==============================         ] 77% Unzipping... tools/support/typos-h
build-android	Setup Android SDK	2026-08-01T14:00:25.2821456Z [==============================         ] 78% Unzipping... tools/support/typos-h
build-android	Setup Android SDK	2026-08-01T14:00:25.2821983Z [=======================================] 100% Unzipping... tools/support/typos-
build-android	Setup Android SDK	2026-08-01T14:00:25.2864731Z 
build-android	Setup Android SDK	2026-08-01T14:00:25.2954387Z [command]/usr/local/lib/android/sdk/cmdline-tools/16.0/bin/sdkmanager platform-tools
build-android	Setup Android SDK	2026-08-01T14:00:26.0049042Z Loading package information...                                                  
build-android	Setup Android SDK	2026-08-01T14:00:26.0821168Z Loading local repository...                                                     
build-android	Setup Android SDK	2026-08-01T14:00:26.0824025Z [                                       ] 3% Loading local repository...        
build-android	Setup Android SDK	2026-08-01T14:00:26.0909068Z [                                       ] 3% Fetch remote repository...         
build-android	Setup Android SDK	2026-08-01T14:00:26.3903176Z [=                                      ] 3% Fetch remote repository...         
build-android	Setup Android SDK	2026-08-01T14:00:26.4573385Z [=                                      ] 4% Fetch remote repository...         
build-android	Setup Android SDK	2026-08-01T14:00:26.4873171Z [=                                      ] 5% Fetch remote repository...         
build-android	Setup Android SDK	2026-08-01T14:00:26.5408308Z [==                                     ] 5% Fetch remote repository...         
build-android	Setup Android SDK	2026-08-01T14:00:26.6057791Z [==                                     ] 6% Fetch remote repository...         
build-android	Setup Android SDK	2026-08-01T14:00:26.6823093Z [==                                     ] 7% Fetch remote repository...         
build-android	Setup Android SDK	2026-08-01T14:00:26.6840081Z [==                                     ] 7% Computing updates...               
build-android	Setup Android SDK	2026-08-01T14:00:26.6932181Z [===                                    ] 8% Computing updates...               
build-android	Setup Android SDK	2026-08-01T14:00:26.7034619Z [===                                    ] 10% Computing updates...              
build-android	Setup Android SDK	2026-08-01T14:00:27.0067093Z [===                                    ] 10% Installing Android SDK Platform-To
build-android	Setup Android SDK	2026-08-01T14:00:27.0242464Z [===                                    ] 10% Downloading platform-tools_r37.0.1
build-android	Setup Android SDK	2026-08-01T14:00:27.0450057Z [====                                   ] 10% Downloading platform-tools_r37.0.1
build-android	Setup Android SDK	2026-08-01T14:00:27.0636543Z [====                                   ] 11% Downloading platform-tools_r37.0.1
build-android	Setup Android SDK	2026-08-01T14:00:27.0791249Z [====                                   ] 12% Downloading platform-tools_r37.0.1
build-android	Setup Android SDK	2026-08-01T14:00:27.0914358Z [=====                                  ] 13% Downloading platform-tools_r37.0.1
build-android	Setup Android SDK	2026-08-01T14:00:27.0983106Z [=====                                  ] 14% Downloading platform-tools_r37.0.1
build-android	Setup Android SDK	2026-08-01T14:00:27.1032219Z [=====                                  ] 15% Downloading platform-tools_r37.0.1
build-android	Setup Android SDK	2026-08-01T14:00:27.1064684Z [======                                 ] 15% Downloading platform-tools_r37.0.1
build-android	Setup Android SDK	2026-08-01T14:00:27.1130155Z [======                                 ] 16% Downloading platform-tools_r37.0.1
build-android	Setup Android SDK	2026-08-01T14:00:27.1209170Z [======                                 ] 17% Downloading platform-tools_r37.0.1
build-android	Setup Android SDK	2026-08-01T14:00:27.1299762Z [=======                                ] 18% Downloading platform-tools_r37.0.1
build-android	Setup Android SDK	2026-08-01T14:00:27.1383505Z [=======                                ] 19% Downloading platform-tools_r37.0.1
build-android	Setup Android SDK	2026-08-01T14:00:27.1427815Z [=======                                ] 20% Downloading platform-tools_r37.0.1
build-android	Setup Android SDK	2026-08-01T14:00:27.1459161Z [========                               ] 20% Downloading platform-tools_r37.0.1
build-android	Setup Android SDK	2026-08-01T14:00:27.1539393Z [========                               ] 21% Downloading platform-tools_r37.0.1
build-android	Setup Android SDK	2026-08-01T14:00:27.1604718Z [========                               ] 22% Downloading platform-tools_r37.0.1
build-android	Setup Android SDK	2026-08-01T14:00:27.1637590Z [=========                              ] 23% Downloading platform-tools_r37.0.1
build-android	Setup Android SDK	2026-08-01T14:00:27.1669894Z [=========                              ] 24% Downloading platform-tools_r37.0.1
build-android	Setup Android SDK	2026-08-01T14:00:27.1687144Z [=========                              ] 25% Downloading platform-tools_r37.0.1
build-android	Setup Android SDK	2026-08-01T14:00:27.1702449Z [==========                             ] 25% Downloading platform-tools_r37.0.1
build-android	Setup Android SDK	2026-08-01T14:00:27.1739148Z [==========                             ] 26% Downloading platform-tools_r37.0.1
build-android	Setup Android SDK	2026-08-01T14:00:27.1770374Z [==========                             ] 27% Downloading platform-tools_r37.0.1
build-android	Setup Android SDK	2026-08-01T14:00:27.1802892Z [===========                            ] 28% Downloading platform-tools_r37.0.1
build-android	Setup Android SDK	2026-08-01T14:00:27.1832054Z [===========                            ] 29% Downloading platform-tools_r37.0.1
build-android	Setup Android SDK	2026-08-01T14:00:27.1846357Z [===========                            ] 30% Downloading platform-tools_r37.0.1
build-android	Setup Android SDK	2026-08-01T14:00:27.1867304Z [============                           ] 30% Downloading platform-tools_r37.0.1
build-android	Setup Android SDK	2026-08-01T14:00:27.1896380Z [============                           ] 31% Downloading platform-tools_r37.0.1
build-android	Setup Android SDK	2026-08-01T14:00:27.1948439Z [============                           ] 32% Downloading platform-tools_r37.0.1
build-android	Setup Android SDK	2026-08-01T14:00:27.1957539Z [============                           ] 33% Downloading platform-tools_r37.0.1
build-android	Setup Android SDK	2026-08-01T14:00:27.2305605Z [============                           ] 33% Unzipping...                      
build-android	Setup Android SDK	2026-08-01T14:00:27.2325231Z [============                           ] 33% Unzipping... platform-tools/NOTICE
build-android	Setup Android SDK	2026-08-01T14:00:27.2460070Z [=============                          ] 33% Unzipping... platform-tools/NOTICE
build-android	Setup Android SDK	2026-08-01T14:00:27.2468413Z [=============                          ] 33% Unzipping... platform-tools/adb   
build-android	Setup Android SDK	2026-08-01T14:00:27.2559657Z [=============                          ] 34% Unzipping... platform-tools/adb   
build-android	Setup Android SDK	2026-08-01T14:00:27.2608547Z [=============                          ] 35% Unzipping... platform-tools/adb   
build-android	Setup Android SDK	2026-08-01T14:00:27.2640193Z [==============                         ] 35% Unzipping... platform-tools/adb   
build-android	Setup Android SDK	2026-08-01T14:00:27.2734349Z [==============                         ] 36% Unzipping... platform-tools/adb   
build-android	Setup Android SDK	2026-08-01T14:00:27.2825808Z [==============                         ] 37% Unzipping... platform-tools/adb   
build-android	Setup Android SDK	2026-08-01T14:00:27.2914636Z [===============                        ] 38% Unzipping... platform-tools/adb   
build-android	Setup Android SDK	2026-08-01T14:00:27.3006160Z [===============                        ] 39% Unzipping... platform-tools/adb   
build-android	Setup Android SDK	2026-08-01T14:00:27.3057939Z [===============                        ] 40% Unzipping... platform-tools/adb   
build-android	Setup Android SDK	2026-08-01T14:00:27.3094202Z [================                       ] 40% Unzipping... platform-tools/adb   
build-android	Setup Android SDK	2026-08-01T14:00:27.3176919Z [================                       ] 41% Unzipping... platform-tools/adb   
build-android	Setup Android SDK	2026-08-01T14:00:27.3263639Z [================                       ] 42% Unzipping... platform-tools/adb   
build-android	Setup Android SDK	2026-08-01T14:00:27.3317785Z [=================                      ] 43% Unzipping... platform-tools/adb   
build-android	Setup Android SDK	2026-08-01T14:00:27.3388437Z [=================                      ] 44% Unzipping... platform-tools/adb   
build-android	Setup Android SDK	2026-08-01T14:00:27.3404071Z [=================                      ] 44% Unzipping... platform-tools/etc1to
build-android	Setup Android SDK	2026-08-01T14:00:27.3439746Z [=================                      ] 45% Unzipping... platform-tools/etc1to
build-android	Setup Android SDK	2026-08-01T14:00:27.3467703Z [=================                      ] 45% Unzipping... platform-tools/fastbo
build-android	Setup Android SDK	2026-08-01T14:00:27.3496547Z [==================                     ] 45% Unzipping... platform-tools/fastbo
build-android	Setup Android SDK	2026-08-01T14:00:27.3591151Z [==================                     ] 46% Unzipping... platform-tools/fastbo
build-android	Setup Android SDK	2026-08-01T14:00:27.3675315Z [==================                     ] 47% Unzipping... platform-tools/fastbo
build-android	Setup Android SDK	2026-08-01T14:00:27.3700479Z [===================                    ] 48% Unzipping... platform-tools/fastbo
build-android	Setup Android SDK	2026-08-01T14:00:27.3705609Z [===================                    ] 48% Unzipping... platform-tools/hprof-
build-android	Setup Android SDK	2026-08-01T14:00:27.3763379Z [===================                    ] 48% Unzipping... platform-tools/lib64/
build-android	Setup Android SDK	2026-08-01T14:00:27.3824374Z [===================                    ] 49% Unzipping... platform-tools/lib64/
build-android	Setup Android SDK	2026-08-01T14:00:27.3866594Z [===================                    ] 49% Unzipping... platform-tools/make_f
build-android	Setup Android SDK	2026-08-01T14:00:27.3894897Z [===================                    ] 50% Unzipping... platform-tools/make_f
build-android	Setup Android SDK	2026-08-01T14:00:27.3908670Z [===================                    ] 50% Unzipping... platform-tools/mke2fs
build-android	Setup Android SDK	2026-08-01T14:00:27.3955153Z [====================                   ] 50% Unzipping... platform-tools/mke2fs
build-android	Setup Android SDK	2026-08-01T14:00:27.3993937Z [====================                   ] 51% Unzipping... platform-tools/mke2fs
build-android	Setup Android SDK	2026-08-01T14:00:27.4008661Z [====================                   ] 51% Unzipping... platform-tools/source
build-android	Setup Android SDK	2026-08-01T14:00:27.4040800Z [====================                   ] 51% Unzipping... platform-tools/sqlite
build-android	Setup Android SDK	2026-08-01T14:00:27.4118663Z [====================                   ] 52% Unzipping... platform-tools/sqlite
build-android	Setup Android SDK	2026-08-01T14:00:27.4214944Z [=====================                  ] 53% Unzipping... platform-tools/sqlite
build-android	Setup Android SDK	2026-08-01T14:00:27.4305183Z [=====================                  ] 54% Unzipping... platform-tools/sqlite
build-android	Setup Android SDK	2026-08-01T14:00:27.4575782Z [=====================                  ] 55% Unzipping... platform-tools/sqlite
build-android	Setup Android SDK	2026-08-01T14:00:27.4603931Z [=======================================] 100% Unzipping... platform-tools/sqlit
build-android	Setup Android SDK	2026-08-01T14:00:27.5579646Z 
build-android	Install frontend dependencies	﻿2026-08-01T14:00:27.5915752Z ##[group]Run npm install
build-android	Install frontend dependencies	2026-08-01T14:00:27.5916036Z [36;1mnpm install[0m
build-android	Install frontend dependencies	2026-08-01T14:00:27.5951431Z shell: /usr/bin/bash -e {0}
build-android	Install frontend dependencies	2026-08-01T14:00:27.5951724Z env:
build-android	Install frontend dependencies	2026-08-01T14:00:27.5951925Z   CARGO_HOME: /home/runner/.cargo
build-android	Install frontend dependencies	2026-08-01T14:00:27.5952169Z   CARGO_INCREMENTAL: 0
build-android	Install frontend dependencies	2026-08-01T14:00:27.5952384Z   CARGO_TERM_COLOR: always
build-android	Install frontend dependencies	2026-08-01T14:00:27.5952711Z   JAVA_HOME: /opt/hostedtoolcache/Java_Temurin-Hotspot_jdk/17.0.19-10/x64
build-android	Install frontend dependencies	2026-08-01T14:00:27.5953156Z   JAVA_HOME_17_X64: /opt/hostedtoolcache/Java_Temurin-Hotspot_jdk/17.0.19-10/x64
build-android	Install frontend dependencies	2026-08-01T14:00:27.5953510Z   ANDROID_HOME: /usr/local/lib/android/sdk
build-android	Install frontend dependencies	2026-08-01T14:00:27.5953781Z   ANDROID_SDK_ROOT: /usr/local/lib/android/sdk
build-android	Install frontend dependencies	2026-08-01T14:00:27.5954058Z ##[endgroup]
build-android	Install frontend dependencies	2026-08-01T14:00:28.0429151Z 
build-android	Install frontend dependencies	2026-08-01T14:00:28.0429873Z up to date, audited 4 packages in 385ms
build-android	Install frontend dependencies	2026-08-01T14:00:28.0430220Z 
build-android	Install frontend dependencies	2026-08-01T14:00:28.0430468Z 1 package is looking for funding
build-android	Install frontend dependencies	2026-08-01T14:00:28.0430878Z   run `npm fund` for details
build-android	Install frontend dependencies	2026-08-01T14:00:28.0436507Z 
build-android	Install frontend dependencies	2026-08-01T14:00:28.0436789Z found 0 vulnerabilities
build-android	Init Android project	﻿2026-08-01T14:00:28.0508217Z ##[group]Run npx tauri android init
build-android	Init Android project	2026-08-01T14:00:28.0508548Z [36;1mnpx tauri android init[0m
build-android	Init Android project	2026-08-01T14:00:28.0541049Z shell: /usr/bin/bash -e {0}
build-android	Init Android project	2026-08-01T14:00:28.0541322Z env:
build-android	Init Android project	2026-08-01T14:00:28.0541527Z   CARGO_HOME: /home/runner/.cargo
build-android	Init Android project	2026-08-01T14:00:28.0541775Z   CARGO_INCREMENTAL: 0
build-android	Init Android project	2026-08-01T14:00:28.0541989Z   CARGO_TERM_COLOR: always
build-android	Init Android project	2026-08-01T14:00:28.0542309Z   JAVA_HOME: /opt/hostedtoolcache/Java_Temurin-Hotspot_jdk/17.0.19-10/x64
build-android	Init Android project	2026-08-01T14:00:28.0542770Z   JAVA_HOME_17_X64: /opt/hostedtoolcache/Java_Temurin-Hotspot_jdk/17.0.19-10/x64
build-android	Init Android project	2026-08-01T14:00:28.0543155Z   ANDROID_HOME: /usr/local/lib/android/sdk
build-android	Init Android project	2026-08-01T14:00:28.0543431Z   ANDROID_SDK_ROOT: /usr/local/lib/android/sdk
build-android	Init Android project	2026-08-01T14:00:28.0543690Z ##[endgroup]
build-android	Init Android project	2026-08-01T14:00:29.6380594Z         Info Using installed NDK: /usr/local/lib/android/sdk/ndk/29.0.14206865
build-android	Init Android project	2026-08-01T14:00:30.0666406Z         Info "/home/runner/work/BoraPlayer/BoraPlayer/src-tauri" relative to "/home/runner/work/BoraPlayer/BoraPlayer/src-tauri/gen/android/app" is "../../../"
build-android	Init Android project	2026-08-01T14:00:30.0667322Z Generating Android Studio project...
build-android	Init Android project	2026-08-01T14:00:30.0692270Z victory: Project generated successfully!
build-android	Init Android project	2026-08-01T14:00:30.0693012Z     Make cool apps! 🌻 🐕 🎉
build-android	Build Android APK	﻿2026-08-01T14:00:30.1024482Z ##[group]Run npx tauri android build
build-android	Build Android APK	2026-08-01T14:00:30.1024875Z [36;1mnpx tauri android build[0m
build-android	Build Android APK	2026-08-01T14:00:30.1059875Z shell: /usr/bin/bash -e {0}
build-android	Build Android APK	2026-08-01T14:00:30.1060154Z env:
build-android	Build Android APK	2026-08-01T14:00:30.1060356Z   CARGO_HOME: /home/runner/.cargo
build-android	Build Android APK	2026-08-01T14:00:30.1060600Z   CARGO_INCREMENTAL: 0
build-android	Build Android APK	2026-08-01T14:00:30.1060841Z   CARGO_TERM_COLOR: always
build-android	Build Android APK	2026-08-01T14:00:30.1061168Z   JAVA_HOME: /opt/hostedtoolcache/Java_Temurin-Hotspot_jdk/17.0.19-10/x64
build-android	Build Android APK	2026-08-01T14:00:30.1061618Z   JAVA_HOME_17_X64: /opt/hostedtoolcache/Java_Temurin-Hotspot_jdk/17.0.19-10/x64
build-android	Build Android APK	2026-08-01T14:00:30.1061980Z   ANDROID_HOME: /usr/local/lib/android/sdk
build-android	Build Android APK	2026-08-01T14:00:30.1062257Z   ANDROID_SDK_ROOT: /usr/local/lib/android/sdk
build-android	Build Android APK	2026-08-01T14:00:30.1062512Z ##[endgroup]
build-android	Build Android APK	2026-08-01T14:00:30.4496657Z         Info Using installed NDK: /usr/local/lib/android/sdk/ndk/29.0.14206865
build-android	Build Android APK	2026-08-01T14:00:30.5281639Z         Info Looking up installed tauri packages to check mismatched versions...
build-android	Build Android APK	2026-08-01T14:00:31.4134241Z [1m[92m    Updating[0m crates.io index
build-android	Build Android APK	2026-08-01T14:00:32.4198129Z [1m[92m     Locking[0m 425 packages to latest compatible versions
build-android	Build Android APK	2026-08-01T14:00:32.4285356Z [1m[92m      Adding[0m generic-array v0.14.7 [1m[33m(available: v0.14.9)[0m
build-android	Build Android APK	2026-08-01T14:00:32.4788622Z [1m[92m      Adding[0m toml v0.8.2 [1m[33m(available: v0.8.23)[0m
build-android	Build Android APK	2026-08-01T14:00:32.4793668Z [1m[92m      Adding[0m toml_datetime v0.6.3 [1m[33m(available: v0.6.11)[0m
build-android	Build Android APK	2026-08-01T14:00:32.4802993Z [1m[92m      Adding[0m toml_edit v0.20.2 [1m[33m(available: v0.20.7)[0m
build-android	Build Android APK	2026-08-01T14:00:32.5190935Z [1m[92m Downloading[0m crates ...
build-android	Build Android APK	2026-08-01T14:00:32.6814902Z [1m[92m  Downloaded[0m ident_case v1.0.1
build-android	Build Android APK	2026-08-01T14:00:32.6886349Z [1m[92m  Downloaded[0m javascriptcore-rs-sys v1.1.1
build-android	Build Android APK	2026-08-01T14:00:32.7005199Z [1m[92m  Downloaded[0m adler2 v2.0.1
build-android	Build Android APK	2026-08-01T14:00:32.7017777Z [1m[92m  Downloaded[0m markup5ever v0.38.0
build-android	Build Android APK	2026-08-01T14:00:32.7026718Z [1m[92m  Downloaded[0m rustc-hash v2.1.3
build-android	Build Android APK	2026-08-01T14:00:32.7036647Z [1m[92m  Downloaded[0m libappindicator-sys v0.9.0
build-android	Build Android APK	2026-08-01T14:00:32.7042007Z [1m[92m  Downloaded[0m lock_api v0.4.14
build-android	Build Android APK	2026-08-01T14:00:32.7053674Z [1m[92m  Downloaded[0m ipnet v2.12.0
build-android	Build Android APK	2026-08-01T14:00:32.7069802Z [1m[92m  Downloaded[0m litemap v0.8.2
build-android	Build Android APK	2026-08-01T14:00:32.7095228Z [1m[92m  Downloaded[0m erased-serde v0.4.10
build-android	Build Android APK	2026-08-01T14:00:32.7118394Z [1m[92m  Downloaded[0m proc-macro-error v1.0.4
build-android	Build Android APK	2026-08-01T14:00:32.7146309Z [1m[92m  Downloaded[0m icu_properties v2.2.0
build-android	Build Android APK	2026-08-01T14:00:32.7171762Z [1m[92m  Downloaded[0m icu_provider v2.2.0
build-android	Build Android APK	2026-08-01T14:00:32.7196626Z [1m[92m  Downloaded[0m indexmap v1.9.3
build-android	Build Android APK	2026-08-01T14:00:32.7287704Z [1m[92m  Downloaded[0m log v0.4.33
build-android	Build Android APK	2026-08-01T14:00:32.7310139Z [1m[92m  Downloaded[0m memchr v2.8.3
build-android	Build Android APK	2026-08-01T14:00:32.7353711Z [1m[92m  Downloaded[0m icu_properties_data v2.2.0
build-android	Build Android APK	2026-08-01T14:00:32.7439517Z [1m[92m  Downloaded[0m miniz_oxide v0.8.9
build-android	Build Android APK	2026-08-01T14:00:32.7475260Z [1m[92m  Downloaded[0m num-conv v0.2.2
build-android	Build Android APK	2026-08-01T14:00:32.7485980Z [1m[92m  Downloaded[0m memoffset v0.9.1
build-android	Build Android APK	2026-08-01T14:00:32.7498250Z [1m[92m  Downloaded[0m precomputed-hash v0.1.1
build-android	Build Android APK	2026-08-01T14:00:32.7508174Z [1m[92m  Downloaded[0m rustc_version v0.4.1
build-android	Build Android APK	2026-08-01T14:00:32.7523047Z [1m[92m  Downloaded[0m muda v0.19.3
build-android	Build Android APK	2026-08-01T14:00:32.7554719Z [1m[92m  Downloaded[0m phf_macros v0.13.1
build-android	Build Android APK	2026-08-01T14:00:32.7561261Z [1m[92m  Downloaded[0m phf_shared v0.13.1
build-android	Build Android APK	2026-08-01T14:00:32.7567272Z [1m[92m  Downloaded[0m proc-macro-crate v1.3.1
build-android	Build Android APK	2026-08-01T14:00:32.7573723Z [1m[92m  Downloaded[0m mime v0.3.17
build-android	Build Android APK	2026-08-01T14:00:32.7581172Z [1m[92m  Downloaded[0m option-ext v0.2.0
build-android	Build Android APK	2026-08-01T14:00:32.7585580Z [1m[92m  Downloaded[0m proc-macro-crate v2.0.2
build-android	Build Android APK	2026-08-01T14:00:32.7592776Z [1m[92m  Downloaded[0m percent-encoding v2.3.2
build-android	Build Android APK	2026-08-01T14:00:32.7597772Z [1m[92m  Downloaded[0m pkg-config v0.3.33
build-android	Build Android APK	2026-08-01T14:00:32.7606637Z [1m[92m  Downloaded[0m new_debug_unreachable v1.0.6
build-android	Build Android APK	2026-08-01T14:00:32.7611988Z [1m[92m  Downloaded[0m num_threads v0.1.7
build-android	Build Android APK	2026-08-01T14:00:32.7617764Z [1m[92m  Downloaded[0m proc-macro2 v1.0.107
build-android	Build Android APK	2026-08-01T14:00:32.7636785Z [1m[92m  Downloaded[0m serde_spanned v1.1.1
build-android	Build Android APK	2026-08-01T14:00:32.7646236Z [1m[92m  Downloaded[0m num-traits v0.2.19
build-android	Build Android APK	2026-08-01T14:00:32.7662636Z [1m[92m  Downloaded[0m phf v0.13.1
build-android	Build Android APK	2026-08-01T14:00:32.7670954Z [1m[92m  Downloaded[0m phf_codegen v0.13.1
build-android	Build Android APK	2026-08-01T14:00:32.7676443Z [1m[92m  Downloaded[0m once_cell v1.21.4
build-android	Build Android APK	2026-08-01T14:00:32.7691586Z [1m[92m  Downloaded[0m phf_generator v0.13.1
build-android	Build Android APK	2026-08-01T14:00:32.7698329Z [1m[92m  Downloaded[0m potential_utf v0.1.5
build-android	Build Android APK	2026-08-01T14:00:32.7706044Z [1m[92m  Downloaded[0m powerfmt v0.2.0
build-android	Build Android APK	2026-08-01T14:00:32.7713118Z [1m[92m  Downloaded[0m proc-macro-error-attr v1.0.4
build-android	Build Android APK	2026-08-01T14:00:32.7718390Z [1m[92m  Downloaded[0m pin-project-lite v0.2.17
build-android	Build Android APK	2026-08-01T14:00:32.7748237Z [1m[92m  Downloaded[0m proc-macro-crate v3.5.0
build-android	Build Android APK	2026-08-01T14:00:32.7755710Z [1m[92m  Downloaded[0m jni-sys v0.3.1
build-android	Build Android APK	2026-08-01T14:00:32.7761840Z [1m[92m  Downloaded[0m android_logger v0.15.1
build-android	Build Android APK	2026-08-01T14:00:32.7771700Z [1m[92m  Downloaded[0m num_enum v0.7.6
build-android	Build Android APK	2026-08-01T14:00:32.7799598Z [1m[92m  Downloaded[0m pango-sys v0.18.0
build-android	Build Android APK	2026-08-01T14:00:32.7809212Z [1m[92m  Downloaded[0m android_log-sys v0.3.2
build-android	Build Android APK	2026-08-01T14:00:32.7813805Z [1m[92m  Downloaded[0m serde_spanned v0.6.9
build-android	Build Android APK	2026-08-01T14:00:32.7821410Z [1m[92m  Downloaded[0m serde_with_macros v3.21.0
build-android	Build Android APK	2026-08-01T14:00:32.7834480Z [1m[92m  Downloaded[0m cookie v0.18.1
build-android	Build Android APK	2026-08-01T14:00:32.7849391Z [1m[92m  Downloaded[0m crc32fast v1.5.0
build-android	Build Android APK	2026-08-01T14:00:32.7861111Z [1m[92m  Downloaded[0m derive_more v2.1.1
build-android	Build Android APK	2026-08-01T14:00:32.7926123Z [1m[92m  Downloaded[0m dlopen2 v0.8.2
build-android	Build Android APK	2026-08-01T14:00:32.7943774Z [1m[92m  Downloaded[0m foldhash v0.2.0
build-android	Build Android APK	2026-08-01T14:00:32.8003691Z [1m[92m  Downloaded[0m itoa v1.0.18
build-android	Build Android APK	2026-08-01T14:00:32.8012492Z [1m[92m  Downloaded[0m jni-sys v0.4.1
build-android	Build Android APK	2026-08-01T14:00:32.8018247Z [1m[92m  Downloaded[0m jni-sys-macros v0.4.1
build-android	Build Android APK	2026-08-01T14:00:32.8022135Z [1m[92m  Downloaded[0m num_enum_derive v0.7.6
build-android	Build Android APK	2026-08-01T14:00:32.8029496Z [1m[92m  Downloaded[0m ref-cast-impl v1.0.26
build-android	Build Android APK	2026-08-01T14:00:32.8034433Z [1m[92m  Downloaded[0m same-file v1.0.6
build-android	Build Android APK	2026-08-01T14:00:32.8042417Z [1m[92m  Downloaded[0m serde-untagged v0.1.9
build-android	Build Android APK	2026-08-01T14:00:32.8051680Z [1m[92m  Downloaded[0m serde_repr v0.1.21
build-android	Build Android APK	2026-08-01T14:00:32.8062212Z [1m[92m  Downloaded[0m alloc-no-stdlib v2.0.4
build-android	Build Android APK	2026-08-01T14:00:32.8070849Z [1m[92m  Downloaded[0m bs58 v0.5.1
build-android	Build Android APK	2026-08-01T14:00:32.8083867Z [1m[92m  Downloaded[0m cairo-sys-rs v0.18.2
build-android	Build Android APK	2026-08-01T14:00:32.8090918Z [1m[92m  Downloaded[0m cargo-platform v0.1.9
build-android	Build Android APK	2026-08-01T14:00:32.8097728Z [1m[92m  Downloaded[0m cargo_metadata v0.19.2
build-android	Build Android APK	2026-08-01T14:00:32.8108412Z [1m[92m  Downloaded[0m cc v1.4.0
build-android	Build Android APK	2026-08-01T14:00:32.8129454Z [1m[92m  Downloaded[0m cfg-expr v0.15.8
build-android	Build Android APK	2026-08-01T14:00:32.8145839Z [1m[92m  Downloaded[0m cfg-if v1.0.4
build-android	Build Android APK	2026-08-01T14:00:32.8152810Z [1m[92m  Downloaded[0m cpufeatures v0.2.17
build-android	Build Android APK	2026-08-01T14:00:32.8160603Z [1m[92m  Downloaded[0m crossbeam-channel v0.5.16
build-android	Build Android APK	2026-08-01T14:00:32.8186099Z [1m[92m  Downloaded[0m cssparser v0.36.0
build-android	Build Android APK	2026-08-01T14:00:32.8201328Z [1m[92m  Downloaded[0m derive_more-impl v2.1.1
build-android	Build Android APK	2026-08-01T14:00:32.8232569Z [1m[92m  Downloaded[0m digest v0.10.7
build-android	Build Android APK	2026-08-01T14:00:32.8242781Z [1m[92m  Downloaded[0m dirs-sys v0.5.0
build-android	Build Android APK	2026-08-01T14:00:32.8249142Z [1m[92m  Downloaded[0m dpi v0.1.2
build-android	Build Android APK	2026-08-01T14:00:32.8255685Z [1m[92m  Downloaded[0m embed-resource v3.0.11
build-android	Build Android APK	2026-08-01T14:00:32.8265756Z [1m[92m  Downloaded[0m fnv v1.0.7
build-android	Build Android APK	2026-08-01T14:00:32.8270945Z [1m[92m  Downloaded[0m gdk-pixbuf-sys v0.18.0
build-android	Build Android APK	2026-08-01T14:00:32.8277895Z [1m[92m  Downloaded[0m gdkx11 v0.18.2
build-android	Build Android APK	2026-08-01T14:00:32.8287950Z [1m[92m  Downloaded[0m idna_adapter v1.2.2
build-android	Build Android APK	2026-08-01T14:00:32.8293437Z [1m[92m  Downloaded[0m javascriptcore-rs v1.1.2
build-android	Build Android APK	2026-08-01T14:00:32.8306552Z [1m[92m  Downloaded[0m libloading v0.7.4
build-android	Build Android APK	2026-08-01T14:00:32.8319550Z [1m[92m  Downloaded[0m parking_lot_core v0.9.12
build-android	Build Android APK	2026-08-01T14:00:32.8331720Z [1m[92m  Downloaded[0m quote v1.0.47
build-android	Build Android APK	2026-08-01T14:00:32.8346528Z [1m[92m  Downloaded[0m raw-window-handle v0.6.2
build-android	Build Android APK	2026-08-01T14:00:32.8356376Z [1m[92m  Downloaded[0m ref-cast v1.0.26
build-android	Build Android APK	2026-08-01T14:00:32.8371085Z [1m[92m  Downloaded[0m rustversion v1.0.23
build-android	Build Android APK	2026-08-01T14:00:32.8385402Z [1m[92m  Downloaded[0m scopeguard v1.2.0
build-android	Build Android APK	2026-08-01T14:00:32.8391951Z [1m[92m  Downloaded[0m semver v1.0.28
build-android	Build Android APK	2026-08-01T14:00:32.8405632Z [1m[92m  Downloaded[0m yoke-derive v0.8.2
build-android	Build Android APK	2026-08-01T14:00:32.8412942Z [1m[92m  Downloaded[0m aho-corasick v1.1.4
build-android	Build Android APK	2026-08-01T14:00:32.8449092Z [1m[92m  Downloaded[0m alloc-stdlib v0.2.4
build-android	Build Android APK	2026-08-01T14:00:32.8455558Z [1m[92m  Downloaded[0m android_system_properties v0.1.5
build-android	Build Android APK	2026-08-01T14:00:32.8460856Z [1m[92m  Downloaded[0m atomic-waker v1.1.2
build-android	Build Android APK	2026-08-01T14:00:32.8467478Z [1m[92m  Downloaded[0m bitflags v1.3.2
build-android	Build Android APK	2026-08-01T14:00:32.8484109Z [1m[92m  Downloaded[0m camino v1.2.5
build-android	Build Android APK	2026-08-01T14:00:32.8495242Z [1m[92m  Downloaded[0m cargo_toml v0.22.3
build-android	Build Android APK	2026-08-01T14:00:32.8504246Z [1m[92m  Downloaded[0m crypto-common v0.1.7
build-android	Build Android APK	2026-08-01T14:00:32.8509443Z [1m[92m  Downloaded[0m ctor-proc-macro v0.0.7
build-android	Build Android APK	2026-08-01T14:00:32.8513799Z [1m[92m  Downloaded[0m futures-core v0.3.33
build-android	Build Android APK	2026-08-01T14:00:32.8521625Z [1m[92m  Downloaded[0m futures-io v0.3.33
build-android	Build Android APK	2026-08-01T14:00:32.8526493Z [1m[92m  Downloaded[0m futures-macro v0.3.33
build-android	Build Android APK	2026-08-01T14:00:32.8533171Z [1m[92m  Downloaded[0m gdk-pixbuf v0.18.5
build-android	Build Android APK	2026-08-01T14:00:32.8546232Z [1m[92m  Downloaded[0m infer v0.19.0
build-android	Build Android APK	2026-08-01T14:00:32.8557398Z [1m[92m  Downloaded[0m json-patch v3.0.1
build-android	Build Android APK	2026-08-01T14:00:32.8569812Z [1m[92m  Downloaded[0m jsonptr v0.6.3
build-android	Build Android APK	2026-08-01T14:00:32.8585065Z [1m[92m  Downloaded[0m keyboard-types v0.7.0
build-android	Build Android APK	2026-08-01T14:00:32.8595558Z [1m[92m  Downloaded[0m libappindicator v0.9.0
build-android	Build Android APK	2026-08-01T14:00:32.8609362Z [1m[92m  Downloaded[0m ndk v0.9.0
build-android	Build Android APK	2026-08-01T14:00:32.8630040Z [1m[92m  Downloaded[0m pango v0.18.3
build-android	Build Android APK	2026-08-01T14:00:32.8654478Z [1m[92m  Downloaded[0m parking_lot v0.12.5
build-android	Build Android APK	2026-08-01T14:00:32.8669822Z [1m[92m  Downloaded[0m plist v1.10.0
build-android	Build Android APK	2026-08-01T14:00:32.8692472Z [1m[92m  Downloaded[0m schemars v0.8.22
build-android	Build Android APK	2026-08-01T14:00:32.8756170Z [1m[92m  Downloaded[0m schemars v1.2.2
build-android	Build Android APK	2026-08-01T14:00:32.8839099Z [1m[92m  Downloaded[0m schemars_derive v0.8.22
build-android	Build Android APK	2026-08-01T14:00:32.8848492Z [1m[92m  Downloaded[0m serde_core v1.0.229
build-android	Build Android APK	2026-08-01T14:00:32.8866348Z [1m[92m  Downloaded[0m serde_derive_internals v0.29.1
build-android	Build Android APK	2026-08-01T14:00:32.8874926Z [1m[92m  Downloaded[0m serialize-to-javascript v0.1.2
build-android	Build Android APK	2026-08-01T14:00:32.8880893Z [1m[92m  Downloaded[0m atk-sys v0.18.2
build-android	Build Android APK	2026-08-01T14:00:32.8890281Z [1m[92m  Downloaded[0m autocfg v1.5.1
build-android	Build Android APK	2026-08-01T14:00:32.8900249Z [1m[92m  Downloaded[0m block-buffer v0.10.4
build-android	Build Android APK	2026-08-01T14:00:32.8905966Z [1m[92m  Downloaded[0m cesu8 v1.1.0
build-android	Build Android APK	2026-08-01T14:00:32.8910905Z [1m[92m  Downloaded[0m ctor v0.8.0
build-android	Build Android APK	2026-08-01T14:00:32.8917101Z [1m[92m  Downloaded[0m deranged v0.5.8
build-android	Build Android APK	2026-08-01T14:00:32.8927209Z [1m[92m  Downloaded[0m dirs v6.0.0
build-android	Build Android APK	2026-08-01T14:00:32.8934530Z [1m[92m  Downloaded[0m dtoa-short v0.3.5
build-android	Build Android APK	2026-08-01T14:00:32.8938932Z [1m[92m  Downloaded[0m dtor v0.3.0
build-android	Build Android APK	2026-08-01T14:00:32.8945189Z [1m[92m  Downloaded[0m dtor-proc-macro v0.0.6
build-android	Build Android APK	2026-08-01T14:00:32.8949401Z [1m[92m  Downloaded[0m equivalent v1.0.2
build-android	Build Android APK	2026-08-01T14:00:32.8954791Z [1m[92m  Downloaded[0m field-offset v0.3.6
build-android	Build Android APK	2026-08-01T14:00:32.8960762Z [1m[92m  Downloaded[0m form_urlencoded v1.2.2
build-android	Build Android APK	2026-08-01T14:00:32.8965463Z [1m[92m  Downloaded[0m futures-sink v0.3.33
build-android	Build Android APK	2026-08-01T14:00:32.8970219Z [1m[92m  Downloaded[0m futures-task v0.3.33
build-android	Build Android APK	2026-08-01T14:00:32.8976490Z [1m[92m  Downloaded[0m gdkwayland-sys v0.18.2
build-android	Build Android APK	2026-08-01T14:00:32.8980309Z [1m[92m  Downloaded[0m generic-array v0.14.7
build-android	Build Android APK	2026-08-01T14:00:32.8987943Z [1m[92m  Downloaded[0m heck v0.4.1
build-android	Build Android APK	2026-08-01T14:00:32.8995287Z [1m[92m  Downloaded[0m hex v0.4.3
build-android	Build Android APK	2026-08-01T14:00:32.9004269Z [1m[92m  Downloaded[0m png v0.17.16
build-android	Build Android APK	2026-08-01T14:00:32.9030963Z [1m[92m  Downloaded[0m schemars v0.9.0
build-android	Build Android APK	2026-08-01T14:00:32.9100976Z [1m[92m  Downloaded[0m selectors v0.36.1
build-android	Build Android APK	2026-08-01T14:00:32.9117048Z [1m[92m  Downloaded[0m serde v1.0.229
build-android	Build Android APK	2026-08-01T14:00:32.9139502Z [1m[92m  Downloaded[0m serde_derive v1.0.229
build-android	Build Android APK	2026-08-01T14:00:32.9157980Z [1m[92m  Downloaded[0m serialize-to-javascript-impl v0.1.2
build-android	Build Android APK	2026-08-01T14:00:32.9162116Z [1m[92m  Downloaded[0m string_cache_codegen v0.6.1
build-android	Build Android APK	2026-08-01T14:00:32.9166012Z [1m[92m  Downloaded[0m strsim v0.11.1
build-android	Build Android APK	2026-08-01T14:00:32.9174212Z [1m[92m  Downloaded[0m thiserror-impl v1.0.69
build-android	Build Android APK	2026-08-01T14:00:32.9182011Z [1m[92m  Downloaded[0m toml_datetime v0.6.3
build-android	Build Android APK	2026-08-01T14:00:32.9188039Z [1m[92m  Downloaded[0m try-lock v0.2.5
build-android	Build Android APK	2026-08-01T14:00:32.9193109Z [1m[92m  Downloaded[0m unic-char-property v0.9.0
build-android	Build Android APK	2026-08-01T14:00:32.9200183Z [1m[92m  Downloaded[0m zerovec-derive v0.11.3
build-android	Build Android APK	2026-08-01T14:00:32.9209683Z [1m[92m  Downloaded[0m atk v0.18.2
build-android	Build Android APK	2026-08-01T14:00:32.9228422Z [1m[92m  Downloaded[0m byteorder v1.5.0
build-android	Build Android APK	2026-08-01T14:00:32.9238214Z [1m[92m  Downloaded[0m cssparser-macros v0.6.1
build-android	Build Android APK	2026-08-01T14:00:32.9242443Z [1m[92m  Downloaded[0m darling_macro v0.23.0
build-android	Build Android APK	2026-08-01T14:00:32.9246259Z [1m[92m  Downloaded[0m displaydoc v0.2.7
build-android	Build Android APK	2026-08-01T14:00:32.9258300Z [1m[92m  Downloaded[0m dlopen2_derive v0.4.3
build-android	Build Android APK	2026-08-01T14:00:32.9263315Z [1m[92m  Downloaded[0m dyn-clone v1.0.20
build-android	Build Android APK	2026-08-01T14:00:32.9272127Z [1m[92m  Downloaded[0m env_filter v0.1.4
build-android	Build Android APK	2026-08-01T14:00:32.9280967Z [1m[92m  Downloaded[0m find-msvc-tools v0.1.9
build-android	Build Android APK	2026-08-01T14:00:32.9290840Z [1m[92m  Downloaded[0m gdkx11-sys v0.18.2
build-android	Build Android APK	2026-08-01T14:00:32.9296034Z [1m[92m  Downloaded[0m heck v0.5.0
build-android	Build Android APK	2026-08-01T14:00:32.9302891Z [1m[92m  Downloaded[0m iana-time-zone v0.1.65
build-android	Build Android APK	2026-08-01T14:00:32.9318911Z [1m[92m  Downloaded[0m yoke v0.8.3
build-android	Build Android APK	2026-08-01T14:00:32.9331799Z [1m[92m  Downloaded[0m indexmap v2.14.0
build-android	Build Android APK	2026-08-01T14:00:32.9359542Z [1m[92m  Downloaded[0m time-macros v0.2.32
build-android	Build Android APK	2026-08-01T14:00:32.9374169Z [1m[92m  Downloaded[0m tinystr v0.8.3
build-android	Build Android APK	2026-08-01T14:00:32.9386786Z [1m[92m  Downloaded[0m unic-ucd-version v0.9.0
build-android	Build Android APK	2026-08-01T14:00:32.9391874Z [1m[92m  Downloaded[0m bit-vec v0.8.0
build-android	Build Android APK	2026-08-01T14:00:32.9401596Z [1m[92m  Downloaded[0m dbus v0.9.12
build-android	Build Android APK	2026-08-01T14:00:32.9429030Z [1m[92m  Downloaded[0m jni v0.21.1
build-android	Build Android APK	2026-08-01T14:00:32.9467822Z [1m[92m  Downloaded[0m time-core v0.1.9
build-android	Build Android APK	2026-08-01T14:00:32.9475140Z [1m[92m  Downloaded[0m toml_datetime v0.7.5+spec-1.1.0
build-android	Build Android APK	2026-08-01T14:00:32.9483953Z [1m[92m  Downloaded[0m typeid v1.0.3
build-android	Build Android APK	2026-08-01T14:00:32.9490690Z [1m[92m  Downloaded[0m bit-set v0.8.0
build-android	Build Android APK	2026-08-01T14:00:32.9497972Z [1m[92m  Downloaded[0m cairo-rs v0.18.5
build-android	Build Android APK	2026-08-01T14:00:32.9517215Z [1m[92m  Downloaded[0m crossbeam-utils v0.8.22
build-android	Build Android APK	2026-08-01T14:00:32.9533490Z [1m[92m  Downloaded[0m darling v0.23.0
build-android	Build Android APK	2026-08-01T14:00:32.9561701Z [1m[92m  Downloaded[0m dtoa v1.0.11
build-android	Build Android APK	2026-08-01T14:00:32.9570674Z [1m[92m  Downloaded[0m dunce v1.0.5
build-android	Build Android APK	2026-08-01T14:00:32.9575742Z [1m[92m  Downloaded[0m fastrand v2.5.0
build-android	Build Android APK	2026-08-01T14:00:32.9584303Z [1m[92m  Downloaded[0m fdeflate v0.3.7
build-android	Build Android APK	2026-08-01T14:00:32.9593906Z [1m[92m  Downloaded[0m flate2 v1.1.9
build-android	Build Android APK	2026-08-01T14:00:32.9622639Z [1m[92m  Downloaded[0m futures-channel v0.3.33
build-android	Build Android APK	2026-08-01T14:00:32.9634519Z [1m[92m  Downloaded[0m futures-executor v0.3.33
build-android	Build Android APK	2026-08-01T14:00:32.9642804Z [1m[92m  Downloaded[0m glib-sys v0.18.1
build-android	Build Android APK	2026-08-01T14:00:32.9657614Z [1m[92m  Downloaded[0m http-body v1.1.0
build-android	Build Android APK	2026-08-01T14:00:32.9663301Z [1m[92m  Downloaded[0m mio v1.2.2
build-android	Build Android APK	2026-08-01T14:00:32.9698883Z [1m[92m  Downloaded[0m siphasher v1.0.3
build-android	Build Android APK	2026-08-01T14:00:32.9706459Z [1m[92m  Downloaded[0m soup3 v0.5.0
build-android	Build Android APK	2026-08-01T14:00:32.9728275Z [1m[92m  Downloaded[0m stable_deref_trait v1.2.1
build-android	Build Android APK	2026-08-01T14:00:32.9733130Z [1m[92m  Downloaded[0m synstructure v0.13.2
build-android	Build Android APK	2026-08-01T14:00:32.9739821Z [1m[92m  Downloaded[0m tower-layer v0.3.3
build-android	Build Android APK	2026-08-01T14:00:32.9744766Z [1m[92m  Downloaded[0m tower-service v0.3.3
build-android	Build Android APK	2026-08-01T14:00:32.9749449Z [1m[92m  Downloaded[0m unic-char-range v0.9.0
build-android	Build Android APK	2026-08-01T14:00:32.9756773Z [1m[92m  Downloaded[0m unic-common v0.9.0
build-android	Build Android APK	2026-08-01T14:00:32.9761046Z [1m[92m  Downloaded[0m web_atoms v0.2.5
build-android	Build Android APK	2026-08-01T14:00:32.9768187Z [1m[92m  Downloaded[0m zmij v1.0.23
build-android	Build Android APK	2026-08-01T14:00:32.9779159Z [1m[92m  Downloaded[0m anyhow v1.0.104
build-android	Build Android APK	2026-08-01T14:00:32.9800939Z [1m[92m  Downloaded[0m base64 v0.22.1
build-android	Build Android APK	2026-08-01T14:00:32.9824312Z [1m[92m  Downloaded[0m bitflags v2.13.1
build-android	Build Android APK	2026-08-01T14:00:32.9848250Z [1m[92m  Downloaded[0m bytes v1.12.1
build-android	Build Android APK	2026-08-01T14:00:32.9870917Z [1m[92m  Downloaded[0m cfb v0.7.3
build-android	Build Android APK	2026-08-01T14:00:32.9892270Z [1m[92m  Downloaded[0m darling_core v0.23.0
build-android	Build Android APK	2026-08-01T14:00:32.9921708Z [1m[92m  Downloaded[0m gdk-sys v0.18.2
build-android	Build Android APK	2026-08-01T14:00:32.9936963Z [1m[92m  Downloaded[0m getrandom v0.3.4
build-android	Build Android APK	2026-08-01T14:00:32.9957160Z [1m[92m  Downloaded[0m getrandom v0.4.3
build-android	Build Android APK	2026-08-01T14:00:32.9979140Z [1m[92m  Downloaded[0m gio-sys v0.18.1
build-android	Build Android APK	2026-08-01T14:00:32.9998388Z [1m[92m  Downloaded[0m gobject-sys v0.18.0
build-android	Build Android APK	2026-08-01T14:00:33.0007029Z [1m[92m  Downloaded[0m httparse v1.10.1
build-android	Build Android APK	2026-08-01T14:00:33.0022104Z [1m[92m  Downloaded[0m regex v1.13.1
build-android	Build Android APK	2026-08-01T14:00:33.0057503Z [1m[92m  Downloaded[0m reqwest v0.13.4
build-android	Build Android APK	2026-08-01T14:00:33.0096377Z [1m[92m  Downloaded[0m sha2 v0.10.9
build-android	Build Android APK	2026-08-01T14:00:33.0111568Z [1m[92m  Downloaded[0m soup3-sys v0.5.0
build-android	Build Android APK	2026-08-01T14:00:33.0119910Z [1m[92m  Downloaded[0m tauri-build v2.6.3
build-android	Build Android APK	2026-08-01T14:00:33.0130826Z [1m[92m  Downloaded[0m tauri-codegen v2.6.3
build-android	Build Android APK	2026-08-01T14:00:33.0141273Z [1m[92m  Downloaded[0m tauri-macros v2.6.3
build-android	Build Android APK	2026-08-01T14:00:33.0150970Z [1m[92m  Downloaded[0m tauri-plugin v2.6.3
build-android	Build Android APK	2026-08-01T14:00:33.0158176Z [1m[92m  Downloaded[0m thiserror-impl v2.0.19
build-android	Build Android APK	2026-08-01T14:00:33.0166598Z [1m[92m  Downloaded[0m toml_writer v1.1.2+spec-1.1.0
build-android	Build Android APK	2026-08-01T14:00:33.0175610Z [1m[92m  Downloaded[0m unic-ucd-ident v0.9.0
build-android	Build Android APK	2026-08-01T14:00:33.0186249Z [1m[92m  Downloaded[0m dom_query v0.27.0
build-android	Build Android APK	2026-08-01T14:00:33.0215513Z [1m[92m  Downloaded[0m gdk v0.18.2
build-android	Build Android APK	2026-08-01T14:00:33.0247911Z [1m[92m  Downloaded[0m glob v0.3.4
build-android	Build Android APK	2026-08-01T14:00:33.0256736Z [1m[92m  Downloaded[0m gtk3-macros v0.18.2
build-android	Build Android APK	2026-08-01T14:00:33.0261619Z [1m[92m  Downloaded[0m http-body-util v0.1.4
build-android	Build Android APK	2026-08-01T14:00:33.0272484Z [1m[92m  Downloaded[0m hyper-util v0.1.20
build-android	Build Android APK	2026-08-01T14:00:33.0308649Z [1m[92m  Downloaded[0m idna v1.1.0
build-android	Build Android APK	2026-08-01T14:00:33.0335688Z [1m[92m  Downloaded[0m png v0.18.1
build-android	Build Android APK	2026-08-01T14:00:33.0363431Z [1m[92m  Downloaded[0m shlex v2.0.1
build-android	Build Android APK	2026-08-01T14:00:33.0371262Z [1m[92m  Downloaded[0m socket2 v0.6.5
build-android	Build Android APK	2026-08-01T14:00:33.0384263Z [1m[92m  Downloaded[0m sync_wrapper v1.0.2
build-android	Build Android APK	2026-08-01T14:00:33.0389158Z [1m[92m  Downloaded[0m target-lexicon v0.12.16
build-android	Build Android APK	2026-08-01T14:00:33.0400718Z [1m[92m  Downloaded[0m tauri-plugin-log v2.9.0
build-android	Build Android APK	2026-08-01T14:00:33.0420922Z [1m[92m  Downloaded[0m tinyvec v1.12.0
build-android	Build Android APK	2026-08-01T14:00:33.0438426Z [1m[92m  Downloaded[0m toml_parser v1.1.3+spec-1.1.0
build-android	Build Android APK	2026-08-01T14:00:33.0452890Z [1m[92m  Downloaded[0m tracing-core v0.1.36
build-android	Build Android APK	2026-08-01T14:00:33.0470021Z [1m[92m  Downloaded[0m tray-icon v0.24.2
build-android	Build Android APK	2026-08-01T14:00:33.0486250Z [1m[92m  Downloaded[0m unicode-ident v1.0.24
build-android	Build Android APK	2026-08-01T14:00:33.0502914Z [1m[92m  Downloaded[0m glib-macros v0.18.5
build-android	Build Android APK	2026-08-01T14:00:33.0518639Z [1m[92m  Downloaded[0m html5ever v0.38.0
build-android	Build Android APK	2026-08-01T14:00:33.0540639Z [1m[92m  Downloaded[0m ico v0.5.0
build-android	Build Android APK	2026-08-01T14:00:33.0557790Z [1m[92m  Downloaded[0m icu_locale_core v2.2.0
build-android	Build Android APK	2026-08-01T14:00:33.0594952Z [1m[92m  Downloaded[0m icu_normalizer v2.2.0
build-android	Build Android APK	2026-08-01T14:00:33.0618664Z [1m[92m  Downloaded[0m serde_json v1.0.151
build-android	Build Android APK	2026-08-01T14:00:33.0662995Z [1m[92m  Downloaded[0m servo_arc v0.4.3
build-android	Build Android APK	2026-08-01T14:00:33.0668821Z [1m[92m  Downloaded[0m simd-adler32 v0.3.10
build-android	Build Android APK	2026-08-01T14:00:33.0679056Z [1m[92m  Downloaded[0m tinyvec_macros v0.1.1
build-android	Build Android APK	2026-08-01T14:00:33.0683396Z [1m[92m  Downloaded[0m toml_edit v0.25.13+spec-1.1.0
build-android	Build Android APK	2026-08-01T14:00:33.0708013Z [1m[92m  Downloaded[0m typenum v1.20.1
build-android	Build Android APK	2026-08-01T14:00:33.0732742Z [1m[92m  Downloaded[0m utf8_iter v1.0.4
build-android	Build Android APK	2026-08-01T14:00:33.0738444Z [1m[92m  Downloaded[0m version-compare v0.2.1
build-android	Build Android APK	2026-08-01T14:00:33.0745647Z [1m[92m  Downloaded[0m x11-dl v2.21.0
build-android	Build Android APK	2026-08-01T14:00:33.0764497Z [1m[92m  Downloaded[0m zerofrom v0.1.8
build-android	Build Android APK	2026-08-01T14:00:33.0770210Z [1m[92m  Downloaded[0m zerofrom-derive v0.1.7
build-android	Build Android APK	2026-08-01T14:00:33.0776462Z [1m[92m  Downloaded[0m combine v4.6.7
build-android	Build Android APK	2026-08-01T14:00:33.0813059Z [1m[92m  Downloaded[0m futures-util v0.3.33
build-android	Build Android APK	2026-08-01T14:00:33.0885285Z [1m[92m  Downloaded[0m gtk-sys v0.18.2
build-android	Build Android APK	2026-08-01T14:00:33.0913160Z [1m[92m  Downloaded[0m icu_collections v2.2.0
build-android	Build Android APK	2026-08-01T14:00:33.0948600Z [1m[92m  Downloaded[0m icu_normalizer_data v2.2.0
build-android	Build Android APK	2026-08-01T14:00:33.0963855Z [1m[92m  Downloaded[0m slab v0.4.12
build-android	Build Android APK	2026-08-01T14:00:33.0971509Z [1m[92m  Downloaded[0m smallvec v1.15.2
build-android	Build Android APK	2026-08-01T14:00:33.0981302Z [1m[92m  Downloaded[0m string_cache v0.9.0
build-android	Build Android APK	2026-08-01T14:00:33.0989757Z [1m[92m  Downloaded[0m system-deps v6.2.2
build-android	Build Android APK	2026-08-01T14:00:33.1001274Z [1m[92m  Downloaded[0m tauri-winres v0.3.6
build-android	Build Android APK	2026-08-01T14:00:33.1011456Z [1m[92m  Downloaded[0m tendril v0.5.1
build-android	Build Android APK	2026-08-01T14:00:33.1023887Z [1m[92m  Downloaded[0m thiserror v1.0.69
build-android	Build Android APK	2026-08-01T14:00:33.1051517Z [1m[92m  Downloaded[0m thiserror v2.0.19
build-android	Build Android APK	2026-08-01T14:00:33.1081685Z [1m[92m  Downloaded[0m toml_datetime v1.1.1+spec-1.1.0
build-android	Build Android APK	2026-08-01T14:00:33.1090504Z [1m[92m  Downloaded[0m tower v0.5.3
build-android	Build Android APK	2026-08-01T14:00:33.1143679Z [1m[92m  Downloaded[0m version_check v0.9.5
build-android	Build Android APK	2026-08-01T14:00:33.1151115Z [1m[92m  Downloaded[0m walkdir v2.5.0
build-android	Build Android APK	2026-08-01T14:00:33.1161486Z [1m[92m  Downloaded[0m want v0.3.1
build-android	Build Android APK	2026-08-01T14:00:33.1166704Z [1m[92m  Downloaded[0m writeable v0.6.3
build-android	Build Android APK	2026-08-01T14:00:33.1178549Z [1m[92m  Downloaded[0m chrono v0.4.45
build-android	Build Android APK	2026-08-01T14:00:33.1226746Z [1m[92m  Downloaded[0m gio v0.18.4
build-android	Build Android APK	2026-08-01T14:00:33.1313607Z [1m[92m  Downloaded[0m hashbrown v0.12.3
build-android	Build Android APK	2026-08-01T14:00:33.1338853Z [1m[92m  Downloaded[0m http v1.5.0
build-android	Build Android APK	2026-08-01T14:00:33.1363380Z [1m[92m  Downloaded[0m serde_with v3.21.0
build-android	Build Android APK	2026-08-01T14:00:33.1436605Z [1m[92m  Downloaded[0m tauri-runtime v2.11.3
build-android	Build Android APK	2026-08-01T14:00:33.1448386Z [1m[92m  Downloaded[0m toml v0.9.12+spec-1.1.0
build-android	Build Android APK	2026-08-01T14:00:33.1472388Z [1m[92m  Downloaded[0m urlpattern v0.3.0
build-android	Build Android APK	2026-08-01T14:00:33.1483535Z [1m[92m  Downloaded[0m winnow v0.7.15
build-android	Build Android APK	2026-08-01T14:00:33.1541170Z [1m[92m  Downloaded[0m brotli-decompressor v5.0.3
build-android	Build Android APK	2026-08-01T14:00:33.1583492Z [1m[92m  Downloaded[0m hyper v1.11.0
build-android	Build Android APK	2026-08-01T14:00:33.1627840Z [1m[92m  Downloaded[0m tao-macros v0.1.4
build-android	Build Android APK	2026-08-01T14:00:33.1634784Z [1m[92m  Downloaded[0m tauri-runtime-wry v2.11.4
build-android	Build Android APK	2026-08-01T14:00:33.1652636Z [1m[92m  Downloaded[0m toml v0.8.2
build-android	Build Android APK	2026-08-01T14:00:33.1671350Z [1m[92m  Downloaded[0m toml v1.1.4+spec-1.1.0
build-android	Build Android APK	2026-08-01T14:00:33.1696597Z [1m[92m  Downloaded[0m uuid v1.24.0
build-android	Build Android APK	2026-08-01T14:00:33.1716651Z [1m[92m  Downloaded[0m quick-xml v0.41.0
build-android	Build Android APK	2026-08-01T14:00:33.1760972Z [1m[92m  Downloaded[0m toml_edit v0.20.2
build-android	Build Android APK	2026-08-01T14:00:33.1855058Z [1m[92m  Downloaded[0m tower-http v0.6.11
build-android	Build Android APK	2026-08-01T14:00:33.1909145Z [1m[92m  Downloaded[0m winnow v0.5.40
build-android	Build Android APK	2026-08-01T14:00:33.1960999Z [1m[92m  Downloaded[0m hashbrown v0.17.1
build-android	Build Android APK	2026-08-01T14:00:33.1996701Z [1m[92m  Downloaded[0m url v2.5.8
build-android	Build Android APK	2026-08-01T14:00:33.2015624Z [1m[92m  Downloaded[0m unicode-segmentation v1.13.3
build-android	Build Android APK	2026-08-01T14:00:33.2036748Z [1m[92m  Downloaded[0m wry v0.55.1
build-android	Build Android APK	2026-08-01T14:00:33.2087605Z [1m[92m  Downloaded[0m x11 v2.21.0
build-android	Build Android APK	2026-08-01T14:00:33.2107254Z [1m[92m  Downloaded[0m fern v0.7.1
build-android	Build Android APK	2026-08-01T14:00:33.2139505Z [1m[92m  Downloaded[0m ndk-sys v0.6.0+11769913
build-android	Build Android APK	2026-08-01T14:00:33.2195376Z [1m[92m  Downloaded[0m tauri-utils v2.9.3
build-android	Build Android APK	2026-08-01T14:00:33.2226994Z [1m[92m  Downloaded[0m webkit2gtk v2.0.2
build-android	Build Android APK	2026-08-01T14:00:33.2261511Z [1m[92m  Downloaded[0m zerotrie v0.2.4
build-android	Build Android APK	2026-08-01T14:00:33.2287688Z [1m[92m  Downloaded[0m regex-syntax v0.8.11
build-android	Build Android APK	2026-08-01T14:00:33.2341513Z [1m[92m  Downloaded[0m time v0.3.55
build-android	Build Android APK	2026-08-01T14:00:33.2427555Z [1m[92m  Downloaded[0m tokio-util v0.7.19
build-android	Build Android APK	2026-08-01T14:00:33.2475327Z [1m[92m  Downloaded[0m toml_edit v0.19.15
build-android	Build Android APK	2026-08-01T14:00:33.2569157Z [1m[92m  Downloaded[0m zerovec v0.11.6
build-android	Build Android APK	2026-08-01T14:00:33.2606512Z [1m[92m  Downloaded[0m winnow v1.0.4
build-android	Build Android APK	2026-08-01T14:00:33.2665724Z [1m[92m  Downloaded[0m glib v0.18.5
build-android	Build Android APK	2026-08-01T14:00:33.2734029Z [1m[92m  Downloaded[0m syn v1.0.109
build-android	Build Android APK	2026-08-01T14:00:33.2794714Z [1m[92m  Downloaded[0m syn v2.0.119
build-android	Build Android APK	2026-08-01T14:00:33.2865794Z [1m[92m  Downloaded[0m tao v0.35.3
build-android	Build Android APK	2026-08-01T14:00:33.2937563Z [1m[92m  Downloaded[0m tauri v2.11.5
build-android	Build Android APK	2026-08-01T14:00:33.3025430Z [1m[92m  Downloaded[0m syn v3.0.3
build-android	Build Android APK	2026-08-01T14:00:33.3096764Z [1m[92m  Downloaded[0m gtk v0.18.2
build-android	Build Android APK	2026-08-01T14:00:33.3236689Z [1m[92m  Downloaded[0m tracing v0.1.44
build-android	Build Android APK	2026-08-01T14:00:33.3350784Z [1m[92m  Downloaded[0m brotli v8.0.4
build-android	Build Android APK	2026-08-01T14:00:33.3472560Z [1m[92m  Downloaded[0m webkit2gtk-sys v2.0.2
build-android	Build Android APK	2026-08-01T14:00:33.3482057Z [1m[92m  Downloaded[0m regex-automata v0.4.16
build-android	Build Android APK	2026-08-01T14:00:33.3588342Z [1m[92m  Downloaded[0m libdbus-sys v0.2.7
build-android	Build Android APK	2026-08-01T14:00:33.3793509Z [1m[92m  Downloaded[0m libc v0.2.189
build-android	Build Android APK	2026-08-01T14:00:33.4039819Z [1m[92m  Downloaded[0m tokio v1.53.1
build-android	Build Android APK	2026-08-01T14:00:33.7566446Z [1m[92m   Compiling[0m proc-macro2 v1.0.107
build-android	Build Android APK	2026-08-01T14:00:33.7567227Z [1m[92m   Compiling[0m unicode-ident v1.0.24
build-android	Build Android APK	2026-08-01T14:00:33.7568267Z [1m[92m   Compiling[0m quote v1.0.47
build-android	Build Android APK	2026-08-01T14:00:33.7568657Z [1m[92m   Compiling[0m libc v0.2.189
build-android	Build Android APK	2026-08-01T14:00:37.3237722Z [1m[92m   Compiling[0m serde_core v1.0.229
build-android	Build Android APK	2026-08-01T14:00:40.0409471Z [1m[92m   Compiling[0m siphasher v1.0.3
build-android	Build Android APK	2026-08-01T14:00:40.0537508Z [1m[92m   Compiling[0m fastrand v2.5.0
build-android	Build Android APK	2026-08-01T14:00:40.2115767Z [1m[92m   Compiling[0m phf_shared v0.13.1
build-android	Build Android APK	2026-08-01T14:00:40.4150837Z [1m[92m   Compiling[0m phf_generator v0.13.1
build-android	Build Android APK	2026-08-01T14:00:40.5761595Z [1m[92m   Compiling[0m icu_properties_data v2.2.0
build-android	Build Android APK	2026-08-01T14:00:40.6600681Z [1m[92m   Compiling[0m icu_normalizer_data v2.2.0
build-android	Build Android APK	2026-08-01T14:00:41.4378451Z [1m[92m   Compiling[0m syn v2.0.119
build-android	Build Android APK	2026-08-01T14:00:42.0652231Z [1m[92m   Compiling[0m syn v3.0.3
build-android	Build Android APK	2026-08-01T14:00:42.6520784Z [1m[92m   Compiling[0m phf_codegen v0.13.1
build-android	Build Android APK	2026-08-01T14:00:42.7120713Z [1m[92m   Compiling[0m stable_deref_trait v1.2.1
build-android	Build Android APK	2026-08-01T14:00:42.7251193Z [1m[92m   Compiling[0m parking_lot_core v0.9.12
build-android	Build Android APK	2026-08-01T14:00:42.7604357Z [1m[92m   Compiling[0m zmij v1.0.23
build-android	Build Android APK	2026-08-01T14:00:42.8459979Z [1m[92m   Compiling[0m cfg-if v1.0.4
build-android	Build Android APK	2026-08-01T14:00:42.8770087Z [1m[92m   Compiling[0m serde v1.0.229
build-android	Build Android APK	2026-08-01T14:00:42.9220802Z [1m[92m   Compiling[0m smallvec v1.15.2
build-android	Build Android APK	2026-08-01T14:00:43.0718351Z [1m[92m   Compiling[0m winnow v1.0.4
build-android	Build Android APK	2026-08-01T14:00:43.9310571Z [1m[92m   Compiling[0m string_cache_codegen v0.6.1
build-android	Build Android APK	2026-08-01T14:00:44.0051340Z [1m[92m   Compiling[0m serde_derive v1.0.229
build-android	Build Android APK	2026-08-01T14:00:44.2800399Z [1m[92m   Compiling[0m synstructure v0.13.2
build-android	Build Android APK	2026-08-01T14:00:44.4312627Z [1m[92m   Compiling[0m displaydoc v0.2.7
build-android	Build Android APK	2026-08-01T14:00:44.8220916Z [1m[92m   Compiling[0m toml_parser v1.1.3+spec-1.1.0
build-android	Build Android APK	2026-08-01T14:00:45.0646684Z [1m[92m   Compiling[0m memchr v2.8.3
build-android	Build Android APK	2026-08-01T14:00:45.4390514Z [1m[92m   Compiling[0m thiserror v1.0.69
build-android	Build Android APK	2026-08-01T14:00:45.5880691Z [1m[92m   Compiling[0m web_atoms v0.2.5
build-android	Build Android APK	2026-08-01T14:00:45.7162046Z [1m[92m   Compiling[0m zerofrom-derive v0.1.7
build-android	Build Android APK	2026-08-01T14:00:45.7293862Z [1m[92m   Compiling[0m yoke-derive v0.8.2
build-android	Build Android APK	2026-08-01T14:00:45.9420628Z [1m[92m   Compiling[0m zerovec-derive v0.11.3
build-android	Build Android APK	2026-08-01T14:00:46.5814769Z [1m[92m   Compiling[0m phf_macros v0.13.1
build-android	Build Android APK	2026-08-01T14:00:46.7284120Z [1m[92m   Compiling[0m zerofrom v0.1.8
build-android	Build Android APK	2026-08-01T14:00:46.8110687Z [1m[92m   Compiling[0m yoke v0.8.3
build-android	Build Android APK	2026-08-01T14:00:46.9756397Z [1m[92m   Compiling[0m zerovec v0.11.6
build-android	Build Android APK	2026-08-01T14:00:47.1480762Z [1m[92m   Compiling[0m thiserror-impl v1.0.69
build-android	Build Android APK	2026-08-01T14:00:47.2191381Z [1m[92m   Compiling[0m toml_datetime v1.1.1+spec-1.1.0
build-android	Build Android APK	2026-08-01T14:00:47.4380349Z [1m[92m   Compiling[0m typeid v1.0.3
build-android	Build Android APK	2026-08-01T14:00:47.5140779Z [1m[92m   Compiling[0m version_check v0.9.5
build-android	Build Android APK	2026-08-01T14:00:47.5758616Z [1m[92m   Compiling[0m time-core v0.1.9
build-android	Build Android APK	2026-08-01T14:00:47.7280830Z [1m[92m   Compiling[0m hashbrown v0.17.1
build-android	Build Android APK	2026-08-01T14:00:47.7640687Z [1m[92m   Compiling[0m num-conv v0.2.2
build-android	Build Android APK	2026-08-01T14:00:47.8670637Z [1m[92m   Compiling[0m equivalent v1.0.2
build-android	Build Android APK	2026-08-01T14:00:47.9099225Z [1m[92m   Compiling[0m tinystr v0.8.3
build-android	Build Android APK	2026-08-01T14:00:48.0632245Z [1m[92m   Compiling[0m litemap v0.8.2
build-android	Build Android APK	2026-08-01T14:00:48.1178908Z [1m[92m   Compiling[0m ident_case v1.0.1
build-android	Build Android APK	2026-08-01T14:00:48.1850686Z [1m[92m   Compiling[0m writeable v0.6.3
build-android	Build Android APK	2026-08-01T14:00:48.2180817Z [1m[92m   Compiling[0m strsim v0.11.1
build-android	Build Android APK	2026-08-01T14:00:48.2772887Z [1m[92m   Compiling[0m indexmap v2.14.0
build-android	Build Android APK	2026-08-01T14:00:48.3390597Z [1m[92m   Compiling[0m thiserror v2.0.19
build-android	Build Android APK	2026-08-01T14:00:48.4655134Z [1m[92m   Compiling[0m itoa v1.0.18
build-android	Build Android APK	2026-08-01T14:00:48.5061005Z [1m[92m   Compiling[0m erased-serde v0.4.10
build-android	Build Android APK	2026-08-01T14:00:48.5819900Z [1m[92m   Compiling[0m darling_core v0.23.0
build-android	Build Android APK	2026-08-01T14:00:48.6390613Z [1m[92m   Compiling[0m icu_locale_core v2.2.0
build-android	Build Android APK	2026-08-01T14:00:48.9780841Z [1m[92m   Compiling[0m potential_utf v0.1.5
build-android	Build Android APK	2026-08-01T14:00:49.0710897Z [1m[92m   Compiling[0m zerotrie v0.2.4
build-android	Build Android APK	2026-08-01T14:00:49.0932897Z [1m[92m   Compiling[0m cssparser-macros v0.6.1
build-android	Build Android APK	2026-08-01T14:00:49.3111027Z [1m[92m   Compiling[0m derive_more-impl v2.1.1
build-android	Build Android APK	2026-08-01T14:00:49.3270445Z [1m[92m   Compiling[0m selectors v0.36.1
build-android	Build Android APK	2026-08-01T14:00:49.5309023Z [1m[92m   Compiling[0m utf8_iter v1.0.4
build-android	Build Android APK	2026-08-01T14:00:49.6134163Z [1m[92m   Compiling[0m icu_collections v2.2.0
build-android	Build Android APK	2026-08-01T14:00:49.6711526Z [1m[92m   Compiling[0m icu_provider v2.2.0
build-android	Build Android APK	2026-08-01T14:00:49.9150744Z [1m[92m   Compiling[0m thiserror-impl v2.0.19
build-android	Build Android APK	2026-08-01T14:00:50.0410460Z [1m[92m   Compiling[0m anyhow v1.0.104
build-android	Build Android APK	2026-08-01T14:00:50.2090862Z [1m[92m   Compiling[0m scopeguard v1.2.0
build-android	Build Android APK	2026-08-01T14:00:50.2629006Z [1m[92m   Compiling[0m new_debug_unreachable v1.0.6
build-android	Build Android APK	2026-08-01T14:00:50.2945478Z [1m[92m   Compiling[0m lock_api v0.4.14
build-android	Build Android APK	2026-08-01T14:00:50.6150531Z [1m[92m   Compiling[0m bytes v1.12.1
build-android	Build Android APK	2026-08-01T14:00:50.9560428Z [1m[92m   Compiling[0m phf v0.13.1
build-android	Build Android APK	2026-08-01T14:00:51.0869487Z [1m[92m   Compiling[0m precomputed-hash v0.1.1
build-android	Build Android APK	2026-08-01T14:00:51.0970880Z [1m[92m   Compiling[0m getrandom v0.4.3
build-android	Build Android APK	2026-08-01T14:00:51.1290580Z [1m[92m   Compiling[0m serde_json v1.0.151
build-android	Build Android APK	2026-08-01T14:00:51.1400303Z [1m[92m   Compiling[0m darling_macro v0.23.0
build-android	Build Android APK	2026-08-01T14:00:51.2195060Z [1m[92m   Compiling[0m parking_lot v0.12.5
build-android	Build Android APK	2026-08-01T14:00:51.3282167Z [1m[92m   Compiling[0m darling v0.23.0
build-android	Build Android APK	2026-08-01T14:00:51.3690690Z [1m[92m   Compiling[0m serde_with_macros v3.21.0
build-android	Build Android APK	2026-08-01T14:00:51.5202256Z [1m[92m   Compiling[0m icu_normalizer v2.2.0
build-android	Build Android APK	2026-08-01T14:00:51.5500979Z [1m[92m   Compiling[0m icu_properties v2.2.0
build-android	Build Android APK	2026-08-01T14:00:51.5810792Z [1m[92m   Compiling[0m generic-array v0.14.7
build-android	Build Android APK	2026-08-01T14:00:51.6640541Z [1m[92m   Compiling[0m serde_spanned v1.1.1
build-android	Build Android APK	2026-08-01T14:00:51.7426108Z [1m[92m   Compiling[0m toml_writer v1.1.2+spec-1.1.0
build-android	Build Android APK	2026-08-01T14:00:51.9300970Z [1m[92m   Compiling[0m ctor-proc-macro v0.0.7
build-android	Build Android APK	2026-08-01T14:00:52.0810737Z [1m[92m   Compiling[0m string_cache v0.9.0
build-android	Build Android APK	2026-08-01T14:00:52.2640362Z [1m[92m   Compiling[0m semver v1.0.28
build-android	Build Android APK	2026-08-01T14:00:52.4296573Z [1m[92m   Compiling[0m percent-encoding v2.3.2
build-android	Build Android APK	2026-08-01T14:00:52.4800684Z [1m[92m   Compiling[0m dtoa v1.0.11
build-android	Build Android APK	2026-08-01T14:00:52.5464772Z [1m[92m   Compiling[0m idna_adapter v1.2.2
build-android	Build Android APK	2026-08-01T14:00:52.5661018Z [1m[92m   Compiling[0m log v0.4.33
build-android	Build Android APK	2026-08-01T14:00:52.6830755Z [1m[92m   Compiling[0m autocfg v1.5.1
build-android	Build Android APK	2026-08-01T14:00:52.6977109Z [1m[92m   Compiling[0m idna v1.1.0
build-android	Build Android APK	2026-08-01T14:00:52.9334162Z [1m[92m   Compiling[0m dtoa-short v0.3.5
build-android	Build Android APK	2026-08-01T14:00:53.0062248Z [1m[92m   Compiling[0m form_urlencoded v1.2.2
build-android	Build Android APK	2026-08-01T14:00:53.0410539Z [1m[92m   Compiling[0m indexmap v1.9.3
build-android	Build Android APK	2026-08-01T14:00:53.1110688Z [1m[92m   Compiling[0m uuid v1.24.0
build-android	Build Android APK	2026-08-01T14:00:53.2088292Z [1m[92m   Compiling[0m tendril v0.5.1
build-android	Build Android APK	2026-08-01T14:00:53.3180590Z [1m[92m   Compiling[0m aho-corasick v1.1.4
build-android	Build Android APK	2026-08-01T14:00:53.4530166Z [1m[92m   Compiling[0m unic-common v0.9.0
build-android	Build Android APK	2026-08-01T14:00:53.4887469Z [1m[92m   Compiling[0m byteorder v1.5.0
build-android	Build Android APK	2026-08-01T14:00:53.5850727Z [1m[92m   Compiling[0m unic-char-range v0.9.0
build-android	Build Android APK	2026-08-01T14:00:53.6520637Z [1m[92m   Compiling[0m alloc-no-stdlib v2.0.4
build-android	Build Android APK	2026-08-01T14:00:53.6750956Z [1m[92m   Compiling[0m regex-syntax v0.8.11
build-android	Build Android APK	2026-08-01T14:00:53.7210769Z [1m[92m   Compiling[0m camino v1.2.5
build-android	Build Android APK	2026-08-01T14:00:53.8990736Z [1m[92m   Compiling[0m alloc-stdlib v0.2.4
build-android	Build Android APK	2026-08-01T14:00:53.9990951Z [1m[92m   Compiling[0m unic-char-property v0.9.0
build-android	Build Android APK	2026-08-01T14:00:54.0594248Z [1m[92m   Compiling[0m markup5ever v0.38.0
build-android	Build Android APK	2026-08-01T14:00:54.2350533Z [1m[92m   Compiling[0m unic-ucd-version v0.9.0
build-android	Build Android APK	2026-08-01T14:00:54.4230343Z [1m[92m   Compiling[0m url v2.5.8
build-android	Build Android APK	2026-08-01T14:00:55.0332523Z [1m[92m   Compiling[0m cssparser v0.36.0
build-android	Build Android APK	2026-08-01T14:00:55.1570680Z [1m[92m   Compiling[0m toml v1.1.4+spec-1.1.0
build-android	Build Android APK	2026-08-01T14:00:55.7993751Z [1m[92m   Compiling[0m regex-automata v0.4.16
build-android	Build Android APK	2026-08-01T14:00:56.0535442Z [1m[92m   Compiling[0m derive_more v2.1.1
build-android	Build Android APK	2026-08-01T14:00:56.4413727Z [1m[92m   Compiling[0m serde_derive_internals v0.29.1
build-android	Build Android APK	2026-08-01T14:00:56.5749996Z [1m[92m   Compiling[0m servo_arc v0.4.3
build-android	Build Android APK	2026-08-01T14:00:56.7349425Z [1m[92m   Compiling[0m bit-vec v0.8.0
build-android	Build Android APK	2026-08-01T14:00:56.9120599Z [1m[92m   Compiling[0m fnv v1.0.7
build-android	Build Android APK	2026-08-01T14:00:56.9610495Z [1m[92m   Compiling[0m rustc-hash v2.1.3
build-android	Build Android APK	2026-08-01T14:00:57.0300594Z [1m[92m   Compiling[0m hashbrown v0.12.3
build-android	Build Android APK	2026-08-01T14:00:57.3670704Z [1m[92m   Compiling[0m bitflags v2.13.1
build-android	Build Android APK	2026-08-01T14:00:57.4003336Z [1m[92m   Compiling[0m deranged v0.5.8
build-android	Build Android APK	2026-08-01T14:00:57.4584668Z [1m[92m   Compiling[0m powerfmt v0.2.0
build-android	Build Android APK	2026-08-01T14:00:57.5176401Z [1m[92m   Compiling[0m schemars v0.8.22
build-android	Build Android APK	2026-08-01T14:00:57.9971356Z [1m[92m   Compiling[0m regex v1.13.1
build-android	Build Android APK	2026-08-01T14:00:58.3621795Z [1m[92m   Compiling[0m time v0.3.55
build-android	Build Android APK	2026-08-01T14:00:58.6657944Z [1m[92m   Compiling[0m schemars_derive v0.8.22
build-android	Build Android APK	2026-08-01T14:00:58.7962745Z [1m[92m   Compiling[0m cfb v0.7.3
build-android	Build Android APK	2026-08-01T14:00:59.3480749Z [1m[92m   Compiling[0m bit-set v0.8.0
build-android	Build Android APK	2026-08-01T14:00:59.6611228Z [1m[92m   Compiling[0m unic-ucd-ident v0.9.0
build-android	Build Android APK	2026-08-01T14:00:59.8200591Z [1m[92m   Compiling[0m html5ever v0.38.0
build-android	Build Android APK	2026-08-01T14:00:59.9350801Z [1m[92m   Compiling[0m brotli-decompressor v5.0.3
build-android	Build Android APK	2026-08-01T14:01:00.3650985Z [1m[92m   Compiling[0m jsonptr v0.6.3
build-android	Build Android APK	2026-08-01T14:01:00.6450473Z [1m[92m   Compiling[0m cargo-platform v0.1.9
build-android	Build Android APK	2026-08-01T14:01:00.6521610Z [1m[92m   Compiling[0m quick-xml v0.41.0
build-android	Build Android APK	2026-08-01T14:01:00.7229456Z [1m[92m   Compiling[0m same-file v1.0.6
build-android	Build Android APK	2026-08-01T14:01:00.7926940Z [1m[92m   Compiling[0m dyn-clone v1.0.20
build-android	Build Android APK	2026-08-01T14:01:00.8070422Z [1m[92m   Compiling[0m foldhash v0.2.0
build-android	Build Android APK	2026-08-01T14:01:00.8171057Z [1m[92m   Compiling[0m base64 v0.22.1
build-android	Build Android APK	2026-08-01T14:01:00.8690884Z [1m[92m   Compiling[0m dunce v1.0.5
build-android	Build Android APK	2026-08-01T14:01:00.9251985Z [1m[92m   Compiling[0m dom_query v0.27.0
build-android	Build Android APK	2026-08-01T14:01:01.4730451Z [1m[92m   Compiling[0m http v1.5.0
build-android	Build Android APK	2026-08-01T14:01:01.5790692Z [1m[92m   Compiling[0m plist v1.10.0
build-android	Build Android APK	2026-08-01T14:01:02.3010468Z [1m[92m   Compiling[0m walkdir v2.5.0
build-android	Build Android APK	2026-08-01T14:01:02.3390583Z [1m[92m   Compiling[0m cargo_metadata v0.19.2
build-android	Build Android APK	2026-08-01T14:01:02.4654008Z [1m[92m   Compiling[0m brotli v8.0.4
build-android	Build Android APK	2026-08-01T14:01:02.5200650Z [1m[92m   Compiling[0m json-patch v3.0.1
build-android	Build Android APK	2026-08-01T14:01:02.7000617Z [1m[92m   Compiling[0m serde-untagged v0.1.9
build-android	Build Android APK	2026-08-01T14:01:02.8871301Z [1m[92m   Compiling[0m urlpattern v0.3.0
build-android	Build Android APK	2026-08-01T14:01:02.8926724Z [1m[92m   Compiling[0m infer v0.19.0
build-android	Build Android APK	2026-08-01T14:01:03.2388671Z [1m[92m   Compiling[0m serde_with v3.21.0
build-android	Build Android APK	2026-08-01T14:01:03.6840688Z [1m[92m   Compiling[0m ctor v0.8.0
build-android	Build Android APK	2026-08-01T14:01:03.7250664Z [1m[92m   Compiling[0m glob v0.3.4
build-android	Build Android APK	2026-08-01T14:01:05.2341117Z [1m[92m   Compiling[0m tauri-utils v2.9.3
build-android	Build Android APK	2026-08-01T14:01:05.5474135Z [1m[92m   Compiling[0m pin-project-lite v0.2.17
build-android	Build Android APK	2026-08-01T14:01:05.5880348Z [1m[92m   Compiling[0m futures-core v0.3.33
build-android	Build Android APK	2026-08-01T14:01:05.7700605Z [1m[92m   Compiling[0m jni-sys-macros v0.4.1
build-android	Build Android APK	2026-08-01T14:01:05.8970599Z [1m[92m   Compiling[0m jni-sys v0.3.1
build-android	Build Android APK	2026-08-01T14:01:05.9990561Z [1m[92m   Compiling[0m shlex v2.0.1
build-android	Build Android APK	2026-08-01T14:01:06.0984987Z [1m[92m   Compiling[0m find-msvc-tools v0.1.9
build-android	Build Android APK	2026-08-01T14:01:06.2671897Z [1m[92m   Compiling[0m cc v1.4.0
build-android	Build Android APK	2026-08-01T14:01:06.4670556Z [1m[92m   Compiling[0m jni-sys v0.4.1
build-android	Build Android APK	2026-08-01T14:01:07.5157935Z [1m[92m   Compiling[0m rustc_version v0.4.1
build-android	Build Android APK	2026-08-01T14:01:07.7213626Z [1m[92m   Compiling[0m toml_datetime v0.7.5+spec-1.1.0
build-android	Build Android APK	2026-08-01T14:01:07.9760315Z [1m[92m   Compiling[0m option-ext v0.2.0
build-android	Build Android APK	2026-08-01T14:01:10.3660707Z [1m[92m   Compiling[0m winnow v0.7.15
build-android	Build Android APK	2026-08-01T14:01:11.8080765Z [1m[92m   Compiling[0m toml v0.9.12+spec-1.1.0
build-android	Build Android APK	2026-08-01T14:01:13.0480755Z [1m[92m   Compiling[0m dirs-sys v0.5.0
build-android	Build Android APK	2026-08-01T14:01:16.2688433Z [1m[92m   Compiling[0m embed-resource v3.0.11
build-android	Build Android APK	2026-08-01T14:01:18.4580848Z [1m[92m   Compiling[0m toml_edit v0.25.13+spec-1.1.0
build-android	Build Android APK	2026-08-01T14:01:19.2816372Z [1m[92m   Compiling[0m time-macros v0.2.32
build-android	Build Android APK	2026-08-01T14:01:19.4074293Z [1m[92m   Compiling[0m mio v1.2.2
build-android	Build Android APK	2026-08-01T14:01:19.8747563Z [1m[92m   Compiling[0m socket2 v0.6.5
build-android	Build Android APK	2026-08-01T14:01:20.2357187Z [1m[92m   Compiling[0m crc32fast v1.5.0
build-android	Build Android APK	2026-08-01T14:01:20.4530878Z [1m[92m   Compiling[0m rustversion v1.0.23
build-android	Build Android APK	2026-08-01T14:01:20.4680316Z [1m[92m   Compiling[0m heck v0.5.0
build-android	Build Android APK	2026-08-01T14:01:20.6100580Z [1m[92m   Compiling[0m simd-adler32 v0.3.10
build-android	Build Android APK	2026-08-01T14:01:20.8820861Z [1m[92m   Compiling[0m num_threads v0.1.7
build-android	Build Android APK	2026-08-01T14:01:21.0430363Z [1m[92m   Compiling[0m typenum v1.20.1
build-android	Build Android APK	2026-08-01T14:01:21.3704123Z [1m[92m   Compiling[0m once_cell v1.21.4
build-android	Build Android APK	2026-08-01T14:01:22.2916174Z [1m[92m   Compiling[0m tokio v1.53.1
build-android	Build Android APK	2026-08-01T14:01:22.7180699Z [1m[92m   Compiling[0m proc-macro-crate v3.5.0
build-android	Build Android APK	2026-08-01T14:01:23.3450423Z [1m[92m   Compiling[0m tauri-winres v0.3.6
build-android	Build Android APK	2026-08-01T14:01:25.1079162Z [1m[92m   Compiling[0m dirs v6.0.0
build-android	Build Android APK	2026-08-01T14:01:25.1710639Z [1m[92m   Compiling[0m cargo_toml v0.22.3
build-android	Build Android APK	2026-08-01T14:01:25.7860633Z [1m[92m   Compiling[0m adler2 v2.0.1
build-android	Build Android APK	2026-08-01T14:01:25.8511098Z [1m[92m   Compiling[0m crossbeam-utils v0.8.22
build-android	Build Android APK	2026-08-01T14:01:26.3130673Z [1m[92m   Compiling[0m miniz_oxide v0.8.9
build-android	Build Android APK	2026-08-01T14:01:26.8440357Z [1m[92m   Compiling[0m tauri-build v2.6.3
build-android	Build Android APK	2026-08-01T14:01:28.0420627Z [1m[92m   Compiling[0m num_enum_derive v0.7.6
build-android	Build Android APK	2026-08-01T14:01:28.6100440Z [1m[92m   Compiling[0m http-body v1.1.0
build-android	Build Android APK	2026-08-01T14:01:28.7121795Z [1m[92m   Compiling[0m combine v4.6.7
build-android	Build Android APK	2026-08-01T14:01:28.8421803Z [1m[92m   Compiling[0m cookie v0.18.1
build-android	Build Android APK	2026-08-01T14:01:28.9916633Z [1m[92m   Compiling[0m futures-task v0.3.33
build-android	Build Android APK	2026-08-01T14:01:29.0957474Z [1m[92m   Compiling[0m httparse v1.10.1
build-android	Build Android APK	2026-08-01T14:01:29.2740629Z [1m[92m   Compiling[0m slab v0.4.12
build-android	Build Android APK	2026-08-01T14:01:29.9990809Z [1m[92m   Compiling[0m raw-window-handle v0.6.2
build-android	Build Android APK	2026-08-01T14:01:30.2320689Z [1m[92m   Compiling[0m cesu8 v1.1.0
build-android	Build Android APK	2026-08-01T14:01:32.2800764Z [1m[92m   Compiling[0m futures-util v0.3.33
build-android	Build Android APK	2026-08-01T14:01:33.1640783Z [1m[92m   Compiling[0m jni v0.21.1
build-android	Build Android APK	2026-08-01T14:01:33.8720637Z [1m[92m   Compiling[0m num_enum v0.7.6
build-android	Build Android APK	2026-08-01T14:01:33.9320676Z [1m[92m   Compiling[0m flate2 v1.1.9
build-android	Build Android APK	2026-08-01T14:01:35.6191801Z [1m[92m   Compiling[0m block-buffer v0.10.4
build-android	Build Android APK	2026-08-01T14:01:35.6980429Z [1m[92m   Compiling[0m crypto-common v0.1.7
build-android	Build Android APK	2026-08-01T14:01:35.9420581Z [1m[92m   Compiling[0m fdeflate v0.3.7
build-android	Build Android APK	2026-08-01T14:01:36.2638391Z [1m[92m   Compiling[0m ndk-sys v0.6.0+11769913
build-android	Build Android APK	2026-08-01T14:01:37.9580652Z [1m[92m   Compiling[0m dpi v0.1.2
build-android	Build Android APK	2026-08-01T14:01:38.8790579Z [1m[92m   Compiling[0m try-lock v0.2.5
build-android	Build Android APK	2026-08-01T14:01:38.9380641Z [1m[92m   Compiling[0m bitflags v1.3.2
build-android	Build Android APK	2026-08-01T14:01:39.1810560Z [1m[92m   Compiling[0m tower-service v0.3.3
build-android	Build Android APK	2026-08-01T14:01:39.7012203Z [1m[92m   Compiling[0m png v0.17.16
build-android	Build Android APK	2026-08-01T14:01:40.0163461Z [1m[92m   Compiling[0m want v0.3.1
build-android	Build Android APK	2026-08-01T14:01:41.2729316Z [1m[92m   Compiling[0m ndk v0.9.0
build-android	Build Android APK	2026-08-01T14:01:42.2680371Z [1m[92m   Compiling[0m digest v0.10.7
build-android	Build Android APK	2026-08-01T14:01:42.5860714Z [1m[92m   Compiling[0m crossbeam-channel v0.5.16
build-android	Build Android APK	2026-08-01T14:01:46.9398871Z [1m[92m   Compiling[0m tauri v2.11.5
build-android	Build Android APK	2026-08-01T14:01:47.4480302Z [1m[92m   Compiling[0m tracing-core v0.1.36
build-android	Build Android APK	2026-08-01T14:01:47.8743142Z [1m[92m   Compiling[0m sync_wrapper v1.0.2
build-android	Build Android APK	2026-08-01T14:01:47.9370610Z [1m[92m   Compiling[0m futures-channel v0.3.33
build-android	Build Android APK	2026-08-01T14:01:48.2760047Z [1m[92m   Compiling[0m tao-macros v0.1.4
build-android	Build Android APK	2026-08-01T14:01:48.2870452Z [1m[92m   Compiling[0m cpufeatures v0.2.17
build-android	Build Android APK	2026-08-01T14:01:48.3933741Z [1m[92m   Compiling[0m tower-layer v0.3.3
build-android	Build Android APK	2026-08-01T14:01:48.6110597Z [1m[92m   Compiling[0m wry v0.55.1
build-android	Build Android APK	2026-08-01T14:01:48.6290751Z [1m[92m   Compiling[0m tauri-runtime v2.11.3
build-android	Build Android APK	2026-08-01T14:01:48.8590486Z [1m[92m   Compiling[0m atomic-waker v1.1.2
build-android	Build Android APK	2026-08-01T14:01:48.9282508Z [1m[92m   Compiling[0m hyper v1.11.0
build-android	Build Android APK	2026-08-01T14:01:49.8391915Z [1m[92m   Compiling[0m sha2 v0.10.9
build-android	Build Android APK	2026-08-01T14:01:50.3618154Z [1m[92m   Compiling[0m tower v0.5.3
build-android	Build Android APK	2026-08-01T14:01:52.1995779Z [1m[92m   Compiling[0m tracing v0.1.44
build-android	Build Android APK	2026-08-01T14:01:52.5492754Z [1m[92m   Compiling[0m ico v0.5.0
build-android	Build Android APK	2026-08-01T14:01:52.6870814Z [1m[92m   Compiling[0m tauri-plugin v2.6.3
build-android	Build Android APK	2026-08-01T14:01:52.9680572Z [1m[92m   Compiling[0m futures-sink v0.3.33
build-android	Build Android APK	2026-08-01T14:01:53.0040575Z [1m[92m   Compiling[0m getrandom v0.3.4
build-android	Build Android APK	2026-08-01T14:01:53.0280597Z [1m[92m   Compiling[0m tauri-runtime-wry v2.11.4
build-android	Build Android APK	2026-08-01T14:01:53.1210655Z [1m[92m   Compiling[0m ipnet v2.12.0
build-android	Build Android APK	2026-08-01T14:01:53.7140701Z [1m[92m   Compiling[0m hyper-util v0.1.20
build-android	Build Android APK	2026-08-01T14:01:54.5441714Z [1m[92m   Compiling[0m tokio-util v0.7.19
build-android	Build Android APK	2026-08-01T14:01:55.4216373Z [1m[92m   Compiling[0m tauri-plugin-log v2.9.0
build-android	Build Android APK	2026-08-01T14:01:55.7417505Z [1m[92m   Compiling[0m tauri-codegen v2.6.3
build-android	Build Android APK	2026-08-01T14:01:57.2160571Z [1m[92m   Compiling[0m tower-http v0.6.11
build-android	Build Android APK	2026-08-01T14:01:57.8360561Z [1m[92m   Compiling[0m tao v0.35.3
build-android	Build Android APK	2026-08-01T14:01:58.1913084Z [1m[92m   Compiling[0m http-body-util v0.1.4
build-android	Build Android APK	2026-08-01T14:01:58.4540770Z [1m[92m   Compiling[0m serialize-to-javascript-impl v0.1.2
build-android	Build Android APK	2026-08-01T14:01:58.6722473Z [1m[92m   Compiling[0m serialize-to-javascript v0.1.2
build-android	Build Android APK	2026-08-01T14:01:58.8135302Z [1m[92m   Compiling[0m reqwest v0.13.4
build-android	Build Android APK	2026-08-01T14:02:07.4370539Z [1m[92m   Compiling[0m tauri-macros v2.6.3
build-android	Build Android APK	2026-08-01T14:02:08.7910587Z [1m[92m   Compiling[0m env_filter v0.1.4
build-android	Build Android APK	2026-08-01T14:02:09.8992098Z [1m[92m   Compiling[0m serde_repr v0.1.21
build-android	Build Android APK	2026-08-01T14:02:10.2000649Z [1m[92m   Compiling[0m android_log-sys v0.3.2
build-android	Build Android APK	2026-08-01T14:02:10.2600541Z [1m[92m   Compiling[0m mime v0.3.17
build-android	Build Android APK	2026-08-01T14:02:11.4660833Z [1m[92m   Compiling[0m android_logger v0.15.1
build-android	Build Android APK	2026-08-01T14:02:11.9371429Z [1m[92m   Compiling[0m app v0.1.0 (/home/runner/work/BoraPlayer/BoraPlayer/src-tauri)
build-android	Build Android APK	2026-08-01T14:02:12.0390638Z [1m[92m   Compiling[0m fern v0.7.1
build-android	Build Android APK	2026-08-01T14:02:46.3785544Z [1m[92m    Finished[0m `release` profile [optimized] target(s) in 2m 15s
build-android	Build Android APK	2026-08-01T14:02:46.4880736Z         Info symlinking lib "/home/runner/work/BoraPlayer/BoraPlayer/src-tauri/target/aarch64-linux-android/release/libapp_lib.so" in jniLibs dir "/home/runner/work/BoraPlayer/BoraPlayer/src-tauri/gen/android/app/src/main/jniLibs/arm64-v8a"
build-android	Build Android APK	2026-08-01T14:02:46.7814541Z         Info "/home/runner/work/BoraPlayer/BoraPlayer/src-tauri/target/aarch64-linux-android/release/libapp_lib.so" requires shared lib "liblog.so"
build-android	Build Android APK	2026-08-01T14:02:46.7816073Z         Info "/home/runner/work/BoraPlayer/BoraPlayer/src-tauri/target/aarch64-linux-android/release/libapp_lib.so" requires shared lib "libandroid.so"
build-android	Build Android APK	2026-08-01T14:02:46.7817115Z         Info "/home/runner/work/BoraPlayer/BoraPlayer/src-tauri/target/aarch64-linux-android/release/libapp_lib.so" requires shared lib "libdl.so"
build-android	Build Android APK	2026-08-01T14:02:46.7818475Z         Info "/home/runner/work/BoraPlayer/BoraPlayer/src-tauri/target/aarch64-linux-android/release/libapp_lib.so" requires shared lib "libm.so"
build-android	Build Android APK	2026-08-01T14:02:46.7819778Z         Info "/home/runner/work/BoraPlayer/BoraPlayer/src-tauri/target/aarch64-linux-android/release/libapp_lib.so" requires shared lib "libc.so"
build-android	Build Android APK	2026-08-01T14:02:46.7985659Z         Info symlink at "/home/runner/work/BoraPlayer/BoraPlayer/src-tauri/gen/android/app/src/main/jniLibs/arm64-v8a/libapp_lib.so" points to "/home/runner/work/BoraPlayer/BoraPlayer/src-tauri/target/aarch64-linux-android/release/libapp_lib.so"
build-android	Build Android APK	2026-08-01T14:02:46.8912441Z Downloading https://services.gradle.org/distributions/gradle-8.14.3-bin.zip
build-android	Build Android APK	2026-08-01T14:02:48.0225399Z .............10%.............20%.............30%.............40%.............50%.............60%.............70%.............80%.............90%..............100%
build-android	Build Android APK	2026-08-01T14:03:41.5837515Z w: file:///home/runner/work/BoraPlayer/BoraPlayer/src-tauri/gen/android/buildSrc/src/main/java/com/boraplayer/desktop/kotlin/BuildTask.kt:53:17 'exec(Action<in ExecSpec!>): ExecResult' is deprecated. Deprecated in Java
build-android	Build Android APK	2026-08-01T14:04:16.0481914Z         Info connection; remote_addr=127.0.0.1:44050 conn_id=0
build-android	Build Android APK	2026-08-01T14:04:16.0822419Z 
build-android	Build Android APK	2026-08-01T14:04:16.0823396Z > tauri
build-android	Build Android APK	2026-08-01T14:04:16.0839762Z > tauri android android-studio-script --release --target aarch64
build-android	Build Android APK	2026-08-01T14:04:16.0841142Z 
build-android	Build Android APK	2026-08-01T14:04:16.1825416Z [1m[32m        Info[0m Using installed NDK: /usr/local/lib/android/sdk/ndk/29.0.14206865
build-android	Build Android APK	2026-08-01T14:04:16.3824733Z [1m[92m   Compiling[0m wry v0.55.1
build-android	Build Android APK	2026-08-01T14:04:16.3825456Z [1m[92m   Compiling[0m tauri v2.11.5
build-android	Build Android APK	2026-08-01T14:04:16.3826121Z [1m[92m   Compiling[0m tauri-plugin-log v2.9.0
build-android	Build Android APK	2026-08-01T14:04:16.3827075Z [1m[92m   Compiling[0m app v0.1.0 (/home/runner/work/BoraPlayer/BoraPlayer/src-tauri)
build-android	Build Android APK	2026-08-01T14:04:16.9823617Z [1m[92m   Compiling[0m tauri-runtime-wry v2.11.4
build-android	Build Android APK	2026-08-01T14:04:45.0822917Z [1m[92m    Finished[0m `release` profile [optimized] target(s) in 28.92s
build-android	Build Android APK	2026-08-01T14:04:45.1824290Z [1m[32m        Info[0m symlinking lib "/home/runner/work/BoraPlayer/BoraPlayer/src-tauri/target/aarch64-linux-android/release/libapp_lib.so" in jniLibs dir "/home/runner/work/BoraPlayer/BoraPlayer/src-tauri/gen/android/app/src/main/jniLibs/arm64-v8a"
build-android	Build Android APK	2026-08-01T14:04:45.1826581Z [1m[32m        Info[0m "/home/runner/work/BoraPlayer/BoraPlayer/src-tauri/target/aarch64-linux-android/release/libapp_lib.so" requires shared lib "liblog.so"
build-android	Build Android APK	2026-08-01T14:04:45.1828477Z [1m[32m        Info[0m "/home/runner/work/BoraPlayer/BoraPlayer/src-tauri/target/aarch64-linux-android/release/libapp_lib.so" requires shared lib "libandroid.so"
build-android	Build Android APK	2026-08-01T14:04:45.1830238Z [1m[32m        Info[0m "/home/runner/work/BoraPlayer/BoraPlayer/src-tauri/target/aarch64-linux-android/release/libapp_lib.so" requires shared lib "libdl.so"
build-android	Build Android APK	2026-08-01T14:04:45.1831495Z [1m[32m        Info[0m "/home/runner/work/BoraPlayer/BoraPlayer/src-tauri/target/aarch64-linux-android/release/libapp_lib.so" requires shared lib "libm.so"
build-android	Build Android APK	2026-08-01T14:04:45.2737533Z [1m[32m        Info[0m "/home/runner/work/BoraPlayer/BoraPlayer/src-tauri/target/aarch64-linux-android/release/libapp_lib.so" requires shared lib "libc.so"
build-android	Build Android APK	2026-08-01T14:04:45.2739111Z         Info connection; remote_addr=127.0.0.1:47192 conn_id=1
build-android	Build Android APK	2026-08-01T14:04:45.2821400Z 
build-android	Build Android APK	2026-08-01T14:04:45.2822092Z > tauri
build-android	Build Android APK	2026-08-01T14:04:45.2822836Z > tauri android android-studio-script --release --target armv7
build-android	Build Android APK	2026-08-01T14:04:45.2823195Z 
build-android	Build Android APK	2026-08-01T14:04:45.3824475Z [1m[32m        Info[0m Using installed NDK: /usr/local/lib/android/sdk/ndk/29.0.14206865
build-android	Build Android APK	2026-08-01T14:04:45.6844347Z [1m[92m   Compiling[0m serde_core v1.0.229
build-android	Build Android APK	2026-08-01T14:04:45.6845296Z [1m[92m   Compiling[0m libc v0.2.189
build-android	Build Android APK	2026-08-01T14:04:45.6845962Z [1m[92m   Compiling[0m serde v1.0.229
build-android	Build Android APK	2026-08-01T14:04:45.6847423Z [1m[92m   Compiling[0m stable_deref_trait v1.2.1
build-android	Build Android APK	2026-08-01T14:04:45.6848195Z [1m[92m   Compiling[0m smallvec v1.15.2
build-android	Build Android APK	2026-08-01T14:04:45.8823540Z [1m[92m   Compiling[0m zerofrom v0.1.8
build-android	Build Android APK	2026-08-01T14:04:45.9823628Z [1m[92m   Compiling[0m memchr v2.8.3
build-android	Build Android APK	2026-08-01T14:04:45.9850579Z [1m[92m   Compiling[0m yoke v0.8.3
build-android	Build Android APK	2026-08-01T14:04:46.0866154Z [1m[92m   Compiling[0m itoa v1.0.18
build-android	Build Android APK	2026-08-01T14:04:46.1833166Z [1m[92m   Compiling[0m zerovec v0.11.6
build-android	Build Android APK	2026-08-01T14:04:46.3850671Z [1m[92m   Compiling[0m log v0.4.33
build-android	Build Android APK	2026-08-01T14:04:46.5840689Z [1m[92m   Compiling[0m cfg-if v1.0.4
build-android	Build Android APK	2026-08-01T14:04:46.5870425Z [1m[92m   Compiling[0m writeable v0.6.3
build-android	Build Android APK	2026-08-01T14:04:46.7823644Z [1m[92m   Compiling[0m litemap v0.8.2
build-android	Build Android APK	2026-08-01T14:04:46.8822944Z [1m[92m   Compiling[0m tinystr v0.8.3
build-android	Build Android APK	2026-08-01T14:04:46.8856537Z [1m[92m   Compiling[0m potential_utf v0.1.5
build-android	Build Android APK	2026-08-01T14:04:46.9852495Z [1m[92m   Compiling[0m zerotrie v0.2.4
build-android	Build Android APK	2026-08-01T14:04:46.9877654Z [1m[92m   Compiling[0m utf8_iter v1.0.4
build-android	Build Android APK	2026-08-01T14:04:47.0850761Z [1m[92m   Compiling[0m icu_locale_core v2.2.0
build-android	Build Android APK	2026-08-01T14:04:47.0880076Z [1m[92m   Compiling[0m siphasher v1.0.3
build-android	Build Android APK	2026-08-01T14:04:47.2850734Z [1m[92m   Compiling[0m phf_shared v0.13.1
build-android	Build Android APK	2026-08-01T14:04:47.3832855Z [1m[92m   Compiling[0m icu_collections v2.2.0
build-android	Build Android APK	2026-08-01T14:04:47.5850835Z [1m[92m   Compiling[0m icu_properties_data v2.2.0
build-android	Build Android APK	2026-08-01T14:04:47.5880256Z [1m[92m   Compiling[0m icu_normalizer_data v2.2.0
build-android	Build Android APK	2026-08-01T14:04:47.6840685Z [1m[92m   Compiling[0m phf v0.13.1
build-android	Build Android APK	2026-08-01T14:04:47.8830795Z [1m[92m   Compiling[0m pin-project-lite v0.2.17
build-android	Build Android APK	2026-08-01T14:04:47.9823811Z [1m[92m   Compiling[0m icu_provider v2.2.0
build-android	Build Android APK	2026-08-01T14:04:48.0823434Z [1m[92m   Compiling[0m futures-core v0.3.33
build-android	Build Android APK	2026-08-01T14:04:48.1823889Z [1m[92m   Compiling[0m percent-encoding v2.3.2
build-android	Build Android APK	2026-08-01T14:04:48.3852820Z [1m[92m   Compiling[0m icu_normalizer v2.2.0
build-android	Build Android APK	2026-08-01T14:04:48.5850686Z [1m[92m   Compiling[0m bytes v1.12.1
build-android	Build Android APK	2026-08-01T14:04:48.5852111Z [1m[92m   Compiling[0m icu_properties v2.2.0
build-android	Build Android APK	2026-08-01T14:04:49.4830401Z [1m[92m   Compiling[0m http v1.5.0
build-android	Build Android APK	2026-08-01T14:04:49.7830732Z [1m[92m   Compiling[0m idna_adapter v1.2.2
build-android	Build Android APK	2026-08-01T14:04:49.8830728Z [1m[92m   Compiling[0m thiserror v1.0.69
build-android	Build Android APK	2026-08-01T14:04:49.9824309Z [1m[92m   Compiling[0m zmij v1.0.23
build-android	Build Android APK	2026-08-01T14:04:49.9850652Z [1m[92m   Compiling[0m parking_lot_core v0.9.12
build-android	Build Android APK	2026-08-01T14:04:49.9870755Z [1m[92m   Compiling[0m new_debug_unreachable v1.0.6
build-android	Build Android APK	2026-08-01T14:04:50.0823427Z [1m[92m   Compiling[0m scopeguard v1.2.0
build-android	Build Android APK	2026-08-01T14:04:50.0860352Z [1m[92m   Compiling[0m lock_api v0.4.14
build-android	Build Android APK	2026-08-01T14:04:50.2850703Z [1m[92m   Compiling[0m serde_json v1.0.151
build-android	Build Android APK	2026-08-01T14:04:50.2870149Z [1m[92m   Compiling[0m jni-sys v0.3.1
build-android	Build Android APK	2026-08-01T14:04:50.2900200Z [1m[92m   Compiling[0m jni-sys v0.4.1
build-android	Build Android APK	2026-08-01T14:04:50.5824178Z [1m[92m   Compiling[0m idna v1.1.0
build-android	Build Android APK	2026-08-01T14:04:50.5870347Z [1m[92m   Compiling[0m form_urlencoded v1.2.2
build-android	Build Android APK	2026-08-01T14:04:50.7822977Z [1m[92m   Compiling[0m aho-corasick v1.1.4
build-android	Build Android APK	2026-08-01T14:04:50.7834980Z [1m[92m   Compiling[0m precomputed-hash v0.1.1
build-android	Build Android APK	2026-08-01T14:04:50.8823256Z [1m[92m   Compiling[0m bitflags v2.13.1
build-android	Build Android APK	2026-08-01T14:04:51.1860495Z [1m[92m   Compiling[0m regex-syntax v0.8.11
build-android	Build Android APK	2026-08-01T14:04:51.5833490Z [1m[92m   Compiling[0m url v2.5.8
build-android	Build Android APK	2026-08-01T14:04:53.0840726Z [1m[92m   Compiling[0m regex-automata v0.4.16
build-android	Build Android APK	2026-08-01T14:04:55.0840670Z [1m[92m   Compiling[0m parking_lot v0.12.5
build-android	Build Android APK	2026-08-01T14:04:56.0833718Z [1m[92m   Compiling[0m generic-array v0.14.7
build-android	Build Android APK	2026-08-01T14:04:56.0860175Z [1m[92m   Compiling[0m socket2 v0.6.5
build-android	Build Android APK	2026-08-01T14:04:56.9850590Z [1m[92m   Compiling[0m mio v1.2.2
build-android	Build Android APK	2026-08-01T14:04:57.6840728Z [1m[92m   Compiling[0m deranged v0.5.8
build-android	Build Android APK	2026-08-01T14:04:57.8826207Z [1m[92m   Compiling[0m time-core v0.1.9
build-android	Build Android APK	2026-08-01T14:04:57.9823307Z [1m[92m   Compiling[0m num_threads v0.1.7
build-android	Build Android APK	2026-08-01T14:04:58.1823550Z [1m[92m   Compiling[0m powerfmt v0.2.0
build-android	Build Android APK	2026-08-01T14:04:58.3840501Z [1m[92m   Compiling[0m base64 v0.22.1
build-android	Build Android APK	2026-08-01T14:04:58.8870391Z [1m[92m   Compiling[0m typenum v1.20.1
build-android	Build Android APK	2026-08-01T14:04:58.8900144Z [1m[92m   Compiling[0m once_cell v1.21.4
build-android	Build Android APK	2026-08-01T14:04:59.0840669Z [1m[92m   Compiling[0m num-conv v0.2.2
build-android	Build Android APK	2026-08-01T14:04:59.1840594Z [1m[92m   Compiling[0m time v0.3.55
build-android	Build Android APK	2026-08-01T14:05:00.0844736Z [1m[92m   Compiling[0m tokio v1.53.1
build-android	Build Android APK	2026-08-01T14:05:00.1840545Z [1m[92m   Compiling[0m regex v1.13.1
build-android	Build Android APK	2026-08-01T14:05:01.7822957Z [1m[92m   Compiling[0m string_cache v0.9.0
build-android	Build Android APK	2026-08-01T14:05:01.9822996Z [1m[92m   Compiling[0m typeid v1.0.3
build-android	Build Android APK	2026-08-01T14:05:01.9840550Z [1m[92m   Compiling[0m web_atoms v0.2.5
build-android	Build Android APK	2026-08-01T14:05:02.2860545Z [1m[92m   Compiling[0m unic-char-range v0.9.0
build-android	Build Android APK	2026-08-01T14:05:02.2890276Z [1m[92m   Compiling[0m dtoa v1.0.11
build-android	Build Android APK	2026-08-01T14:05:02.3830317Z [1m[92m   Compiling[0m unic-common v0.9.0
build-android	Build Android APK	2026-08-01T14:05:02.4840526Z [1m[92m   Compiling[0m alloc-no-stdlib v2.0.4
build-android	Build Android APK	2026-08-01T14:05:02.5850512Z [1m[92m   Compiling[0m alloc-stdlib v0.2.4
build-android	Build Android APK	2026-08-01T14:05:02.6847860Z [1m[92m   Compiling[0m crossbeam-utils v0.8.22
build-android	Build Android APK	2026-08-01T14:05:02.6880232Z [1m[92m   Compiling[0m unic-ucd-version v0.9.0
build-android	Build Android APK	2026-08-01T14:05:02.6940103Z [1m[92m   Compiling[0m dtoa-short v0.3.5
build-android	Build Android APK	2026-08-01T14:05:02.7840934Z [1m[92m   Compiling[0m unic-char-property v0.9.0
build-android	Build Android APK	2026-08-01T14:05:02.8890543Z [1m[92m   Compiling[0m http-body v1.1.0
build-android	Build Android APK	2026-08-01T14:05:02.9853388Z [1m[92m   Compiling[0m tendril v0.5.1
build-android	Build Android APK	2026-08-01T14:05:03.3831269Z [1m[92m   Compiling[0m combine v4.6.7
build-android	Build Android APK	2026-08-01T14:05:03.4850533Z [1m[92m   Compiling[0m uuid v1.24.0
build-android	Build Android APK	2026-08-01T14:05:04.0841954Z [1m[92m   Compiling[0m erased-serde v0.4.10
build-android	Build Android APK	2026-08-01T14:05:04.0880254Z [1m[92m   Compiling[0m thiserror v2.0.19
build-android	Build Android APK	2026-08-01T14:05:04.1840805Z [1m[92m   Compiling[0m fnv v1.0.7
build-android	Build Android APK	2026-08-01T14:05:04.1890294Z [1m[92m   Compiling[0m raw-window-handle v0.6.2
build-android	Build Android APK	2026-08-01T14:05:04.4830520Z [1m[92m   Compiling[0m hashbrown v0.17.1
build-android	Build Android APK	2026-08-01T14:05:05.1822874Z [1m[92m   Compiling[0m cesu8 v1.1.0
build-android	Build Android APK	2026-08-01T14:05:05.3833768Z [1m[92m   Compiling[0m winnow v1.0.4
build-android	Build Android APK	2026-08-01T14:05:05.7822710Z [1m[92m   Compiling[0m futures-task v0.3.33
build-android	Build Android APK	2026-08-01T14:05:05.8823043Z [1m[92m   Compiling[0m byteorder v1.5.0
build-android	Build Android APK	2026-08-01T14:05:06.1823368Z [1m[92m   Compiling[0m equivalent v1.0.2
build-android	Build Android APK	2026-08-01T14:05:06.1850305Z [1m[92m   Compiling[0m slab v0.4.12
build-android	Build Android APK	2026-08-01T14:05:06.2823119Z [1m[92m   Compiling[0m futures-util v0.3.33
build-android	Build Android APK	2026-08-01T14:05:07.7822791Z [1m[92m   Compiling[0m jni v0.21.1
build-android	Build Android APK	2026-08-01T14:05:07.7850294Z [1m[92m   Compiling[0m indexmap v2.14.0
build-android	Build Android APK	2026-08-01T14:05:08.1824373Z [1m[92m   Compiling[0m cfb v0.7.3
build-android	Build Android APK	2026-08-01T14:05:08.6840621Z [1m[92m   Compiling[0m httparse v1.10.1
build-android	Build Android APK	2026-08-01T14:05:08.6890333Z [1m[92m   Compiling[0m toml_parser v1.1.3+spec-1.1.0
build-android	Build Android APK	2026-08-01T14:05:09.9824044Z [1m[92m   Compiling[0m cookie v0.18.1
build-android	Build Android APK	2026-08-01T14:05:10.2842397Z [1m[92m   Compiling[0m markup5ever v0.38.0
build-android	Build Android APK	2026-08-01T14:05:10.5829352Z [1m[92m   Compiling[0m num_enum v0.7.6
build-android	Build Android APK	2026-08-01T14:05:10.5873493Z [1m[92m   Compiling[0m unic-ucd-ident v0.9.0
build-android	Build Android APK	2026-08-01T14:05:10.6827230Z [1m[92m   Compiling[0m cssparser v0.36.0
build-android	Build Android APK	2026-08-01T14:05:11.4836828Z [1m[92m   Compiling[0m brotli-decompressor v5.0.3
build-android	Build Android APK	2026-08-01T14:05:12.1823031Z [1m[92m   Compiling[0m block-buffer v0.10.4
build-android	Build Android APK	2026-08-01T14:05:12.2843022Z [1m[92m   Compiling[0m crypto-common v0.1.7
build-android	Build Android APK	2026-08-01T14:05:12.3850745Z [1m[92m   Compiling[0m jsonptr v0.6.3
build-android	Build Android APK	2026-08-01T14:05:13.3839371Z [1m[92m   Compiling[0m ndk-sys v0.6.0+11769913
build-android	Build Android APK	2026-08-01T14:05:13.6850610Z [1m[92m   Compiling[0m dpi v0.1.2
build-android	Build Android APK	2026-08-01T14:05:13.7839448Z [1m[92m   Compiling[0m serde_spanned v1.1.1
build-android	Build Android APK	2026-08-01T14:05:13.8880363Z [1m[92m   Compiling[0m toml_datetime v1.1.1+spec-1.1.0
build-android	Build Android APK	2026-08-01T14:05:13.9850744Z [1m[92m   Compiling[0m quick-xml v0.41.0
build-android	Build Android APK	2026-08-01T14:05:14.0847535Z [1m[92m   Compiling[0m anyhow v1.0.104
build-android	Build Android APK	2026-08-01T14:05:14.0880544Z [1m[92m   Compiling[0m derive_more v2.1.1
build-android	Build Android APK	2026-08-01T14:05:14.1830667Z [1m[92m   Compiling[0m selectors v0.36.1
build-android	Build Android APK	2026-08-01T14:05:14.1850169Z [1m[92m   Compiling[0m servo_arc v0.4.3
build-android	Build Android APK	2026-08-01T14:05:14.2844539Z [1m[92m   Compiling[0m toml_writer v1.1.2+spec-1.1.0
build-android	Build Android APK	2026-08-01T14:05:14.2870342Z [1m[92m   Compiling[0m bit-vec v0.8.0
build-android	Build Android APK	2026-08-01T14:05:14.4822314Z [1m[92m   Compiling[0m same-file v1.0.6
build-android	Build Android APK	2026-08-01T14:05:14.5825048Z [1m[92m   Compiling[0m try-lock v0.2.5
build-android	Build Android APK	2026-08-01T14:05:14.5840447Z [1m[92m   Compiling[0m tower-service v0.3.3
build-android	Build Android APK	2026-08-01T14:05:14.5870748Z [1m[92m   Compiling[0m rustc-hash v2.1.3
build-android	Build Android APK	2026-08-01T14:05:14.6840547Z [1m[92m   Compiling[0m want v0.3.1
build-android	Build Android APK	2026-08-01T14:05:14.7860451Z [1m[92m   Compiling[0m walkdir v2.5.0
build-android	Build Android APK	2026-08-01T14:05:15.5830299Z [1m[92m   Compiling[0m plist v1.10.0
build-android	Build Android APK	2026-08-01T14:05:16.5840701Z [1m[92m   Compiling[0m bit-set v0.8.0
build-android	Build Android APK	2026-08-01T14:05:16.6838170Z [1m[92m   Compiling[0m toml v1.1.4+spec-1.1.0
build-android	Build Android APK	2026-08-01T14:05:17.2850528Z [1m[92m   Compiling[0m ndk v0.9.0
build-android	Build Android APK	2026-08-01T14:05:17.5840729Z [1m[92m   Compiling[0m json-patch v3.0.1
build-android	Build Android APK	2026-08-01T14:05:18.4850230Z [1m[92m   Compiling[0m digest v0.10.7
build-android	Build Android APK	2026-08-01T14:05:18.6822617Z [1m[92m   Compiling[0m brotli v8.0.4
build-android	Build Android APK	2026-08-01T14:05:19.5850574Z [1m[92m   Compiling[0m crossbeam-channel v0.5.16
build-android	Build Android APK	2026-08-01T14:05:20.2834218Z [1m[92m   Compiling[0m urlpattern v0.3.0
build-android	Build Android APK	2026-08-01T14:05:21.9850632Z [1m[92m   Compiling[0m serde-untagged v0.1.9
build-android	Build Android APK	2026-08-01T14:05:22.2840767Z [1m[92m   Compiling[0m html5ever v0.38.0
build-android	Build Android APK	2026-08-01T14:05:23.5840332Z [1m[92m   Compiling[0m infer v0.19.0
build-android	Build Android APK	2026-08-01T14:05:24.2829689Z [1m[92m   Compiling[0m tracing-core v0.1.36
build-android	Build Android APK	2026-08-01T14:05:24.9822711Z [1m[92m   Compiling[0m futures-channel v0.3.33
build-android	Build Android APK	2026-08-01T14:05:25.0822526Z [1m[92m   Compiling[0m sync_wrapper v1.0.2
build-android	Build Android APK	2026-08-01T14:05:25.1822673Z [1m[92m   Compiling[0m serde_with v3.21.0
build-android	Build Android APK	2026-08-01T14:05:25.1840475Z [1m[92m   Compiling[0m ctor v0.8.0
build-android	Build Android APK	2026-08-01T14:05:25.2842303Z [1m[92m   Compiling[0m tower-layer v0.3.3
build-android	Build Android APK	2026-08-01T14:05:25.3850571Z [1m[92m   Compiling[0m foldhash v0.2.0
build-android	Build Android APK	2026-08-01T14:05:25.3880144Z [1m[92m   Compiling[0m dunce v1.0.5
build-android	Build Android APK	2026-08-01T14:05:25.4829021Z [1m[92m   Compiling[0m glob v0.3.4
build-android	Build Android APK	2026-08-01T14:05:25.4830396Z [1m[92m   Compiling[0m atomic-waker v1.1.2
build-android	Build Android APK	2026-08-01T14:05:25.5833488Z [1m[92m   Compiling[0m semver v1.0.28
build-android	Build Android APK	2026-08-01T14:05:25.6831513Z [1m[92m   Compiling[0m tauri-runtime v2.11.3
build-android	Build Android APK	2026-08-01T14:05:25.6870190Z [1m[92m   Compiling[0m wry v0.55.1
build-android	Build Android APK	2026-08-01T14:05:25.6871187Z [1m[92m   Compiling[0m dom_query v0.27.0
build-android	Build Android APK	2026-08-01T14:05:26.2822530Z [1m[92m   Compiling[0m hyper v1.11.0
build-android	Build Android APK	2026-08-01T14:05:26.4822068Z [1m[92m   Compiling[0m tower v0.5.3
build-android	Build Android APK	2026-08-01T14:05:27.0825311Z [1m[92m   Compiling[0m tracing v0.1.44
build-android	Build Android APK	2026-08-01T14:05:27.3840644Z [1m[92m   Compiling[0m tauri-utils v2.9.3
build-android	Build Android APK	2026-08-01T14:05:27.3841658Z [1m[92m   Compiling[0m tauri v2.11.5
build-android	Build Android APK	2026-08-01T14:05:27.3870314Z [1m[92m   Compiling[0m sha2 v0.10.9
build-android	Build Android APK	2026-08-01T14:05:28.4840313Z [1m[92m   Compiling[0m ipnet v2.12.0
build-android	Build Android APK	2026-08-01T14:05:29.8822827Z [1m[92m   Compiling[0m option-ext v0.2.0
build-android	Build Android APK	2026-08-01T14:05:29.8840517Z [1m[92m   Compiling[0m futures-sink v0.3.33
build-android	Build Android APK	2026-08-01T14:05:29.8848651Z [1m[92m   Compiling[0m tauri-runtime-wry v2.11.4
build-android	Build Android APK	2026-08-01T14:05:29.8849766Z [1m[92m   Compiling[0m dirs-sys v0.5.0
build-android	Build Android APK	2026-08-01T14:05:29.9822503Z [1m[92m   Compiling[0m tokio-util v0.7.19
build-android	Build Android APK	2026-08-01T14:05:30.3850708Z [1m[92m   Compiling[0m hyper-util v0.1.20
build-android	Build Android APK	2026-08-01T14:05:30.8830634Z [1m[92m   Compiling[0m getrandom v0.3.4
build-android	Build Android APK	2026-08-01T14:05:33.2822554Z [1m[92m   Compiling[0m tower-http v0.6.11
build-android	Build Android APK	2026-08-01T14:05:34.0850642Z [1m[92m   Compiling[0m tao v0.35.3
build-android	Build Android APK	2026-08-01T14:05:34.2822548Z [1m[92m   Compiling[0m http-body-util v0.1.4
build-android	Build Android APK	2026-08-01T14:05:34.5840668Z [1m[92m   Compiling[0m serialize-to-javascript v0.1.2
build-android	Build Android APK	2026-08-01T14:05:34.6822633Z [1m[92m   Compiling[0m reqwest v0.13.4
build-android	Build Android APK	2026-08-01T14:05:43.2830591Z [1m[92m   Compiling[0m tauri-plugin-log v2.9.0
build-android	Build Android APK	2026-08-01T14:05:43.4840455Z [1m[92m   Compiling[0m dirs v6.0.0
build-android	Build Android APK	2026-08-01T14:05:43.5830545Z [1m[92m   Compiling[0m env_filter v0.1.4
build-android	Build Android APK	2026-08-01T14:05:44.4840428Z [1m[92m   Compiling[0m android_log-sys v0.3.2
build-android	Build Android APK	2026-08-01T14:05:44.5850574Z [1m[92m   Compiling[0m heck v0.5.0
build-android	Build Android APK	2026-08-01T14:05:44.7822291Z [1m[92m   Compiling[0m mime v0.3.17
build-android	Build Android APK	2026-08-01T14:05:45.5822906Z [1m[92m   Compiling[0m android_logger v0.15.1
build-android	Build Android APK	2026-08-01T14:05:46.1822526Z [1m[92m   Compiling[0m fern v0.7.1
build-android	Build Android APK	2026-08-01T14:05:46.8823066Z [1m[92m   Compiling[0m app v0.1.0 (/home/runner/work/BoraPlayer/BoraPlayer/src-tauri)
build-android	Build Android APK	2026-08-01T14:06:16.2822216Z [1m[92m    Finished[0m `release` profile [optimized] target(s) in 1m 30s
build-android	Build Android APK	2026-08-01T14:06:16.3824906Z [1m[32m        Info[0m symlinking lib "/home/runner/work/BoraPlayer/BoraPlayer/src-tauri/target/armv7-linux-androideabi/release/libapp_lib.so" in jniLibs dir "/home/runner/work/BoraPlayer/BoraPlayer/src-tauri/gen/android/app/src/main/jniLibs/armeabi-v7a"
build-android	Build Android APK	2026-08-01T14:06:16.3828195Z [1m[32m        Info[0m "/home/runner/work/BoraPlayer/BoraPlayer/src-tauri/target/armv7-linux-androideabi/release/libapp_lib.so" requires shared lib "liblog.so"
build-android	Build Android APK	2026-08-01T14:06:16.3830887Z [1m[32m        Info[0m "/home/runner/work/BoraPlayer/BoraPlayer/src-tauri/target/armv7-linux-androideabi/release/libapp_lib.so" requires shared lib "libandroid.so"
build-android	Build Android APK	2026-08-01T14:06:16.3833919Z [1m[32m        Info[0m "/home/runner/work/BoraPlayer/BoraPlayer/src-tauri/target/armv7-linux-androideabi/release/libapp_lib.so" requires shared lib "libdl.so"
build-android	Build Android APK	2026-08-01T14:06:16.3836355Z [1m[32m        Info[0m "/home/runner/work/BoraPlayer/BoraPlayer/src-tauri/target/armv7-linux-androideabi/release/libapp_lib.so" requires shared lib "libm.so"
build-android	Build Android APK	2026-08-01T14:06:16.3838972Z [1m[32m        Info[0m "/home/runner/work/BoraPlayer/BoraPlayer/src-tauri/target/armv7-linux-androideabi/release/libapp_lib.so" requires shared lib "libc.so"
build-android	Build Android APK	2026-08-01T14:06:16.4821852Z 
build-android	Build Android APK	2026-08-01T14:06:16.4822429Z > tauri
build-android	Build Android APK	2026-08-01T14:06:16.4824581Z > tauri android android-studio-script --release --target i686
build-android	Build Android APK	2026-08-01T14:06:16.4825130Z 
build-android	Build Android APK	2026-08-01T14:06:16.5052827Z         Info connection; remote_addr=127.0.0.1:56140 conn_id=2
build-android	Build Android APK	2026-08-01T14:06:16.5822245Z [1m[32m        Info[0m Using installed NDK: /usr/local/lib/android/sdk/ndk/29.0.14206865
build-android	Build Android APK	2026-08-01T14:06:16.8832857Z [1m[92m   Compiling[0m serde_core v1.0.229
build-android	Build Android APK	2026-08-01T14:06:16.8860493Z [1m[92m   Compiling[0m libc v0.2.189
build-android	Build Android APK	2026-08-01T14:06:16.8889985Z [1m[92m   Compiling[0m serde v1.0.229
build-android	Build Android APK	2026-08-01T14:06:16.8920009Z [1m[92m   Compiling[0m stable_deref_trait v1.2.1
build-android	Build Android APK	2026-08-01T14:06:16.8940028Z [1m[92m   Compiling[0m smallvec v1.15.2
build-android	Build Android APK	2026-08-01T14:06:16.8949848Z [1m[92m   Compiling[0m zerofrom v0.1.8
build-android	Build Android APK	2026-08-01T14:06:16.9826624Z [1m[92m   Compiling[0m memchr v2.8.3
build-android	Build Android APK	2026-08-01T14:06:17.0850684Z [1m[92m   Compiling[0m yoke v0.8.3
build-android	Build Android APK	2026-08-01T14:06:17.2840617Z [1m[92m   Compiling[0m itoa v1.0.18
build-android	Build Android APK	2026-08-01T14:06:17.3830670Z [1m[92m   Compiling[0m zerovec v0.11.6
build-android	Build Android APK	2026-08-01T14:06:17.4840629Z [1m[92m   Compiling[0m log v0.4.33
build-android	Build Android APK	2026-08-01T14:06:17.5822296Z [1m[92m   Compiling[0m cfg-if v1.0.4
build-android	Build Android APK	2026-08-01T14:06:17.6822707Z [1m[92m   Compiling[0m writeable v0.6.3
build-android	Build Android APK	2026-08-01T14:06:17.8880590Z [1m[92m   Compiling[0m litemap v0.8.2
build-android	Build Android APK	2026-08-01T14:06:17.8910231Z [1m[92m   Compiling[0m zerotrie v0.2.4
build-android	Build Android APK	2026-08-01T14:06:17.9830693Z [1m[92m   Compiling[0m tinystr v0.8.3
build-android	Build Android APK	2026-08-01T14:06:17.9860500Z [1m[92m   Compiling[0m potential_utf v0.1.5
build-android	Build Android APK	2026-08-01T14:06:18.1822369Z [1m[92m   Compiling[0m utf8_iter v1.0.4
build-android	Build Android APK	2026-08-01T14:06:18.1835604Z [1m[92m   Compiling[0m icu_locale_core v2.2.0
build-android	Build Android APK	2026-08-01T14:06:18.2830603Z [1m[92m   Compiling[0m siphasher v1.0.3
build-android	Build Android APK	2026-08-01T14:06:18.2860457Z [1m[92m   Compiling[0m icu_collections v2.2.0
build-android	Build Android APK	2026-08-01T14:06:18.3850738Z [1m[92m   Compiling[0m phf_shared v0.13.1
build-android	Build Android APK	2026-08-01T14:06:18.6860566Z [1m[92m   Compiling[0m icu_properties_data v2.2.0
build-android	Build Android APK	2026-08-01T14:06:18.6890326Z [1m[92m   Compiling[0m icu_normalizer_data v2.2.0
build-android	Build Android APK	2026-08-01T14:06:18.7850561Z [1m[92m   Compiling[0m phf v0.13.1
build-android	Build Android APK	2026-08-01T14:06:18.9830740Z [1m[92m   Compiling[0m futures-core v0.3.33
build-android	Build Android APK	2026-08-01T14:06:18.9857111Z [1m[92m   Compiling[0m pin-project-lite v0.2.17
build-android	Build Android APK	2026-08-01T14:06:19.0870808Z [1m[92m   Compiling[0m percent-encoding v2.3.2
build-android	Build Android APK	2026-08-01T14:06:19.0898177Z [1m[92m   Compiling[0m thiserror v1.0.69
build-android	Build Android APK	2026-08-01T14:06:19.2858198Z [1m[92m   Compiling[0m icu_provider v2.2.0
build-android	Build Android APK	2026-08-01T14:06:19.2880337Z [1m[92m   Compiling[0m zmij v1.0.23
build-android	Build Android APK	2026-08-01T14:06:19.2900672Z [1m[92m   Compiling[0m parking_lot_core v0.9.12
build-android	Build Android APK	2026-08-01T14:06:19.2930181Z [1m[92m   Compiling[0m new_debug_unreachable v1.0.6
build-android	Build Android APK	2026-08-01T14:06:19.3850569Z [1m[92m   Compiling[0m scopeguard v1.2.0
build-android	Build Android APK	2026-08-01T14:06:19.3880316Z [1m[92m   Compiling[0m lock_api v0.4.14
build-android	Build Android APK	2026-08-01T14:06:19.5841069Z [1m[92m   Compiling[0m icu_properties v2.2.0
build-android	Build Android APK	2026-08-01T14:06:19.7822368Z [1m[92m   Compiling[0m bytes v1.12.1
build-android	Build Android APK	2026-08-01T14:06:19.7880375Z [1m[92m   Compiling[0m icu_normalizer v2.2.0
build-android	Build Android APK	2026-08-01T14:06:20.7822520Z [1m[92m   Compiling[0m http v1.5.0
build-android	Build Android APK	2026-08-01T14:06:21.1841906Z [1m[92m   Compiling[0m idna_adapter v1.2.2
build-android	Build Android APK	2026-08-01T14:06:21.2823283Z [1m[92m   Compiling[0m idna v1.1.0
build-android	Build Android APK	2026-08-01T14:06:21.3860523Z [1m[92m   Compiling[0m jni-sys v0.3.1
build-android	Build Android APK	2026-08-01T14:06:21.3890394Z [1m[92m   Compiling[0m serde_json v1.0.151
build-android	Build Android APK	2026-08-01T14:06:21.3919941Z [1m[92m   Compiling[0m jni-sys v0.4.1
build-android	Build Android APK	2026-08-01T14:06:21.6840494Z [1m[92m   Compiling[0m form_urlencoded v1.2.2
build-android	Build Android APK	2026-08-01T14:06:21.8829377Z [1m[92m   Compiling[0m aho-corasick v1.1.4
build-android	Build Android APK	2026-08-01T14:06:21.8850340Z [1m[92m   Compiling[0m bitflags v2.13.1
build-android	Build Android APK	2026-08-01T14:06:22.1822505Z [1m[92m   Compiling[0m regex-syntax v0.8.11
build-android	Build Android APK	2026-08-01T14:06:22.7823122Z [1m[92m   Compiling[0m precomputed-hash v0.1.1
build-android	Build Android APK	2026-08-01T14:06:22.8831769Z [1m[92m   Compiling[0m url v2.5.8
build-android	Build Android APK	2026-08-01T14:06:25.8860645Z [1m[92m   Compiling[0m regex-automata v0.4.16
build-android	Build Android APK	2026-08-01T14:06:26.1822418Z [1m[92m   Compiling[0m parking_lot v0.12.5
build-android	Build Android APK	2026-08-01T14:06:27.1822385Z [1m[92m   Compiling[0m generic-array v0.14.7
build-android	Build Android APK	2026-08-01T14:06:27.1840064Z [1m[92m   Compiling[0m socket2 v0.6.5
build-android	Build Android APK	2026-08-01T14:06:27.1849863Z [1m[92m   Compiling[0m mio v1.2.2
build-android	Build Android APK	2026-08-01T14:06:27.8822073Z [1m[92m   Compiling[0m deranged v0.5.8
build-android	Build Android APK	2026-08-01T14:06:28.0830562Z [1m[92m   Compiling[0m once_cell v1.21.4
build-android	Build Android APK	2026-08-01T14:06:28.2822280Z [1m[92m   Compiling[0m time-core v0.1.9
build-android	Build Android APK	2026-08-01T14:06:28.3850574Z [1m[92m   Compiling[0m typenum v1.20.1
build-android	Build Android APK	2026-08-01T14:06:28.9830778Z [1m[92m   Compiling[0m num-conv v0.2.2
build-android	Build Android APK	2026-08-01T14:06:29.0822599Z [1m[92m   Compiling[0m base64 v0.22.1
build-android	Build Android APK	2026-08-01T14:06:29.0850296Z [1m[92m   Compiling[0m num_threads v0.1.7
build-android	Build Android APK	2026-08-01T14:06:29.2830824Z [1m[92m   Compiling[0m powerfmt v0.2.0
build-android	Build Android APK	2026-08-01T14:06:29.4850495Z [1m[92m   Compiling[0m time v0.3.55
build-android	Build Android APK	2026-08-01T14:06:30.0822518Z [1m[92m   Compiling[0m regex v1.13.1
build-android	Build Android APK	2026-08-01T14:06:31.4826173Z [1m[92m   Compiling[0m tokio v1.53.1
build-android	Build Android APK	2026-08-01T14:06:31.6841421Z [1m[92m   Compiling[0m string_cache v0.9.0
build-android	Build Android APK	2026-08-01T14:06:31.8833369Z [1m[92m   Compiling[0m typeid v1.0.3
build-android	Build Android APK	2026-08-01T14:06:31.9840541Z [1m[92m   Compiling[0m web_atoms v0.2.5
build-android	Build Android APK	2026-08-01T14:06:32.1843875Z [1m[92m   Compiling[0m alloc-no-stdlib v2.0.4
build-android	Build Android APK	2026-08-01T14:06:32.2825183Z [1m[92m   Compiling[0m unic-char-range v0.9.0
build-android	Build Android APK	2026-08-01T14:06:32.3840573Z [1m[92m   Compiling[0m unic-common v0.9.0
build-android	Build Android APK	2026-08-01T14:06:32.3841489Z [1m[92m   Compiling[0m dtoa v1.0.11
build-android	Build Android APK	2026-08-01T14:06:32.4835177Z [1m[92m   Compiling[0m crossbeam-utils v0.8.22
build-android	Build Android APK	2026-08-01T14:06:32.4850468Z [1m[92m   Compiling[0m dtoa-short v0.3.5
build-android	Build Android APK	2026-08-01T14:06:32.5830797Z [1m[92m   Compiling[0m unic-ucd-version v0.9.0
build-android	Build Android APK	2026-08-01T14:06:32.6822382Z [1m[92m   Compiling[0m unic-char-property v0.9.0
build-android	Build Android APK	2026-08-01T14:06:32.6851020Z [1m[92m   Compiling[0m alloc-stdlib v0.2.4
build-android	Build Android APK	2026-08-01T14:06:32.9850594Z [1m[92m   Compiling[0m http-body v1.1.0
build-android	Build Android APK	2026-08-01T14:06:33.0824582Z [1m[92m   Compiling[0m combine v4.6.7
build-android	Build Android APK	2026-08-01T14:06:33.4840565Z [1m[92m   Compiling[0m tendril v0.5.1
build-android	Build Android APK	2026-08-01T14:06:33.7830561Z [1m[92m   Compiling[0m uuid v1.24.0
build-android	Build Android APK	2026-08-01T14:06:34.3830852Z [1m[92m   Compiling[0m thiserror v2.0.19
build-android	Build Android APK	2026-08-01T14:06:34.4850622Z [1m[92m   Compiling[0m erased-serde v0.4.10
build-android	Build Android APK	2026-08-01T14:06:34.4898428Z [1m[92m   Compiling[0m cesu8 v1.1.0
build-android	Build Android APK	2026-08-01T14:06:34.6840727Z [1m[92m   Compiling[0m equivalent v1.0.2
build-android	Build Android APK	2026-08-01T14:06:34.6880214Z [1m[92m   Compiling[0m fnv v1.0.7
build-android	Build Android APK	2026-08-01T14:06:34.6910168Z [1m[92m   Compiling[0m winnow v1.0.4
build-android	Build Android APK	2026-08-01T14:06:35.1837263Z [1m[92m   Compiling[0m slab v0.4.12
build-android	Build Android APK	2026-08-01T14:06:35.2840848Z [1m[92m   Compiling[0m futures-task v0.3.33
build-android	Build Android APK	2026-08-01T14:06:35.3840806Z [1m[92m   Compiling[0m raw-window-handle v0.6.2
build-android	Build Android APK	2026-08-01T14:06:35.5830334Z [1m[92m   Compiling[0m hashbrown v0.17.1
build-android	Build Android APK	2026-08-01T14:06:36.2822012Z [1m[92m   Compiling[0m byteorder v1.5.0
build-android	Build Android APK	2026-08-01T14:06:36.5840538Z [1m[92m   Compiling[0m cfb v0.7.3
build-android	Build Android APK	2026-08-01T14:06:37.4850539Z [1m[92m   Compiling[0m jni v0.21.1
build-android	Build Android APK	2026-08-01T14:06:38.2822223Z [1m[92m   Compiling[0m indexmap v2.14.0
build-android	Build Android APK	2026-08-01T14:06:39.1850506Z [1m[92m   Compiling[0m futures-util v0.3.33
build-android	Build Android APK	2026-08-01T14:06:40.6880740Z [1m[92m   Compiling[0m httparse v1.10.1
build-android	Build Android APK	2026-08-01T14:06:40.6910192Z [1m[92m   Compiling[0m toml_parser v1.1.3+spec-1.1.0
build-android	Build Android APK	2026-08-01T14:06:40.9830550Z [1m[92m   Compiling[0m cookie v0.18.1
build-android	Build Android APK	2026-08-01T14:06:41.6822236Z [1m[92m   Compiling[0m markup5ever v0.38.0
build-android	Build Android APK	2026-08-01T14:06:41.9822149Z [1m[92m   Compiling[0m num_enum v0.7.6
build-android	Build Android APK	2026-08-01T14:06:42.0842250Z [1m[92m   Compiling[0m brotli-decompressor v5.0.3
build-android	Build Android APK	2026-08-01T14:06:42.1850449Z [1m[92m   Compiling[0m unic-ucd-ident v0.9.0
build-android	Build Android APK	2026-08-01T14:06:42.4830703Z [1m[92m   Compiling[0m cssparser v0.36.0
build-android	Build Android APK	2026-08-01T14:06:43.5840358Z [1m[92m   Compiling[0m crypto-common v0.1.7
build-android	Build Android APK	2026-08-01T14:06:43.6822488Z [1m[92m   Compiling[0m block-buffer v0.10.4
build-android	Build Android APK	2026-08-01T14:06:43.7850683Z [1m[92m   Compiling[0m ndk-sys v0.6.0+11769913
build-android	Build Android APK	2026-08-01T14:06:43.9821964Z [1m[92m   Compiling[0m jsonptr v0.6.3
build-android	Build Android APK	2026-08-01T14:06:44.4840563Z [1m[92m   Compiling[0m dpi v0.1.2
build-android	Build Android APK	2026-08-01T14:06:44.6822004Z [1m[92m   Compiling[0m serde_spanned v1.1.1
build-android	Build Android APK	2026-08-01T14:06:44.6846081Z [1m[92m   Compiling[0m toml_datetime v1.1.1+spec-1.1.0
build-android	Build Android APK	2026-08-01T14:06:44.7840508Z [1m[92m   Compiling[0m quick-xml v0.41.0
build-android	Build Android APK	2026-08-01T14:06:45.0850547Z [1m[92m   Compiling[0m anyhow v1.0.104
build-android	Build Android APK	2026-08-01T14:06:45.1830738Z [1m[92m   Compiling[0m derive_more v2.1.1
build-android	Build Android APK	2026-08-01T14:06:45.2822321Z [1m[92m   Compiling[0m selectors v0.36.1
build-android	Build Android APK	2026-08-01T14:06:45.2851043Z [1m[92m   Compiling[0m servo_arc v0.4.3
build-android	Build Android APK	2026-08-01T14:06:45.3850518Z [1m[92m   Compiling[0m try-lock v0.2.5
build-android	Build Android APK	2026-08-01T14:06:45.3900559Z [1m[92m   Compiling[0m same-file v1.0.6
build-android	Build Android APK	2026-08-01T14:06:45.3940266Z [1m[92m   Compiling[0m toml_writer v1.1.2+spec-1.1.0
build-android	Build Android APK	2026-08-01T14:06:45.4822153Z [1m[92m   Compiling[0m rustc-hash v2.1.3
build-android	Build Android APK	2026-08-01T14:06:45.5840412Z [1m[92m   Compiling[0m tower-service v0.3.3
build-android	Build Android APK	2026-08-01T14:06:45.5841306Z [1m[92m   Compiling[0m bit-vec v0.8.0
build-android	Build Android APK	2026-08-01T14:06:45.5870248Z [1m[92m   Compiling[0m plist v1.10.0
build-android	Build Android APK	2026-08-01T14:06:45.8841857Z [1m[92m   Compiling[0m bit-set v0.8.0
build-android	Build Android APK	2026-08-01T14:06:47.3822188Z [1m[92m   Compiling[0m toml v1.1.4+spec-1.1.0
build-android	Build Android APK	2026-08-01T14:06:47.7850678Z [1m[92m   Compiling[0m walkdir v2.5.0
build-android	Build Android APK	2026-08-01T14:06:47.8830587Z [1m[92m   Compiling[0m want v0.3.1
build-android	Build Android APK	2026-08-01T14:06:48.5840356Z [1m[92m   Compiling[0m ndk v0.9.0
build-android	Build Android APK	2026-08-01T14:06:48.6840620Z [1m[92m   Compiling[0m json-patch v3.0.1
build-android	Build Android APK	2026-08-01T14:06:50.0840610Z [1m[92m   Compiling[0m digest v0.10.7
build-android	Build Android APK	2026-08-01T14:06:50.2825184Z [1m[92m   Compiling[0m crossbeam-channel v0.5.16
build-android	Build Android APK	2026-08-01T14:06:50.7822271Z [1m[92m   Compiling[0m brotli v8.0.4
build-android	Build Android APK	2026-08-01T14:06:50.9840678Z [1m[92m   Compiling[0m urlpattern v0.3.0
build-android	Build Android APK	2026-08-01T14:06:52.0830361Z [1m[92m   Compiling[0m html5ever v0.38.0
build-android	Build Android APK	2026-08-01T14:06:53.5840831Z [1m[92m   Compiling[0m serde-untagged v0.1.9
build-android	Build Android APK	2026-08-01T14:06:54.3822408Z [1m[92m   Compiling[0m infer v0.19.0
build-android	Build Android APK	2026-08-01T14:06:55.7822528Z [1m[92m   Compiling[0m tracing-core v0.1.36
build-android	Build Android APK	2026-08-01T14:06:55.8840444Z [1m[92m   Compiling[0m serde_with v3.21.0
build-android	Build Android APK	2026-08-01T14:06:56.0823237Z [1m[92m   Compiling[0m futures-channel v0.3.33
build-android	Build Android APK	2026-08-01T14:06:56.1822034Z [1m[92m   Compiling[0m sync_wrapper v1.0.2
build-android	Build Android APK	2026-08-01T14:06:56.1860216Z [1m[92m   Compiling[0m ctor v0.8.0
build-android	Build Android APK	2026-08-01T14:06:56.2829304Z [1m[92m   Compiling[0m tower-layer v0.3.3
build-android	Build Android APK	2026-08-01T14:06:56.3826194Z [1m[92m   Compiling[0m cpufeatures v0.2.17
build-android	Build Android APK	2026-08-01T14:06:56.3850216Z [1m[92m   Compiling[0m atomic-waker v1.1.2
build-android	Build Android APK	2026-08-01T14:06:56.4850588Z [1m[92m   Compiling[0m glob v0.3.4
build-android	Build Android APK	2026-08-01T14:06:56.4880296Z [1m[92m   Compiling[0m foldhash v0.2.0
build-android	Build Android APK	2026-08-01T14:06:56.6850453Z [1m[92m   Compiling[0m semver v1.0.28
build-android	Build Android APK	2026-08-01T14:06:56.8850535Z [1m[92m   Compiling[0m dunce v1.0.5
build-android	Build Android APK	2026-08-01T14:06:56.8851778Z [1m[92m   Compiling[0m dom_query v0.27.0
build-android	Build Android APK	2026-08-01T14:06:57.3850321Z [1m[92m   Compiling[0m hyper v1.11.0
build-android	Build Android APK	2026-08-01T14:06:57.4840636Z [1m[92m   Compiling[0m tower v0.5.3
build-android	Build Android APK	2026-08-01T14:06:58.0850371Z [1m[92m   Compiling[0m tauri-utils v2.9.3
build-android	Build Android APK	2026-08-01T14:06:58.0880119Z [1m[92m   Compiling[0m tauri-runtime v2.11.3
build-android	Build Android APK	2026-08-01T14:06:58.0920049Z [1m[92m   Compiling[0m sha2 v0.10.9
build-android	Build Android APK	2026-08-01T14:06:59.9850759Z [1m[92m   Compiling[0m wry v0.55.1
build-android	Build Android APK	2026-08-01T14:06:59.9870118Z [1m[92m   Compiling[0m tracing v0.1.44
build-android	Build Android APK	2026-08-01T14:07:00.2834119Z [1m[92m   Compiling[0m tauri v2.11.5
build-android	Build Android APK	2026-08-01T14:07:00.3830339Z [1m[92m   Compiling[0m ipnet v2.12.0
build-android	Build Android APK	2026-08-01T14:07:01.0832130Z [1m[92m   Compiling[0m futures-sink v0.3.33
build-android	Build Android APK	2026-08-01T14:07:01.0860368Z [1m[92m   Compiling[0m option-ext v0.2.0
build-android	Build Android APK	2026-08-01T14:07:01.1822321Z [1m[92m   Compiling[0m tauri-runtime-wry v2.11.4
build-android	Build Android APK	2026-08-01T14:07:01.1850713Z [1m[92m   Compiling[0m dirs-sys v0.5.0
build-android	Build Android APK	2026-08-01T14:07:01.6822127Z [1m[92m   Compiling[0m getrandom v0.3.4
build-android	Build Android APK	2026-08-01T14:07:01.6823766Z [1m[92m   Compiling[0m tokio-util v0.7.19
build-android	Build Android APK	2026-08-01T14:07:01.7822460Z [1m[92m   Compiling[0m hyper-util v0.1.20
build-android	Build Android APK	2026-08-01T14:07:05.0822522Z [1m[92m   Compiling[0m tower-http v0.6.11
build-android	Build Android APK	2026-08-01T14:07:05.3840346Z [1m[92m   Compiling[0m tao v0.35.3
build-android	Build Android APK	2026-08-01T14:07:05.7822460Z [1m[92m   Compiling[0m http-body-util v0.1.4
build-android	Build Android APK	2026-08-01T14:07:05.9840531Z [1m[92m   Compiling[0m serialize-to-javascript v0.1.2
build-android	Build Android APK	2026-08-01T14:07:06.1849591Z [1m[92m   Compiling[0m reqwest v0.13.4
build-android	Build Android APK	2026-08-01T14:07:14.6830657Z [1m[92m   Compiling[0m tauri-plugin-log v2.9.0
build-android	Build Android APK	2026-08-01T14:07:14.7822040Z [1m[92m   Compiling[0m dirs v6.0.0
build-android	Build Android APK	2026-08-01T14:07:14.8822171Z [1m[92m   Compiling[0m env_filter v0.1.4
build-android	Build Android APK	2026-08-01T14:07:16.0826739Z [1m[92m   Compiling[0m heck v0.5.0
build-android	Build Android APK	2026-08-01T14:07:16.5831668Z [1m[92m   Compiling[0m android_log-sys v0.3.2
build-android	Build Android APK	2026-08-01T14:07:16.6830288Z [1m[92m   Compiling[0m mime v0.3.17
build-android	Build Android APK	2026-08-01T14:07:17.1822768Z [1m[92m   Compiling[0m android_logger v0.15.1
build-android	Build Android APK	2026-08-01T14:07:17.6840554Z [1m[92m   Compiling[0m fern v0.7.1
build-android	Build Android APK	2026-08-01T14:07:18.5822313Z [1m[92m   Compiling[0m app v0.1.0 (/home/runner/work/BoraPlayer/BoraPlayer/src-tauri)
build-android	Build Android APK	2026-08-01T14:07:47.6821838Z [1m[92m    Finished[0m `release` profile [optimized] target(s) in 1m 31s
build-android	Build Android APK	2026-08-01T14:07:47.6823570Z [1m[32m        Info[0m symlinking lib "/home/runner/work/BoraPlayer/BoraPlayer/src-tauri/target/i686-linux-android/release/libapp_lib.so" in jniLibs dir "/home/runner/work/BoraPlayer/BoraPlayer/src-tauri/gen/android/app/src/main/jniLibs/x86"
build-android	Build Android APK	2026-08-01T14:07:47.6825103Z [1m[32m        Info[0m "/home/runner/work/BoraPlayer/BoraPlayer/src-tauri/target/i686-linux-android/release/libapp_lib.so" requires shared lib "liblog.so"
build-android	Build Android APK	2026-08-01T14:07:47.6826346Z [1m[32m        Info[0m "/home/runner/work/BoraPlayer/BoraPlayer/src-tauri/target/i686-linux-android/release/libapp_lib.so" requires shared lib "libandroid.so"
build-android	Build Android APK	2026-08-01T14:07:47.6827599Z [1m[32m        Info[0m "/home/runner/work/BoraPlayer/BoraPlayer/src-tauri/target/i686-linux-android/release/libapp_lib.so" requires shared lib "libdl.so"
build-android	Build Android APK	2026-08-01T14:07:47.6829385Z [1m[32m        Info[0m "/home/runner/work/BoraPlayer/BoraPlayer/src-tauri/target/i686-linux-android/release/libapp_lib.so" requires shared lib "libm.so"
build-android	Build Android APK	2026-08-01T14:07:47.6830623Z [1m[32m        Info[0m "/home/runner/work/BoraPlayer/BoraPlayer/src-tauri/target/i686-linux-android/release/libapp_lib.so" requires shared lib "libc.so"
build-android	Build Android APK	2026-08-01T14:07:47.8522483Z         Info connection; remote_addr=127.0.0.1:35866 conn_id=3
build-android	Build Android APK	2026-08-01T14:07:47.8821146Z 
build-android	Build Android APK	2026-08-01T14:07:47.8821860Z > tauri
build-android	Build Android APK	2026-08-01T14:07:47.8822639Z > tauri android android-studio-script --release --target x86_64
build-android	Build Android APK	2026-08-01T14:07:47.8822949Z 
build-android	Build Android APK	2026-08-01T14:07:47.9822820Z [1m[32m        Info[0m Using installed NDK: /usr/local/lib/android/sdk/ndk/29.0.14206865
build-android	Build Android APK	2026-08-01T14:07:48.1840914Z [1m[92m   Compiling[0m serde_core v1.0.229
build-android	Build Android APK	2026-08-01T14:07:48.1852536Z [1m[92m   Compiling[0m libc v0.2.189
build-android	Build Android APK	2026-08-01T14:07:48.1880093Z [1m[92m   Compiling[0m serde v1.0.229
build-android	Build Android APK	2026-08-01T14:07:48.1895105Z [1m[92m   Compiling[0m stable_deref_trait v1.2.1
build-android	Build Android APK	2026-08-01T14:07:48.1896061Z [1m[92m   Compiling[0m smallvec v1.15.2
build-android	Build Android APK	2026-08-01T14:07:48.1896841Z [1m[92m   Compiling[0m zerofrom v0.1.8
build-android	Build Android APK	2026-08-01T14:07:48.2830737Z [1m[92m   Compiling[0m memchr v2.8.3
build-android	Build Android APK	2026-08-01T14:07:48.3840694Z [1m[92m   Compiling[0m yoke v0.8.3
build-android	Build Android APK	2026-08-01T14:07:48.5830524Z [1m[92m   Compiling[0m itoa v1.0.18
build-android	Build Android APK	2026-08-01T14:07:48.6830663Z [1m[92m   Compiling[0m zerovec v0.11.6
build-android	Build Android APK	2026-08-01T14:07:48.7850714Z [1m[92m   Compiling[0m log v0.4.33
build-android	Build Android APK	2026-08-01T14:07:49.1830702Z [1m[92m   Compiling[0m writeable v0.6.3
build-android	Build Android APK	2026-08-01T14:07:49.3841134Z [1m[92m   Compiling[0m tinystr v0.8.3
build-android	Build Android APK	2026-08-01T14:07:49.3862830Z [1m[92m   Compiling[0m litemap v0.8.2
build-android	Build Android APK	2026-08-01T14:07:49.4850579Z [1m[92m   Compiling[0m cfg-if v1.0.4
build-android	Build Android APK	2026-08-01T14:07:49.4861848Z [1m[92m   Compiling[0m icu_locale_core v2.2.0
build-android	Build Android APK	2026-08-01T14:07:49.5822341Z [1m[92m   Compiling[0m potential_utf v0.1.5
build-android	Build Android APK	2026-08-01T14:07:49.5828379Z [1m[92m   Compiling[0m zerotrie v0.2.4
build-android	Build Android APK	2026-08-01T14:07:49.6821694Z [1m[92m   Compiling[0m siphasher v1.0.3
build-android	Build Android APK	2026-08-01T14:07:49.7840678Z [1m[92m   Compiling[0m utf8_iter v1.0.4
build-android	Build Android APK	2026-08-01T14:07:49.8836494Z [1m[92m   Compiling[0m icu_collections v2.2.0
build-android	Build Android APK	2026-08-01T14:07:50.0840654Z [1m[92m   Compiling[0m phf_shared v0.13.1
build-android	Build Android APK	2026-08-01T14:07:50.2834840Z [1m[92m   Compiling[0m icu_normalizer_data v2.2.0
build-android	Build Android APK	2026-08-01T14:07:50.2860522Z [1m[92m   Compiling[0m icu_properties_data v2.2.0
build-android	Build Android APK	2026-08-01T14:07:50.5829811Z [1m[92m   Compiling[0m icu_provider v2.2.0
build-android	Build Android APK	2026-08-01T14:07:50.6830655Z [1m[92m   Compiling[0m phf v0.13.1
build-android	Build Android APK	2026-08-01T14:07:50.7832435Z [1m[92m   Compiling[0m percent-encoding v2.3.2
build-android	Build Android APK	2026-08-01T14:07:50.9822356Z [1m[92m   Compiling[0m icu_normalizer v2.2.0
build-android	Build Android APK	2026-08-01T14:07:51.0840736Z [1m[92m   Compiling[0m bytes v1.12.1
build-android	Build Android APK	2026-08-01T14:07:51.1840619Z [1m[92m   Compiling[0m icu_properties v2.2.0
build-android	Build Android APK	2026-08-01T14:07:52.0822355Z [1m[92m   Compiling[0m http v1.5.0
build-android	Build Android APK	2026-08-01T14:07:52.3840736Z [1m[92m   Compiling[0m futures-core v0.3.33
build-android	Build Android APK	2026-08-01T14:07:52.4838506Z [1m[92m   Compiling[0m pin-project-lite v0.2.17
build-android	Build Android APK	2026-08-01T14:07:52.4870219Z [1m[92m   Compiling[0m idna_adapter v1.2.2
build-android	Build Android APK	2026-08-01T14:07:52.5830567Z [1m[92m   Compiling[0m thiserror v1.0.69
build-android	Build Android APK	2026-08-01T14:07:52.5860555Z [1m[92m   Compiling[0m zmij v1.0.23
build-android	Build Android APK	2026-08-01T14:07:52.6850606Z [1m[92m   Compiling[0m parking_lot_core v0.9.12
build-android	Build Android APK	2026-08-01T14:07:52.6880669Z [1m[92m   Compiling[0m scopeguard v1.2.0
build-android	Build Android APK	2026-08-01T14:07:52.6930383Z [1m[92m   Compiling[0m new_debug_unreachable v1.0.6
build-android	Build Android APK	2026-08-01T14:07:52.6959980Z [1m[92m   Compiling[0m jni-sys v0.3.1
build-android	Build Android APK	2026-08-01T14:07:52.6980914Z [1m[92m   Compiling[0m lock_api v0.4.14
build-android	Build Android APK	2026-08-01T14:07:52.7019838Z [1m[92m   Compiling[0m serde_json v1.0.151
build-android	Build Android APK	2026-08-01T14:07:52.8822227Z [1m[92m   Compiling[0m jni-sys v0.4.1
build-android	Build Android APK	2026-08-01T14:07:52.9850637Z [1m[92m   Compiling[0m idna v1.1.0
build-android	Build Android APK	2026-08-01T14:07:53.0830825Z [1m[92m   Compiling[0m form_urlencoded v1.2.2
build-android	Build Android APK	2026-08-01T14:07:53.2840551Z [1m[92m   Compiling[0m aho-corasick v1.1.4
build-android	Build Android APK	2026-08-01T14:07:53.2870535Z [1m[92m   Compiling[0m precomputed-hash v0.1.1
build-android	Build Android APK	2026-08-01T14:07:53.3850787Z [1m[92m   Compiling[0m regex-syntax v0.8.11
build-android	Build Android APK	2026-08-01T14:07:54.1860583Z [1m[92m   Compiling[0m bitflags v2.13.1
build-android	Build Android APK	2026-08-01T14:07:54.4850618Z [1m[92m   Compiling[0m url v2.5.8
build-android	Build Android APK	2026-08-01T14:07:55.5822200Z [1m[92m   Compiling[0m regex-automata v0.4.16
build-android	Build Android APK	2026-08-01T14:08:00.2822171Z [1m[92m   Compiling[0m parking_lot v0.12.5
build-android	Build Android APK	2026-08-01T14:08:00.7830722Z [1m[92m   Compiling[0m generic-array v0.14.7
build-android	Build Android APK	2026-08-01T14:08:00.7890967Z [1m[92m   Compiling[0m socket2 v0.6.5
build-android	Build Android APK	2026-08-01T14:08:01.2840717Z [1m[92m   Compiling[0m mio v1.2.2
build-android	Build Android APK	2026-08-01T14:08:01.6821994Z [1m[92m   Compiling[0m once_cell v1.21.4
build-android	Build Android APK	2026-08-01T14:08:01.8830648Z [1m[92m   Compiling[0m base64 v0.22.1
build-android	Build Android APK	2026-08-01T14:08:01.9821899Z [1m[92m   Compiling[0m typenum v1.20.1
build-android	Build Android APK	2026-08-01T14:08:02.2822208Z [1m[92m   Compiling[0m num_threads v0.1.7
build-android	Build Android APK	2026-08-01T14:08:02.3822463Z [1m[92m   Compiling[0m powerfmt v0.2.0
build-android	Build Android APK	2026-08-01T14:08:02.3860680Z [1m[92m   Compiling[0m deranged v0.5.8
build-android	Build Android APK	2026-08-01T14:08:02.5830535Z [1m[92m   Compiling[0m time-core v0.1.9
build-android	Build Android APK	2026-08-01T14:08:02.5840087Z [1m[92m   Compiling[0m num-conv v0.2.2
build-android	Build Android APK	2026-08-01T14:08:02.7822247Z [1m[92m   Compiling[0m tokio v1.53.1
build-android	Build Android APK	2026-08-01T14:08:03.2830547Z [1m[92m   Compiling[0m string_cache v0.9.0
build-android	Build Android APK	2026-08-01T14:08:03.4830913Z [1m[92m   Compiling[0m regex v1.13.1
build-android	Build Android APK	2026-08-01T14:08:03.5850584Z [1m[92m   Compiling[0m time v0.3.55
build-android	Build Android APK	2026-08-01T14:08:04.8822807Z [1m[92m   Compiling[0m typeid v1.0.3
build-android	Build Android APK	2026-08-01T14:08:04.8860517Z [1m[92m   Compiling[0m web_atoms v0.2.5
build-android	Build Android APK	2026-08-01T14:08:05.0830659Z [1m[92m   Compiling[0m alloc-no-stdlib v2.0.4
build-android	Build Android APK	2026-08-01T14:08:05.1822266Z [1m[92m   Compiling[0m unic-char-range v0.9.0
build-android	Build Android APK	2026-08-01T14:08:05.2850474Z [1m[92m   Compiling[0m unic-common v0.9.0
build-android	Build Android APK	2026-08-01T14:08:05.2870878Z [1m[92m   Compiling[0m dtoa v1.0.11
build-android	Build Android APK	2026-08-01T14:08:05.3822281Z [1m[92m   Compiling[0m dtoa-short v0.3.5
build-android	Build Android APK	2026-08-01T14:08:05.4830589Z [1m[92m   Compiling[0m unic-ucd-version v0.9.0
build-android	Build Android APK	2026-08-01T14:08:05.5870847Z [1m[92m   Compiling[0m unic-char-property v0.9.0
build-android	Build Android APK	2026-08-01T14:08:05.5900322Z [1m[92m   Compiling[0m alloc-stdlib v0.2.4
build-android	Build Android APK	2026-08-01T14:08:05.6841898Z [1m[92m   Compiling[0m crossbeam-utils v0.8.22
build-android	Build Android APK	2026-08-01T14:08:06.4850586Z [1m[92m   Compiling[0m http-body v1.1.0
build-android	Build Android APK	2026-08-01T14:08:06.5827204Z [1m[92m   Compiling[0m tendril v0.5.1
build-android	Build Android APK	2026-08-01T14:08:06.8853381Z [1m[92m   Compiling[0m combine v4.6.7
build-android	Build Android APK	2026-08-01T14:08:07.0822445Z [1m[92m   Compiling[0m uuid v1.24.0
build-android	Build Android APK	2026-08-01T14:08:07.5822032Z [1m[92m   Compiling[0m erased-serde v0.4.10
build-android	Build Android APK	2026-08-01T14:08:07.5860488Z [1m[92m   Compiling[0m thiserror v2.0.19
build-android	Build Android APK	2026-08-01T14:08:07.6850602Z [1m[92m   Compiling[0m raw-window-handle v0.6.2
build-android	Build Android APK	2026-08-01T14:08:07.8822319Z [1m[92m   Compiling[0m byteorder v1.5.0
build-android	Build Android APK	2026-08-01T14:08:08.0840704Z [1m[92m   Compiling[0m equivalent v1.0.2
build-android	Build Android APK	2026-08-01T14:08:08.1831741Z [1m[92m   Compiling[0m slab v0.4.12
build-android	Build Android APK	2026-08-01T14:08:08.2822203Z [1m[92m   Compiling[0m hashbrown v0.17.1
build-android	Build Android APK	2026-08-01T14:08:09.0830771Z [1m[92m   Compiling[0m futures-task v0.3.33
build-android	Build Android APK	2026-08-01T14:08:09.1850564Z [1m[92m   Compiling[0m cesu8 v1.1.0
build-android	Build Android APK	2026-08-01T14:08:09.3822656Z [1m[92m   Compiling[0m fnv v1.0.7
build-android	Build Android APK	2026-08-01T14:08:09.3920701Z [1m[92m   Compiling[0m winnow v1.0.4
build-android	Build Android APK	2026-08-01T14:08:09.6870770Z [1m[92m   Compiling[0m toml_parser v1.1.3+spec-1.1.0
build-android	Build Android APK	2026-08-01T14:08:09.7850686Z [1m[92m   Compiling[0m cfb v0.7.3
build-android	Build Android APK	2026-08-01T14:08:11.2840653Z [1m[92m   Compiling[0m jni v0.21.1
build-android	Build Android APK	2026-08-01T14:08:11.2842033Z [1m[92m   Compiling[0m futures-util v0.3.33
build-android	Build Android APK	2026-08-01T14:08:11.6850384Z [1m[92m   Compiling[0m httparse v1.10.1
build-android	Build Android APK	2026-08-01T14:08:11.6851617Z [1m[92m   Compiling[0m indexmap v2.14.0
build-android	Build Android APK	2026-08-01T14:08:12.5821860Z [1m[92m   Compiling[0m cookie v0.18.1
build-android	Build Android APK	2026-08-01T14:08:13.0822069Z [1m[92m   Compiling[0m markup5ever v0.38.0
build-android	Build Android APK	2026-08-01T14:08:13.2840843Z [1m[92m   Compiling[0m num_enum v0.7.6
build-android	Build Android APK	2026-08-01T14:08:13.3841708Z [1m[92m   Compiling[0m brotli-decompressor v5.0.3
build-android	Build Android APK	2026-08-01T14:08:13.9822101Z [1m[92m   Compiling[0m unic-ucd-ident v0.9.0
build-android	Build Android APK	2026-08-01T14:08:14.1830246Z [1m[92m   Compiling[0m cssparser v0.36.0
build-android	Build Android APK	2026-08-01T14:08:15.4830886Z [1m[92m   Compiling[0m crypto-common v0.1.7
build-android	Build Android APK	2026-08-01T14:08:15.5840704Z [1m[92m   Compiling[0m block-buffer v0.10.4
build-android	Build Android APK	2026-08-01T14:08:15.6821874Z [1m[92m   Compiling[0m ndk-sys v0.6.0+11769913
build-android	Build Android APK	2026-08-01T14:08:15.7828877Z [1m[92m   Compiling[0m jsonptr v0.6.3
build-android	Build Android APK	2026-08-01T14:08:16.3822090Z [1m[92m   Compiling[0m dpi v0.1.2
build-android	Build Android APK	2026-08-01T14:08:16.5822499Z [1m[92m   Compiling[0m toml_datetime v1.1.1+spec-1.1.0
build-android	Build Android APK	2026-08-01T14:08:16.6821651Z [1m[92m   Compiling[0m serde_spanned v1.1.1
build-android	Build Android APK	2026-08-01T14:08:16.7838334Z [1m[92m   Compiling[0m quick-xml v0.41.0
build-android	Build Android APK	2026-08-01T14:08:16.9832113Z [1m[92m   Compiling[0m anyhow v1.0.104
build-android	Build Android APK	2026-08-01T14:08:17.0821983Z [1m[92m   Compiling[0m derive_more v2.1.1
build-android	Build Android APK	2026-08-01T14:08:17.0840484Z [1m[92m   Compiling[0m selectors v0.36.1
build-android	Build Android APK	2026-08-01T14:08:17.0850830Z [1m[92m   Compiling[0m servo_arc v0.4.3
build-android	Build Android APK	2026-08-01T14:08:17.1822261Z [1m[92m   Compiling[0m same-file v1.0.6
build-android	Build Android APK	2026-08-01T14:08:17.2831423Z [1m[92m   Compiling[0m toml_writer v1.1.2+spec-1.1.0
build-android	Build Android APK	2026-08-01T14:08:17.2850333Z [1m[92m   Compiling[0m rustc-hash v2.1.3
build-android	Build Android APK	2026-08-01T14:08:17.3840507Z [1m[92m   Compiling[0m bit-vec v0.8.0
build-android	Build Android APK	2026-08-01T14:08:17.4829856Z [1m[92m   Compiling[0m tower-service v0.3.3
build-android	Build Android APK	2026-08-01T14:08:17.4880291Z [1m[92m   Compiling[0m try-lock v0.2.5
build-android	Build Android APK	2026-08-01T14:08:17.5821912Z [1m[92m   Compiling[0m want v0.3.1
build-android	Build Android APK	2026-08-01T14:08:17.5850400Z [1m[92m   Compiling[0m bit-set v0.8.0
build-android	Build Android APK	2026-08-01T14:08:17.6822833Z [1m[92m   Compiling[0m plist v1.10.0
build-android	Build Android APK	2026-08-01T14:08:17.7822355Z [1m[92m   Compiling[0m toml v1.1.4+spec-1.1.0
build-android	Build Android APK	2026-08-01T14:08:19.4850428Z [1m[92m   Compiling[0m walkdir v2.5.0
build-android	Build Android APK	2026-08-01T14:08:20.0850463Z [1m[92m   Compiling[0m ndk v0.9.0
build-android	Build Android APK	2026-08-01T14:08:20.1822388Z [1m[92m   Compiling[0m json-patch v3.0.1
build-android	Build Android APK	2026-08-01T14:08:21.0822151Z [1m[92m   Compiling[0m digest v0.10.7
build-android	Build Android APK	2026-08-01T14:08:21.2840642Z [1m[92m   Compiling[0m brotli v8.0.4
build-android	Build Android APK	2026-08-01T14:08:21.2861059Z [1m[92m   Compiling[0m urlpattern v0.3.0
build-android	Build Android APK	2026-08-01T14:08:22.1822579Z [1m[92m   Compiling[0m crossbeam-channel v0.5.16
build-android	Build Android APK	2026-08-01T14:08:22.8840359Z [1m[92m   Compiling[0m html5ever v0.38.0
build-android	Build Android APK	2026-08-01T14:08:23.0840716Z [1m[92m   Compiling[0m serde-untagged v0.1.9
build-android	Build Android APK	2026-08-01T14:08:24.8840473Z [1m[92m   Compiling[0m infer v0.19.0
build-android	Build Android APK	2026-08-01T14:08:25.8833360Z [1m[92m   Compiling[0m tracing-core v0.1.36
build-android	Build Android APK	2026-08-01T14:08:25.9822143Z [1m[92m   Compiling[0m sync_wrapper v1.0.2
build-android	Build Android APK	2026-08-01T14:08:26.0821627Z [1m[92m   Compiling[0m futures-channel v0.3.33
build-android	Build Android APK	2026-08-01T14:08:26.2822367Z [1m[92m   Compiling[0m serde_with v3.21.0
build-android	Build Android APK	2026-08-01T14:08:26.2840352Z [1m[92m   Compiling[0m ctor v0.8.0
build-android	Build Android APK	2026-08-01T14:08:26.3822404Z [1m[92m   Compiling[0m foldhash v0.2.0
build-android	Build Android APK	2026-08-01T14:08:26.4842997Z [1m[92m   Compiling[0m glob v0.3.4
build-android	Build Android APK	2026-08-01T14:08:26.5864714Z [1m[92m   Compiling[0m dunce v1.0.5
build-android	Build Android APK	2026-08-01T14:08:26.5890300Z [1m[92m   Compiling[0m atomic-waker v1.1.2
build-android	Build Android APK	2026-08-01T14:08:26.6840736Z [1m[92m   Compiling[0m tower-layer v0.3.3
build-android	Build Android APK	2026-08-01T14:08:26.8827251Z [1m[92m   Compiling[0m semver v1.0.28
build-android	Build Android APK	2026-08-01T14:08:26.8880318Z [1m[92m   Compiling[0m cpufeatures v0.2.17
build-android	Build Android APK	2026-08-01T14:08:26.9840663Z [1m[92m   Compiling[0m sha2 v0.10.9
build-android	Build Android APK	2026-08-01T14:08:27.4823798Z [1m[92m   Compiling[0m wry v0.55.1
build-android	Build Android APK	2026-08-01T14:08:27.4839968Z [1m[92m   Compiling[0m tower v0.5.3
build-android	Build Android APK	2026-08-01T14:08:27.5822027Z [1m[92m   Compiling[0m tauri-runtime v2.11.3
build-android	Build Android APK	2026-08-01T14:08:27.5850360Z [1m[92m   Compiling[0m hyper v1.11.0
build-android	Build Android APK	2026-08-01T14:08:28.0830446Z [1m[92m   Compiling[0m dom_query v0.27.0
build-android	Build Android APK	2026-08-01T14:08:28.4821654Z [1m[92m   Compiling[0m tauri-utils v2.9.3
build-android	Build Android APK	2026-08-01T14:08:28.6821738Z [1m[92m   Compiling[0m tracing v0.1.44
build-android	Build Android APK	2026-08-01T14:08:28.9822303Z [1m[92m   Compiling[0m tauri v2.11.5
build-android	Build Android APK	2026-08-01T14:08:28.9847251Z [1m[92m   Compiling[0m option-ext v0.2.0
build-android	Build Android APK	2026-08-01T14:08:29.0840697Z [1m[92m   Compiling[0m futures-sink v0.3.33
build-android	Build Android APK	2026-08-01T14:08:29.0841670Z [1m[92m   Compiling[0m ipnet v2.12.0
build-android	Build Android APK	2026-08-01T14:08:30.4822009Z [1m[92m   Compiling[0m hyper-util v0.1.20
build-android	Build Android APK	2026-08-01T14:08:31.1830792Z [1m[92m   Compiling[0m tauri-runtime-wry v2.11.4
build-android	Build Android APK	2026-08-01T14:08:31.1860409Z [1m[92m   Compiling[0m tokio-util v0.7.19
build-android	Build Android APK	2026-08-01T14:08:31.9822297Z [1m[92m   Compiling[0m dirs-sys v0.5.0
build-android	Build Android APK	2026-08-01T14:08:32.4822379Z [1m[92m   Compiling[0m getrandom v0.3.4
build-android	Build Android APK	2026-08-01T14:08:33.2822243Z [1m[92m   Compiling[0m tower-http v0.6.11
build-android	Build Android APK	2026-08-01T14:08:33.8821893Z [1m[92m   Compiling[0m tao v0.35.3
build-android	Build Android APK	2026-08-01T14:08:36.7830496Z [1m[92m   Compiling[0m http-body-util v0.1.4
build-android	Build Android APK	2026-08-01T14:08:36.9822144Z [1m[92m   Compiling[0m serialize-to-javascript v0.1.2
build-android	Build Android APK	2026-08-01T14:08:37.0821664Z [1m[92m   Compiling[0m reqwest v0.13.4
build-android	Build Android APK	2026-08-01T14:08:43.0830763Z [1m[92m   Compiling[0m tauri-plugin-log v2.9.0
build-android	Build Android APK	2026-08-01T14:08:43.1830532Z [1m[92m   Compiling[0m dirs v6.0.0
build-android	Build Android APK	2026-08-01T14:08:43.3822316Z [1m[92m   Compiling[0m env_filter v0.1.4
build-android	Build Android APK	2026-08-01T14:08:44.3824325Z [1m[92m   Compiling[0m mime v0.3.17
build-android	Build Android APK	2026-08-01T14:08:44.8821999Z [1m[92m   Compiling[0m heck v0.5.0
build-android	Build Android APK	2026-08-01T14:08:45.7838462Z [1m[92m   Compiling[0m android_log-sys v0.3.2
build-android	Build Android APK	2026-08-01T14:08:45.8830642Z [1m[92m   Compiling[0m android_logger v0.15.1
build-android	Build Android APK	2026-08-01T14:08:46.3822096Z [1m[92m   Compiling[0m fern v0.7.1
build-android	Build Android APK	2026-08-01T14:08:48.0850805Z [1m[92m   Compiling[0m app v0.1.0 (/home/runner/work/BoraPlayer/BoraPlayer/src-tauri)
build-android	Build Android APK	2026-08-01T14:09:16.3822354Z [1m[92m    Finished[0m `release` profile [optimized] target(s) in 1m 28s
build-android	Build Android APK	2026-08-01T14:09:16.3824557Z [1m[32m        Info[0m symlinking lib "/home/runner/work/BoraPlayer/BoraPlayer/src-tauri/target/x86_64-linux-android/release/libapp_lib.so" in jniLibs dir "/home/runner/work/BoraPlayer/BoraPlayer/src-tauri/gen/android/app/src/main/jniLibs/x86_64"
build-android	Build Android APK	2026-08-01T14:09:16.3826876Z [1m[32m        Info[0m "/home/runner/work/BoraPlayer/BoraPlayer/src-tauri/target/x86_64-linux-android/release/libapp_lib.so" requires shared lib "liblog.so"
build-android	Build Android APK	2026-08-01T14:09:16.3828891Z [1m[32m        Info[0m "/home/runner/work/BoraPlayer/BoraPlayer/src-tauri/target/x86_64-linux-android/release/libapp_lib.so" requires shared lib "libandroid.so"
build-android	Build Android APK	2026-08-01T14:09:16.3830710Z [1m[32m        Info[0m "/home/runner/work/BoraPlayer/BoraPlayer/src-tauri/target/x86_64-linux-android/release/libapp_lib.so" requires shared lib "libdl.so"
build-android	Build Android APK	2026-08-01T14:09:16.3832603Z [1m[32m        Info[0m "/home/runner/work/BoraPlayer/BoraPlayer/src-tauri/target/x86_64-linux-android/release/libapp_lib.so" requires shared lib "libm.so"
build-android	Build Android APK	2026-08-01T14:09:16.3834600Z [1m[32m        Info[0m "/home/runner/work/BoraPlayer/BoraPlayer/src-tauri/target/x86_64-linux-android/release/libapp_lib.so" requires shared lib "libc.so"
build-android	Build Android APK	2026-08-01T14:09:43.0846343Z w: file:///home/runner/.cargo/registry/src/index.crates.io-1949cf8c6b5b557f/tauri-2.11.5/mobile/android/src/main/java/app/tauri/AppPlugin.kt:35:37 'onBackPressed(): Unit' is deprecated. Deprecated in Java
build-android	Build Android APK	2026-08-01T14:09:43.0849981Z w: file:///home/runner/.cargo/registry/src/index.crates.io-1949cf8c6b5b557f/tauri-2.11.5/mobile/android/src/main/java/app/tauri/plugin/Plugin.kt:107:5 'onDestroy(): Unit' is deprecated. use onDestroy(activity: AppCompatActivity) instead
build-android	Build Android APK	2026-08-01T14:09:43.0854186Z w: file:///home/runner/.cargo/registry/src/index.crates.io-1949cf8c6b5b557f/tauri-2.11.5/mobile/android/src/main/java/app/tauri/plugin/Plugin.kt:112:5 'onRestart(): Unit' is deprecated. use onRestart(activity: AppCompatActivity) instead
build-android	Build Android APK	2026-08-01T14:09:43.0857566Z w: file:///home/runner/.cargo/registry/src/index.crates.io-1949cf8c6b5b557f/tauri-2.11.5/mobile/android/src/main/java/app/tauri/plugin/PluginMethodData.kt:11:23 Parameter 'methodDecorator' is never used
build-android	Build Android APK	2026-08-01T14:09:53.2823935Z w: file:///home/runner/work/BoraPlayer/BoraPlayer/src-tauri/gen/android/app/src/main/java/com/boraplayer/desktop/generated/RustWebView.kt:26:18 'setter for databaseEnabled: Boolean' is deprecated. Deprecated in Java
build-android	Build Android APK	2026-08-01T14:09:53.2827273Z w: file:///home/runner/work/BoraPlayer/BoraPlayer/src-tauri/gen/android/app/src/main/java/com/boraplayer/desktop/generated/WryActivity.kt:69:46 'onBackPressed(): Unit' is deprecated. This method has been deprecated in favor of using the
build-android	Build Android APK	2026-08-01T14:09:53.2829443Z       {@link OnBackPressedDispatcher} via {@link #getOnBackPressedDispatcher()}.
build-android	Build Android APK	2026-08-01T14:09:53.2830549Z       The OnBackPressedDispatcher controls how back button events are dispatched
build-android	Build Android APK	2026-08-01T14:09:53.2831435Z       to one or more {@link OnBackPressedCallback} objects.
build-android	Build Android APK	2026-08-01T14:10:54.7821680Z 
build-android	Build Android APK	2026-08-01T14:10:54.7823713Z [Incubating] Problems report is available at: file:///home/runner/work/BoraPlayer/BoraPlayer/src-tauri/gen/android/build/reports/problems/problems-report.html
build-android	Build Android APK	2026-08-01T14:10:54.7824942Z 
build-android	Build Android APK	2026-08-01T14:10:54.7825874Z Deprecated Gradle features were used in this build, making it incompatible with Gradle 9.0.
build-android	Build Android APK	2026-08-01T14:10:54.7826904Z 
build-android	Build Android APK	2026-08-01T14:10:54.7828368Z You can use '--warning-mode all' to show the individual deprecation warnings and determine if they come from your own scripts or plugins.
build-android	Build Android APK	2026-08-01T14:10:54.7829795Z 
build-android	Build Android APK	2026-08-01T14:10:54.7831033Z For more on this, please refer to https://docs.gradle.org/8.14.3/userguide/command_line_interface.html#sec:command_line_warnings in the Gradle documentation.
build-android	Build Android APK	2026-08-01T14:10:56.8434760Z 
build-android	Build Android APK	2026-08-01T14:10:56.8436043Z > tauri
build-android	Build Android APK	2026-08-01T14:10:56.8436964Z > tauri android android-studio-script --release --target aarch64
build-android	Build Android APK	2026-08-01T14:10:56.8437615Z 
build-android	Build Android APK	2026-08-01T14:10:56.9168427Z         Info connection; remote_addr=127.0.0.1:59364 conn_id=4
build-android	Build Android APK	2026-08-01T14:10:57.0424101Z [1m[32m        Info[0m Using installed NDK: /usr/local/lib/android/sdk/ndk/29.0.14206865
build-android	Build Android APK	2026-08-01T14:10:57.2412579Z [1m[92m    Finished[0m `release` profile [optimized] target(s) in 0.23s
build-android	Build Android APK	2026-08-01T14:10:57.3447761Z [1m[32m        Info[0m symlinking lib "/home/runner/work/BoraPlayer/BoraPlayer/src-tauri/target/aarch64-linux-android/release/libapp_lib.so" in jniLibs dir "/home/runner/work/BoraPlayer/BoraPlayer/src-tauri/gen/android/app/src/main/jniLibs/arm64-v8a"
build-android	Build Android APK	2026-08-01T14:10:57.3451093Z [1m[32m        Info[0m "/home/runner/work/BoraPlayer/BoraPlayer/src-tauri/target/aarch64-linux-android/release/libapp_lib.so" requires shared lib "liblog.so"
build-android	Build Android APK	2026-08-01T14:10:57.3453479Z [1m[32m        Info[0m "/home/runner/work/BoraPlayer/BoraPlayer/src-tauri/target/aarch64-linux-android/release/libapp_lib.so" requires shared lib "libandroid.so"
build-android	Build Android APK	2026-08-01T14:10:57.3455740Z [1m[32m        Info[0m "/home/runner/work/BoraPlayer/BoraPlayer/src-tauri/target/aarch64-linux-android/release/libapp_lib.so" requires shared lib "libdl.so"
build-android	Build Android APK	2026-08-01T14:10:57.3457863Z [1m[32m        Info[0m "/home/runner/work/BoraPlayer/BoraPlayer/src-tauri/target/aarch64-linux-android/release/libapp_lib.so" requires shared lib "libm.so"
build-android	Build Android APK	2026-08-01T14:10:57.3460271Z [1m[32m        Info[0m "/home/runner/work/BoraPlayer/BoraPlayer/src-tauri/target/aarch64-linux-android/release/libapp_lib.so" requires shared lib "libc.so"
build-android	Build Android APK	2026-08-01T14:10:57.4410144Z 
build-android	Build Android APK	2026-08-01T14:10:57.4410864Z > tauri
build-android	Build Android APK	2026-08-01T14:10:57.4411850Z > tauri android android-studio-script --release --target armv7
build-android	Build Android APK	2026-08-01T14:10:57.4412416Z 
build-android	Build Android APK	2026-08-01T14:10:57.4776940Z         Info connection; remote_addr=127.0.0.1:59374 conn_id=5
build-android	Build Android APK	2026-08-01T14:10:57.5411352Z [1m[32m        Info[0m Using installed NDK: /usr/local/lib/android/sdk/ndk/29.0.14206865
build-android	Build Android APK	2026-08-01T14:10:57.7411718Z [1m[92m   Compiling[0m app v0.1.0 (/home/runner/work/BoraPlayer/BoraPlayer/src-tauri)
build-android	Build Android APK	2026-08-01T14:11:17.1411622Z [1m[92m    Finished[0m `release` profile [optimized] target(s) in 19.55s
build-android	Build Android APK	2026-08-01T14:11:17.1414785Z [1m[32m        Info[0m symlinking lib "/home/runner/work/BoraPlayer/BoraPlayer/src-tauri/target/armv7-linux-androideabi/release/libapp_lib.so" in jniLibs dir "/home/runner/work/BoraPlayer/BoraPlayer/src-tauri/gen/android/app/src/main/jniLibs/armeabi-v7a"
build-android	Build Android APK	2026-08-01T14:11:17.1418062Z [1m[32m        Info[0m "/home/runner/work/BoraPlayer/BoraPlayer/src-tauri/target/armv7-linux-androideabi/release/libapp_lib.so" requires shared lib "liblog.so"
build-android	Build Android APK	2026-08-01T14:11:17.1420881Z [1m[32m        Info[0m "/home/runner/work/BoraPlayer/BoraPlayer/src-tauri/target/armv7-linux-androideabi/release/libapp_lib.so" requires shared lib "libandroid.so"
build-android	Build Android APK	2026-08-01T14:11:17.1423323Z [1m[32m        Info[0m "/home/runner/work/BoraPlayer/BoraPlayer/src-tauri/target/armv7-linux-androideabi/release/libapp_lib.so" requires shared lib "libdl.so"
build-android	Build Android APK	2026-08-01T14:11:17.1425615Z [1m[32m        Info[0m "/home/runner/work/BoraPlayer/BoraPlayer/src-tauri/target/armv7-linux-androideabi/release/libapp_lib.so" requires shared lib "libm.so"
build-android	Build Android APK	2026-08-01T14:11:17.1428170Z [1m[32m        Info[0m "/home/runner/work/BoraPlayer/BoraPlayer/src-tauri/target/armv7-linux-androideabi/release/libapp_lib.so" requires shared lib "libc.so"
build-android	Build Android APK	2026-08-01T14:11:17.3196919Z         Info connection; remote_addr=127.0.0.1:38100 conn_id=6
build-android	Build Android APK	2026-08-01T14:11:17.3410064Z 
build-android	Build Android APK	2026-08-01T14:11:17.3410718Z > tauri
build-android	Build Android APK	2026-08-01T14:11:17.3411479Z > tauri android android-studio-script --release --target i686
build-android	Build Android APK	2026-08-01T14:11:17.3412307Z 
build-android	Build Android APK	2026-08-01T14:11:17.4411924Z [1m[32m        Info[0m Using installed NDK: /usr/local/lib/android/sdk/ndk/29.0.14206865
build-android	Build Android APK	2026-08-01T14:11:17.6411286Z [1m[92m   Compiling[0m app v0.1.0 (/home/runner/work/BoraPlayer/BoraPlayer/src-tauri)
build-android	Build Android APK	2026-08-01T14:11:36.6411339Z [1m[92m    Finished[0m `release` profile [optimized] target(s) in 19.19s
build-android	Build Android APK	2026-08-01T14:11:36.6413672Z [1m[32m        Info[0m symlinking lib "/home/runner/work/BoraPlayer/BoraPlayer/src-tauri/target/i686-linux-android/release/libapp_lib.so" in jniLibs dir "/home/runner/work/BoraPlayer/BoraPlayer/src-tauri/gen/android/app/src/main/jniLibs/x86"
build-android	Build Android APK	2026-08-01T14:11:36.6415887Z [1m[32m        Info[0m "/home/runner/work/BoraPlayer/BoraPlayer/src-tauri/target/i686-linux-android/release/libapp_lib.so" requires shared lib "liblog.so"
build-android	Build Android APK	2026-08-01T14:11:36.6417803Z [1m[32m        Info[0m "/home/runner/work/BoraPlayer/BoraPlayer/src-tauri/target/i686-linux-android/release/libapp_lib.so" requires shared lib "libandroid.so"
build-android	Build Android APK	2026-08-01T14:11:36.6419965Z [1m[32m        Info[0m "/home/runner/work/BoraPlayer/BoraPlayer/src-tauri/target/i686-linux-android/release/libapp_lib.so" requires shared lib "libdl.so"
build-android	Build Android APK	2026-08-01T14:11:36.6421306Z [1m[32m        Info[0m "/home/runner/work/BoraPlayer/BoraPlayer/src-tauri/target/i686-linux-android/release/libapp_lib.so" requires shared lib "libm.so"
build-android	Build Android APK	2026-08-01T14:11:36.6422608Z [1m[32m        Info[0m "/home/runner/work/BoraPlayer/BoraPlayer/src-tauri/target/i686-linux-android/release/libapp_lib.so" requires shared lib "libc.so"
build-android	Build Android APK	2026-08-01T14:11:36.8018001Z         Info connection; remote_addr=127.0.0.1:60742 conn_id=7
build-android	Build Android APK	2026-08-01T14:11:36.8409612Z 
build-android	Build Android APK	2026-08-01T14:11:36.8410314Z > tauri
build-android	Build Android APK	2026-08-01T14:11:36.8411169Z > tauri android android-studio-script --release --target x86_64
build-android	Build Android APK	2026-08-01T14:11:36.8411626Z 
build-android	Build Android APK	2026-08-01T14:11:36.8414661Z [1m[32m        Info[0m Using installed NDK: /usr/local/lib/android/sdk/ndk/29.0.14206865
build-android	Build Android APK	2026-08-01T14:11:37.1413161Z [1m[92m   Compiling[0m app v0.1.0 (/home/runner/work/BoraPlayer/BoraPlayer/src-tauri)
build-android	Build Android APK	2026-08-01T14:11:55.5410783Z [1m[92m    Finished[0m `release` profile [optimized] target(s) in 18.60s
build-android	Build Android APK	2026-08-01T14:11:55.5413250Z [1m[32m        Info[0m symlinking lib "/home/runner/work/BoraPlayer/BoraPlayer/src-tauri/target/x86_64-linux-android/release/libapp_lib.so" in jniLibs dir "/home/runner/work/BoraPlayer/BoraPlayer/src-tauri/gen/android/app/src/main/jniLibs/x86_64"
build-android	Build Android APK	2026-08-01T14:11:55.5415828Z [1m[32m        Info[0m "/home/runner/work/BoraPlayer/BoraPlayer/src-tauri/target/x86_64-linux-android/release/libapp_lib.so" requires shared lib "liblog.so"
build-android	Build Android APK	2026-08-01T14:11:55.5417568Z [1m[32m        Info[0m "/home/runner/work/BoraPlayer/BoraPlayer/src-tauri/target/x86_64-linux-android/release/libapp_lib.so" requires shared lib "libandroid.so"
build-android	Build Android APK	2026-08-01T14:11:55.5419697Z [1m[32m        Info[0m "/home/runner/work/BoraPlayer/BoraPlayer/src-tauri/target/x86_64-linux-android/release/libapp_lib.so" requires shared lib "libdl.so"
build-android	Build Android APK	2026-08-01T14:11:55.5421074Z [1m[32m        Info[0m "/home/runner/work/BoraPlayer/BoraPlayer/src-tauri/target/x86_64-linux-android/release/libapp_lib.so" requires shared lib "libm.so"
build-android	Build Android APK	2026-08-01T14:11:55.5422269Z [1m[32m        Info[0m "/home/runner/work/BoraPlayer/BoraPlayer/src-tauri/target/x86_64-linux-android/release/libapp_lib.so" requires shared lib "libc.so"
build-android	Build Android APK	2026-08-01T14:11:58.5409643Z 
build-android	Build Android APK	2026-08-01T14:11:58.5411719Z [Incubating] Problems report is available at: file:///home/runner/work/BoraPlayer/BoraPlayer/src-tauri/gen/android/build/reports/problems/problems-report.html
build-android	Build Android APK	2026-08-01T14:11:58.5413112Z 
build-android	Build Android APK	2026-08-01T14:11:58.5421360Z Deprecated Gradle features were used in this build, making it incompatible with Gradle 9.0.
build-android	Build Android APK	2026-08-01T14:11:58.5424043Z 
build-android	Build Android APK	2026-08-01T14:11:58.5425452Z You can use '--warning-mode all' to show the individual deprecation warnings and determine if they come from your own scripts or plugins.
build-android	Build Android APK	2026-08-01T14:11:58.5426438Z 
build-android	Build Android APK	2026-08-01T14:11:58.5427929Z For more on this, please refer to https://docs.gradle.org/8.14.3/userguide/command_line_interface.html#sec:command_line_warnings in the Gradle documentation.
build-android	Build Android APK	2026-08-01T14:11:58.5739825Z     Finished 1 APK at:
build-android	Build Android APK	2026-08-01T14:11:58.5744331Z         /home/runner/work/BoraPlayer/BoraPlayer/src-tauri/gen/android/app/build/outputs/apk/universal/release/app-universal-release-unsigned.apk
build-android	Build Android APK	2026-08-01T14:11:58.5771525Z 
build-android	Build Android APK	2026-08-01T14:11:58.5780068Z     Finished 1 AAB at:
build-android	Build Android APK	2026-08-01T14:11:58.5781623Z         /home/runner/work/BoraPlayer/BoraPlayer/src-tauri/gen/android/app/build/outputs/bundle/universalRelease/app-universal-release.aab
build-android	Build Android APK	2026-08-01T14:11:58.5782641Z 
build-android	Upload artifacts	﻿2026-08-01T14:11:58.5991398Z Node 20 is being deprecated. This workflow is running with Node 24 by default. If you need to temporarily use Node 20, you can set the ACTIONS_ALLOW_USE_UNSECURE_NODE_VERSION=true environment variable. For more information see: https://github.blog/changelog/2025-09-19-deprecation-of-node-20-on-github-actions-runners/
build-android	Upload artifacts	2026-08-01T14:11:58.5993263Z ##[group]Run actions/upload-artifact@v4
build-android	Upload artifacts	2026-08-01T14:11:58.5993680Z with:
build-android	Upload artifacts	2026-08-01T14:11:58.5993965Z   name: boraplayer-android
build-android	Upload artifacts	2026-08-01T14:11:58.5994379Z   path: src-tauri/gen/android/app/build/outputs/**
build-android	Upload artifacts	2026-08-01T14:11:58.5995334Z   if-no-files-found: warn
build-android	Upload artifacts	2026-08-01T14:11:58.5995672Z   compression-level: 6
build-android	Upload artifacts	2026-08-01T14:11:58.5995962Z   overwrite: false
build-android	Upload artifacts	2026-08-01T14:11:58.5996263Z   include-hidden-files: false
build-android	Upload artifacts	2026-08-01T14:11:58.5996596Z env:
build-android	Upload artifacts	2026-08-01T14:11:58.5996875Z   CARGO_HOME: /home/runner/.cargo
build-android	Upload artifacts	2026-08-01T14:11:58.5997236Z   CARGO_INCREMENTAL: 0
build-android	Upload artifacts	2026-08-01T14:11:58.5997552Z   CARGO_TERM_COLOR: always
build-android	Upload artifacts	2026-08-01T14:11:58.5998033Z   JAVA_HOME: /opt/hostedtoolcache/Java_Temurin-Hotspot_jdk/17.0.19-10/x64
build-android	Upload artifacts	2026-08-01T14:11:58.5998939Z   JAVA_HOME_17_X64: /opt/hostedtoolcache/Java_Temurin-Hotspot_jdk/17.0.19-10/x64
build-android	Upload artifacts	2026-08-01T14:11:58.5999554Z   ANDROID_HOME: /usr/local/lib/android/sdk
build-android	Upload artifacts	2026-08-01T14:11:58.5999991Z   ANDROID_SDK_ROOT: /usr/local/lib/android/sdk
build-android	Upload artifacts	2026-08-01T14:11:58.6000378Z ##[endgroup]
build-android	Upload artifacts	2026-08-01T14:11:58.9092673Z (node:19281) [DEP0040] DeprecationWarning: The `punycode` module is deprecated. Please use a userland alternative instead.
build-android	Upload artifacts	2026-08-01T14:11:58.9093669Z (Use `node --trace-deprecation ...` to show where the warning was created)
build-android	Upload artifacts	2026-08-01T14:11:58.9202377Z With the provided path, there will be 11 files uploaded
build-android	Upload artifacts	2026-08-01T14:11:58.9206373Z Artifact name is valid!
build-android	Upload artifacts	2026-08-01T14:11:58.9206966Z Root directory input is valid!
build-android	Upload artifacts	2026-08-01T14:11:59.1080150Z Beginning upload of artifact content to blob storage
build-android	Upload artifacts	2026-08-01T14:11:59.7324243Z (node:19281) [DEP0169] DeprecationWarning: `url.parse()` behavior is not standardized and prone to errors that have security implications. Use the WHATWG URL API instead. CVEs are not issued for `url.parse()` vulnerabilities.
build-android	Upload artifacts	2026-08-01T14:12:00.1277923Z Uploaded bytes 8388608
build-android	Upload artifacts	2026-08-01T14:12:00.3640347Z Uploaded bytes 16777216
build-android	Upload artifacts	2026-08-01T14:12:00.6209291Z Uploaded bytes 25165824
build-android	Upload artifacts	2026-08-01T14:12:00.8748076Z Uploaded bytes 27559832
build-android	Upload artifacts	2026-08-01T14:12:00.9112055Z Finished uploading artifact content to blob storage!
build-android	Upload artifacts	2026-08-01T14:12:00.9114852Z SHA256 digest of uploaded artifact zip is 7e1c9be19d679c5d1a8ac8b17ff69302ce94edba95dd4893161c7584e820f37c
build-android	Upload artifacts	2026-08-01T14:12:00.9116926Z Finalizing artifact upload
build-android	Upload artifacts	2026-08-01T14:12:01.0856025Z Artifact boraplayer-android.zip successfully finalized. Artifact ID 8819501465
build-android	Upload artifacts	2026-08-01T14:12:01.0857174Z Artifact boraplayer-android has been successfully uploaded! Final size is 27559832 bytes. Artifact ID is 8819501465
build-android	Upload artifacts	2026-08-01T14:12:01.0863387Z Artifact download URL: https://github.com/sudo0bora/BoraPlayer/actions/runs/30702831882/artifacts/8819501465
build-android	Post Setup Java (JDK)	﻿2026-08-01T14:12:01.1023672Z Node 20 is being deprecated. This workflow is running with Node 24 by default. If you need to temporarily use Node 20, you can set the ACTIONS_ALLOW_USE_UNSECURE_NODE_VERSION=true environment variable. For more information see: https://github.blog/changelog/2025-09-19-deprecation-of-node-20-on-github-actions-runners/
build-android	Post Setup Java (JDK)	2026-08-01T14:12:01.1024805Z Post job cleanup.
build-android	Post Setup Java (JDK)	2026-08-01T14:12:01.3894775Z (node:19293) [DEP0040] DeprecationWarning: The `punycode` module is deprecated. Please use a userland alternative instead.
build-android	Post Setup Java (JDK)	2026-08-01T14:12:01.3896168Z (Use `node --trace-deprecation ...` to show where the warning was created)
build-android	Post Setup Node.js	﻿2026-08-01T14:12:01.4029540Z Node 20 is being deprecated. This workflow is running with Node 24 by default. If you need to temporarily use Node 20, you can set the ACTIONS_ALLOW_USE_UNSECURE_NODE_VERSION=true environment variable. For more information see: https://github.blog/changelog/2025-09-19-deprecation-of-node-20-on-github-actions-runners/
build-android	Post Setup Node.js	2026-08-01T14:12:01.4031385Z Post job cleanup.
build-android	Post Setup Node.js	2026-08-01T14:12:01.5793188Z (node:19301) [DEP0040] DeprecationWarning: The `punycode` module is deprecated. Please use a userland alternative instead.
build-android	Post Setup Node.js	2026-08-01T14:12:01.5794512Z (Use `node --trace-deprecation ...` to show where the warning was created)
build-android	Post Setup Node.js	2026-08-01T14:12:01.5996495Z [command]/usr/bin/tar --posix -cf cache.tzst --exclude cache.tzst -P -C /home/runner/work/BoraPlayer/BoraPlayer --files-from manifest.txt --use-compress-program zstdmt
build-android	Post Setup Node.js	2026-08-01T14:12:01.8305711Z (node:19301) [DEP0169] DeprecationWarning: `url.parse()` behavior is not standardized and prone to errors that have security implications. Use the WHATWG URL API instead. CVEs are not issued for `url.parse()` vulnerabilities.
build-android	Post Setup Node.js	2026-08-01T14:12:01.9411649Z Sent 2169 of 2169 (100.0%), 0.0 MBs/sec
build-android	Post Setup Node.js	2026-08-01T14:12:02.0751484Z Cache saved with the key: node-cache-Linux-x64-npm-c8e80d0812daf71951473a9e7adb664a9c1de07c743d886625b6082795fc50fe
build-android	Post Run actions/checkout@v4	﻿2026-08-01T14:12:02.0853529Z Node 20 is being deprecated. This workflow is running with Node 24 by default. If you need to temporarily use Node 20, you can set the ACTIONS_ALLOW_USE_UNSECURE_NODE_VERSION=true environment variable. For more information see: https://github.blog/changelog/2025-09-19-deprecation-of-node-20-on-github-actions-runners/
build-android	Post Run actions/checkout@v4	2026-08-01T14:12:02.0854695Z Post job cleanup.
build-android	Post Run actions/checkout@v4	2026-08-01T14:12:02.2739577Z [command]/usr/bin/git version
build-android	Post Run actions/checkout@v4	2026-08-01T14:12:02.2778836Z git version 2.54.0
build-android	Post Run actions/checkout@v4	2026-08-01T14:12:02.2820071Z Temporarily overriding HOME='/home/runner/work/_temp/87a052be-e844-4924-83dd-cfaa2e6eaf07' before making global git config changes
build-android	Post Run actions/checkout@v4	2026-08-01T14:12:02.2821556Z Adding repository directory to the temporary git global config as a safe directory
build-android	Post Run actions/checkout@v4	2026-08-01T14:12:02.2826131Z [command]/usr/bin/git config --global --add safe.directory /home/runner/work/BoraPlayer/BoraPlayer
build-android	Post Run actions/checkout@v4	2026-08-01T14:12:02.2866075Z [command]/usr/bin/git config --local --name-only --get-regexp core\.sshCommand
build-android	Post Run actions/checkout@v4	2026-08-01T14:12:02.2897160Z [command]/usr/bin/git submodule foreach --recursive sh -c "git config --local --name-only --get-regexp 'core\.sshCommand' && git config --local --unset-all 'core.sshCommand' || :"
build-android	Post Run actions/checkout@v4	2026-08-01T14:12:02.3114592Z [command]/usr/bin/git config --local --name-only --get-regexp http\.https\:\/\/github\.com\/\.extraheader
build-android	Post Run actions/checkout@v4	2026-08-01T14:12:02.3135606Z http.https://github.com/.extraheader
build-android	Post Run actions/checkout@v4	2026-08-01T14:12:02.3146847Z [command]/usr/bin/git config --local --unset-all http.https://github.com/.extraheader
build-android	Post Run actions/checkout@v4	2026-08-01T14:12:02.3177302Z [command]/usr/bin/git submodule foreach --recursive sh -c "git config --local --name-only --get-regexp 'http\.https\:\/\/github\.com\/\.extraheader' && git config --local --unset-all 'http.https://github.com/.extraheader' || :"
build-android	Post Run actions/checkout@v4	2026-08-01T14:12:02.3402033Z [command]/usr/bin/git config --local --name-only --get-regexp ^includeIf\.gitdir:
build-android	Post Run actions/checkout@v4	2026-08-01T14:12:02.3434716Z [command]/usr/bin/git submodule foreach --recursive git config --local --show-origin --name-only --get-regexp remote.origin.url
build-android	Complete job	﻿2026-08-01T14:12:02.3807663Z Cleaning up orphan processes
build-android	Complete job	2026-08-01T14:12:02.4045052Z Terminate orphan process: pid (10214) (java)
build-android	Complete job	2026-08-01T14:12:02.4086690Z Terminate orphan process: pid (10352) (java)
build-android	Complete job	2026-08-01T14:12:02.4142337Z Terminate orphan process: pid (18619) (java)
build-android	Complete job	2026-08-01T14:12:02.4198129Z ##[warning]Node.js 20 is deprecated. The following actions target Node.js 20 but are being forced to run on Node.js 24: actions/checkout@v4, actions/setup-java@v4, actions/setup-node@v4, actions/upload-artifact@v4, android-actions/setup-android@v3. For more information see: https://github.blog/changelog/2025-09-19-deprecation-of-node-20-on-github-actions-runners/
