build-ios	Set up job	﻿2026-07-31T19:41:41.1426280Z Current runner version: '2.336.0'
build-ios	Set up job	2026-07-31T19:41:41.1445660Z ##[group]Runner Image Provisioner
build-ios	Set up job	2026-07-31T19:41:41.1446250Z Hosted Compute Agent
build-ios	Set up job	2026-07-31T19:41:41.1446630Z Version: 20260707.563
build-ios	Set up job	2026-07-31T19:41:41.1447100Z Commit: 02667638d2b423fbc733a8e32a88b44996a3ba6e
build-ios	Set up job	2026-07-31T19:41:41.1447540Z Build Date: 2026-07-07T19:33:50Z
build-ios	Set up job	2026-07-31T19:41:41.1447970Z Worker ID: {6d27aeef-62d7-4a57-a5fa-da1b26d6fd6f}
build-ios	Set up job	2026-07-31T19:41:41.1448410Z Azure Region: westus
build-ios	Set up job	2026-07-31T19:41:41.1448760Z ##[endgroup]
build-ios	Set up job	2026-07-31T19:41:41.1449620Z ##[group]Operating System
build-ios	Set up job	2026-07-31T19:41:41.1449990Z macOS
build-ios	Set up job	2026-07-31T19:41:41.1450300Z 26.5.2
build-ios	Set up job	2026-07-31T19:41:41.1450610Z 25F84
build-ios	Set up job	2026-07-31T19:41:41.1451830Z ##[endgroup]
build-ios	Set up job	2026-07-31T19:41:41.1452570Z ##[group]Runner Image
build-ios	Set up job	2026-07-31T19:41:41.1453110Z Image: macos-26-arm64
build-ios	Set up job	2026-07-31T19:41:41.1453480Z Version: 20260728.0273.1
build-ios	Set up job	2026-07-31T19:41:41.1454190Z Included Software: https://github.com/actions/runner-images/blob/macos-26-arm64/20260728.0273/images/macos/macos-26-arm64-Readme.md
build-ios	Set up job	2026-07-31T19:41:41.1455390Z Image Release: https://github.com/actions/runner-images/releases/tag/macos-26-arm64%2F20260728.0273
build-ios	Set up job	2026-07-31T19:41:41.1457150Z ##[endgroup]
build-ios	Set up job	2026-07-31T19:41:41.1460200Z ##[group]GITHUB_TOKEN Permissions
build-ios	Set up job	2026-07-31T19:41:41.1461720Z Actions: write
build-ios	Set up job	2026-07-31T19:41:41.1462070Z ArtifactMetadata: write
build-ios	Set up job	2026-07-31T19:41:41.1462430Z Attestations: write
build-ios	Set up job	2026-07-31T19:41:41.1462780Z Checks: write
build-ios	Set up job	2026-07-31T19:41:41.1463110Z CodeQuality: write
build-ios	Set up job	2026-07-31T19:41:41.1463570Z Contents: write
build-ios	Set up job	2026-07-31T19:41:41.1463930Z CopilotRequests: write
build-ios	Set up job	2026-07-31T19:41:41.1464310Z Deployments: write
build-ios	Set up job	2026-07-31T19:41:41.1464660Z Discussions: write
build-ios	Set up job	2026-07-31T19:41:41.1465010Z Drives: write
build-ios	Set up job	2026-07-31T19:41:41.1465340Z Issues: write
build-ios	Set up job	2026-07-31T19:41:41.1465680Z Metadata: read
build-ios	Set up job	2026-07-31T19:41:41.1466070Z Models: read
build-ios	Set up job	2026-07-31T19:41:41.1466390Z Packages: write
build-ios	Set up job	2026-07-31T19:41:41.1466740Z Pages: write
build-ios	Set up job	2026-07-31T19:41:41.1467140Z PullRequests: write
build-ios	Set up job	2026-07-31T19:41:41.1467610Z RepositoryProjects: write
build-ios	Set up job	2026-07-31T19:41:41.1468020Z SecurityEvents: write
build-ios	Set up job	2026-07-31T19:41:41.1468390Z Statuses: write
build-ios	Set up job	2026-07-31T19:41:41.1468730Z VulnerabilityAlerts: read
build-ios	Set up job	2026-07-31T19:41:41.1469090Z ##[endgroup]
build-ios	Set up job	2026-07-31T19:41:41.1470660Z Secret source: Actions
build-ios	Set up job	2026-07-31T19:41:41.1471290Z Prepare workflow directory
build-ios	Set up job	2026-07-31T19:41:41.1803490Z Prepare all required actions
build-ios	Set up job	2026-07-31T19:41:41.1843800Z Getting action download info
build-ios	Set up job	2026-07-31T19:41:41.6188000Z Download action repository 'actions/checkout@v4' (SHA:11d5960a326750d5838078e36cf38b85af677262)
build-ios	Set up job	2026-07-31T19:41:41.9129480Z Download action repository 'actions/setup-node@v4' (SHA:49933ea5288caeca8642d1e84afbd3f7d6820020)
build-ios	Set up job	2026-07-31T19:41:42.0694940Z Download action repository 'dtolnay/rust-toolchain@stable' (SHA:4cda84d5c5c54efe2404f9d843567869ab1699d4)
build-ios	Set up job	2026-07-31T19:41:42.4870080Z Download action repository 'actions/upload-artifact@v4' (SHA:ea165f8d65b6e75b540449e92b4886f43607fa02)
build-ios	Set up job	2026-07-31T19:41:42.8309560Z Complete job name: build-ios
build-ios	Run actions/checkout@v4	﻿2026-07-31T19:41:42.9046960Z Node 20 is being deprecated. This workflow is running with Node 24 by default. If you need to temporarily use Node 20, you can set the ACTIONS_ALLOW_USE_UNSECURE_NODE_VERSION=true environment variable. For more information see: https://github.blog/changelog/2025-09-19-deprecation-of-node-20-on-github-actions-runners/
build-ios	Run actions/checkout@v4	2026-07-31T19:41:42.9054290Z ##[group]Run actions/checkout@v4
build-ios	Run actions/checkout@v4	2026-07-31T19:41:42.9054780Z with:
build-ios	Run actions/checkout@v4	2026-07-31T19:41:42.9055110Z   repository: sudo0bora/BoraPlayer
build-ios	Run actions/checkout@v4	2026-07-31T19:41:42.9058330Z   token: ***
build-ios	Run actions/checkout@v4	2026-07-31T19:41:42.9058640Z   ssh-strict: true
build-ios	Run actions/checkout@v4	2026-07-31T19:41:42.9058990Z   ssh-user: git
build-ios	Run actions/checkout@v4	2026-07-31T19:41:42.9059400Z   persist-credentials: true
build-ios	Run actions/checkout@v4	2026-07-31T19:41:42.9059740Z   clean: true
build-ios	Run actions/checkout@v4	2026-07-31T19:41:42.9060060Z   sparse-checkout-cone-mode: true
build-ios	Run actions/checkout@v4	2026-07-31T19:41:42.9060460Z   fetch-depth: 1
build-ios	Run actions/checkout@v4	2026-07-31T19:41:42.9060850Z   fetch-tags: false
build-ios	Run actions/checkout@v4	2026-07-31T19:41:42.9061160Z   show-progress: true
build-ios	Run actions/checkout@v4	2026-07-31T19:41:42.9061480Z   lfs: false
build-ios	Run actions/checkout@v4	2026-07-31T19:41:42.9061820Z   submodules: false
build-ios	Run actions/checkout@v4	2026-07-31T19:41:42.9063050Z   set-safe-directory: true
build-ios	Run actions/checkout@v4	2026-07-31T19:41:42.9063470Z   allow-unsafe-pr-checkout: false
build-ios	Run actions/checkout@v4	2026-07-31T19:41:42.9064070Z ##[endgroup]
build-ios	Run actions/checkout@v4	2026-07-31T19:41:43.5610410Z Syncing repository: sudo0bora/BoraPlayer
build-ios	Run actions/checkout@v4	2026-07-31T19:41:43.5612500Z ##[group]Getting Git version info
build-ios	Run actions/checkout@v4	2026-07-31T19:41:43.5613060Z Working directory is '/Users/runner/work/BoraPlayer/BoraPlayer'
build-ios	Run actions/checkout@v4	2026-07-31T19:41:43.5615640Z [command]/opt/homebrew/bin/git version
build-ios	Run actions/checkout@v4	2026-07-31T19:41:43.6027590Z git version 2.55.0
build-ios	Run actions/checkout@v4	2026-07-31T19:41:43.6048640Z ##[endgroup]
build-ios	Run actions/checkout@v4	2026-07-31T19:41:43.6057360Z Copying '/Users/runner/.gitconfig' to '/Users/runner/work/_temp/ae41f2d7-b474-4e8d-8e48-723215e4eb97/.gitconfig'
build-ios	Run actions/checkout@v4	2026-07-31T19:41:43.6067540Z Temporarily overriding HOME='/Users/runner/work/_temp/ae41f2d7-b474-4e8d-8e48-723215e4eb97' before making global git config changes
build-ios	Run actions/checkout@v4	2026-07-31T19:41:43.6070810Z Adding repository directory to the temporary git global config as a safe directory
build-ios	Run actions/checkout@v4	2026-07-31T19:41:43.6073300Z [command]/opt/homebrew/bin/git config --global --add safe.directory /Users/runner/work/BoraPlayer/BoraPlayer
build-ios	Run actions/checkout@v4	2026-07-31T19:41:43.6219280Z Deleting the contents of '/Users/runner/work/BoraPlayer/BoraPlayer'
build-ios	Run actions/checkout@v4	2026-07-31T19:41:43.6223830Z ##[group]Initializing the repository
build-ios	Run actions/checkout@v4	2026-07-31T19:41:43.6227020Z [command]/opt/homebrew/bin/git init /Users/runner/work/BoraPlayer/BoraPlayer
build-ios	Run actions/checkout@v4	2026-07-31T19:41:43.6892890Z hint: Using 'master' as the name for the initial branch. This default branch name
build-ios	Run actions/checkout@v4	2026-07-31T19:41:43.6963680Z hint: will change to "main" in Git 3.0. To configure the initial branch name
build-ios	Run actions/checkout@v4	2026-07-31T19:41:43.6965950Z hint: to use in all of your new repositories, which will suppress this warning,
build-ios	Run actions/checkout@v4	2026-07-31T19:41:43.6966800Z hint: call:
build-ios	Run actions/checkout@v4	2026-07-31T19:41:43.6967340Z hint:
build-ios	Run actions/checkout@v4	2026-07-31T19:41:43.6967810Z hint: 	git config --global init.defaultBranch <name>
build-ios	Run actions/checkout@v4	2026-07-31T19:41:43.6968270Z hint:
build-ios	Run actions/checkout@v4	2026-07-31T19:41:43.6968860Z hint: Names commonly chosen instead of 'master' are 'main', 'trunk' and
build-ios	Run actions/checkout@v4	2026-07-31T19:41:43.6969590Z hint: 'development'. The just-created branch can be renamed via this command:
build-ios	Run actions/checkout@v4	2026-07-31T19:41:43.6970190Z hint:
build-ios	Run actions/checkout@v4	2026-07-31T19:41:43.6970570Z hint: 	git branch -m <name>
build-ios	Run actions/checkout@v4	2026-07-31T19:41:43.6970970Z hint:
build-ios	Run actions/checkout@v4	2026-07-31T19:41:43.6971430Z hint: Disable this message with "git config set advice.defaultBranchName false"
build-ios	Run actions/checkout@v4	2026-07-31T19:41:43.6972150Z Initialized empty Git repository in /Users/runner/work/BoraPlayer/BoraPlayer/.git/
build-ios	Run actions/checkout@v4	2026-07-31T19:41:43.6974150Z [command]/opt/homebrew/bin/git remote add origin https://github.com/sudo0bora/BoraPlayer
build-ios	Run actions/checkout@v4	2026-07-31T19:41:43.7003170Z ##[endgroup]
build-ios	Run actions/checkout@v4	2026-07-31T19:41:43.7004010Z ##[group]Disabling automatic garbage collection
build-ios	Run actions/checkout@v4	2026-07-31T19:41:43.7004970Z [command]/opt/homebrew/bin/git config --local gc.auto 0
build-ios	Run actions/checkout@v4	2026-07-31T19:41:43.7091760Z ##[endgroup]
build-ios	Run actions/checkout@v4	2026-07-31T19:41:43.7092500Z ##[group]Setting up auth
build-ios	Run actions/checkout@v4	2026-07-31T19:41:43.7100240Z [command]/opt/homebrew/bin/git config --local --name-only --get-regexp core\.sshCommand
build-ios	Run actions/checkout@v4	2026-07-31T19:41:43.7198680Z [command]/opt/homebrew/bin/git submodule foreach --recursive sh -c "git config --local --name-only --get-regexp 'core\.sshCommand' && git config --local --unset-all 'core.sshCommand' || :"
build-ios	Run actions/checkout@v4	2026-07-31T19:41:43.8600120Z [command]/opt/homebrew/bin/git config --local --name-only --get-regexp http\.https\:\/\/github\.com\/\.extraheader
build-ios	Run actions/checkout@v4	2026-07-31T19:41:43.8683840Z [command]/opt/homebrew/bin/git submodule foreach --recursive sh -c "git config --local --name-only --get-regexp 'http\.https\:\/\/github\.com\/\.extraheader' && git config --local --unset-all 'http.https://github.com/.extraheader' || :"
build-ios	Run actions/checkout@v4	2026-07-31T19:41:44.0288730Z [command]/opt/homebrew/bin/git config --local --name-only --get-regexp ^includeIf\.gitdir:
build-ios	Run actions/checkout@v4	2026-07-31T19:41:44.0602430Z [command]/opt/homebrew/bin/git submodule foreach --recursive git config --local --show-origin --name-only --get-regexp remote.origin.url
build-ios	Run actions/checkout@v4	2026-07-31T19:41:44.2183020Z [command]/opt/homebrew/bin/git config --local http.https://github.com/.extraheader AUTHORIZATION: basic ***
build-ios	Run actions/checkout@v4	2026-07-31T19:41:44.2499320Z ##[endgroup]
build-ios	Run actions/checkout@v4	2026-07-31T19:41:44.2525660Z ##[group]Fetching the repository
build-ios	Run actions/checkout@v4	2026-07-31T19:41:44.2527590Z [command]/opt/homebrew/bin/git -c protocol.version=2 fetch --no-tags --prune --no-recurse-submodules --depth=1 origin +2c6b0b49d20e33ac5210a3d5c47a911e08324ad2:refs/tags/v1.0.14
build-ios	Run actions/checkout@v4	2026-07-31T19:41:46.0915070Z From https://github.com/sudo0bora/BoraPlayer
build-ios	Run actions/checkout@v4	2026-07-31T19:41:46.0916370Z  * [new ref]         2c6b0b49d20e33ac5210a3d5c47a911e08324ad2 -> v1.0.14
build-ios	Run actions/checkout@v4	2026-07-31T19:41:46.0918650Z ##[endgroup]
build-ios	Run actions/checkout@v4	2026-07-31T19:41:46.0919270Z ##[group]Determining the checkout info
build-ios	Run actions/checkout@v4	2026-07-31T19:41:46.0919850Z ##[endgroup]
build-ios	Run actions/checkout@v4	2026-07-31T19:41:46.0924760Z [command]/opt/homebrew/bin/git sparse-checkout disable
build-ios	Run actions/checkout@v4	2026-07-31T19:41:46.1059320Z [command]/opt/homebrew/bin/git config --local --unset-all extensions.worktreeConfig
build-ios	Run actions/checkout@v4	2026-07-31T19:41:46.1161060Z ##[group]Checking out the ref
build-ios	Run actions/checkout@v4	2026-07-31T19:41:46.1163320Z [command]/opt/homebrew/bin/git checkout --progress --force refs/tags/v1.0.14
build-ios	Run actions/checkout@v4	2026-07-31T19:41:46.2944090Z HEAD is now at 2c6b0b4 Patch Xcode pbxproj for ad-hoc signing as requested
build-ios	Run actions/checkout@v4	2026-07-31T19:41:46.2955210Z ##[endgroup]
build-ios	Run actions/checkout@v4	2026-07-31T19:41:46.3087890Z [command]/opt/homebrew/bin/git log -1 --format=%H
build-ios	Run actions/checkout@v4	2026-07-31T19:41:46.3177480Z 2c6b0b49d20e33ac5210a3d5c47a911e08324ad2
build-ios	Setup Node.js	﻿2026-07-31T19:41:46.3485790Z Node 20 is being deprecated. This workflow is running with Node 24 by default. If you need to temporarily use Node 20, you can set the ACTIONS_ALLOW_USE_UNSECURE_NODE_VERSION=true environment variable. For more information see: https://github.blog/changelog/2025-09-19-deprecation-of-node-20-on-github-actions-runners/
build-ios	Setup Node.js	2026-07-31T19:41:46.3487850Z ##[group]Run actions/setup-node@v4
build-ios	Setup Node.js	2026-07-31T19:41:46.3488700Z with:
build-ios	Setup Node.js	2026-07-31T19:41:46.3489060Z   node-version: 20
build-ios	Setup Node.js	2026-07-31T19:41:46.3489400Z   cache: npm
build-ios	Setup Node.js	2026-07-31T19:41:46.3489810Z   always-auth: false
build-ios	Setup Node.js	2026-07-31T19:41:46.3490290Z   check-latest: false
build-ios	Setup Node.js	2026-07-31T19:41:46.3493070Z   token: ***
build-ios	Setup Node.js	2026-07-31T19:41:46.3493470Z ##[endgroup]
build-ios	Setup Node.js	2026-07-31T19:41:46.5328730Z Attempting to download 20...
build-ios	Setup Node.js	2026-07-31T19:41:46.5518710Z (node:1205) [DEP0040] DeprecationWarning: The `punycode` module is deprecated. Please use a userland alternative instead.
build-ios	Setup Node.js	2026-07-31T19:41:46.5529860Z (Use `node --trace-deprecation ...` to show where the warning was created)
build-ios	Setup Node.js	2026-07-31T19:41:47.3721040Z Acquiring 20.20.2 - arm64 from https://github.com/actions/node-versions/releases/download/20.20.2-23521894959/node-20.20.2-darwin-arm64.tar.gz
build-ios	Setup Node.js	2026-07-31T19:41:48.4894370Z Extracting ...
build-ios	Setup Node.js	2026-07-31T19:41:48.5021520Z [command]/usr/bin/tar xz --strip 1 -C /Users/runner/work/_temp/e66ad41b-9b97-4400-8070-7ee368f5260c -f /Users/runner/work/_temp/95be0cf8-c70a-4f64-913c-549a6879736e
build-ios	Setup Node.js	2026-07-31T19:41:49.7710480Z Adding to the cache ...
build-ios	Setup Node.js	2026-07-31T19:41:52.7961080Z ##[group]Environment details
build-ios	Setup Node.js	2026-07-31T19:41:53.2796590Z node: v20.20.2
build-ios	Setup Node.js	2026-07-31T19:41:53.2902130Z npm: 10.8.2
build-ios	Setup Node.js	2026-07-31T19:41:53.3004000Z yarn: 1.22.22
build-ios	Setup Node.js	2026-07-31T19:41:53.3154670Z ##[endgroup]
build-ios	Setup Node.js	2026-07-31T19:41:53.3258390Z [command]/Users/runner/hostedtoolcache/node/20.20.2/arm64/bin/npm config get cache
build-ios	Setup Node.js	2026-07-31T19:41:53.4936680Z /Users/runner/.npm
build-ios	Setup Node.js	2026-07-31T19:41:53.7830390Z npm cache is not found
build-ios	Install Rust stable with iOS targets	﻿2026-07-31T19:41:53.8222710Z ##[group]Run dtolnay/rust-toolchain@stable
build-ios	Install Rust stable with iOS targets	2026-07-31T19:41:53.8223840Z with:
build-ios	Install Rust stable with iOS targets	2026-07-31T19:41:53.8224600Z   targets: aarch64-apple-ios,x86_64-apple-ios,aarch64-apple-ios-sim
build-ios	Install Rust stable with iOS targets	2026-07-31T19:41:53.8225440Z   toolchain: stable
build-ios	Install Rust stable with iOS targets	2026-07-31T19:41:53.8225850Z ##[endgroup]
build-ios	Install Rust stable with iOS targets	2026-07-31T19:41:53.8371280Z ##[start-action display=Run : parse toolchain version;id=__dtolnay_rust-toolchain.parse]
build-ios	Install Rust stable with iOS targets	2026-07-31T19:41:53.8414550Z ##[group]Run : parse toolchain version
build-ios	Install Rust stable with iOS targets	2026-07-31T19:41:53.8414970Z [36;1m: parse toolchain version[0m
build-ios	Install Rust stable with iOS targets	2026-07-31T19:41:53.8415330Z [36;1mif [[ -z $toolchain ]]; then[0m
build-ios	Install Rust stable with iOS targets	2026-07-31T19:41:53.8415770Z [36;1m  # GitHub does not enforce `required: true` inputs itself. https://github.com/actions/runner/issues/1070[0m
build-ios	Install Rust stable with iOS targets	2026-07-31T19:41:53.8416460Z [36;1m  echo "'toolchain' is a required input" >&2[0m
build-ios	Install Rust stable with iOS targets	2026-07-31T19:41:53.8416820Z [36;1m  exit 1[0m
build-ios	Install Rust stable with iOS targets	2026-07-31T19:41:53.8417150Z [36;1melif [[ $toolchain =~ ^stable' '[0-9]+' '(year|month|week|day)s?' 'ago$ ]]; then[0m
build-ios	Install Rust stable with iOS targets	2026-07-31T19:41:53.8423910Z [36;1m  if [[ macOS == macOS ]]; then[0m
build-ios	Install Rust stable with iOS targets	2026-07-31T19:41:53.8424650Z [36;1m    echo "toolchain=1.$((($(date -v-$(sed 's/stable \([0-9]*\) \(.\).*/\1\2/' <<< $toolchain) +%s)/60/60/24-16569)/7/6))" >> $GITHUB_OUTPUT[0m
build-ios	Install Rust stable with iOS targets	2026-07-31T19:41:53.8425090Z [36;1m  else[0m
build-ios	Install Rust stable with iOS targets	2026-07-31T19:41:53.8425470Z [36;1m    echo "toolchain=1.$((($(date --date "${toolchain#stable }" +%s)/60/60/24-16569)/7/6))" >> $GITHUB_OUTPUT[0m
build-ios	Install Rust stable with iOS targets	2026-07-31T19:41:53.8425940Z [36;1m  fi[0m
build-ios	Install Rust stable with iOS targets	2026-07-31T19:41:53.8426300Z [36;1melif [[ $toolchain =~ ^stable' 'minus' '[0-9]+' 'releases?$ ]]; then[0m
build-ios	Install Rust stable with iOS targets	2026-07-31T19:41:53.8426810Z [36;1m  echo "toolchain=1.$((($(date +%s)/60/60/24-16569)/7/6-${toolchain//[^0-9]/}))" >> $GITHUB_OUTPUT[0m
build-ios	Install Rust stable with iOS targets	2026-07-31T19:41:53.8427260Z [36;1melif [[ $toolchain =~ ^1\.[0-9]+$ ]]; then[0m
build-ios	Install Rust stable with iOS targets	2026-07-31T19:41:53.8427760Z [36;1m  echo "toolchain=1.$((i=${toolchain#1.}, c=($(date +%s)/60/60/24-16569)/7/6, i+9*i*(10*i<=c)+90*i*(100*i<=c)))" >> $GITHUB_OUTPUT[0m
build-ios	Install Rust stable with iOS targets	2026-07-31T19:41:53.8428300Z [36;1melse[0m
build-ios	Install Rust stable with iOS targets	2026-07-31T19:41:53.8428560Z [36;1m  echo "toolchain=$toolchain" >> $GITHUB_OUTPUT[0m
build-ios	Install Rust stable with iOS targets	2026-07-31T19:41:53.8428860Z [36;1mfi[0m
build-ios	Install Rust stable with iOS targets	2026-07-31T19:41:53.8503010Z shell: /bin/bash --noprofile --norc -e -o pipefail {0}
build-ios	Install Rust stable with iOS targets	2026-07-31T19:41:53.8503870Z env:
build-ios	Install Rust stable with iOS targets	2026-07-31T19:41:53.8504450Z   toolchain: stable
build-ios	Install Rust stable with iOS targets	2026-07-31T19:41:53.8505000Z ##[endgroup]
build-ios	Install Rust stable with iOS targets	2026-07-31T19:41:53.9417320Z ##[end-action id=__dtolnay_rust-toolchain.parse;outcome=success;conclusion=success;duration_ms=104]
build-ios	Install Rust stable with iOS targets	2026-07-31T19:41:53.9425070Z ##[start-action display=Run : construct rustup command line;id=__dtolnay_rust-toolchain.flags]
build-ios	Install Rust stable with iOS targets	2026-07-31T19:41:53.9508380Z ##[group]Run : construct rustup command line
build-ios	Install Rust stable with iOS targets	2026-07-31T19:41:53.9508680Z [36;1m: construct rustup command line[0m
build-ios	Install Rust stable with iOS targets	2026-07-31T19:41:53.9509080Z [36;1mecho "targets=$(for t in ${targets//,/ }; do echo -n ' --target' $t; done)" >> $GITHUB_OUTPUT[0m
build-ios	Install Rust stable with iOS targets	2026-07-31T19:41:53.9510440Z [36;1mecho "components=$(for c in ${components//,/ }; do echo -n ' --component' $c; done)" >> $GITHUB_OUTPUT[0m
build-ios	Install Rust stable with iOS targets	2026-07-31T19:41:53.9510990Z [36;1mecho "downgrade=" >> $GITHUB_OUTPUT[0m
build-ios	Install Rust stable with iOS targets	2026-07-31T19:41:53.9556610Z shell: /bin/bash --noprofile --norc -e -o pipefail {0}
build-ios	Install Rust stable with iOS targets	2026-07-31T19:41:53.9556900Z env:
build-ios	Install Rust stable with iOS targets	2026-07-31T19:41:53.9557180Z   targets: aarch64-apple-ios,x86_64-apple-ios,aarch64-apple-ios-sim
build-ios	Install Rust stable with iOS targets	2026-07-31T19:41:53.9557580Z   components: 
build-ios	Install Rust stable with iOS targets	2026-07-31T19:41:53.9557740Z ##[endgroup]
build-ios	Install Rust stable with iOS targets	2026-07-31T19:41:54.0295230Z ##[end-action id=__dtolnay_rust-toolchain.flags;outcome=success;conclusion=success;duration_ms=86]
build-ios	Install Rust stable with iOS targets	2026-07-31T19:41:54.0303980Z ##[start-action display=Run : set $CARGO_HOME;id=__dtolnay_rust-toolchain.__run]
build-ios	Install Rust stable with iOS targets	2026-07-31T19:41:54.0362850Z ##[group]Run : set $CARGO_HOME
build-ios	Install Rust stable with iOS targets	2026-07-31T19:41:54.0363180Z [36;1m: set $CARGO_HOME[0m
build-ios	Install Rust stable with iOS targets	2026-07-31T19:41:54.0363450Z [36;1mecho CARGO_HOME=${CARGO_HOME:-"$HOME/.cargo"} >> $GITHUB_ENV[0m
build-ios	Install Rust stable with iOS targets	2026-07-31T19:41:54.0404190Z shell: /bin/bash --noprofile --norc -e -o pipefail {0}
build-ios	Install Rust stable with iOS targets	2026-07-31T19:41:54.0404620Z ##[endgroup]
build-ios	Install Rust stable with iOS targets	2026-07-31T19:41:54.1044950Z ##[end-action id=__dtolnay_rust-toolchain.__run;outcome=success;conclusion=success;duration_ms=73]
build-ios	Install Rust stable with iOS targets	2026-07-31T19:41:54.1052010Z ##[start-action display=Run : install rustup if needed;id=__dtolnay_rust-toolchain.__run_2]
build-ios	Install Rust stable with iOS targets	2026-07-31T19:41:54.1094240Z ##[group]Run : install rustup if needed
build-ios	Install Rust stable with iOS targets	2026-07-31T19:41:54.1094540Z [36;1m: install rustup if needed[0m
build-ios	Install Rust stable with iOS targets	2026-07-31T19:41:54.1094790Z [36;1mif ! command -v rustup &>/dev/null; then[0m
build-ios	Install Rust stable with iOS targets	2026-07-31T19:41:54.1095480Z [36;1m  curl --proto '=https' --tlsv1.2 --retry 10 --retry-connrefused --location --silent --show-error --fail https://sh.rustup.rs | sh -s -- --default-toolchain none -y[0m
build-ios	Install Rust stable with iOS targets	2026-07-31T19:41:54.1096150Z [36;1m  echo "$CARGO_HOME/bin" >> $GITHUB_PATH[0m
build-ios	Install Rust stable with iOS targets	2026-07-31T19:41:54.1096400Z [36;1mfi[0m
build-ios	Install Rust stable with iOS targets	2026-07-31T19:41:54.1138470Z shell: /bin/bash --noprofile --norc -e -o pipefail {0}
build-ios	Install Rust stable with iOS targets	2026-07-31T19:41:54.1138790Z env:
build-ios	Install Rust stable with iOS targets	2026-07-31T19:41:54.1138960Z   CARGO_HOME: /Users/runner/.cargo
build-ios	Install Rust stable with iOS targets	2026-07-31T19:41:54.1139490Z ##[endgroup]
build-ios	Install Rust stable with iOS targets	2026-07-31T19:41:54.1703940Z ##[end-action id=__dtolnay_rust-toolchain.__run_2;outcome=success;conclusion=success;duration_ms=65]
build-ios	Install Rust stable with iOS targets	2026-07-31T19:41:54.1713670Z ##[start-action display=Run : install rustup if needed on windows;id=__dtolnay_rust-toolchain.__run_3]
build-ios	Install Rust stable with iOS targets	2026-07-31T19:41:54.1727780Z ##[end-action id=__dtolnay_rust-toolchain.__run_3;outcome=skipped;conclusion=skipped;duration_ms=0]
build-ios	Install Rust stable with iOS targets	2026-07-31T19:41:54.1735470Z ##[start-action display=rustup toolchain install stable;id=__dtolnay_rust-toolchain.__run_4]
build-ios	Install Rust stable with iOS targets	2026-07-31T19:41:54.1805150Z ##[group]Run rustup toolchain install stable --target aarch64-apple-ios --target x86_64-apple-ios --target aarch64-apple-ios-sim --profile minimal --no-self-update
build-ios	Install Rust stable with iOS targets	2026-07-31T19:41:54.1806210Z [36;1mrustup toolchain install stable --target aarch64-apple-ios --target x86_64-apple-ios --target aarch64-apple-ios-sim --profile minimal --no-self-update[0m
build-ios	Install Rust stable with iOS targets	2026-07-31T19:41:54.1848270Z shell: /bin/bash --noprofile --norc -e -o pipefail {0}
build-ios	Install Rust stable with iOS targets	2026-07-31T19:41:54.1848710Z env:
build-ios	Install Rust stable with iOS targets	2026-07-31T19:41:54.1848880Z   CARGO_HOME: /Users/runner/.cargo
build-ios	Install Rust stable with iOS targets	2026-07-31T19:41:54.1849100Z   RUSTUP_PERMIT_COPY_RENAME: 1
build-ios	Install Rust stable with iOS targets	2026-07-31T19:41:54.1849300Z ##[endgroup]
build-ios	Install Rust stable with iOS targets	2026-07-31T19:41:54.6293910Z info: syncing channel updates for stable-aarch64-apple-darwin
build-ios	Install Rust stable with iOS targets	2026-07-31T19:41:54.8260200Z info: latest update on 2026-07-16 for version 1.97.1 (8bab26f4f 2026-07-14)
build-ios	Install Rust stable with iOS targets	2026-07-31T19:41:54.8422260Z info: downloading 3 components
build-ios	Install Rust stable with iOS targets	2026-07-31T19:42:01.8301280Z 
build-ios	Install Rust stable with iOS targets	2026-07-31T19:42:01.8653190Z   stable-aarch64-apple-darwin updated - rustc 1.97.1 (8bab26f4f 2026-07-14) (from rustc 1.97.1 (8bab26f4f 2026-07-14))
build-ios	Install Rust stable with iOS targets	2026-07-31T19:42:01.8655900Z info: self-update is disabled for this build of rustup
build-ios	Install Rust stable with iOS targets	2026-07-31T19:42:01.8657330Z info: any updates to rustup will need to be fetched with your system package manager
build-ios	Install Rust stable with iOS targets	2026-07-31T19:42:01.8658600Z 
build-ios	Install Rust stable with iOS targets	2026-07-31T19:42:01.8936760Z ##[end-action id=__dtolnay_rust-toolchain.__run_4;outcome=success;conclusion=success;duration_ms=7719]
build-ios	Install Rust stable with iOS targets	2026-07-31T19:42:01.8959110Z ##[start-action display=Run rustup default stable;id=__dtolnay_rust-toolchain.__run_5]
build-ios	Install Rust stable with iOS targets	2026-07-31T19:42:01.8987630Z ##[group]Run rustup default stable
build-ios	Install Rust stable with iOS targets	2026-07-31T19:42:01.8988310Z [36;1mrustup default stable[0m
build-ios	Install Rust stable with iOS targets	2026-07-31T19:42:01.9055760Z shell: /bin/bash --noprofile --norc -e -o pipefail {0}
build-ios	Install Rust stable with iOS targets	2026-07-31T19:42:01.9056680Z env:
build-ios	Install Rust stable with iOS targets	2026-07-31T19:42:01.9057150Z   CARGO_HOME: /Users/runner/.cargo
build-ios	Install Rust stable with iOS targets	2026-07-31T19:42:01.9057810Z ##[endgroup]
build-ios	Install Rust stable with iOS targets	2026-07-31T19:42:02.0116330Z info: using existing install for stable-aarch64-apple-darwin
build-ios	Install Rust stable with iOS targets	2026-07-31T19:42:02.0140650Z info: default toolchain set to stable-aarch64-apple-darwin
build-ios	Install Rust stable with iOS targets	2026-07-31T19:42:02.0141900Z 
build-ios	Install Rust stable with iOS targets	2026-07-31T19:42:02.0260440Z   stable-aarch64-apple-darwin unchanged - rustc 1.97.1 (8bab26f4f 2026-07-14)
build-ios	Install Rust stable with iOS targets	2026-07-31T19:42:02.0261040Z 
build-ios	Install Rust stable with iOS targets	2026-07-31T19:42:02.0284620Z ##[end-action id=__dtolnay_rust-toolchain.__run_5;outcome=success;conclusion=success;duration_ms=132]
build-ios	Install Rust stable with iOS targets	2026-07-31T19:42:02.0290000Z ##[start-action display=Run : create cachekey;id=__dtolnay_rust-toolchain.rustc-version]
build-ios	Install Rust stable with iOS targets	2026-07-31T19:42:02.0314470Z ##[group]Run : create cachekey
build-ios	Install Rust stable with iOS targets	2026-07-31T19:42:02.0314840Z [36;1m: create cachekey[0m
build-ios	Install Rust stable with iOS targets	2026-07-31T19:42:02.0320960Z [36;1mDATE=$(rustc +stable --version --verbose | sed -ne 's/^commit-date: \(20[0-9][0-9]\)-\([01][0-9]\)-\([0-3][0-9]\)$/\1\2\3/p')[0m
build-ios	Install Rust stable with iOS targets	2026-07-31T19:42:02.0321600Z [36;1mHASH=$(rustc +stable --version --verbose | sed -ne 's/^commit-hash: //p')[0m
build-ios	Install Rust stable with iOS targets	2026-07-31T19:42:02.0322150Z [36;1mecho "cachekey=$(echo $DATE$HASH | head -c12)" >> $GITHUB_OUTPUT[0m
build-ios	Install Rust stable with iOS targets	2026-07-31T19:42:02.0359570Z shell: /bin/bash --noprofile --norc -e -o pipefail {0}
build-ios	Install Rust stable with iOS targets	2026-07-31T19:42:02.0359910Z env:
build-ios	Install Rust stable with iOS targets	2026-07-31T19:42:02.0360200Z   CARGO_HOME: /Users/runner/.cargo
build-ios	Install Rust stable with iOS targets	2026-07-31T19:42:02.0360460Z ##[endgroup]
build-ios	Install Rust stable with iOS targets	2026-07-31T19:42:02.1657270Z ##[end-action id=__dtolnay_rust-toolchain.rustc-version;outcome=success;conclusion=success;duration_ms=136]
build-ios	Install Rust stable with iOS targets	2026-07-31T19:42:02.1661970Z ##[start-action display=Run : disable incremental compilation;id=__dtolnay_rust-toolchain.__run_6]
build-ios	Install Rust stable with iOS targets	2026-07-31T19:42:02.1704270Z ##[group]Run : disable incremental compilation
build-ios	Install Rust stable with iOS targets	2026-07-31T19:42:02.1705650Z [36;1m: disable incremental compilation[0m
build-ios	Install Rust stable with iOS targets	2026-07-31T19:42:02.1706060Z [36;1mif [ -z "${CARGO_INCREMENTAL+set}" ]; then[0m
build-ios	Install Rust stable with iOS targets	2026-07-31T19:42:02.1706420Z [36;1m  echo CARGO_INCREMENTAL=0 >> $GITHUB_ENV[0m
build-ios	Install Rust stable with iOS targets	2026-07-31T19:42:02.1706760Z [36;1mfi[0m
build-ios	Install Rust stable with iOS targets	2026-07-31T19:42:02.1745150Z shell: /bin/bash --noprofile --norc -e -o pipefail {0}
build-ios	Install Rust stable with iOS targets	2026-07-31T19:42:02.1746500Z env:
build-ios	Install Rust stable with iOS targets	2026-07-31T19:42:02.1746850Z   CARGO_HOME: /Users/runner/.cargo
build-ios	Install Rust stable with iOS targets	2026-07-31T19:42:02.1748630Z ##[endgroup]
build-ios	Install Rust stable with iOS targets	2026-07-31T19:42:02.2430510Z ##[end-action id=__dtolnay_rust-toolchain.__run_6;outcome=success;conclusion=success;duration_ms=76]
build-ios	Install Rust stable with iOS targets	2026-07-31T19:42:02.2438370Z ##[start-action display=Run : enable colors in Cargo output;id=__dtolnay_rust-toolchain.__run_7]
build-ios	Install Rust stable with iOS targets	2026-07-31T19:42:02.2473100Z ##[group]Run : enable colors in Cargo output
build-ios	Install Rust stable with iOS targets	2026-07-31T19:42:02.2473430Z [36;1m: enable colors in Cargo output[0m
build-ios	Install Rust stable with iOS targets	2026-07-31T19:42:02.2473690Z [36;1mif [ -z "${CARGO_TERM_COLOR+set}" ]; then[0m
build-ios	Install Rust stable with iOS targets	2026-07-31T19:42:02.2474030Z [36;1m  echo CARGO_TERM_COLOR=always >> $GITHUB_ENV[0m
build-ios	Install Rust stable with iOS targets	2026-07-31T19:42:02.2474270Z [36;1mfi[0m
build-ios	Install Rust stable with iOS targets	2026-07-31T19:42:02.2521790Z shell: /bin/bash --noprofile --norc -e -o pipefail {0}
build-ios	Install Rust stable with iOS targets	2026-07-31T19:42:02.2522110Z env:
build-ios	Install Rust stable with iOS targets	2026-07-31T19:42:02.2522270Z   CARGO_HOME: /Users/runner/.cargo
build-ios	Install Rust stable with iOS targets	2026-07-31T19:42:02.2522490Z   CARGO_INCREMENTAL: 0
build-ios	Install Rust stable with iOS targets	2026-07-31T19:42:02.2522670Z ##[endgroup]
build-ios	Install Rust stable with iOS targets	2026-07-31T19:42:02.3002740Z ##[end-action id=__dtolnay_rust-toolchain.__run_7;outcome=success;conclusion=success;duration_ms=56]
build-ios	Install Rust stable with iOS targets	2026-07-31T19:42:02.3013600Z ##[start-action display=Run : enable Cargo sparse registry;id=__dtolnay_rust-toolchain.__run_8]
build-ios	Install Rust stable with iOS targets	2026-07-31T19:42:02.3056140Z ##[group]Run : enable Cargo sparse registry
build-ios	Install Rust stable with iOS targets	2026-07-31T19:42:02.3056880Z [36;1m: enable Cargo sparse registry[0m
build-ios	Install Rust stable with iOS targets	2026-07-31T19:42:02.3057690Z [36;1m# implemented in 1.66, stabilized in 1.68, made default in 1.70[0m
build-ios	Install Rust stable with iOS targets	2026-07-31T19:42:02.3059230Z [36;1mif [ -z "${CARGO_REGISTRIES_CRATES_IO_PROTOCOL+set}" -o -f "/Users/runner/work/_temp"/.implicit_cargo_registries_crates_io_protocol ]; then[0m
build-ios	Install Rust stable with iOS targets	2026-07-31T19:42:02.3061040Z [36;1m  if rustc +stable --version --verbose | grep -q '^release: 1\.6[89]\.'; then[0m
build-ios	Install Rust stable with iOS targets	2026-07-31T19:42:02.3062430Z [36;1m    touch "/Users/runner/work/_temp"/.implicit_cargo_registries_crates_io_protocol || true[0m
build-ios	Install Rust stable with iOS targets	2026-07-31T19:42:02.3063720Z [36;1m    echo CARGO_REGISTRIES_CRATES_IO_PROTOCOL=sparse >> $GITHUB_ENV[0m
build-ios	Install Rust stable with iOS targets	2026-07-31T19:42:02.3064780Z [36;1m  elif rustc +stable --version --verbose | grep -q '^release: 1\.6[67]\.'; then[0m
build-ios	Install Rust stable with iOS targets	2026-07-31T19:42:02.3066890Z [36;1m    touch "/Users/runner/work/_temp"/.implicit_cargo_registries_crates_io_protocol || true[0m
build-ios	Install Rust stable with iOS targets	2026-07-31T19:42:02.3068130Z [36;1m    echo CARGO_REGISTRIES_CRATES_IO_PROTOCOL=git >> $GITHUB_ENV[0m
build-ios	Install Rust stable with iOS targets	2026-07-31T19:42:02.3069370Z [36;1m  fi[0m
build-ios	Install Rust stable with iOS targets	2026-07-31T19:42:02.3070400Z [36;1mfi[0m
build-ios	Install Rust stable with iOS targets	2026-07-31T19:42:02.3126120Z shell: /bin/bash --noprofile --norc -e -o pipefail {0}
build-ios	Install Rust stable with iOS targets	2026-07-31T19:42:02.3126480Z env:
build-ios	Install Rust stable with iOS targets	2026-07-31T19:42:02.3126650Z   CARGO_HOME: /Users/runner/.cargo
build-ios	Install Rust stable with iOS targets	2026-07-31T19:42:02.3126890Z   CARGO_INCREMENTAL: 0
build-ios	Install Rust stable with iOS targets	2026-07-31T19:42:02.3127070Z   CARGO_TERM_COLOR: always
build-ios	Install Rust stable with iOS targets	2026-07-31T19:42:02.3127620Z ##[endgroup]
build-ios	Install Rust stable with iOS targets	2026-07-31T19:42:02.4473370Z ##[end-action id=__dtolnay_rust-toolchain.__run_8;outcome=success;conclusion=success;duration_ms=145]
build-ios	Install Rust stable with iOS targets	2026-07-31T19:42:02.4484490Z ##[start-action display=Run : work around spurious network errors in curl 8.0;id=__dtolnay_rust-toolchain.__run_9]
build-ios	Install Rust stable with iOS targets	2026-07-31T19:42:02.4521700Z ##[group]Run : work around spurious network errors in curl 8.0
build-ios	Install Rust stable with iOS targets	2026-07-31T19:42:02.4522710Z [36;1m: work around spurious network errors in curl 8.0[0m
build-ios	Install Rust stable with iOS targets	2026-07-31T19:42:02.4523900Z [36;1m# https://rust-lang.zulipchat.com/#narrow/stream/246057-t-cargo/topic/timeout.20investigation[0m
build-ios	Install Rust stable with iOS targets	2026-07-31T19:42:02.4525230Z [36;1mif rustc +stable --version --verbose | grep -q '^release: 1\.7[01]\.'; then[0m
build-ios	Install Rust stable with iOS targets	2026-07-31T19:42:02.4526220Z [36;1m  echo CARGO_HTTP_MULTIPLEXING=false >> $GITHUB_ENV[0m
build-ios	Install Rust stable with iOS targets	2026-07-31T19:42:02.4526900Z [36;1mfi[0m
build-ios	Install Rust stable with iOS targets	2026-07-31T19:42:02.4583040Z shell: /bin/bash --noprofile --norc -e -o pipefail {0}
build-ios	Install Rust stable with iOS targets	2026-07-31T19:42:02.4583370Z env:
build-ios	Install Rust stable with iOS targets	2026-07-31T19:42:02.4583670Z   CARGO_HOME: /Users/runner/.cargo
build-ios	Install Rust stable with iOS targets	2026-07-31T19:42:02.4584290Z   CARGO_INCREMENTAL: 0
build-ios	Install Rust stable with iOS targets	2026-07-31T19:42:02.4584510Z   CARGO_TERM_COLOR: always
build-ios	Install Rust stable with iOS targets	2026-07-31T19:42:02.4584700Z ##[endgroup]
build-ios	Install Rust stable with iOS targets	2026-07-31T19:42:02.5353330Z ##[end-action id=__dtolnay_rust-toolchain.__run_9;outcome=success;conclusion=success;duration_ms=86]
build-ios	Install Rust stable with iOS targets	2026-07-31T19:42:02.5357600Z ##[start-action display=Run rustc +stable --version --verbose;id=__dtolnay_rust-toolchain.__run_10]
build-ios	Install Rust stable with iOS targets	2026-07-31T19:42:02.5385740Z ##[group]Run rustc +stable --version --verbose
build-ios	Install Rust stable with iOS targets	2026-07-31T19:42:02.5386180Z [36;1mrustc +stable --version --verbose[0m
build-ios	Install Rust stable with iOS targets	2026-07-31T19:42:02.5434260Z shell: /bin/bash --noprofile --norc -e -o pipefail {0}
build-ios	Install Rust stable with iOS targets	2026-07-31T19:42:02.5434570Z env:
build-ios	Install Rust stable with iOS targets	2026-07-31T19:42:02.5434730Z   CARGO_HOME: /Users/runner/.cargo
build-ios	Install Rust stable with iOS targets	2026-07-31T19:42:02.5434950Z   CARGO_INCREMENTAL: 0
build-ios	Install Rust stable with iOS targets	2026-07-31T19:42:02.5435910Z   CARGO_TERM_COLOR: always
build-ios	Install Rust stable with iOS targets	2026-07-31T19:42:02.5436660Z ##[endgroup]
build-ios	Install Rust stable with iOS targets	2026-07-31T19:42:02.6203020Z rustc 1.97.1 (8bab26f4f 2026-07-14)
build-ios	Install Rust stable with iOS targets	2026-07-31T19:42:02.6204390Z binary: rustc
build-ios	Install Rust stable with iOS targets	2026-07-31T19:42:02.6204750Z commit-hash: 8bab26f4f68e0e26f0bb7960be334d5b520ea452
build-ios	Install Rust stable with iOS targets	2026-07-31T19:42:02.6205130Z commit-date: 2026-07-14
build-ios	Install Rust stable with iOS targets	2026-07-31T19:42:02.6205410Z host: aarch64-apple-darwin
build-ios	Install Rust stable with iOS targets	2026-07-31T19:42:02.6205600Z release: 1.97.1
build-ios	Install Rust stable with iOS targets	2026-07-31T19:42:02.6211420Z LLVM version: 22.1.6
build-ios	Install Rust stable with iOS targets	2026-07-31T19:42:02.6230800Z ##[end-action id=__dtolnay_rust-toolchain.__run_10;outcome=success;conclusion=success;duration_ms=87]
build-ios	Confirm iOS Rust targets	﻿2026-07-31T19:42:02.6312210Z ##[group]Run rustup target add aarch64-apple-ios x86_64-apple-ios aarch64-apple-ios-sim
build-ios	Confirm iOS Rust targets	2026-07-31T19:42:02.6312890Z [36;1mrustup target add aarch64-apple-ios x86_64-apple-ios aarch64-apple-ios-sim[0m
build-ios	Confirm iOS Rust targets	2026-07-31T19:42:02.6353020Z shell: /bin/bash -e {0}
build-ios	Confirm iOS Rust targets	2026-07-31T19:42:02.6353290Z env:
build-ios	Confirm iOS Rust targets	2026-07-31T19:42:02.6353480Z   CARGO_HOME: /Users/runner/.cargo
build-ios	Confirm iOS Rust targets	2026-07-31T19:42:02.6354180Z   CARGO_INCREMENTAL: 0
build-ios	Confirm iOS Rust targets	2026-07-31T19:42:02.6354460Z   CARGO_TERM_COLOR: always
build-ios	Confirm iOS Rust targets	2026-07-31T19:42:02.6354660Z ##[endgroup]
build-ios	Confirm iOS Rust targets	2026-07-31T19:42:02.7987560Z info: component rust-std for target aarch64-apple-ios is up to date
build-ios	Confirm iOS Rust targets	2026-07-31T19:42:02.8174930Z info: component rust-std for target x86_64-apple-ios is up to date
build-ios	Confirm iOS Rust targets	2026-07-31T19:42:02.8419560Z info: component rust-std for target aarch64-apple-ios-sim is up to date
build-ios	Install frontend dependencies	﻿2026-07-31T19:42:02.8489780Z ##[group]Run npm install
build-ios	Install frontend dependencies	2026-07-31T19:42:02.8490130Z [36;1mnpm install[0m
build-ios	Install frontend dependencies	2026-07-31T19:42:02.8543470Z shell: /bin/bash -e {0}
build-ios	Install frontend dependencies	2026-07-31T19:42:02.8543690Z env:
build-ios	Install frontend dependencies	2026-07-31T19:42:02.8543860Z   CARGO_HOME: /Users/runner/.cargo
build-ios	Install frontend dependencies	2026-07-31T19:42:02.8544080Z   CARGO_INCREMENTAL: 0
build-ios	Install frontend dependencies	2026-07-31T19:42:02.8544300Z   CARGO_TERM_COLOR: always
build-ios	Install frontend dependencies	2026-07-31T19:42:02.8544510Z ##[endgroup]
build-ios	Install frontend dependencies	2026-07-31T19:42:04.0508000Z 
build-ios	Install frontend dependencies	2026-07-31T19:42:04.0610190Z added 1 package, and audited 5 packages in 984ms
build-ios	Install frontend dependencies	2026-07-31T19:42:04.0615160Z 
build-ios	Install frontend dependencies	2026-07-31T19:42:04.0615450Z 1 package is looking for funding
build-ios	Install frontend dependencies	2026-07-31T19:42:04.0615770Z   run `npm fund` for details
build-ios	Install frontend dependencies	2026-07-31T19:42:04.0616050Z 
build-ios	Install frontend dependencies	2026-07-31T19:42:04.0616240Z found 0 vulnerabilities
build-ios	Init iOS project	﻿2026-07-31T19:42:04.0653120Z ##[group]Run npx tauri ios init
build-ios	Init iOS project	2026-07-31T19:42:04.0653430Z [36;1mnpx tauri ios init[0m
build-ios	Init iOS project	2026-07-31T19:42:04.0755500Z shell: /bin/bash -e {0}
build-ios	Init iOS project	2026-07-31T19:42:04.0755830Z env:
build-ios	Init iOS project	2026-07-31T19:42:04.0756060Z   CARGO_HOME: /Users/runner/.cargo
build-ios	Init iOS project	2026-07-31T19:42:04.0756250Z   CARGO_INCREMENTAL: 0
build-ios	Init iOS project	2026-07-31T19:42:04.0756420Z   CARGO_TERM_COLOR: always
build-ios	Init iOS project	2026-07-31T19:42:04.0756600Z   APPLE_DEVELOPMENT_TEAM: 0000000000
build-ios	Init iOS project	2026-07-31T19:42:04.0756830Z ##[endgroup]
build-ios	Init iOS project	2026-07-31T19:42:04.9252080Z         Info package `xcodegen` not found
build-ios	Init iOS project	2026-07-31T19:42:04.9252890Z         Info Installing `xcodegen` with brew...
build-ios	Init iOS project	2026-07-31T19:42:07.6154430Z ##[warning]The following taps are not trusted:
build-ios	Init iOS project	  aws/tap
build-ios	Init iOS project	
build-ios	Init iOS project	Homebrew is currently ignoring formulae, casks and commands from these taps because tap trust is required.
build-ios	Init iOS project	
build-ios	Init iOS project	Untap them with:
build-ios	Init iOS project	  brew untap aws/tap
build-ios	Init iOS project	Trust specific formulae, casks and commands with:
build-ios	Init iOS project	  brew trust --formula <user>/<tap>/<formula>
build-ios	Init iOS project	  brew trust --cask <user>/<tap>/<cask>
build-ios	Init iOS project	  brew trust --command <user>/<tap>/<command>
build-ios	Init iOS project	Whole-tap trust is broader and includes all current and future formulae,
build-ios	Init iOS project	casks and commands from the listed taps. Trust whole taps with:
build-ios	Init iOS project	  brew trust aws/tap
build-ios	Init iOS project	To disable trust checks:
build-ios	Init iOS project	  export HOMEBREW_NO_REQUIRE_TAP_TRUST=1
build-ios	Init iOS project	This is not recommended and will be removed in a later release.
build-ios	Init iOS project	For more information, see:
build-ios	Init iOS project	  https://docs.brew.sh/Tap-Trust
build-ios	Init iOS project	2026-07-31T19:42:08.1778700Z [34m==>[0m [1mWould reinstall 1 formula:[0m
build-ios	Init iOS project	2026-07-31T19:42:08.1866930Z xcodegen
build-ios	Init iOS project	2026-07-31T19:42:08.1874970Z [34m==>[0m [1mDownloading https://ghcr.io/v2/homebrew/core/xcodegen/manifests/2.46.0-1[0m
build-ios	Init iOS project	2026-07-31T19:42:08.4663600Z [32m==>[0m [1mFetching downloads for: [32mxcodegen[39m[0m
build-ios	Init iOS project	2026-07-31T19:42:08.7854810Z ✔︎ Bottle xcodegen (2.46.0)
build-ios	Init iOS project	2026-07-31T19:42:08.7855380Z [32m==>[0m [1mReinstalling [32mxcodegen[39m [0m
build-ios	Init iOS project	2026-07-31T19:42:08.8518550Z [34m==>[0m [1mPouring xcodegen--2.46.0.arm64_tahoe.bottle.1.tar.gz[0m
build-ios	Init iOS project	2026-07-31T19:42:08.9704200Z 🍺  /opt/homebrew/Cellar/xcodegen/2.46.0: 38 files, 7.4MB
build-ios	Init iOS project	2026-07-31T19:42:09.0129430Z         Info package `libimobiledevice` not found
build-ios	Init iOS project	2026-07-31T19:42:09.0130660Z         Info Installing `libimobiledevice` with brew...
build-ios	Init iOS project	2026-07-31T19:42:10.3677520Z ##[warning]The following taps are not trusted:
build-ios	Init iOS project	  aws/tap
build-ios	Init iOS project	
build-ios	Init iOS project	Homebrew is currently ignoring formulae, casks and commands from these taps because tap trust is required.
build-ios	Init iOS project	
build-ios	Init iOS project	Untap them with:
build-ios	Init iOS project	  brew untap aws/tap
build-ios	Init iOS project	Trust specific formulae, casks and commands with:
build-ios	Init iOS project	  brew trust --formula <user>/<tap>/<formula>
build-ios	Init iOS project	  brew trust --cask <user>/<tap>/<cask>
build-ios	Init iOS project	  brew trust --command <user>/<tap>/<command>
build-ios	Init iOS project	Whole-tap trust is broader and includes all current and future formulae,
build-ios	Init iOS project	casks and commands from the listed taps. Trust whole taps with:
build-ios	Init iOS project	  brew trust aws/tap
build-ios	Init iOS project	To disable trust checks:
build-ios	Init iOS project	  export HOMEBREW_NO_REQUIRE_TAP_TRUST=1
build-ios	Init iOS project	This is not recommended and will be removed in a later release.
build-ios	Init iOS project	For more information, see:
build-ios	Init iOS project	  https://docs.brew.sh/Tap-Trust
build-ios	Init iOS project	2026-07-31T19:42:10.9356190Z [34m==>[0m [1mWould reinstall 1 formula:[0m
build-ios	Init iOS project	2026-07-31T19:42:10.9356630Z libimobiledevice
build-ios	Init iOS project	2026-07-31T19:42:10.9459830Z [34m==>[0m [1mDownloading https://ghcr.io/v2/homebrew/core/libimobiledevice/manifests/1.4.0[0m
build-ios	Init iOS project	2026-07-31T19:42:11.3701220Z [34m==>[0m [1mWould install 4 dependencies for libimobiledevice:[0m
build-ios	Init iOS project	2026-07-31T19:42:11.3701790Z libplist
build-ios	Init iOS project	2026-07-31T19:42:11.3702040Z libimobiledevice-glue
build-ios	Init iOS project	2026-07-31T19:42:11.3702210Z libtatsu
build-ios	Init iOS project	2026-07-31T19:42:11.3702350Z libusbmuxd
build-ios	Init iOS project	2026-07-31T19:42:11.3707770Z [32m==>[0m [1mFetching downloads for: [32mlibimobiledevice[39m[0m
build-ios	Init iOS project	2026-07-31T19:42:11.6976090Z ✔︎ Bottle Manifest libplist (2.7.0)
build-ios	Init iOS project	2026-07-31T19:42:11.7002390Z ✔︎ Bottle Manifest libimobiledevice-glue (1.3.2)
build-ios	Init iOS project	2026-07-31T19:42:11.7289720Z ✔︎ Bottle libimobiledevice-glue (1.3.2)
build-ios	Init iOS project	2026-07-31T19:42:11.7403990Z ✔︎ Bottle Manifest libtatsu (1.0.5)
build-ios	Init iOS project	2026-07-31T19:42:11.7603610Z ✔︎ Bottle libimobiledevice (1.4.0)
build-ios	Init iOS project	2026-07-31T19:42:11.7873780Z ✔︎ Bottle libplist (2.7.0)
build-ios	Init iOS project	2026-07-31T19:42:11.9228860Z ✔︎ Bottle Manifest libusbmuxd (2.1.1)
build-ios	Init iOS project	2026-07-31T19:42:11.9493670Z ✔︎ Bottle libtatsu (1.0.5)
build-ios	Init iOS project	2026-07-31T19:42:12.0011890Z ✔︎ Bottle libusbmuxd (2.1.1)
build-ios	Init iOS project	2026-07-31T19:42:12.0017840Z [32m==>[0m [1mReinstalling [32mlibimobiledevice[39m [0m
build-ios	Init iOS project	2026-07-31T19:42:12.0238890Z [32m==>[0m [1mInstalling dependencies for libimobiledevice:[0m [32mlibplist[39m, [32mlibimobiledevice-glue[39m, [32mlibtatsu[39m and [32mlibusbmuxd[39m[0m
build-ios	Init iOS project	2026-07-31T19:42:12.0241790Z [32m==>[0m [1mInstalling libimobiledevice dependency: [32mlibplist[39m[0m
build-ios	Init iOS project	2026-07-31T19:42:12.0283940Z [34m==>[0m [1mPouring libplist--2.7.0.arm64_tahoe.bottle.tar.gz[0m
build-ios	Init iOS project	2026-07-31T19:42:12.1726150Z 🍺  /opt/homebrew/Cellar/libplist/2.7.0: 32 files, 605.5KB
build-ios	Init iOS project	2026-07-31T19:42:12.1728290Z [32m==>[0m [1mInstalling libimobiledevice dependency: [32mlibimobiledevice-glue[39m[0m
build-ios	Init iOS project	2026-07-31T19:42:12.2230460Z [34m==>[0m [1mPouring libimobiledevice-glue--1.3.2.arm64_tahoe.bottle.tar.gz[0m
build-ios	Init iOS project	2026-07-31T19:42:12.2780190Z 🍺  /opt/homebrew/Cellar/libimobiledevice-glue/1.3.2: 21 files, 233.4KB
build-ios	Init iOS project	2026-07-31T19:42:12.2784150Z [32m==>[0m [1mInstalling libimobiledevice dependency: [32mlibtatsu[39m[0m
build-ios	Init iOS project	2026-07-31T19:42:12.2974740Z [34m==>[0m [1mPouring libtatsu--1.0.5.arm64_tahoe.bottle.tar.gz[0m
build-ios	Init iOS project	2026-07-31T19:42:12.3342740Z 🍺  /opt/homebrew/Cellar/libtatsu/1.0.5: 12 files, 160.0KB
build-ios	Init iOS project	2026-07-31T19:42:12.3428310Z [32m==>[0m [1mInstalling libimobiledevice dependency: [32mlibusbmuxd[39m[0m
build-ios	Init iOS project	2026-07-31T19:42:12.3547820Z [34m==>[0m [1mPouring libusbmuxd--2.1.1.arm64_tahoe.bottle.tar.gz[0m
build-ios	Init iOS project	2026-07-31T19:42:12.4030210Z 🍺  /opt/homebrew/Cellar/libusbmuxd/2.1.1: 17 files, 244.7KB
build-ios	Init iOS project	2026-07-31T19:42:12.4036730Z [32m==>[0m [1mInstalling [32mlibimobiledevice[39m[0m
build-ios	Init iOS project	2026-07-31T19:42:12.4038960Z [34m==>[0m [1mPouring libimobiledevice--1.4.0.arm64_tahoe.bottle.tar.gz[0m
build-ios	Init iOS project	2026-07-31T19:42:12.6144370Z 🍺  /opt/homebrew/Cellar/libimobiledevice/1.4.0: 82 files, 2.2MB
build-ios	Init iOS project	2026-07-31T19:42:12.6578640Z /opt/homebrew/lib/ruby/gems/3.4.0/bin/pod
build-ios	Init iOS project	2026-07-31T19:42:25.6422150Z         Info "/Users/runner/work/BoraPlayer/BoraPlayer/src-tauri" relative to "/Users/runner/work/BoraPlayer/BoraPlayer/src-tauri/gen/apple" is "../../"
build-ios	Init iOS project	2026-07-31T19:42:25.6423890Z Apple dependencies are up to date
build-ios	Init iOS project	2026-07-31T19:42:25.6564780Z Generating Xcode project...
build-ios	Init iOS project	2026-07-31T19:42:25.7224230Z ⚙️  Generating plists...
build-ios	Init iOS project	2026-07-31T19:42:25.7231770Z ⚙️  Generating project...
build-ios	Init iOS project	2026-07-31T19:42:25.7497940Z ⚙️  Writing project...
build-ios	Init iOS project	2026-07-31T19:42:25.7673100Z Created project at /Users/runner/work/BoraPlayer/BoraPlayer/src-tauri/gen/apple/app.xcodeproj
build-ios	Init iOS project	2026-07-31T19:42:25.7702720Z victory: Project generated successfully!
build-ios	Init iOS project	2026-07-31T19:42:25.7703490Z     Make cool apps! 🌻 🐕 🎉
build-ios	Disable code signing in Xcode project	﻿2026-07-31T19:42:25.8003340Z ##[group]Run PBXPROJ=src-tauri/gen/apple/app.xcodeproj/project.pbxproj
build-ios	Disable code signing in Xcode project	2026-07-31T19:42:25.8003910Z [36;1mPBXPROJ=src-tauri/gen/apple/app.xcodeproj/project.pbxproj[0m
build-ios	Disable code signing in Xcode project	2026-07-31T19:42:25.8004470Z [36;1msed -i '' 's/CODE_SIGN_STYLE = Automatic;/CODE_SIGN_STYLE = Manual;/g' "$PBXPROJ"[0m
build-ios	Disable code signing in Xcode project	2026-07-31T19:42:25.8005040Z [36;1msed -i '' 's/DEVELOPMENT_TEAM = [^;]*;/DEVELOPMENT_TEAM = "";/g' "$PBXPROJ"[0m
build-ios	Disable code signing in Xcode project	2026-07-31T19:42:25.8005500Z [36;1msed -i '' '/CODE_SIGN_STYLE = Manual;/a\[0m
build-ios	Disable code signing in Xcode project	2026-07-31T19:42:25.8005800Z [36;1mCODE_SIGN_IDENTITY = "";\[0m
build-ios	Disable code signing in Xcode project	2026-07-31T19:42:25.8006130Z [36;1mCODE_SIGNING_REQUIRED = NO;\[0m
build-ios	Disable code signing in Xcode project	2026-07-31T19:42:25.8006500Z [36;1mCODE_SIGNING_ALLOWED = NO;' "$PBXPROJ"[0m
build-ios	Disable code signing in Xcode project	2026-07-31T19:42:25.8044040Z shell: /bin/bash -e {0}
build-ios	Disable code signing in Xcode project	2026-07-31T19:42:25.8044300Z env:
build-ios	Disable code signing in Xcode project	2026-07-31T19:42:25.8044600Z   CARGO_HOME: /Users/runner/.cargo
build-ios	Disable code signing in Xcode project	2026-07-31T19:42:25.8044840Z   CARGO_INCREMENTAL: 0
build-ios	Disable code signing in Xcode project	2026-07-31T19:42:25.8045030Z   CARGO_TERM_COLOR: always
build-ios	Disable code signing in Xcode project	2026-07-31T19:42:25.8045190Z ##[endgroup]
build-ios	Build iOS App	﻿2026-07-31T19:42:25.8817440Z ##[group]Run npx tauri ios build --export-method debugging
build-ios	Build iOS App	2026-07-31T19:42:25.8817850Z [36;1mnpx tauri ios build --export-method debugging[0m
build-ios	Build iOS App	2026-07-31T19:42:25.8868160Z shell: /bin/bash -e {0}
build-ios	Build iOS App	2026-07-31T19:42:25.8868480Z env:
build-ios	Build iOS App	2026-07-31T19:42:25.8868750Z   CARGO_HOME: /Users/runner/.cargo
build-ios	Build iOS App	2026-07-31T19:42:25.8869070Z   CARGO_INCREMENTAL: 0
build-ios	Build iOS App	2026-07-31T19:42:25.8869320Z   CARGO_TERM_COLOR: always
build-ios	Build iOS App	2026-07-31T19:42:25.8869540Z ##[endgroup]
build-ios	Build iOS App	2026-07-31T19:42:26.8744120Z         Warn No code signing certificates found. You must add one and set the certificate development team ID on the `bundle > iOS > developmentTeam` config value or the `APPLE_DEVELOPMENT_TEAM` environment variable. To list the available certificates, run `tauri info`.
build-ios	Build iOS App	2026-07-31T19:42:40.2255990Z         Info Looking up installed tauri packages to check mismatched versions...
build-ios	Build iOS App	2026-07-31T19:42:42.1260520Z Command line invocation:
build-ios	Build iOS App	2026-07-31T19:42:42.1329090Z     /Applications/Xcode_26.6.app/Contents/Developer/usr/bin/xcodebuild -allowProvisioningUpdates -scheme app_iOS -workspace /Users/runner/work/BoraPlayer/BoraPlayer/src-tauri/gen/apple/app.xcodeproj/project.xcworkspace/ -sdk iphoneos -configuration release build
build-ios	Build iOS App	2026-07-31T19:42:42.1351680Z 
build-ios	Build iOS App	2026-07-31T19:42:42.1353220Z Build settings from command line:
build-ios	Build iOS App	2026-07-31T19:42:42.1377760Z     SDKROOT = iphoneos26.5
build-ios	Build iOS App	2026-07-31T19:42:42.1384770Z 
build-ios	Build iOS App	2026-07-31T19:42:45.4657500Z --- xcodebuild: WARNING: Using the first of multiple matching destinations:
build-ios	Build iOS App	2026-07-31T19:42:45.4660240Z { platform:iOS, id:dvtdevice-DVTiPhonePlaceholder-iphoneos:placeholder, name:Any iOS Device }
build-ios	Build iOS App	2026-07-31T19:42:45.4662980Z { platform:macOS, arch:arm64, variant:Designed for [iPad,iPhone], id:6e6bade02f5fa0fee202f5a88c9720da8e50381e, name:My Mac }
build-ios	Build iOS App	2026-07-31T19:42:45.4664250Z { platform:iOS Simulator, id:dvtdevice-DVTiOSDeviceSimulatorPlaceholder-iphonesimulator:placeholder, name:Any iOS Simulator Device }
build-ios	Build iOS App	2026-07-31T19:42:45.4665370Z { platform:visionOS Simulator, arch:arm64, variant:Designed for [iPad,iPhone], id:BE484E48-A1E0-48D0-B0F8-4473D03325C5, OS:26.2, name:Apple Vision Pro }
build-ios	Build iOS App	2026-07-31T19:42:45.4666570Z { platform:visionOS Simulator, arch:arm64, variant:Designed for [iPad,iPhone], id:566D8F24-7A0A-4233-B1E3-4918398F2F55, OS:26.4.1, name:Apple Vision Pro }
build-ios	Build iOS App	2026-07-31T19:42:45.4668590Z { platform:visionOS Simulator, arch:arm64, variant:Designed for [iPad,iPhone], id:3D0ABE4F-AD0F-4D27-8707-3F3A8BFF9E0F, OS:26.5, name:Apple Vision Pro }
build-ios	Build iOS App	2026-07-31T19:42:45.4669620Z { platform:iOS Simulator, arch:arm64, id:34703DD5-6831-4A40-B51B-12BB2AF833FF, OS:26.2, name:iPad (A16) }
build-ios	Build iOS App	2026-07-31T19:42:45.4670540Z { platform:iOS Simulator, arch:arm64, id:AEAB41E2-B911-469E-A937-B89C3BC57887, OS:26.4.1, name:iPad (A16) }
build-ios	Build iOS App	2026-07-31T19:42:45.4671630Z { platform:iOS Simulator, arch:arm64, id:C7084CDD-3835-44B2-801F-57E640759790, OS:26.5, name:iPad (A16) }
build-ios	Build iOS App	2026-07-31T19:42:45.4672550Z { platform:iOS Simulator, arch:arm64, id:0B38A3FD-7EEB-41C1-988C-47D5E50ADC4A, OS:26.2, name:iPad Air 11-inch (M3) }
build-ios	Build iOS App	2026-07-31T19:42:45.4674110Z { platform:iOS Simulator, arch:arm64, id:A245D7CA-E4F0-4A9F-B394-2392E78FFD41, OS:26.4.1, name:iPad Air 11-inch (M4) }
build-ios	Build iOS App	2026-07-31T19:42:45.4675170Z { platform:iOS Simulator, arch:arm64, id:B67CCB26-F271-45E5-B60A-840907A95372, OS:26.5, name:iPad Air 11-inch (M4) }
build-ios	Build iOS App	2026-07-31T19:42:45.4676100Z { platform:iOS Simulator, arch:arm64, id:11100B22-7945-4D12-A6C0-E7E1AC1F49FB, OS:26.2, name:iPad Air 13-inch (M3) }
build-ios	Build iOS App	2026-07-31T19:42:45.4677120Z { platform:iOS Simulator, arch:arm64, id:4FB1F411-0629-4EAA-B390-C5C4F1EDD080, OS:26.4.1, name:iPad Air 13-inch (M4) }
build-ios	Build iOS App	2026-07-31T19:42:45.4679660Z { platform:iOS Simulator, arch:arm64, id:FFD220A2-A803-49C3-BE74-F86868045C1B, OS:26.5, name:iPad Air 13-inch (M4) }
build-ios	Build iOS App	2026-07-31T19:42:45.4681910Z { platform:iOS Simulator, arch:arm64, id:720F735B-B4B4-4692-9B20-2CF0AC1B1438, OS:26.2, name:iPad Pro 11-inch (M5) }
build-ios	Build iOS App	2026-07-31T19:42:45.4684280Z { platform:iOS Simulator, arch:arm64, id:E59B2434-1795-4D71-BD22-66A888EF4940, OS:26.4.1, name:iPad Pro 11-inch (M5) }
build-ios	Build iOS App	2026-07-31T19:42:45.4686460Z { platform:iOS Simulator, arch:arm64, id:30835194-E95D-4011-A3D1-12F5D5F6412F, OS:26.5, name:iPad Pro 11-inch (M5) }
build-ios	Build iOS App	2026-07-31T19:42:45.4690610Z { platform:iOS Simulator, arch:arm64, id:50E2E8BC-50A0-4C2D-943B-E7E53DBDD64C, OS:26.2, name:iPad Pro 13-inch (M5) }
build-ios	Build iOS App	2026-07-31T19:42:45.4692960Z { platform:iOS Simulator, arch:arm64, id:9A90C5F3-53FC-4FBD-A451-14B8F7D5DF56, OS:26.4.1, name:iPad Pro 13-inch (M5) }
build-ios	Build iOS App	2026-07-31T19:42:45.4695620Z { platform:iOS Simulator, arch:arm64, id:B29636C6-DD18-4550-B6F7-54EB38151CFA, OS:26.5, name:iPad Pro 13-inch (M5) }
build-ios	Build iOS App	2026-07-31T19:42:45.4697690Z { platform:iOS Simulator, arch:arm64, id:9F0FDF94-418B-4B84-9974-80DE78929B99, OS:26.2, name:iPad mini (A17 Pro) }
build-ios	Build iOS App	2026-07-31T19:42:45.4698710Z { platform:iOS Simulator, arch:arm64, id:264D5F9C-BDAA-4475-A832-3105F5D72ECD, OS:26.4.1, name:iPad mini (A17 Pro) }
build-ios	Build iOS App	2026-07-31T19:42:45.4699760Z { platform:iOS Simulator, arch:arm64, id:7BC5C335-1793-4B5F-A2CF-A3DA10A6205F, OS:26.5, name:iPad mini (A17 Pro) }
build-ios	Build iOS App	2026-07-31T19:42:45.4700640Z { platform:iOS Simulator, arch:arm64, id:E7BD0281-5697-422C-B0CB-659D99F51028, OS:26.2, name:iPhone 16e }
build-ios	Build iOS App	2026-07-31T19:42:45.4701520Z { platform:iOS Simulator, arch:arm64, id:9AA9ED9B-42D2-4F6E-B8B5-45AAB66D6404, OS:26.2, name:iPhone 17 }
build-ios	Build iOS App	2026-07-31T19:42:45.4702330Z { platform:iOS Simulator, arch:arm64, id:670F6F59-DF4D-4B6E-B791-28FF48ACC310, OS:26.4.1, name:iPhone 17 }
build-ios	Build iOS App	2026-07-31T19:42:45.4703990Z { platform:iOS Simulator, arch:arm64, id:FC5FEF2A-E933-4515-AAEF-C9FC16651D0B, OS:26.5, name:iPhone 17 }
build-ios	Build iOS App	2026-07-31T19:42:45.4704810Z { platform:iOS Simulator, arch:arm64, id:6F69910C-E4FA-488A-B9C2-41B770484810, OS:26.2, name:iPhone 17 Pro }
build-ios	Build iOS App	2026-07-31T19:42:45.4705670Z { platform:iOS Simulator, arch:arm64, id:2A6DC5A9-CE8C-4BC5-959D-F98D5F4BD9AA, OS:26.4.1, name:iPhone 17 Pro }
build-ios	Build iOS App	2026-07-31T19:42:45.4706680Z { platform:iOS Simulator, arch:arm64, id:6EE862FE-93F2-4D55-946E-8745EE2B3A88, OS:26.5, name:iPhone 17 Pro }
build-ios	Build iOS App	2026-07-31T19:42:45.4707470Z { platform:iOS Simulator, arch:arm64, id:CAF77269-18B1-4CDB-B5D6-D294F2A6B8B5, OS:26.2, name:iPhone 17 Pro Max }
build-ios	Build iOS App	2026-07-31T19:42:45.4708340Z { platform:iOS Simulator, arch:arm64, id:CB2B1AD7-5B11-458E-8E89-7BCE0B90DFE9, OS:26.4.1, name:iPhone 17 Pro Max }
build-ios	Build iOS App	2026-07-31T19:42:45.4709140Z { platform:iOS Simulator, arch:arm64, id:6300F6FD-611A-422C-B6F2-F8C162FBDDF7, OS:26.5, name:iPhone 17 Pro Max }
build-ios	Build iOS App	2026-07-31T19:42:45.4710010Z { platform:iOS Simulator, arch:arm64, id:8D41BEF8-BDAE-4808-AFD5-18425E20D23B, OS:26.4.1, name:iPhone 17e }
build-ios	Build iOS App	2026-07-31T19:42:45.4710880Z { platform:iOS Simulator, arch:arm64, id:A10B76FC-4115-4057-8550-967F510895A7, OS:26.5, name:iPhone 17e }
build-ios	Build iOS App	2026-07-31T19:42:45.4711680Z { platform:iOS Simulator, arch:arm64, id:BBED5A57-8BA7-4E5E-BEAC-64304CD7461E, OS:26.2, name:iPhone Air }
build-ios	Build iOS App	2026-07-31T19:42:45.4712430Z { platform:iOS Simulator, arch:arm64, id:C5E77FA9-F994-4A87-A2B0-F070340AA20F, OS:26.4.1, name:iPhone Air }
build-ios	Build iOS App	2026-07-31T19:42:45.4713250Z { platform:iOS Simulator, arch:arm64, id:A8C66A3B-A7A0-4BD7-A222-B48E3A881425, OS:26.5, name:iPhone Air }
build-ios	Build iOS App	2026-07-31T19:42:46.2640870Z ComputePackagePrebuildTargetDependencyGraph
build-ios	Build iOS App	2026-07-31T19:42:46.3314360Z 
build-ios	Build iOS App	2026-07-31T19:42:46.3330130Z Prepare packages
build-ios	Build iOS App	2026-07-31T19:42:46.3332660Z 
build-ios	Build iOS App	2026-07-31T19:42:46.3363650Z CreateBuildRequest
build-ios	Build iOS App	2026-07-31T19:42:46.3364110Z 
build-ios	Build iOS App	2026-07-31T19:42:46.3365140Z SendProjectDescription
build-ios	Build iOS App	2026-07-31T19:42:46.3409900Z 
build-ios	Build iOS App	2026-07-31T19:42:46.3410240Z CreateBuildOperation
build-ios	Build iOS App	2026-07-31T19:42:46.3470610Z 
build-ios	Build iOS App	2026-07-31T19:42:46.3492600Z ComputeTargetDependencyGraph
build-ios	Build iOS App	2026-07-31T19:42:46.3633940Z note: Building targets in dependency order
build-ios	Build iOS App	2026-07-31T19:42:46.3634490Z note: Target dependency graph (1 target)
build-ios	Build iOS App	2026-07-31T19:42:46.3638600Z     Target 'app_iOS' in project 'app' (no dependencies)
build-ios	Build iOS App	2026-07-31T19:42:46.3645280Z 
build-ios	Build iOS App	2026-07-31T19:42:46.3648350Z GatherProvisioningInputs
build-ios	Build iOS App	2026-07-31T19:42:46.4554640Z 
build-ios	Build iOS App	2026-07-31T19:42:46.4657230Z CreateBuildDescription
build-ios	Build iOS App	2026-07-31T19:42:46.4863410Z 
build-ios	Build iOS App	2026-07-31T19:42:46.4865110Z ExecuteExternalTool /Applications/Xcode_26.6.app/Contents/Developer/Toolchains/XcodeDefault.xctoolchain/usr/bin/clang -v -E -dM -isysroot /Applications/Xcode_26.6.app/Contents/Developer/Platforms/iPhoneOS.platform/Developer/SDKs/iPhoneOS26.5.sdk -x c -c /dev/null
build-ios	Build iOS App	2026-07-31T19:42:46.8476000Z 
build-ios	Build iOS App	2026-07-31T19:42:46.8478760Z ExecuteExternalTool /Applications/Xcode_26.6.app/Contents/Developer/Toolchains/XcodeDefault.xctoolchain/usr/bin/clang -v -E -dM -arch arm64 -isysroot /Applications/Xcode_26.6.app/Contents/Developer/Platforms/iPhoneOS.platform/Developer/SDKs/iPhoneOS26.5.sdk -x objective-c++ -c /dev/null
build-ios	Build iOS App	2026-07-31T19:42:46.8481610Z 
build-ios	Build iOS App	2026-07-31T19:42:46.8482620Z ExecuteExternalTool /Applications/Xcode_26.6.app/Contents/Developer/usr/bin/ibtool --version --output-format xml1
build-ios	Build iOS App	2026-07-31T19:42:48.8627070Z 
build-ios	Build iOS App	2026-07-31T19:42:48.8629910Z ExecuteExternalTool /Applications/Xcode_26.6.app/Contents/Developer/Toolchains/XcodeDefault.xctoolchain/usr/bin/clang -v -E -dM -arch arm64 -isysroot /Applications/Xcode_26.6.app/Contents/Developer/Platforms/iPhoneOS.platform/Developer/SDKs/iPhoneOS26.5.sdk -x c -c /dev/null
build-ios	Build iOS App	2026-07-31T19:42:48.8632830Z 
build-ios	Build iOS App	2026-07-31T19:42:48.8635420Z ExecuteExternalTool /Applications/Xcode_26.6.app/Contents/Developer/usr/bin/actool --print-asset-tag-combinations --output-format xml1 /Users/runner/work/BoraPlayer/BoraPlayer/src-tauri/gen/apple/Assets.xcassets
build-ios	Build iOS App	2026-07-31T19:42:48.8740360Z 
build-ios	Build iOS App	2026-07-31T19:42:48.8747800Z ExecuteExternalTool /Applications/Xcode_26.6.app/Contents/Developer/usr/bin/actool --version --output-format xml1
build-ios	Build iOS App	2026-07-31T19:42:48.8846150Z 
build-ios	Build iOS App	2026-07-31T19:42:48.8880290Z ExecuteExternalTool /Applications/Xcode_26.6.app/Contents/Developer/Toolchains/XcodeDefault.xctoolchain/usr/bin/ld -version_details
build-ios	Build iOS App	2026-07-31T19:42:49.1260160Z 
build-ios	Build iOS App	2026-07-31T19:42:49.1480030Z Build description signature: 11bc2d20602a000849fd98b0f09447c7
build-ios	Build iOS App	2026-07-31T19:42:49.1483380Z Build description path: /Users/runner/Library/Developer/Xcode/DerivedData/app-ayaoohcpxevdbbestoqjlyxicdga/Build/Intermediates.noindex/XCBuildData/11bc2d20602a000849fd98b0f09447c7.xcbuilddata
build-ios	Build iOS App	2026-07-31T19:42:49.1516470Z /Users/runner/work/BoraPlayer/BoraPlayer/src-tauri/gen/apple/app.xcodeproj: error: Signing for "app_iOS" requires a development team. Select a development team in the Signing & Capabilities editor. (in target 'app_iOS' from project 'app')
build-ios	Build iOS App	2026-07-31T19:42:49.1521340Z note: Run script build phase 'Build Rust Code' will be run during every build because the option to run the script phase "Based on dependency analysis" is unchecked. (in target 'app_iOS' from project 'app')
build-ios	Build iOS App	2026-07-31T19:42:49.1556150Z ** BUILD FAILED **
build-ios	Build iOS App	2026-07-31T19:42:49.1556980Z 
build-ios	Build iOS App	2026-07-31T19:42:49.1557300Z 
build-ios	Build iOS App	2026-07-31T19:42:49.1558200Z The following build commands failed:
build-ios	Build iOS App	2026-07-31T19:42:49.1560040Z 	Building workspace app with scheme app_iOS and configuration release
build-ios	Build iOS App	2026-07-31T19:42:49.1561420Z (1 failure)
build-ios	Build iOS App	2026-07-31T19:42:49.1924300Z failed to build iOS app: failed to build with xcodebuild: command ["xcodebuild"] exited with code 65
build-ios	Build iOS App	2026-07-31T19:42:49.1935740Z        Error failed to build iOS app: failed to build with xcodebuild: command ["xcodebuild"] exited with code 65
build-ios	Build iOS App	2026-07-31T19:42:49.2138070Z ##[error]Process completed with exit code 1.
build-ios	Post Run actions/checkout@v4	﻿2026-07-31T19:42:49.2489500Z Node 20 is being deprecated. This workflow is running with Node 24 by default. If you need to temporarily use Node 20, you can set the ACTIONS_ALLOW_USE_UNSECURE_NODE_VERSION=true environment variable. For more information see: https://github.blog/changelog/2025-09-19-deprecation-of-node-20-on-github-actions-runners/
build-ios	Post Run actions/checkout@v4	2026-07-31T19:42:49.2493010Z Post job cleanup.
build-ios	Post Run actions/checkout@v4	2026-07-31T19:42:49.7237100Z [command]/opt/homebrew/bin/git version
build-ios	Post Run actions/checkout@v4	2026-07-31T19:42:49.7505280Z git version 2.55.0
build-ios	Post Run actions/checkout@v4	2026-07-31T19:42:49.7542000Z Copying '/Users/runner/.gitconfig' to '/Users/runner/work/_temp/900354ef-e5b1-4e2e-8fc8-fd264dd910dd/.gitconfig'
build-ios	Post Run actions/checkout@v4	2026-07-31T19:42:49.7553240Z Temporarily overriding HOME='/Users/runner/work/_temp/900354ef-e5b1-4e2e-8fc8-fd264dd910dd' before making global git config changes
build-ios	Post Run actions/checkout@v4	2026-07-31T19:42:49.7555750Z Adding repository directory to the temporary git global config as a safe directory
build-ios	Post Run actions/checkout@v4	2026-07-31T19:42:49.7558530Z [command]/opt/homebrew/bin/git config --global --add safe.directory /Users/runner/work/BoraPlayer/BoraPlayer
build-ios	Post Run actions/checkout@v4	2026-07-31T19:42:49.7718920Z [command]/opt/homebrew/bin/git config --local --name-only --get-regexp core\.sshCommand
build-ios	Post Run actions/checkout@v4	2026-07-31T19:42:49.7814660Z [command]/opt/homebrew/bin/git submodule foreach --recursive sh -c "git config --local --name-only --get-regexp 'core\.sshCommand' && git config --local --unset-all 'core.sshCommand' || :"
build-ios	Post Run actions/checkout@v4	2026-07-31T19:42:49.9108270Z [command]/opt/homebrew/bin/git config --local --name-only --get-regexp http\.https\:\/\/github\.com\/\.extraheader
build-ios	Post Run actions/checkout@v4	2026-07-31T19:42:49.9181080Z http.https://github.com/.extraheader
build-ios	Post Run actions/checkout@v4	2026-07-31T19:42:49.9192880Z [command]/opt/homebrew/bin/git config --local --unset-all http.https://github.com/.extraheader
build-ios	Post Run actions/checkout@v4	2026-07-31T19:42:49.9280700Z [command]/opt/homebrew/bin/git submodule foreach --recursive sh -c "git config --local --name-only --get-regexp 'http\.https\:\/\/github\.com\/\.extraheader' && git config --local --unset-all 'http.https://github.com/.extraheader' || :"
build-ios	Post Run actions/checkout@v4	2026-07-31T19:42:50.0517140Z [command]/opt/homebrew/bin/git config --local --name-only --get-regexp ^includeIf\.gitdir:
build-ios	Post Run actions/checkout@v4	2026-07-31T19:42:50.0601100Z [command]/opt/homebrew/bin/git submodule foreach --recursive git config --local --show-origin --name-only --get-regexp remote.origin.url
build-ios	Complete job	﻿2026-07-31T19:42:50.2008930Z Cleaning up orphan processes
build-ios	Complete job	2026-07-31T19:42:51.6065470Z ##[warning]Node.js 20 is deprecated. The following actions target Node.js 20 but are being forced to run on Node.js 24: actions/checkout@v4, actions/setup-node@v4. For more information see: https://github.blog/changelog/2025-09-19-deprecation-of-node-20-on-github-actions-runners/
build-android	Set up job	﻿2026-07-31T19:41:40.6073501Z Current runner version: '2.336.0'
build-android	Set up job	2026-07-31T19:41:40.6101321Z ##[group]Runner Image Provisioner
build-android	Set up job	2026-07-31T19:41:40.6102218Z Hosted Compute Agent
build-android	Set up job	2026-07-31T19:41:40.6102951Z Version: 20260707.563
build-android	Set up job	2026-07-31T19:41:40.6103619Z Commit: 02667638d2b423fbc733a8e32a88b44996a3ba6e
build-android	Set up job	2026-07-31T19:41:40.6104405Z Build Date: 2026-07-07T19:33:50Z
build-android	Set up job	2026-07-31T19:41:40.6105157Z Worker ID: {cb048eae-e914-4ce4-b902-28da3573442d}
build-android	Set up job	2026-07-31T19:41:40.6106073Z Azure Region: westcentralus
build-android	Set up job	2026-07-31T19:41:40.6106769Z ##[endgroup]
build-android	Set up job	2026-07-31T19:41:40.6108231Z ##[group]Operating System
build-android	Set up job	2026-07-31T19:41:40.6108860Z Ubuntu
build-android	Set up job	2026-07-31T19:41:40.6109542Z 22.04.5
build-android	Set up job	2026-07-31T19:41:40.6110083Z LTS
build-android	Set up job	2026-07-31T19:41:40.6110670Z ##[endgroup]
build-android	Set up job	2026-07-31T19:41:40.6111290Z ##[group]Runner Image
build-android	Set up job	2026-07-31T19:41:40.6111931Z Image: ubuntu-22.04
build-android	Set up job	2026-07-31T19:41:40.6112600Z Version: 20260720.234.2
build-android	Set up job	2026-07-31T19:41:40.6113692Z Included Software: https://github.com/actions/runner-images/blob/ubuntu22/20260720.234/images/ubuntu/Ubuntu2204-Readme.md
build-android	Set up job	2026-07-31T19:41:40.6115815Z Image Release: https://github.com/actions/runner-images/releases/tag/ubuntu22%2F20260720.234
build-android	Set up job	2026-07-31T19:41:40.6116885Z ##[endgroup]
build-android	Set up job	2026-07-31T19:41:40.6120105Z ##[group]GITHUB_TOKEN Permissions
build-android	Set up job	2026-07-31T19:41:40.6122656Z Actions: write
build-android	Set up job	2026-07-31T19:41:40.6123398Z ArtifactMetadata: write
build-android	Set up job	2026-07-31T19:41:40.6124061Z Attestations: write
build-android	Set up job	2026-07-31T19:41:40.6124621Z Checks: write
build-android	Set up job	2026-07-31T19:41:40.6126048Z CodeQuality: write
build-android	Set up job	2026-07-31T19:41:40.6126681Z Contents: write
build-android	Set up job	2026-07-31T19:41:40.6127312Z CopilotRequests: write
build-android	Set up job	2026-07-31T19:41:40.6127943Z Deployments: write
build-android	Set up job	2026-07-31T19:41:40.6128539Z Discussions: write
build-android	Set up job	2026-07-31T19:41:40.6129173Z Drives: write
build-android	Set up job	2026-07-31T19:41:40.6129753Z Issues: write
build-android	Set up job	2026-07-31T19:41:40.6130291Z Metadata: read
build-android	Set up job	2026-07-31T19:41:40.6131025Z Models: read
build-android	Set up job	2026-07-31T19:41:40.6131619Z Packages: write
build-android	Set up job	2026-07-31T19:41:40.6132223Z Pages: write
build-android	Set up job	2026-07-31T19:41:40.6132823Z PullRequests: write
build-android	Set up job	2026-07-31T19:41:40.6133422Z RepositoryProjects: write
build-android	Set up job	2026-07-31T19:41:40.6134232Z SecurityEvents: write
build-android	Set up job	2026-07-31T19:41:40.6134847Z Statuses: write
build-android	Set up job	2026-07-31T19:41:40.6135661Z VulnerabilityAlerts: read
build-android	Set up job	2026-07-31T19:41:40.6136392Z ##[endgroup]
build-android	Set up job	2026-07-31T19:41:40.6138602Z Secret source: Actions
build-android	Set up job	2026-07-31T19:41:40.6139819Z Prepare workflow directory
build-android	Set up job	2026-07-31T19:41:40.6497474Z Prepare all required actions
build-android	Set up job	2026-07-31T19:41:40.6551982Z Getting action download info
build-android	Set up job	2026-07-31T19:41:40.9944795Z Download action repository 'actions/checkout@v4' (SHA:11d5960a326750d5838078e36cf38b85af677262)
build-android	Set up job	2026-07-31T19:41:41.5778293Z Download action repository 'actions/setup-node@v4' (SHA:49933ea5288caeca8642d1e84afbd3f7d6820020)
build-android	Set up job	2026-07-31T19:41:41.7049744Z Download action repository 'dtolnay/rust-toolchain@stable' (SHA:4cda84d5c5c54efe2404f9d843567869ab1699d4)
build-android	Set up job	2026-07-31T19:41:41.9254527Z Download action repository 'actions/setup-java@v4' (SHA:c1e323688fd81a25caa38c78aa6df2d33d3e20d9)
build-android	Set up job	2026-07-31T19:41:42.6481963Z Download action repository 'android-actions/setup-android@v3' (SHA:9fc6c4e9069bf8d3d10b2204b1fb8f6ef7065407)
build-android	Set up job	2026-07-31T19:41:43.1010695Z Download action repository 'actions/upload-artifact@v4' (SHA:ea165f8d65b6e75b540449e92b4886f43607fa02)
build-android	Set up job	2026-07-31T19:41:43.3954534Z Complete job name: build-android
build-android	Run actions/checkout@v4	﻿2026-07-31T19:41:43.4784137Z Node 20 is being deprecated. This workflow is running with Node 24 by default. If you need to temporarily use Node 20, you can set the ACTIONS_ALLOW_USE_UNSECURE_NODE_VERSION=true environment variable. For more information see: https://github.blog/changelog/2025-09-19-deprecation-of-node-20-on-github-actions-runners/
build-android	Run actions/checkout@v4	2026-07-31T19:41:43.4792092Z ##[group]Run actions/checkout@v4
build-android	Run actions/checkout@v4	2026-07-31T19:41:43.4792537Z with:
build-android	Run actions/checkout@v4	2026-07-31T19:41:43.4792770Z   repository: sudo0bora/BoraPlayer
build-android	Run actions/checkout@v4	2026-07-31T19:41:43.4795654Z   token: ***
build-android	Run actions/checkout@v4	2026-07-31T19:41:43.4795886Z   ssh-strict: true
build-android	Run actions/checkout@v4	2026-07-31T19:41:43.4796105Z   ssh-user: git
build-android	Run actions/checkout@v4	2026-07-31T19:41:43.4796337Z   persist-credentials: true
build-android	Run actions/checkout@v4	2026-07-31T19:41:43.4796585Z   clean: true
build-android	Run actions/checkout@v4	2026-07-31T19:41:43.4796823Z   sparse-checkout-cone-mode: true
build-android	Run actions/checkout@v4	2026-07-31T19:41:43.4797427Z   fetch-depth: 1
build-android	Run actions/checkout@v4	2026-07-31T19:41:43.4797652Z   fetch-tags: false
build-android	Run actions/checkout@v4	2026-07-31T19:41:43.4797864Z   show-progress: true
build-android	Run actions/checkout@v4	2026-07-31T19:41:43.4798083Z   lfs: false
build-android	Run actions/checkout@v4	2026-07-31T19:41:43.4798283Z   submodules: false
build-android	Run actions/checkout@v4	2026-07-31T19:41:43.4798567Z   set-safe-directory: true
build-android	Run actions/checkout@v4	2026-07-31T19:41:43.4798821Z   allow-unsafe-pr-checkout: false
build-android	Run actions/checkout@v4	2026-07-31T19:41:43.4799319Z ##[endgroup]
build-android	Run actions/checkout@v4	2026-07-31T19:41:43.5833876Z Syncing repository: sudo0bora/BoraPlayer
build-android	Run actions/checkout@v4	2026-07-31T19:41:43.5865816Z ##[group]Getting Git version info
build-android	Run actions/checkout@v4	2026-07-31T19:41:43.5866356Z Working directory is '/home/runner/work/BoraPlayer/BoraPlayer'
build-android	Run actions/checkout@v4	2026-07-31T19:41:43.5867040Z [command]/usr/bin/git version
build-android	Run actions/checkout@v4	2026-07-31T19:41:43.5935663Z git version 2.54.0
build-android	Run actions/checkout@v4	2026-07-31T19:41:43.5958733Z ##[endgroup]
build-android	Run actions/checkout@v4	2026-07-31T19:41:43.5974994Z Temporarily overriding HOME='/home/runner/work/_temp/138a2aae-bfb4-443b-a988-f79b254c271b' before making global git config changes
build-android	Run actions/checkout@v4	2026-07-31T19:41:43.5976535Z Adding repository directory to the temporary git global config as a safe directory
build-android	Run actions/checkout@v4	2026-07-31T19:41:43.5981646Z [command]/usr/bin/git config --global --add safe.directory /home/runner/work/BoraPlayer/BoraPlayer
build-android	Run actions/checkout@v4	2026-07-31T19:41:43.6027088Z Deleting the contents of '/home/runner/work/BoraPlayer/BoraPlayer'
build-android	Run actions/checkout@v4	2026-07-31T19:41:43.6036173Z ##[group]Initializing the repository
build-android	Run actions/checkout@v4	2026-07-31T19:41:43.6042683Z [command]/usr/bin/git init /home/runner/work/BoraPlayer/BoraPlayer
build-android	Run actions/checkout@v4	2026-07-31T19:41:43.6133657Z hint: Using 'master' as the name for the initial branch. This default branch name
build-android	Run actions/checkout@v4	2026-07-31T19:41:43.6134884Z hint: will change to "main" in Git 3.0. To configure the initial branch name
build-android	Run actions/checkout@v4	2026-07-31T19:41:43.6136321Z hint: to use in all of your new repositories, which will suppress this warning,
build-android	Run actions/checkout@v4	2026-07-31T19:41:43.6137017Z hint: call:
build-android	Run actions/checkout@v4	2026-07-31T19:41:43.6137311Z hint:
build-android	Run actions/checkout@v4	2026-07-31T19:41:43.6137763Z hint: 	git config --global init.defaultBranch <name>
build-android	Run actions/checkout@v4	2026-07-31T19:41:43.6138265Z hint:
build-android	Run actions/checkout@v4	2026-07-31T19:41:43.6138746Z hint: Names commonly chosen instead of 'master' are 'main', 'trunk' and
build-android	Run actions/checkout@v4	2026-07-31T19:41:43.6139566Z hint: 'development'. The just-created branch can be renamed via this command:
build-android	Run actions/checkout@v4	2026-07-31T19:41:43.6140187Z hint:
build-android	Run actions/checkout@v4	2026-07-31T19:41:43.6140491Z hint: 	git branch -m <name>
build-android	Run actions/checkout@v4	2026-07-31T19:41:43.6140853Z hint:
build-android	Run actions/checkout@v4	2026-07-31T19:41:43.6141379Z hint: Disable this message with "git config set advice.defaultBranchName false"
build-android	Run actions/checkout@v4	2026-07-31T19:41:43.6142285Z Initialized empty Git repository in /home/runner/work/BoraPlayer/BoraPlayer/.git/
build-android	Run actions/checkout@v4	2026-07-31T19:41:43.6148933Z [command]/usr/bin/git remote add origin https://github.com/sudo0bora/BoraPlayer
build-android	Run actions/checkout@v4	2026-07-31T19:41:43.6198121Z ##[endgroup]
build-android	Run actions/checkout@v4	2026-07-31T19:41:43.6198777Z ##[group]Disabling automatic garbage collection
build-android	Run actions/checkout@v4	2026-07-31T19:41:43.6206302Z [command]/usr/bin/git config --local gc.auto 0
build-android	Run actions/checkout@v4	2026-07-31T19:41:43.6238703Z ##[endgroup]
build-android	Run actions/checkout@v4	2026-07-31T19:41:43.6239420Z ##[group]Setting up auth
build-android	Run actions/checkout@v4	2026-07-31T19:41:43.6246924Z [command]/usr/bin/git config --local --name-only --get-regexp core\.sshCommand
build-android	Run actions/checkout@v4	2026-07-31T19:41:43.6284126Z [command]/usr/bin/git submodule foreach --recursive sh -c "git config --local --name-only --get-regexp 'core\.sshCommand' && git config --local --unset-all 'core.sshCommand' || :"
build-android	Run actions/checkout@v4	2026-07-31T19:41:43.6687738Z [command]/usr/bin/git config --local --name-only --get-regexp http\.https\:\/\/github\.com\/\.extraheader
build-android	Run actions/checkout@v4	2026-07-31T19:41:43.6742745Z [command]/usr/bin/git submodule foreach --recursive sh -c "git config --local --name-only --get-regexp 'http\.https\:\/\/github\.com\/\.extraheader' && git config --local --unset-all 'http.https://github.com/.extraheader' || :"
build-android	Run actions/checkout@v4	2026-07-31T19:41:43.7067031Z [command]/usr/bin/git config --local --name-only --get-regexp ^includeIf\.gitdir:
build-android	Run actions/checkout@v4	2026-07-31T19:41:43.7109502Z [command]/usr/bin/git submodule foreach --recursive git config --local --show-origin --name-only --get-regexp remote.origin.url
build-android	Run actions/checkout@v4	2026-07-31T19:41:43.7388372Z [command]/usr/bin/git config --local http.https://github.com/.extraheader AUTHORIZATION: basic ***
build-android	Run actions/checkout@v4	2026-07-31T19:41:43.7431909Z ##[endgroup]
build-android	Run actions/checkout@v4	2026-07-31T19:41:43.7432885Z ##[group]Fetching the repository
build-android	Run actions/checkout@v4	2026-07-31T19:41:43.7441566Z [command]/usr/bin/git -c protocol.version=2 fetch --no-tags --prune --no-recurse-submodules --depth=1 origin +2c6b0b49d20e33ac5210a3d5c47a911e08324ad2:refs/tags/v1.0.14
build-android	Run actions/checkout@v4	2026-07-31T19:41:45.7211547Z From https://github.com/sudo0bora/BoraPlayer
build-android	Run actions/checkout@v4	2026-07-31T19:41:45.7212604Z  * [new ref]         2c6b0b49d20e33ac5210a3d5c47a911e08324ad2 -> v1.0.14
build-android	Run actions/checkout@v4	2026-07-31T19:41:45.7241081Z ##[endgroup]
build-android	Run actions/checkout@v4	2026-07-31T19:41:45.7241687Z ##[group]Determining the checkout info
build-android	Run actions/checkout@v4	2026-07-31T19:41:45.7245057Z ##[endgroup]
build-android	Run actions/checkout@v4	2026-07-31T19:41:45.7249487Z [command]/usr/bin/git sparse-checkout disable
build-android	Run actions/checkout@v4	2026-07-31T19:41:45.7301488Z [command]/usr/bin/git config --local --unset-all extensions.worktreeConfig
build-android	Run actions/checkout@v4	2026-07-31T19:41:45.7332536Z ##[group]Checking out the ref
build-android	Run actions/checkout@v4	2026-07-31T19:41:45.7338353Z [command]/usr/bin/git checkout --progress --force refs/tags/v1.0.14
build-android	Run actions/checkout@v4	2026-07-31T19:41:45.9619423Z Note: switching to 'refs/tags/v1.0.14'.
build-android	Run actions/checkout@v4	2026-07-31T19:41:45.9619817Z 
build-android	Run actions/checkout@v4	2026-07-31T19:41:45.9620061Z You are in 'detached HEAD' state. You can look around, make experimental
build-android	Run actions/checkout@v4	2026-07-31T19:41:45.9620601Z changes and commit them, and you can discard any commits you make in this
build-android	Run actions/checkout@v4	2026-07-31T19:41:45.9621076Z state without impacting any branches by switching back to a branch.
build-android	Run actions/checkout@v4	2026-07-31T19:41:45.9621369Z 
build-android	Run actions/checkout@v4	2026-07-31T19:41:45.9621613Z If you want to create a new branch to retain commits you create, you may
build-android	Run actions/checkout@v4	2026-07-31T19:41:45.9622175Z do so (now or later) by using -c with the switch command. Example:
build-android	Run actions/checkout@v4	2026-07-31T19:41:45.9622570Z 
build-android	Run actions/checkout@v4	2026-07-31T19:41:45.9622735Z   git switch -c <new-branch-name>
build-android	Run actions/checkout@v4	2026-07-31T19:41:45.9623003Z 
build-android	Run actions/checkout@v4	2026-07-31T19:41:45.9623157Z Or undo this operation with:
build-android	Run actions/checkout@v4	2026-07-31T19:41:45.9623394Z 
build-android	Run actions/checkout@v4	2026-07-31T19:41:45.9623518Z   git switch -
build-android	Run actions/checkout@v4	2026-07-31T19:41:45.9623731Z 
build-android	Run actions/checkout@v4	2026-07-31T19:41:45.9624127Z Turn off this advice by setting config variable advice.detachedHead to false
build-android	Run actions/checkout@v4	2026-07-31T19:41:45.9624602Z 
build-android	Run actions/checkout@v4	2026-07-31T19:41:45.9624905Z HEAD is now at 2c6b0b4 Patch Xcode pbxproj for ad-hoc signing as requested
build-android	Run actions/checkout@v4	2026-07-31T19:41:45.9627644Z ##[endgroup]
build-android	Run actions/checkout@v4	2026-07-31T19:41:45.9676394Z [command]/usr/bin/git log -1 --format=%H
build-android	Run actions/checkout@v4	2026-07-31T19:41:45.9706532Z 2c6b0b49d20e33ac5210a3d5c47a911e08324ad2
build-android	Setup Node.js	﻿2026-07-31T19:41:45.9983182Z Node 20 is being deprecated. This workflow is running with Node 24 by default. If you need to temporarily use Node 20, you can set the ACTIONS_ALLOW_USE_UNSECURE_NODE_VERSION=true environment variable. For more information see: https://github.blog/changelog/2025-09-19-deprecation-of-node-20-on-github-actions-runners/
build-android	Setup Node.js	2026-07-31T19:41:45.9984930Z ##[group]Run actions/setup-node@v4
build-android	Setup Node.js	2026-07-31T19:41:45.9985202Z with:
build-android	Setup Node.js	2026-07-31T19:41:45.9985691Z   node-version: 20
build-android	Setup Node.js	2026-07-31T19:41:45.9985908Z   cache: npm
build-android	Setup Node.js	2026-07-31T19:41:45.9986117Z   always-auth: false
build-android	Setup Node.js	2026-07-31T19:41:45.9986345Z   check-latest: false
build-android	Setup Node.js	2026-07-31T19:41:45.9988866Z   token: ***
build-android	Setup Node.js	2026-07-31T19:41:45.9989071Z ##[endgroup]
build-android	Setup Node.js	2026-07-31T19:41:46.1448939Z Attempting to download 20...
build-android	Setup Node.js	2026-07-31T19:41:46.1555015Z (node:2290) [DEP0040] DeprecationWarning: The `punycode` module is deprecated. Please use a userland alternative instead.
build-android	Setup Node.js	2026-07-31T19:41:46.1556336Z (Use `node --trace-deprecation ...` to show where the warning was created)
build-android	Setup Node.js	2026-07-31T19:41:47.0188137Z Acquiring 20.20.2 - x64 from https://github.com/actions/node-versions/releases/download/20.20.2-23521894959/node-20.20.2-linux-x64.tar.gz
build-android	Setup Node.js	2026-07-31T19:41:47.6504100Z Extracting ...
build-android	Setup Node.js	2026-07-31T19:41:47.6627429Z [command]/usr/bin/tar xz --strip 1 --warning=no-unknown-keyword --overwrite -C /home/runner/work/_temp/dba3d044-558a-4a9b-8598-b7f0c0f27843 -f /home/runner/work/_temp/e5cce17e-5d1c-4295-9c99-6b44c6c4284a
build-android	Setup Node.js	2026-07-31T19:41:48.7494786Z Adding to the cache ...
build-android	Setup Node.js	2026-07-31T19:41:50.4053901Z ##[group]Environment details
build-android	Setup Node.js	2026-07-31T19:41:50.6381306Z node: v20.20.2
build-android	Setup Node.js	2026-07-31T19:41:50.6381736Z npm: 10.8.2
build-android	Setup Node.js	2026-07-31T19:41:50.6382044Z yarn: 1.22.22
build-android	Setup Node.js	2026-07-31T19:41:50.6382728Z ##[endgroup]
build-android	Setup Node.js	2026-07-31T19:41:50.6402593Z [command]/opt/hostedtoolcache/node/20.20.2/x64/bin/npm config get cache
build-android	Setup Node.js	2026-07-31T19:41:50.7507012Z /home/runner/.npm
build-android	Setup Node.js	2026-07-31T19:41:50.9721195Z npm cache is not found
build-android	Clean stale Android project	﻿2026-07-31T19:41:50.9893712Z ##[group]Run rm -rf src-tauri/gen/android
build-android	Clean stale Android project	2026-07-31T19:41:50.9894112Z [36;1mrm -rf src-tauri/gen/android[0m
build-android	Clean stale Android project	2026-07-31T19:41:51.0006980Z shell: /usr/bin/bash -e {0}
build-android	Clean stale Android project	2026-07-31T19:41:51.0007299Z ##[endgroup]
build-android	Install Linux Dependencies	﻿2026-07-31T19:41:51.0171084Z ##[group]Run sudo apt-get update
build-android	Install Linux Dependencies	2026-07-31T19:41:51.0171413Z [36;1msudo apt-get update[0m
build-android	Install Linux Dependencies	2026-07-31T19:41:51.0172520Z [36;1msudo apt-get install -y libwebkit2gtk-4.1-dev libsoup-3.0-dev libappindicator3-dev librsvg2-dev patchelf build-essential libssl-dev libgtk-3-dev[0m
build-android	Install Linux Dependencies	2026-07-31T19:41:51.0231622Z shell: /usr/bin/bash -e {0}
build-android	Install Linux Dependencies	2026-07-31T19:41:51.0231896Z ##[endgroup]
build-android	Install Linux Dependencies	2026-07-31T19:41:51.1656594Z Get:1 file:/etc/apt/apt-mirrors.txt Mirrorlist [144 B]
build-android	Install Linux Dependencies	2026-07-31T19:41:51.2052594Z Hit:2 http://azure.archive.ubuntu.com/ubuntu jammy InRelease
build-android	Install Linux Dependencies	2026-07-31T19:41:51.2054035Z Hit:6 https://packages.microsoft.com/repos/azure-cli jammy InRelease
build-android	Install Linux Dependencies	2026-07-31T19:41:51.2074806Z Get:3 http://azure.archive.ubuntu.com/ubuntu jammy-updates InRelease [128 kB]
build-android	Install Linux Dependencies	2026-07-31T19:41:51.2123594Z Get:4 http://azure.archive.ubuntu.com/ubuntu jammy-backports InRelease [127 kB]
build-android	Install Linux Dependencies	2026-07-31T19:41:51.2145852Z Get:5 http://azure.archive.ubuntu.com/ubuntu jammy-security InRelease [129 kB]
build-android	Install Linux Dependencies	2026-07-31T19:41:51.2174145Z Get:7 https://packages.microsoft.com/ubuntu/22.04/prod jammy InRelease [3632 B]
build-android	Install Linux Dependencies	2026-07-31T19:41:51.3202399Z Get:8 https://dl.google.com/linux/chrome-stable/deb stable InRelease [2548 B]
build-android	Install Linux Dependencies	2026-07-31T19:41:51.4714187Z Get:9 http://azure.archive.ubuntu.com/ubuntu jammy-updates/main amd64 Packages [3683 kB]
build-android	Install Linux Dependencies	2026-07-31T19:41:51.4981889Z Get:10 http://azure.archive.ubuntu.com/ubuntu jammy-updates/main Translation-en [552 kB]
build-android	Install Linux Dependencies	2026-07-31T19:41:51.5019637Z Get:11 http://azure.archive.ubuntu.com/ubuntu jammy-updates/restricted amd64 Packages [6346 kB]
build-android	Install Linux Dependencies	2026-07-31T19:41:51.5427619Z Get:12 http://azure.archive.ubuntu.com/ubuntu jammy-updates/restricted Translation-en [1215 kB]
build-android	Install Linux Dependencies	2026-07-31T19:41:51.5486583Z Get:13 http://azure.archive.ubuntu.com/ubuntu jammy-updates/universe amd64 Packages [1279 kB]
build-android	Install Linux Dependencies	2026-07-31T19:41:51.5566361Z Get:14 http://azure.archive.ubuntu.com/ubuntu jammy-updates/universe Translation-en [322 kB]
build-android	Install Linux Dependencies	2026-07-31T19:41:51.5591795Z Get:15 http://azure.archive.ubuntu.com/ubuntu jammy-updates/multiverse amd64 Packages [76.5 kB]
build-android	Install Linux Dependencies	2026-07-31T19:41:51.5606619Z Get:16 http://azure.archive.ubuntu.com/ubuntu jammy-updates/multiverse Translation-en [15.9 kB]
build-android	Install Linux Dependencies	2026-07-31T19:41:51.6697134Z Get:17 http://azure.archive.ubuntu.com/ubuntu jammy-security/main amd64 Packages [3414 kB]
build-android	Install Linux Dependencies	2026-07-31T19:41:51.6888830Z Get:18 http://azure.archive.ubuntu.com/ubuntu jammy-security/main Translation-en [482 kB]
build-android	Install Linux Dependencies	2026-07-31T19:41:51.7341477Z Get:19 http://azure.archive.ubuntu.com/ubuntu jammy-security/restricted amd64 Packages [6110 kB]
build-android	Install Linux Dependencies	2026-07-31T19:41:51.7457159Z Get:25 https://packages.microsoft.com/ubuntu/22.04/prod jammy/main amd64 Packages [481 kB]
build-android	Install Linux Dependencies	2026-07-31T19:41:51.7650550Z Get:26 https://packages.microsoft.com/ubuntu/22.04/prod jammy/main armhf Packages [21.9 kB]
build-android	Install Linux Dependencies	2026-07-31T19:41:51.7689275Z Get:27 https://packages.microsoft.com/ubuntu/22.04/prod jammy/main arm64 Packages [287 kB]
build-android	Install Linux Dependencies	2026-07-31T19:41:51.7947082Z Get:20 http://azure.archive.ubuntu.com/ubuntu jammy-security/restricted Translation-en [1173 kB]
build-android	Install Linux Dependencies	2026-07-31T19:41:51.8056959Z Get:21 http://azure.archive.ubuntu.com/ubuntu jammy-security/universe amd64 Packages [1046 kB]
build-android	Install Linux Dependencies	2026-07-31T19:41:51.8136909Z Get:22 http://azure.archive.ubuntu.com/ubuntu jammy-security/universe Translation-en [234 kB]
build-android	Install Linux Dependencies	2026-07-31T19:41:51.8166507Z Get:23 http://azure.archive.ubuntu.com/ubuntu jammy-security/multiverse amd64 Packages [69.1 kB]
build-android	Install Linux Dependencies	2026-07-31T19:41:51.8178912Z Get:24 http://azure.archive.ubuntu.com/ubuntu jammy-security/multiverse Translation-en [12.9 kB]
build-android	Install Linux Dependencies	2026-07-31T19:41:51.8974582Z Get:28 https://dl.google.com/linux/chrome-stable/deb stable/main amd64 Packages [1410 B]
build-android	Install Linux Dependencies	2026-07-31T19:41:57.4696452Z Fetched 27.2 MB in 3s (7844 kB/s)
build-android	Install Linux Dependencies	2026-07-31T19:41:58.5849529Z Reading package lists...
build-android	Install Linux Dependencies	2026-07-31T19:41:58.6517283Z Reading package lists...
build-android	Install Linux Dependencies	2026-07-31T19:41:58.9241053Z Building dependency tree...
build-android	Install Linux Dependencies	2026-07-31T19:41:58.9253674Z Reading state information...
build-android	Install Linux Dependencies	2026-07-31T19:41:59.1428724Z build-essential is already the newest version (12.9ubuntu3).
build-android	Install Linux Dependencies	2026-07-31T19:41:59.1429548Z build-essential set to manually installed.
build-android	Install Linux Dependencies	2026-07-31T19:41:59.1430975Z patchelf is already the newest version (0.14.3-1).
build-android	Install Linux Dependencies	2026-07-31T19:41:59.1431858Z librsvg2-dev is already the newest version (2.52.5+dfsg-3ubuntu0.2).
build-android	Install Linux Dependencies	2026-07-31T19:41:59.1432608Z librsvg2-dev set to manually installed.
build-android	Install Linux Dependencies	2026-07-31T19:41:59.1433252Z The following additional packages will be installed:
build-android	Install Linux Dependencies	2026-07-31T19:41:59.1434076Z   bubblewrap gir1.2-appindicator3-0.1 gir1.2-atk-1.0 gir1.2-atspi-2.0
build-android	Install Linux Dependencies	2026-07-31T19:41:59.1434952Z   gir1.2-dazzle-1.0 gir1.2-dbusmenu-glib-0.4 gir1.2-gtk-3.0
build-android	Install Linux Dependencies	2026-07-31T19:41:59.1436074Z   gir1.2-harfbuzz-0.0 gir1.2-json-1.0 gir1.2-pango-1.0 gir1.2-polkit-1.0
build-android	Install Linux Dependencies	2026-07-31T19:41:59.1436871Z   gir1.2-soup-3.0 gstreamer1.0-gl gstreamer1.0-plugins-base
build-android	Install Linux Dependencies	2026-07-31T19:41:59.1437699Z   gstreamer1.0-plugins-good gstreamer1.0-x libaa1 libappindicator3-1
build-android	Install Linux Dependencies	2026-07-31T19:41:59.1438686Z   libasyncns0 libatk-bridge2.0-dev libatk1.0-dev libatspi2.0-dev libavc1394-0
build-android	Install Linux Dependencies	2026-07-31T19:41:59.1439634Z   libcaca0 libcdparanoia0 libdatrie-dev libdazzle-1.0-0 libdazzle-1.0-dev
build-android	Install Linux Dependencies	2026-07-31T19:41:59.1440457Z   libdazzle-common libdbus-1-dev libdbus-glib-1-dev libdbus-glib-1-dev-bin
build-android	Install Linux Dependencies	2026-07-31T19:41:59.1441308Z   libdbusmenu-glib-dev libdv4 libegl-dev libegl-mesa0 libegl1 libegl1-mesa-dev
build-android	Install Linux Dependencies	2026-07-31T19:41:59.1442119Z   libepoxy-dev libevdev2 libflac8 libfribidi-dev libgl-dev libgles-dev
build-android	Install Linux Dependencies	2026-07-31T19:41:59.1442886Z   libgles1 libgles2 libglvnd-core-dev libglvnd-dev libglx-dev
build-android	Install Linux Dependencies	2026-07-31T19:41:59.1443575Z   libgraphene-1.0-0 libgraphite2-dev libgstreamer-gl1.0-0
build-android	Install Linux Dependencies	2026-07-31T19:41:59.1444330Z   libgstreamer-plugins-base1.0-0 libgstreamer-plugins-good1.0-0
build-android	Install Linux Dependencies	2026-07-31T19:41:59.1445119Z   libharfbuzz-dev libharfbuzz-gobject0 libharfbuzz-icu0 libhyphen0
build-android	Install Linux Dependencies	2026-07-31T19:41:59.1446050Z   libiec61883-0 libjack-jackd2-0 libjavascriptcoregtk-4.1-0
build-android	Install Linux Dependencies	2026-07-31T19:41:59.1447007Z   libjavascriptcoregtk-4.1-dev libjson-glib-dev libmanette-0.2-0 libmp3lame0
build-android	Install Linux Dependencies	2026-07-31T19:41:59.1448041Z   libmpg123-0 libnghttp2-dev libopengl-dev libopengl0 libopus0 liborc-0.4-0
build-android	Install Linux Dependencies	2026-07-31T19:41:59.1449007Z   libpango1.0-dev libpangoxft-1.0-0 libpipewire-0.3-0 libpipewire-0.3-common
build-android	Install Linux Dependencies	2026-07-31T19:41:59.1449849Z   libpipewire-0.3-modules libpolkit-gobject-1-dev libpsl-dev libpulse0
build-android	Install Linux Dependencies	2026-07-31T19:41:59.1450630Z   libraw1394-11 libsamplerate0 libshout3 libsndfile1 libsoup-3.0-0
build-android	Install Linux Dependencies	2026-07-31T19:41:59.1451328Z   libsoup-3.0-common libspa-0.2-modules libspeex1 libssl3 libsysprof-4
build-android	Install Linux Dependencies	2026-07-31T19:41:59.1452065Z   libsysprof-4-dev libsysprof-ui-4 libtag1v5 libtag1v5-vanilla libthai-dev
build-android	Install Linux Dependencies	2026-07-31T19:41:59.1452628Z   libtheora0 libtwolame0 libv4l-0 libv4lconvert0 libvisual-0.4-0 libvorbisenc2
build-android	Install Linux Dependencies	2026-07-31T19:41:59.1453178Z   libvpx7 libwavpack1 libwayland-bin libwayland-dev libwebkit2gtk-4.1-0
build-android	Install Linux Dependencies	2026-07-31T19:41:59.1453715Z   libwebrtc-audio-processing1 libwoff1 libxcomposite-dev libxcursor-dev
build-android	Install Linux Dependencies	2026-07-31T19:41:59.1454325Z   libxdamage-dev libxfixes-dev libxft-dev libxi-dev libxinerama-dev
build-android	Install Linux Dependencies	2026-07-31T19:41:59.1454941Z   libxkbcommon-dev libxrandr-dev libxtst-dev libxv1 pango1.0-tools pipewire
build-android	Install Linux Dependencies	2026-07-31T19:41:59.1455873Z   pipewire-bin pipewire-media-session rtkit wayland-protocols xdg-dbus-proxy
build-android	Install Linux Dependencies	2026-07-31T19:41:59.1456394Z   xdg-desktop-portal xdg-desktop-portal-gtk
build-android	Install Linux Dependencies	2026-07-31T19:41:59.1456784Z Suggested packages:
build-android	Install Linux Dependencies	2026-07-31T19:41:59.1457154Z   gvfs indicator-application libdatrie-doc libdazzle-doc libdazzle-tools
build-android	Install Linux Dependencies	2026-07-31T19:41:59.1457687Z   libdv-bin oss-compat libgraphite2-utils libvisual-0.4-plugins libgtk-3-doc
build-android	Install Linux Dependencies	2026-07-31T19:41:59.1458446Z   jackd2 libjson-glib-doc libnghttp2-doc opus-tools libpango1.0-doc pulseaudio
build-android	Install Linux Dependencies	2026-07-31T19:41:59.1459269Z   libraw1394-doc libsoup-3.0-doc speex libssl-doc libthai-doc libwayland-doc
build-android	Install Linux Dependencies	2026-07-31T19:41:59.1460166Z   gstreamer1.0-libav gstreamer1.0-plugins-bad gstreamer1.0-alsa graphicsmagick
build-android	Install Linux Dependencies	2026-07-31T19:41:59.1495495Z   accountsservice evince xdg-desktop-portal-gnome
build-android	Install Linux Dependencies	2026-07-31T19:41:59.2088005Z The following NEW packages will be installed:
build-android	Install Linux Dependencies	2026-07-31T19:41:59.2088862Z   bubblewrap gir1.2-appindicator3-0.1 gir1.2-atk-1.0 gir1.2-atspi-2.0
build-android	Install Linux Dependencies	2026-07-31T19:41:59.2089654Z   gir1.2-dazzle-1.0 gir1.2-dbusmenu-glib-0.4 gir1.2-gtk-3.0
build-android	Install Linux Dependencies	2026-07-31T19:41:59.2090911Z   gir1.2-harfbuzz-0.0 gir1.2-json-1.0 gir1.2-pango-1.0 gir1.2-polkit-1.0
build-android	Install Linux Dependencies	2026-07-31T19:41:59.2091672Z   gir1.2-soup-3.0 gstreamer1.0-gl gstreamer1.0-plugins-base
build-android	Install Linux Dependencies	2026-07-31T19:41:59.2092450Z   gstreamer1.0-plugins-good gstreamer1.0-x libaa1 libappindicator3-1
build-android	Install Linux Dependencies	2026-07-31T19:41:59.2093320Z   libappindicator3-dev libasyncns0 libatk-bridge2.0-dev libatk1.0-dev
build-android	Install Linux Dependencies	2026-07-31T19:41:59.2094165Z   libatspi2.0-dev libavc1394-0 libcaca0 libcdparanoia0 libdatrie-dev
build-android	Install Linux Dependencies	2026-07-31T19:41:59.2094972Z   libdazzle-1.0-0 libdazzle-1.0-dev libdazzle-common libdbus-1-dev
build-android	Install Linux Dependencies	2026-07-31T19:41:59.2095752Z   libdbus-glib-1-dev libdbus-glib-1-dev-bin libdbusmenu-glib-dev libdv4
build-android	Install Linux Dependencies	2026-07-31T19:41:59.2096293Z   libegl-dev libegl-mesa0 libegl1 libegl1-mesa-dev libepoxy-dev libevdev2
build-android	Install Linux Dependencies	2026-07-31T19:41:59.2096791Z   libflac8 libfribidi-dev libgl-dev libgles-dev libgles1 libgles2
build-android	Install Linux Dependencies	2026-07-31T19:41:59.2097310Z   libglvnd-core-dev libglvnd-dev libglx-dev libgraphene-1.0-0 libgraphite2-dev
build-android	Install Linux Dependencies	2026-07-31T19:41:59.2097803Z   libgstreamer-gl1.0-0 libgstreamer-plugins-base1.0-0
build-android	Install Linux Dependencies	2026-07-31T19:41:59.2098454Z   libgstreamer-plugins-good1.0-0 libgtk-3-dev libharfbuzz-dev
build-android	Install Linux Dependencies	2026-07-31T19:41:59.2099227Z   libharfbuzz-gobject0 libharfbuzz-icu0 libhyphen0 libiec61883-0
build-android	Install Linux Dependencies	2026-07-31T19:41:59.2099829Z   libjack-jackd2-0 libjavascriptcoregtk-4.1-0 libjavascriptcoregtk-4.1-dev
build-android	Install Linux Dependencies	2026-07-31T19:41:59.2100777Z   libjson-glib-dev libmanette-0.2-0 libmp3lame0 libmpg123-0 libnghttp2-dev
build-android	Install Linux Dependencies	2026-07-31T19:41:59.2101549Z   libopengl-dev libopengl0 libopus0 liborc-0.4-0 libpango1.0-dev
build-android	Install Linux Dependencies	2026-07-31T19:41:59.2102012Z   libpangoxft-1.0-0 libpipewire-0.3-0 libpipewire-0.3-common
build-android	Install Linux Dependencies	2026-07-31T19:41:59.2102500Z   libpipewire-0.3-modules libpolkit-gobject-1-dev libpsl-dev libpulse0
build-android	Install Linux Dependencies	2026-07-31T19:41:59.2103013Z   libraw1394-11 libsamplerate0 libshout3 libsndfile1 libsoup-3.0-0
build-android	Install Linux Dependencies	2026-07-31T19:41:59.2103534Z   libsoup-3.0-common libsoup-3.0-dev libspa-0.2-modules libspeex1 libsysprof-4
build-android	Install Linux Dependencies	2026-07-31T19:41:59.2104092Z   libsysprof-4-dev libsysprof-ui-4 libtag1v5 libtag1v5-vanilla libthai-dev
build-android	Install Linux Dependencies	2026-07-31T19:41:59.2104645Z   libtheora0 libtwolame0 libv4l-0 libv4lconvert0 libvisual-0.4-0 libvorbisenc2
build-android	Install Linux Dependencies	2026-07-31T19:41:59.2105186Z   libvpx7 libwavpack1 libwayland-bin libwayland-dev libwebkit2gtk-4.1-0
build-android	Install Linux Dependencies	2026-07-31T19:41:59.2105843Z   libwebkit2gtk-4.1-dev libwebrtc-audio-processing1 libwoff1 libxcomposite-dev
build-android	Install Linux Dependencies	2026-07-31T19:41:59.2106367Z   libxcursor-dev libxdamage-dev libxfixes-dev libxft-dev libxi-dev
build-android	Install Linux Dependencies	2026-07-31T19:41:59.2106861Z   libxinerama-dev libxkbcommon-dev libxrandr-dev libxtst-dev libxv1
build-android	Install Linux Dependencies	2026-07-31T19:41:59.2107347Z   pango1.0-tools pipewire pipewire-bin pipewire-media-session rtkit
build-android	Install Linux Dependencies	2026-07-31T19:41:59.2108037Z   wayland-protocols xdg-dbus-proxy xdg-desktop-portal xdg-desktop-portal-gtk
build-android	Install Linux Dependencies	2026-07-31T19:41:59.2108838Z The following packages will be upgraded:
build-android	Install Linux Dependencies	2026-07-31T19:41:59.2112117Z   libssl-dev libssl3
build-android	Install Linux Dependencies	2026-07-31T19:41:59.2326527Z 2 upgraded, 130 newly installed, 0 to remove and 85 not upgraded.
build-android	Install Linux Dependencies	2026-07-31T19:41:59.2327299Z Need to get 59.6 MB of archives.
build-android	Install Linux Dependencies	2026-07-31T19:41:59.2327925Z After this operation, 215 MB of additional disk space will be used.
build-android	Install Linux Dependencies	2026-07-31T19:41:59.2328408Z Get:1 file:/etc/apt/apt-mirrors.txt Mirrorlist [144 B]
build-android	Install Linux Dependencies	2026-07-31T19:41:59.3111203Z Get:2 http://azure.archive.ubuntu.com/ubuntu jammy-updates/main amd64 libssl-dev amd64 3.0.2-0ubuntu1.26 [2377 kB]
build-android	Install Linux Dependencies	2026-07-31T19:41:59.6040408Z Get:3 http://azure.archive.ubuntu.com/ubuntu jammy-updates/main amd64 libssl3 amd64 3.0.2-0ubuntu1.26 [1906 kB]
build-android	Install Linux Dependencies	2026-07-31T19:41:59.8467089Z Get:4 http://azure.archive.ubuntu.com/ubuntu jammy-updates/main amd64 bubblewrap amd64 0.6.1-1ubuntu0.1 [46.3 kB]
build-android	Install Linux Dependencies	2026-07-31T19:41:59.8943733Z Get:5 http://azure.archive.ubuntu.com/ubuntu jammy/main amd64 gir1.2-atk-1.0 amd64 2.36.0-3build1 [21.0 kB]
build-android	Install Linux Dependencies	2026-07-31T19:41:59.9413722Z Get:6 http://azure.archive.ubuntu.com/ubuntu jammy-updates/main amd64 gir1.2-harfbuzz-0.0 amd64 2.7.4-1ubuntu3.2 [31.6 kB]
build-android	Install Linux Dependencies	2026-07-31T19:41:59.9883587Z Get:7 http://azure.archive.ubuntu.com/ubuntu jammy-updates/main amd64 libpangoxft-1.0-0 amd64 1.50.6+ds-2ubuntu1 [31.0 kB]
build-android	Install Linux Dependencies	2026-07-31T19:42:00.0359790Z Get:8 http://azure.archive.ubuntu.com/ubuntu jammy-updates/main amd64 gir1.2-pango-1.0 amd64 1.50.6+ds-2ubuntu1 [44.0 kB]
build-android	Install Linux Dependencies	2026-07-31T19:42:00.0833472Z Get:9 http://azure.archive.ubuntu.com/ubuntu jammy-updates/main amd64 gir1.2-gtk-3.0 amd64 3.24.33-1ubuntu2.2 [240 kB]
build-android	Install Linux Dependencies	2026-07-31T19:42:00.1378146Z Get:10 http://azure.archive.ubuntu.com/ubuntu jammy/universe amd64 libappindicator3-1 amd64 12.10.1+20.10.20200706.1-0ubuntu1 [23.2 kB]
build-android	Install Linux Dependencies	2026-07-31T19:42:00.1847379Z Get:11 http://azure.archive.ubuntu.com/ubuntu jammy/universe amd64 gir1.2-appindicator3-0.1 amd64 12.10.1+20.10.20200706.1-0ubuntu1 [3452 B]
build-android	Install Linux Dependencies	2026-07-31T19:42:00.2315464Z Get:12 http://azure.archive.ubuntu.com/ubuntu jammy/main amd64 gir1.2-atspi-2.0 amd64 2.44.0-3 [18.1 kB]
build-android	Install Linux Dependencies	2026-07-31T19:42:00.2786186Z Get:13 http://azure.archive.ubuntu.com/ubuntu jammy/main amd64 libdazzle-common all 3.44.0-1 [3400 B]
build-android	Install Linux Dependencies	2026-07-31T19:42:00.3253425Z Get:14 http://azure.archive.ubuntu.com/ubuntu jammy/main amd64 libdazzle-1.0-0 amd64 3.44.0-1 [356 kB]
build-android	Install Linux Dependencies	2026-07-31T19:42:00.3835608Z Get:15 http://azure.archive.ubuntu.com/ubuntu jammy/main amd64 gir1.2-dazzle-1.0 amd64 3.44.0-1 [36.7 kB]
build-android	Install Linux Dependencies	2026-07-31T19:42:00.4306218Z Get:16 http://azure.archive.ubuntu.com/ubuntu jammy/main amd64 gir1.2-dbusmenu-glib-0.4 amd64 16.04.1+18.10.20180917-0ubuntu8 [6624 B]
build-android	Install Linux Dependencies	2026-07-31T19:42:00.4774501Z Get:17 http://azure.archive.ubuntu.com/ubuntu jammy/main amd64 gir1.2-json-1.0 amd64 1.6.6-1build1 [8874 B]
build-android	Install Linux Dependencies	2026-07-31T19:42:00.5243286Z Get:18 http://azure.archive.ubuntu.com/ubuntu jammy-updates/main amd64 gir1.2-polkit-1.0 amd64 0.105-33ubuntu0.1 [7768 B]
build-android	Install Linux Dependencies	2026-07-31T19:42:00.5710939Z Get:19 http://azure.archive.ubuntu.com/ubuntu jammy-updates/universe amd64 libsoup-3.0-common all 3.0.7-0ubuntu1 [62.1 kB]
build-android	Install Linux Dependencies	2026-07-31T19:42:00.6199268Z Get:20 http://azure.archive.ubuntu.com/ubuntu jammy-updates/universe amd64 libsoup-3.0-0 amd64 3.0.7-0ubuntu1 [278 kB]
build-android	Install Linux Dependencies	2026-07-31T19:42:00.6757703Z Get:21 http://azure.archive.ubuntu.com/ubuntu jammy-updates/universe amd64 gir1.2-soup-3.0 amd64 3.0.7-0ubuntu1 [21.8 kB]
build-android	Install Linux Dependencies	2026-07-31T19:42:00.7228369Z Get:22 http://azure.archive.ubuntu.com/ubuntu jammy/main amd64 libgraphene-1.0-0 amd64 1.10.8-1 [48.2 kB]
build-android	Install Linux Dependencies	2026-07-31T19:42:00.7708868Z Get:23 http://azure.archive.ubuntu.com/ubuntu jammy-updates/main amd64 libegl-mesa0 amd64 23.2.1-1ubuntu3.1~22.04.4 [118 kB]
build-android	Install Linux Dependencies	2026-07-31T19:42:00.8209195Z Get:24 http://azure.archive.ubuntu.com/ubuntu jammy/main amd64 libegl1 amd64 1.4.0-1 [28.6 kB]
build-android	Install Linux Dependencies	2026-07-31T19:42:00.8678678Z Get:25 http://azure.archive.ubuntu.com/ubuntu jammy-updates/main amd64 liborc-0.4-0 amd64 1:0.4.32-2ubuntu0.1 [228 kB]
build-android	Install Linux Dependencies	2026-07-31T19:42:00.9217836Z Get:26 http://azure.archive.ubuntu.com/ubuntu jammy-updates/main amd64 libgstreamer-plugins-base1.0-0 amd64 1.20.1-1ubuntu0.6 [848 kB]
build-android	Install Linux Dependencies	2026-07-31T19:42:01.0630134Z Get:27 http://azure.archive.ubuntu.com/ubuntu jammy-updates/main amd64 libgstreamer-gl1.0-0 amd64 1.20.1-1ubuntu0.6 [204 kB]
build-android	Install Linux Dependencies	2026-07-31T19:42:01.1158420Z Get:28 http://azure.archive.ubuntu.com/ubuntu jammy-updates/main amd64 gstreamer1.0-gl amd64 1.20.1-1ubuntu0.6 [125 kB]
build-android	Install Linux Dependencies	2026-07-31T19:42:01.1658102Z Get:29 http://azure.archive.ubuntu.com/ubuntu jammy/main amd64 libcdparanoia0 amd64 3.10.2+debian-14build2 [49.3 kB]
build-android	Install Linux Dependencies	2026-07-31T19:42:01.2186382Z Get:30 http://azure.archive.ubuntu.com/ubuntu jammy/main amd64 libopus0 amd64 1.3.1-0.1build2 [203 kB]
build-android	Install Linux Dependencies	2026-07-31T19:42:01.2711583Z Get:31 http://azure.archive.ubuntu.com/ubuntu jammy/main amd64 libtheora0 amd64 1.1.1+dfsg.1-15ubuntu4 [209 kB]
build-android	Install Linux Dependencies	2026-07-31T19:42:01.3247106Z Get:32 http://azure.archive.ubuntu.com/ubuntu jammy/main amd64 libvisual-0.4-0 amd64 0.4.0-17build2 [108 kB]
build-android	Install Linux Dependencies	2026-07-31T19:42:01.3737607Z Get:33 http://azure.archive.ubuntu.com/ubuntu jammy/main amd64 libvorbisenc2 amd64 1.3.7-1build2 [82.6 kB]
build-android	Install Linux Dependencies	2026-07-31T19:42:01.4224954Z Get:34 http://azure.archive.ubuntu.com/ubuntu jammy-updates/main amd64 gstreamer1.0-plugins-base amd64 1.20.1-1ubuntu0.6 [712 kB]
build-android	Install Linux Dependencies	2026-07-31T19:42:01.5263598Z Get:35 http://azure.archive.ubuntu.com/ubuntu jammy/main amd64 libaa1 amd64 1.4p5-50build1 [51.9 kB]
build-android	Install Linux Dependencies	2026-07-31T19:42:01.5744074Z Get:36 http://azure.archive.ubuntu.com/ubuntu jammy/main amd64 libraw1394-11 amd64 2.1.2-2build2 [27.0 kB]
build-android	Install Linux Dependencies	2026-07-31T19:42:01.6216473Z Get:37 http://azure.archive.ubuntu.com/ubuntu jammy/main amd64 libavc1394-0 amd64 0.5.4-5build2 [17.0 kB]
build-android	Install Linux Dependencies	2026-07-31T19:42:01.6691963Z Get:38 http://azure.archive.ubuntu.com/ubuntu jammy-updates/main amd64 libcaca0 amd64 0.99.beta19-2.2ubuntu4.2 [224 kB]
build-android	Install Linux Dependencies	2026-07-31T19:42:01.7231094Z Get:39 http://azure.archive.ubuntu.com/ubuntu jammy/main amd64 libdv4 amd64 1.0.0-14build1 [61.9 kB]
build-android	Install Linux Dependencies	2026-07-31T19:42:01.7726673Z Get:40 http://azure.archive.ubuntu.com/ubuntu jammy-updates/main amd64 libflac8 amd64 1.3.3-2ubuntu0.2 [111 kB]
build-android	Install Linux Dependencies	2026-07-31T19:42:01.8216894Z Get:41 http://azure.archive.ubuntu.com/ubuntu jammy-updates/main amd64 libgstreamer-plugins-good1.0-0 amd64 1.20.3-0ubuntu1.7 [30.6 kB]
build-android	Install Linux Dependencies	2026-07-31T19:42:01.8685461Z Get:42 http://azure.archive.ubuntu.com/ubuntu jammy/main amd64 libiec61883-0 amd64 1.2.0-4build3 [25.9 kB]
build-android	Install Linux Dependencies	2026-07-31T19:42:01.9166483Z Get:43 http://azure.archive.ubuntu.com/ubuntu jammy/main amd64 libsamplerate0 amd64 0.2.2-1build1 [1359 kB]
build-android	Install Linux Dependencies	2026-07-31T19:42:02.1055846Z Get:44 http://azure.archive.ubuntu.com/ubuntu jammy/main amd64 libjack-jackd2-0 amd64 1.9.20~dfsg-1 [293 kB]
build-android	Install Linux Dependencies	2026-07-31T19:42:02.1609792Z Get:45 http://azure.archive.ubuntu.com/ubuntu jammy/main amd64 libmp3lame0 amd64 3.100-3build2 [141 kB]
build-android	Install Linux Dependencies	2026-07-31T19:42:02.2113706Z Get:46 http://azure.archive.ubuntu.com/ubuntu jammy-updates/main amd64 libmpg123-0 amd64 1.29.3-1ubuntu0.1 [172 kB]
build-android	Install Linux Dependencies	2026-07-31T19:42:02.2623309Z Get:47 http://azure.archive.ubuntu.com/ubuntu jammy/main amd64 libasyncns0 amd64 0.8-6build2 [12.8 kB]
build-android	Install Linux Dependencies	2026-07-31T19:42:02.3092236Z Get:48 http://azure.archive.ubuntu.com/ubuntu jammy-updates/main amd64 libsndfile1 amd64 1.0.31-2ubuntu0.2 [196 kB]
build-android	Install Linux Dependencies	2026-07-31T19:42:02.3613388Z Get:49 http://azure.archive.ubuntu.com/ubuntu jammy-updates/main amd64 libpulse0 amd64 1:15.99.1+dfsg1-1ubuntu2.2 [298 kB]
build-android	Install Linux Dependencies	2026-07-31T19:42:02.4168175Z Get:50 http://azure.archive.ubuntu.com/ubuntu jammy/main amd64 libspeex1 amd64 1.2~rc1.2-1.1ubuntu3 [57.9 kB]
build-android	Install Linux Dependencies	2026-07-31T19:42:02.4645440Z Get:51 http://azure.archive.ubuntu.com/ubuntu jammy/main amd64 libshout3 amd64 2.4.5-1build3 [54.5 kB]
build-android	Install Linux Dependencies	2026-07-31T19:42:02.5119763Z Get:52 http://azure.archive.ubuntu.com/ubuntu jammy/main amd64 libtag1v5-vanilla amd64 1.11.1+dfsg.1-3ubuntu3 [304 kB]
build-android	Install Linux Dependencies	2026-07-31T19:42:02.5680921Z Get:53 http://azure.archive.ubuntu.com/ubuntu jammy/main amd64 libtag1v5 amd64 1.11.1+dfsg.1-3ubuntu3 [11.5 kB]
build-android	Install Linux Dependencies	2026-07-31T19:42:02.6149497Z Get:54 http://azure.archive.ubuntu.com/ubuntu jammy/main amd64 libtwolame0 amd64 0.4.0-2build2 [52.5 kB]
build-android	Install Linux Dependencies	2026-07-31T19:42:02.6624725Z Get:55 http://azure.archive.ubuntu.com/ubuntu jammy/main amd64 libv4lconvert0 amd64 1.22.1-2build1 [82.4 kB]
build-android	Install Linux Dependencies	2026-07-31T19:42:02.7110755Z Get:56 http://azure.archive.ubuntu.com/ubuntu jammy/main amd64 libv4l-0 amd64 1.22.1-2build1 [44.9 kB]
build-android	Install Linux Dependencies	2026-07-31T19:42:02.7584535Z Get:57 http://azure.archive.ubuntu.com/ubuntu jammy-updates/main amd64 libvpx7 amd64 1.11.0-2ubuntu2.5 [1078 kB]
build-android	Install Linux Dependencies	2026-07-31T19:42:02.9055573Z Get:58 http://azure.archive.ubuntu.com/ubuntu jammy/main amd64 libwavpack1 amd64 5.4.0-1build2 [83.7 kB]
build-android	Install Linux Dependencies	2026-07-31T19:42:02.9538987Z Get:59 http://azure.archive.ubuntu.com/ubuntu jammy-updates/main amd64 gstreamer1.0-plugins-good amd64 1.20.3-0ubuntu1.7 [2006 kB]
build-android	Install Linux Dependencies	2026-07-31T19:42:03.2299747Z Get:60 http://azure.archive.ubuntu.com/ubuntu jammy/main amd64 libxv1 amd64 2:1.0.11-1build2 [11.2 kB]
build-android	Install Linux Dependencies	2026-07-31T19:42:03.2770615Z Get:61 http://azure.archive.ubuntu.com/ubuntu jammy-updates/main amd64 gstreamer1.0-x amd64 1.20.1-1ubuntu0.6 [85.1 kB]
build-android	Install Linux Dependencies	2026-07-31T19:42:03.3253685Z Get:62 http://azure.archive.ubuntu.com/ubuntu jammy-updates/main amd64 libdbus-1-dev amd64 1.12.20-2ubuntu4.1 [188 kB]
build-android	Install Linux Dependencies	2026-07-31T19:42:03.3771894Z Get:63 http://azure.archive.ubuntu.com/ubuntu jammy/main amd64 libdbus-glib-1-dev-bin amd64 0.112-2build1 [41.9 kB]
build-android	Install Linux Dependencies	2026-07-31T19:42:03.4241787Z Get:64 http://azure.archive.ubuntu.com/ubuntu jammy/main amd64 libdbus-glib-1-dev amd64 0.112-2build1 [80.6 kB]
build-android	Install Linux Dependencies	2026-07-31T19:42:03.4725048Z Get:65 http://azure.archive.ubuntu.com/ubuntu jammy/main amd64 libdbusmenu-glib-dev amd64 16.04.1+18.10.20180917-0ubuntu8 [73.8 kB]
build-android	Install Linux Dependencies	2026-07-31T19:42:03.5208269Z Get:66 http://azure.archive.ubuntu.com/ubuntu jammy/main amd64 libatk1.0-dev amd64 2.36.0-3build1 [96.6 kB]
build-android	Install Linux Dependencies	2026-07-31T19:42:03.5693042Z Get:67 http://azure.archive.ubuntu.com/ubuntu jammy/main amd64 libxfixes-dev amd64 1:6.0.0-1 [12.2 kB]
build-android	Install Linux Dependencies	2026-07-31T19:42:03.6159641Z Get:68 http://azure.archive.ubuntu.com/ubuntu jammy/main amd64 libxi-dev amd64 2:1.8-1build1 [193 kB]
build-android	Install Linux Dependencies	2026-07-31T19:42:03.6680594Z Get:69 http://azure.archive.ubuntu.com/ubuntu jammy/main amd64 libxtst-dev amd64 2:1.2.3-1build4 [16.3 kB]
build-android	Install Linux Dependencies	2026-07-31T19:42:03.7149052Z Get:70 http://azure.archive.ubuntu.com/ubuntu jammy/main amd64 libatspi2.0-dev amd64 2.44.0-3 [71.5 kB]
build-android	Install Linux Dependencies	2026-07-31T19:42:03.7629083Z Get:71 http://azure.archive.ubuntu.com/ubuntu jammy/main amd64 libatk-bridge2.0-dev amd64 2.38.0-3 [2954 B]
build-android	Install Linux Dependencies	2026-07-31T19:42:03.8100279Z Get:72 http://azure.archive.ubuntu.com/ubuntu jammy/main amd64 libglx-dev amd64 1.4.0-1 [14.1 kB]
build-android	Install Linux Dependencies	2026-07-31T19:42:03.8568580Z Get:73 http://azure.archive.ubuntu.com/ubuntu jammy/main amd64 libgl-dev amd64 1.4.0-1 [101 kB]
build-android	Install Linux Dependencies	2026-07-31T19:42:03.9062998Z Get:74 http://azure.archive.ubuntu.com/ubuntu jammy/main amd64 libegl-dev amd64 1.4.0-1 [18.0 kB]
build-android	Install Linux Dependencies	2026-07-31T19:42:03.9541736Z Get:75 http://azure.archive.ubuntu.com/ubuntu jammy/main amd64 libglvnd-core-dev amd64 1.4.0-1 [12.7 kB]
build-android	Install Linux Dependencies	2026-07-31T19:42:04.0013167Z Get:76 http://azure.archive.ubuntu.com/ubuntu jammy/main amd64 libgles1 amd64 1.4.0-1 [11.5 kB]
build-android	Install Linux Dependencies	2026-07-31T19:42:04.0482604Z Get:77 http://azure.archive.ubuntu.com/ubuntu jammy/main amd64 libgles2 amd64 1.4.0-1 [18.0 kB]
build-android	Install Linux Dependencies	2026-07-31T19:42:04.1411339Z Get:78 http://azure.archive.ubuntu.com/ubuntu jammy/main amd64 libgles-dev amd64 1.4.0-1 [49.4 kB]
build-android	Install Linux Dependencies	2026-07-31T19:42:04.2818677Z Get:79 http://azure.archive.ubuntu.com/ubuntu jammy/main amd64 libopengl0 amd64 1.4.0-1 [36.5 kB]
build-android	Install Linux Dependencies	2026-07-31T19:42:04.3452332Z Get:80 http://azure.archive.ubuntu.com/ubuntu jammy/main amd64 libopengl-dev amd64 1.4.0-1 [3400 B]
build-android	Install Linux Dependencies	2026-07-31T19:42:04.3929484Z Get:81 http://azure.archive.ubuntu.com/ubuntu jammy/main amd64 libglvnd-dev amd64 1.4.0-1 [3162 B]
build-android	Install Linux Dependencies	2026-07-31T19:42:04.4397189Z Get:82 http://azure.archive.ubuntu.com/ubuntu jammy-updates/main amd64 libegl1-mesa-dev amd64 23.2.1-1ubuntu3.1~22.04.4 [11.3 kB]
build-android	Install Linux Dependencies	2026-07-31T19:42:04.4865086Z Get:83 http://azure.archive.ubuntu.com/ubuntu jammy/main amd64 libepoxy-dev amd64 1.5.10-1 [132 kB]
build-android	Install Linux Dependencies	2026-07-31T19:42:04.5366223Z Get:84 http://azure.archive.ubuntu.com/ubuntu jammy-updates/main amd64 libfribidi-dev amd64 1.0.8-2ubuntu3.1 [64.8 kB]
build-android	Install Linux Dependencies	2026-07-31T19:42:04.5842635Z Get:85 http://azure.archive.ubuntu.com/ubuntu jammy-updates/main amd64 libharfbuzz-icu0 amd64 2.7.4-1ubuntu3.2 [5890 B]
build-android	Install Linux Dependencies	2026-07-31T19:42:04.6309846Z Get:86 http://azure.archive.ubuntu.com/ubuntu jammy-updates/main amd64 libharfbuzz-gobject0 amd64 2.7.4-1ubuntu3.2 [26.0 kB]
build-android	Install Linux Dependencies	2026-07-31T19:42:04.6776093Z Get:87 http://azure.archive.ubuntu.com/ubuntu jammy-updates/main amd64 libgraphite2-dev amd64 1.3.14-1ubuntu0.1 [14.7 kB]
build-android	Install Linux Dependencies	2026-07-31T19:42:04.7244290Z Get:88 http://azure.archive.ubuntu.com/ubuntu jammy-updates/main amd64 libharfbuzz-dev amd64 2.7.4-1ubuntu3.2 [554 kB]
build-android	Install Linux Dependencies	2026-07-31T19:42:04.8209389Z Get:89 http://azure.archive.ubuntu.com/ubuntu jammy/main amd64 libdatrie-dev amd64 0.2.13-2 [19.7 kB]
build-android	Install Linux Dependencies	2026-07-31T19:42:04.8678484Z Get:90 http://azure.archive.ubuntu.com/ubuntu jammy/main amd64 libthai-dev amd64 0.1.29-1build1 [26.4 kB]
build-android	Install Linux Dependencies	2026-07-31T19:42:04.9148754Z Get:91 http://azure.archive.ubuntu.com/ubuntu jammy/main amd64 libxft-dev amd64 2.3.4-1 [52.4 kB]
build-android	Install Linux Dependencies	2026-07-31T19:42:04.9621311Z Get:92 http://azure.archive.ubuntu.com/ubuntu jammy-updates/main amd64 pango1.0-tools amd64 1.50.6+ds-2ubuntu1 [45.8 kB]
build-android	Install Linux Dependencies	2026-07-31T19:42:05.0094445Z Get:93 http://azure.archive.ubuntu.com/ubuntu jammy-updates/main amd64 libpango1.0-dev amd64 1.50.6+ds-2ubuntu1 [154 kB]
build-android	Install Linux Dependencies	2026-07-31T19:42:05.0602157Z Get:94 http://azure.archive.ubuntu.com/ubuntu jammy-updates/main amd64 libwayland-bin amd64 1.20.0-1ubuntu0.1 [20.4 kB]
build-android	Install Linux Dependencies	2026-07-31T19:42:05.1071727Z Get:95 http://azure.archive.ubuntu.com/ubuntu jammy-updates/main amd64 libwayland-dev amd64 1.20.0-1ubuntu0.1 [69.5 kB]
build-android	Install Linux Dependencies	2026-07-31T19:42:05.1553044Z Get:96 http://azure.archive.ubuntu.com/ubuntu jammy/main amd64 libxcomposite-dev amd64 1:0.4.5-1build2 [9326 B]
build-android	Install Linux Dependencies	2026-07-31T19:42:05.2021255Z Get:97 http://azure.archive.ubuntu.com/ubuntu jammy/main amd64 libxcursor-dev amd64 1:1.2.0-2build4 [28.2 kB]
build-android	Install Linux Dependencies	2026-07-31T19:42:05.2489168Z Get:98 http://azure.archive.ubuntu.com/ubuntu jammy/main amd64 libxdamage-dev amd64 1:1.1.5-2build2 [5264 B]
build-android	Install Linux Dependencies	2026-07-31T19:42:05.2957031Z Get:99 http://azure.archive.ubuntu.com/ubuntu jammy/main amd64 libxinerama-dev amd64 2:1.1.4-3 [8104 B]
build-android	Install Linux Dependencies	2026-07-31T19:42:05.3424812Z Get:100 http://azure.archive.ubuntu.com/ubuntu jammy/main amd64 libxkbcommon-dev amd64 1.4.0-1 [54.9 kB]
build-android	Install Linux Dependencies	2026-07-31T19:42:05.3900312Z Get:101 http://azure.archive.ubuntu.com/ubuntu jammy/main amd64 libxrandr-dev amd64 2:1.5.2-1build1 [26.7 kB]
build-android	Install Linux Dependencies	2026-07-31T19:42:05.4368127Z Get:102 http://azure.archive.ubuntu.com/ubuntu jammy/main amd64 wayland-protocols all 1.25-1 [70.6 kB]
build-android	Install Linux Dependencies	2026-07-31T19:42:05.4882398Z Get:103 http://azure.archive.ubuntu.com/ubuntu jammy-updates/main amd64 libgtk-3-dev amd64 3.24.33-1ubuntu2.2 [1082 kB]
build-android	Install Linux Dependencies	2026-07-31T19:42:05.5455002Z Get:104 http://azure.archive.ubuntu.com/ubuntu jammy/universe amd64 libappindicator3-dev amd64 12.10.1+20.10.20200706.1-0ubuntu1 [11.9 kB]
build-android	Install Linux Dependencies	2026-07-31T19:42:05.5932448Z Get:105 http://azure.archive.ubuntu.com/ubuntu jammy/main amd64 libdazzle-1.0-dev amd64 3.44.0-1 [121 kB]
build-android	Install Linux Dependencies	2026-07-31T19:42:05.6419144Z Get:106 http://azure.archive.ubuntu.com/ubuntu jammy/main amd64 libhyphen0 amd64 2.8.8-7build2 [28.2 kB]
build-android	Install Linux Dependencies	2026-07-31T19:42:05.6912797Z Get:107 http://azure.archive.ubuntu.com/ubuntu jammy-updates/main amd64 libjavascriptcoregtk-4.1-0 amd64 2.50.4-0ubuntu0.22.04.1 [9518 kB]
build-android	Install Linux Dependencies	2026-07-31T19:42:05.9834500Z Get:108 http://azure.archive.ubuntu.com/ubuntu jammy-updates/main amd64 libjavascriptcoregtk-4.1-dev amd64 2.50.4-0ubuntu0.22.04.1 [69.7 kB]
build-android	Install Linux Dependencies	2026-07-31T19:42:06.0406059Z Get:109 http://azure.archive.ubuntu.com/ubuntu jammy/main amd64 libjson-glib-dev amd64 1.6.6-1build1 [96.7 kB]
build-android	Install Linux Dependencies	2026-07-31T19:42:06.1536136Z Get:110 http://azure.archive.ubuntu.com/ubuntu jammy/main amd64 libevdev2 amd64 1.12.1+dfsg-1 [39.5 kB]
build-android	Install Linux Dependencies	2026-07-31T19:42:06.2014752Z Get:111 http://azure.archive.ubuntu.com/ubuntu jammy/main amd64 libmanette-0.2-0 amd64 0.2.6-3build1 [30.4 kB]
build-android	Install Linux Dependencies	2026-07-31T19:42:06.2495156Z Get:112 http://azure.archive.ubuntu.com/ubuntu jammy-updates/main amd64 libnghttp2-dev amd64 1.43.0-1ubuntu0.4 [117 kB]
build-android	Install Linux Dependencies	2026-07-31T19:42:06.2981665Z Get:113 http://azure.archive.ubuntu.com/ubuntu jammy/main amd64 libwebrtc-audio-processing1 amd64 0.3.1-0ubuntu5 [291 kB]
build-android	Install Linux Dependencies	2026-07-31T19:42:06.3565671Z Get:114 http://azure.archive.ubuntu.com/ubuntu jammy-updates/main amd64 libspa-0.2-modules amd64 0.3.48-1ubuntu3.2 [546 kB]
build-android	Install Linux Dependencies	2026-07-31T19:42:06.5186786Z Get:115 http://azure.archive.ubuntu.com/ubuntu jammy-updates/main amd64 libpipewire-0.3-0 amd64 0.3.48-1ubuntu3.2 [274 kB]
build-android	Install Linux Dependencies	2026-07-31T19:42:06.6054151Z Get:116 http://azure.archive.ubuntu.com/ubuntu jammy-updates/main amd64 libpipewire-0.3-common all 0.3.48-1ubuntu3.2 [4278 B]
build-android	Install Linux Dependencies	2026-07-31T19:42:06.6532510Z Get:117 http://azure.archive.ubuntu.com/ubuntu jammy-updates/main amd64 libpipewire-0.3-modules amd64 0.3.48-1ubuntu3.2 [525 kB]
build-android	Install Linux Dependencies	2026-07-31T19:42:06.7776059Z Get:118 http://azure.archive.ubuntu.com/ubuntu jammy-updates/main amd64 libpolkit-gobject-1-dev amd64 0.105-33ubuntu0.1 [65.4 kB]
build-android	Install Linux Dependencies	2026-07-31T19:42:06.8333692Z Get:119 http://azure.archive.ubuntu.com/ubuntu jammy/main amd64 libpsl-dev amd64 0.21.0-1.2build2 [77.9 kB]
build-android	Install Linux Dependencies	2026-07-31T19:42:06.8909276Z Get:120 http://azure.archive.ubuntu.com/ubuntu jammy/universe amd64 libsysprof-4 amd64 3.44.0-1 [136 kB]
build-android	Install Linux Dependencies	2026-07-31T19:42:06.9577399Z Get:121 http://azure.archive.ubuntu.com/ubuntu jammy/universe amd64 libsysprof-ui-4 amd64 3.44.0-1 [146 kB]
build-android	Install Linux Dependencies	2026-07-31T19:42:07.0256324Z Get:122 http://azure.archive.ubuntu.com/ubuntu jammy/universe amd64 libsysprof-4-dev amd64 3.44.0-1 [54.7 kB]
build-android	Install Linux Dependencies	2026-07-31T19:42:07.0801153Z Get:123 http://azure.archive.ubuntu.com/ubuntu jammy-updates/universe amd64 libsoup-3.0-dev amd64 3.0.7-0ubuntu1 [102 kB]
build-android	Install Linux Dependencies	2026-07-31T19:42:07.1408083Z Get:124 http://azure.archive.ubuntu.com/ubuntu jammy-updates/main amd64 xdg-dbus-proxy amd64 0.1.3-1ubuntu0.1 [24.9 kB]
build-android	Install Linux Dependencies	2026-07-31T19:42:07.1882651Z Get:125 http://azure.archive.ubuntu.com/ubuntu jammy/main amd64 libwoff1 amd64 1.0.2-1build4 [45.2 kB]
build-android	Install Linux Dependencies	2026-07-31T19:42:07.2366301Z Get:126 http://azure.archive.ubuntu.com/ubuntu jammy-updates/universe amd64 libwebkit2gtk-4.1-0 amd64 2.50.4-0ubuntu0.22.04.1 [27.3 MB]
build-android	Install Linux Dependencies	2026-07-31T19:42:07.7596800Z Get:127 http://azure.archive.ubuntu.com/ubuntu jammy-updates/universe amd64 libwebkit2gtk-4.1-dev amd64 2.50.4-0ubuntu0.22.04.1 [288 kB]
build-android	Install Linux Dependencies	2026-07-31T19:42:07.8106350Z Get:128 http://azure.archive.ubuntu.com/ubuntu jammy-updates/main amd64 pipewire-bin amd64 0.3.48-1ubuntu3.2 [312 kB]
build-android	Install Linux Dependencies	2026-07-31T19:42:07.8604924Z Get:129 http://azure.archive.ubuntu.com/ubuntu jammy-updates/main amd64 pipewire amd64 0.3.48-1ubuntu3.2 [3978 B]
build-android	Install Linux Dependencies	2026-07-31T19:42:07.9076485Z Get:130 http://azure.archive.ubuntu.com/ubuntu jammy/main amd64 pipewire-media-session amd64 0.4.1-2ubuntu1 [128 kB]
build-android	Install Linux Dependencies	2026-07-31T19:42:07.9568068Z Get:131 http://azure.archive.ubuntu.com/ubuntu jammy/main amd64 rtkit amd64 0.13-4build2 [35.1 kB]
build-android	Install Linux Dependencies	2026-07-31T19:42:08.0045498Z Get:132 http://azure.archive.ubuntu.com/ubuntu jammy-updates/main amd64 xdg-desktop-portal amd64 1.14.4-1ubuntu2~22.04.2 [265 kB]
build-android	Install Linux Dependencies	2026-07-31T19:42:08.0547548Z Get:133 http://azure.archive.ubuntu.com/ubuntu jammy/main amd64 xdg-desktop-portal-gtk amd64 1.14.0-1build1 [87.4 kB]
build-android	Install Linux Dependencies	2026-07-31T19:42:08.6002352Z Preconfiguring packages ...
build-android	Install Linux Dependencies	2026-07-31T19:42:08.6881840Z Fetched 59.6 MB in 9s (6751 kB/s)
build-android	Install Linux Dependencies	2026-07-31T19:42:08.7462910Z (Reading database ... 
build-android	Install Linux Dependencies	2026-07-31T19:42:08.7463333Z (Reading database ... 5%
build-android	Install Linux Dependencies	2026-07-31T19:42:08.7463613Z (Reading database ... 10%
build-android	Install Linux Dependencies	2026-07-31T19:42:08.7464105Z (Reading database ... 15%
build-android	Install Linux Dependencies	2026-07-31T19:42:08.7464632Z (Reading database ... 20%
build-android	Install Linux Dependencies	2026-07-31T19:42:08.7465102Z (Reading database ... 25%
build-android	Install Linux Dependencies	2026-07-31T19:42:08.7465815Z (Reading database ... 30%
build-android	Install Linux Dependencies	2026-07-31T19:42:08.7466578Z (Reading database ... 35%
build-android	Install Linux Dependencies	2026-07-31T19:42:08.7466971Z (Reading database ... 40%
build-android	Install Linux Dependencies	2026-07-31T19:42:08.7467395Z (Reading database ... 45%
build-android	Install Linux Dependencies	2026-07-31T19:42:08.7467784Z (Reading database ... 50%
build-android	Install Linux Dependencies	2026-07-31T19:42:08.8259665Z (Reading database ... 55%
build-android	Install Linux Dependencies	2026-07-31T19:42:08.9027293Z (Reading database ... 60%
build-android	Install Linux Dependencies	2026-07-31T19:42:08.9340286Z (Reading database ... 65%
build-android	Install Linux Dependencies	2026-07-31T19:42:09.0756957Z (Reading database ... 70%
build-android	Install Linux Dependencies	2026-07-31T19:42:09.3246273Z (Reading database ... 75%
build-android	Install Linux Dependencies	2026-07-31T19:42:09.5773419Z (Reading database ... 80%
build-android	Install Linux Dependencies	2026-07-31T19:42:09.8300245Z (Reading database ... 85%
build-android	Install Linux Dependencies	2026-07-31T19:42:10.0821711Z (Reading database ... 90%
build-android	Install Linux Dependencies	2026-07-31T19:42:10.2953346Z (Reading database ... 95%
build-android	Install Linux Dependencies	2026-07-31T19:42:10.2953740Z (Reading database ... 100%
build-android	Install Linux Dependencies	2026-07-31T19:42:10.2954188Z (Reading database ... 259812 files and directories currently installed.)
build-android	Install Linux Dependencies	2026-07-31T19:42:10.3020733Z Preparing to unpack .../libssl-dev_3.0.2-0ubuntu1.26_amd64.deb ...
build-android	Install Linux Dependencies	2026-07-31T19:42:10.3056985Z Unpacking libssl-dev:amd64 (3.0.2-0ubuntu1.26) over (3.0.2-0ubuntu1.25) ...
build-android	Install Linux Dependencies	2026-07-31T19:42:10.4372693Z Preparing to unpack .../libssl3_3.0.2-0ubuntu1.26_amd64.deb ...
build-android	Install Linux Dependencies	2026-07-31T19:42:10.4449032Z Unpacking libssl3:amd64 (3.0.2-0ubuntu1.26) over (3.0.2-0ubuntu1.25) ...
build-android	Install Linux Dependencies	2026-07-31T19:42:10.5178698Z Setting up libssl3:amd64 (3.0.2-0ubuntu1.26) ...
build-android	Install Linux Dependencies	2026-07-31T19:42:10.6605587Z Selecting previously unselected package bubblewrap.
build-android	Install Linux Dependencies	2026-07-31T19:42:10.6692465Z (Reading database ... 
build-android	Install Linux Dependencies	2026-07-31T19:42:10.6692826Z (Reading database ... 5%
build-android	Install Linux Dependencies	2026-07-31T19:42:10.6693197Z (Reading database ... 10%
build-android	Install Linux Dependencies	2026-07-31T19:42:10.6693596Z (Reading database ... 15%
build-android	Install Linux Dependencies	2026-07-31T19:42:10.6694465Z (Reading database ... 20%
build-android	Install Linux Dependencies	2026-07-31T19:42:10.6694711Z (Reading database ... 25%
build-android	Install Linux Dependencies	2026-07-31T19:42:10.6694946Z (Reading database ... 30%
build-android	Install Linux Dependencies	2026-07-31T19:42:10.6695193Z (Reading database ... 35%
build-android	Install Linux Dependencies	2026-07-31T19:42:10.6695687Z (Reading database ... 40%
build-android	Install Linux Dependencies	2026-07-31T19:42:10.6695921Z (Reading database ... 45%
build-android	Install Linux Dependencies	2026-07-31T19:42:10.6696337Z (Reading database ... 50%
build-android	Install Linux Dependencies	2026-07-31T19:42:10.6730016Z (Reading database ... 55%
build-android	Install Linux Dependencies	2026-07-31T19:42:10.6765940Z (Reading database ... 60%
build-android	Install Linux Dependencies	2026-07-31T19:42:10.6875861Z (Reading database ... 65%
build-android	Install Linux Dependencies	2026-07-31T19:42:10.6914550Z (Reading database ... 70%
build-android	Install Linux Dependencies	2026-07-31T19:42:10.7069333Z (Reading database ... 75%
build-android	Install Linux Dependencies	2026-07-31T19:42:10.7146749Z (Reading database ... 80%
build-android	Install Linux Dependencies	2026-07-31T19:42:10.7368240Z (Reading database ... 85%
build-android	Install Linux Dependencies	2026-07-31T19:42:10.7618533Z (Reading database ... 90%
build-android	Install Linux Dependencies	2026-07-31T19:42:10.7745909Z (Reading database ... 95%
build-android	Install Linux Dependencies	2026-07-31T19:42:10.7746437Z (Reading database ... 100%
build-android	Install Linux Dependencies	2026-07-31T19:42:10.7747139Z (Reading database ... 259812 files and directories currently installed.)
build-android	Install Linux Dependencies	2026-07-31T19:42:10.7811758Z Preparing to unpack .../000-bubblewrap_0.6.1-1ubuntu0.1_amd64.deb ...
build-android	Install Linux Dependencies	2026-07-31T19:42:10.7819453Z Unpacking bubblewrap (0.6.1-1ubuntu0.1) ...
build-android	Install Linux Dependencies	2026-07-31T19:42:10.8085881Z Selecting previously unselected package gir1.2-atk-1.0:amd64.
build-android	Install Linux Dependencies	2026-07-31T19:42:10.8298508Z Preparing to unpack .../001-gir1.2-atk-1.0_2.36.0-3build1_amd64.deb ...
build-android	Install Linux Dependencies	2026-07-31T19:42:10.8306729Z Unpacking gir1.2-atk-1.0:amd64 (2.36.0-3build1) ...
build-android	Install Linux Dependencies	2026-07-31T19:42:10.8529351Z Selecting previously unselected package gir1.2-harfbuzz-0.0:amd64.
build-android	Install Linux Dependencies	2026-07-31T19:42:10.8754760Z Preparing to unpack .../002-gir1.2-harfbuzz-0.0_2.7.4-1ubuntu3.2_amd64.deb ...
build-android	Install Linux Dependencies	2026-07-31T19:42:10.8761848Z Unpacking gir1.2-harfbuzz-0.0:amd64 (2.7.4-1ubuntu3.2) ...
build-android	Install Linux Dependencies	2026-07-31T19:42:10.8991375Z Selecting previously unselected package libpangoxft-1.0-0:amd64.
build-android	Install Linux Dependencies	2026-07-31T19:42:10.9202832Z Preparing to unpack .../003-libpangoxft-1.0-0_1.50.6+ds-2ubuntu1_amd64.deb ...
build-android	Install Linux Dependencies	2026-07-31T19:42:10.9211485Z Unpacking libpangoxft-1.0-0:amd64 (1.50.6+ds-2ubuntu1) ...
build-android	Install Linux Dependencies	2026-07-31T19:42:10.9434410Z Selecting previously unselected package gir1.2-pango-1.0:amd64.
build-android	Install Linux Dependencies	2026-07-31T19:42:10.9646466Z Preparing to unpack .../004-gir1.2-pango-1.0_1.50.6+ds-2ubuntu1_amd64.deb ...
build-android	Install Linux Dependencies	2026-07-31T19:42:10.9654623Z Unpacking gir1.2-pango-1.0:amd64 (1.50.6+ds-2ubuntu1) ...
build-android	Install Linux Dependencies	2026-07-31T19:42:10.9885398Z Selecting previously unselected package gir1.2-gtk-3.0:amd64.
build-android	Install Linux Dependencies	2026-07-31T19:42:11.0096939Z Preparing to unpack .../005-gir1.2-gtk-3.0_3.24.33-1ubuntu2.2_amd64.deb ...
build-android	Install Linux Dependencies	2026-07-31T19:42:11.0104714Z Unpacking gir1.2-gtk-3.0:amd64 (3.24.33-1ubuntu2.2) ...
build-android	Install Linux Dependencies	2026-07-31T19:42:11.0373450Z Selecting previously unselected package libappindicator3-1.
build-android	Install Linux Dependencies	2026-07-31T19:42:11.0584302Z Preparing to unpack .../006-libappindicator3-1_12.10.1+20.10.20200706.1-0ubuntu1_amd64.deb ...
build-android	Install Linux Dependencies	2026-07-31T19:42:11.0593393Z Unpacking libappindicator3-1 (12.10.1+20.10.20200706.1-0ubuntu1) ...
build-android	Install Linux Dependencies	2026-07-31T19:42:11.0838139Z Selecting previously unselected package gir1.2-appindicator3-0.1.
build-android	Install Linux Dependencies	2026-07-31T19:42:11.1049580Z Preparing to unpack .../007-gir1.2-appindicator3-0.1_12.10.1+20.10.20200706.1-0ubuntu1_amd64.deb ...
build-android	Install Linux Dependencies	2026-07-31T19:42:11.1056161Z Unpacking gir1.2-appindicator3-0.1 (12.10.1+20.10.20200706.1-0ubuntu1) ...
build-android	Install Linux Dependencies	2026-07-31T19:42:11.1273023Z Selecting previously unselected package gir1.2-atspi-2.0:amd64.
build-android	Install Linux Dependencies	2026-07-31T19:42:11.1486243Z Preparing to unpack .../008-gir1.2-atspi-2.0_2.44.0-3_amd64.deb ...
build-android	Install Linux Dependencies	2026-07-31T19:42:11.1493671Z Unpacking gir1.2-atspi-2.0:amd64 (2.44.0-3) ...
build-android	Install Linux Dependencies	2026-07-31T19:42:11.1718996Z Selecting previously unselected package libdazzle-common.
build-android	Install Linux Dependencies	2026-07-31T19:42:11.1933988Z Preparing to unpack .../009-libdazzle-common_3.44.0-1_all.deb ...
build-android	Install Linux Dependencies	2026-07-31T19:42:11.1941972Z Unpacking libdazzle-common (3.44.0-1) ...
build-android	Install Linux Dependencies	2026-07-31T19:42:11.2166767Z Selecting previously unselected package libdazzle-1.0-0:amd64.
build-android	Install Linux Dependencies	2026-07-31T19:42:11.2375554Z Preparing to unpack .../010-libdazzle-1.0-0_3.44.0-1_amd64.deb ...
build-android	Install Linux Dependencies	2026-07-31T19:42:11.2383374Z Unpacking libdazzle-1.0-0:amd64 (3.44.0-1) ...
build-android	Install Linux Dependencies	2026-07-31T19:42:11.2640413Z Selecting previously unselected package gir1.2-dazzle-1.0:amd64.
build-android	Install Linux Dependencies	2026-07-31T19:42:11.2848685Z Preparing to unpack .../011-gir1.2-dazzle-1.0_3.44.0-1_amd64.deb ...
build-android	Install Linux Dependencies	2026-07-31T19:42:11.2855927Z Unpacking gir1.2-dazzle-1.0:amd64 (3.44.0-1) ...
build-android	Install Linux Dependencies	2026-07-31T19:42:11.3081996Z Selecting previously unselected package gir1.2-dbusmenu-glib-0.4:amd64.
build-android	Install Linux Dependencies	2026-07-31T19:42:11.3290119Z Preparing to unpack .../012-gir1.2-dbusmenu-glib-0.4_16.04.1+18.10.20180917-0ubuntu8_amd64.deb ...
build-android	Install Linux Dependencies	2026-07-31T19:42:11.3298584Z Unpacking gir1.2-dbusmenu-glib-0.4:amd64 (16.04.1+18.10.20180917-0ubuntu8) ...
build-android	Install Linux Dependencies	2026-07-31T19:42:11.3513203Z Selecting previously unselected package gir1.2-json-1.0:amd64.
build-android	Install Linux Dependencies	2026-07-31T19:42:11.3721343Z Preparing to unpack .../013-gir1.2-json-1.0_1.6.6-1build1_amd64.deb ...
build-android	Install Linux Dependencies	2026-07-31T19:42:11.3730303Z Unpacking gir1.2-json-1.0:amd64 (1.6.6-1build1) ...
build-android	Install Linux Dependencies	2026-07-31T19:42:11.3943184Z Selecting previously unselected package gir1.2-polkit-1.0.
build-android	Install Linux Dependencies	2026-07-31T19:42:11.4152270Z Preparing to unpack .../014-gir1.2-polkit-1.0_0.105-33ubuntu0.1_amd64.deb ...
build-android	Install Linux Dependencies	2026-07-31T19:42:11.4159943Z Unpacking gir1.2-polkit-1.0 (0.105-33ubuntu0.1) ...
build-android	Install Linux Dependencies	2026-07-31T19:42:11.4376790Z Selecting previously unselected package libsoup-3.0-common.
build-android	Install Linux Dependencies	2026-07-31T19:42:11.4586049Z Preparing to unpack .../015-libsoup-3.0-common_3.0.7-0ubuntu1_all.deb ...
build-android	Install Linux Dependencies	2026-07-31T19:42:11.4594609Z Unpacking libsoup-3.0-common (3.0.7-0ubuntu1) ...
build-android	Install Linux Dependencies	2026-07-31T19:42:11.5908664Z Selecting previously unselected package libsoup-3.0-0:amd64.
build-android	Install Linux Dependencies	2026-07-31T19:42:11.6119816Z Preparing to unpack .../016-libsoup-3.0-0_3.0.7-0ubuntu1_amd64.deb ...
build-android	Install Linux Dependencies	2026-07-31T19:42:11.6128030Z Unpacking libsoup-3.0-0:amd64 (3.0.7-0ubuntu1) ...
build-android	Install Linux Dependencies	2026-07-31T19:42:11.6379845Z Selecting previously unselected package gir1.2-soup-3.0:amd64.
build-android	Install Linux Dependencies	2026-07-31T19:42:11.6590829Z Preparing to unpack .../017-gir1.2-soup-3.0_3.0.7-0ubuntu1_amd64.deb ...
build-android	Install Linux Dependencies	2026-07-31T19:42:11.6600219Z Unpacking gir1.2-soup-3.0:amd64 (3.0.7-0ubuntu1) ...
build-android	Install Linux Dependencies	2026-07-31T19:42:11.6825927Z Selecting previously unselected package libgraphene-1.0-0:amd64.
build-android	Install Linux Dependencies	2026-07-31T19:42:11.7035685Z Preparing to unpack .../018-libgraphene-1.0-0_1.10.8-1_amd64.deb ...
build-android	Install Linux Dependencies	2026-07-31T19:42:11.7043899Z Unpacking libgraphene-1.0-0:amd64 (1.10.8-1) ...
build-android	Install Linux Dependencies	2026-07-31T19:42:11.7277922Z Selecting previously unselected package libegl-mesa0:amd64.
build-android	Install Linux Dependencies	2026-07-31T19:42:11.7489619Z Preparing to unpack .../019-libegl-mesa0_23.2.1-1ubuntu3.1~22.04.4_amd64.deb ...
build-android	Install Linux Dependencies	2026-07-31T19:42:11.7497150Z Unpacking libegl-mesa0:amd64 (23.2.1-1ubuntu3.1~22.04.4) ...
build-android	Install Linux Dependencies	2026-07-31T19:42:11.7747303Z Selecting previously unselected package libegl1:amd64.
build-android	Install Linux Dependencies	2026-07-31T19:42:11.7957024Z Preparing to unpack .../020-libegl1_1.4.0-1_amd64.deb ...
build-android	Install Linux Dependencies	2026-07-31T19:42:11.7964710Z Unpacking libegl1:amd64 (1.4.0-1) ...
build-android	Install Linux Dependencies	2026-07-31T19:42:11.8193630Z Selecting previously unselected package liborc-0.4-0:amd64.
build-android	Install Linux Dependencies	2026-07-31T19:42:11.8403257Z Preparing to unpack .../021-liborc-0.4-0_1%3a0.4.32-2ubuntu0.1_amd64.deb ...
build-android	Install Linux Dependencies	2026-07-31T19:42:11.8422855Z Unpacking liborc-0.4-0:amd64 (1:0.4.32-2ubuntu0.1) ...
build-android	Install Linux Dependencies	2026-07-31T19:42:11.8696509Z Selecting previously unselected package libgstreamer-plugins-base1.0-0:amd64.
build-android	Install Linux Dependencies	2026-07-31T19:42:11.8906968Z Preparing to unpack .../022-libgstreamer-plugins-base1.0-0_1.20.1-1ubuntu0.6_amd64.deb ...
build-android	Install Linux Dependencies	2026-07-31T19:42:11.8915005Z Unpacking libgstreamer-plugins-base1.0-0:amd64 (1.20.1-1ubuntu0.6) ...
build-android	Install Linux Dependencies	2026-07-31T19:42:11.9268153Z Selecting previously unselected package libgstreamer-gl1.0-0:amd64.
build-android	Install Linux Dependencies	2026-07-31T19:42:11.9480821Z Preparing to unpack .../023-libgstreamer-gl1.0-0_1.20.1-1ubuntu0.6_amd64.deb ...
build-android	Install Linux Dependencies	2026-07-31T19:42:11.9489737Z Unpacking libgstreamer-gl1.0-0:amd64 (1.20.1-1ubuntu0.6) ...
build-android	Install Linux Dependencies	2026-07-31T19:42:11.9728733Z Selecting previously unselected package gstreamer1.0-gl:amd64.
build-android	Install Linux Dependencies	2026-07-31T19:42:11.9939027Z Preparing to unpack .../024-gstreamer1.0-gl_1.20.1-1ubuntu0.6_amd64.deb ...
build-android	Install Linux Dependencies	2026-07-31T19:42:11.9946815Z Unpacking gstreamer1.0-gl:amd64 (1.20.1-1ubuntu0.6) ...
build-android	Install Linux Dependencies	2026-07-31T19:42:12.0182351Z Selecting previously unselected package libcdparanoia0:amd64.
build-android	Install Linux Dependencies	2026-07-31T19:42:12.0392174Z Preparing to unpack .../025-libcdparanoia0_3.10.2+debian-14build2_amd64.deb ...
build-android	Install Linux Dependencies	2026-07-31T19:42:12.0399530Z Unpacking libcdparanoia0:amd64 (3.10.2+debian-14build2) ...
build-android	Install Linux Dependencies	2026-07-31T19:42:12.0651131Z Selecting previously unselected package libopus0:amd64.
build-android	Install Linux Dependencies	2026-07-31T19:42:12.0862250Z Preparing to unpack .../026-libopus0_1.3.1-0.1build2_amd64.deb ...
build-android	Install Linux Dependencies	2026-07-31T19:42:12.0870742Z Unpacking libopus0:amd64 (1.3.1-0.1build2) ...
build-android	Install Linux Dependencies	2026-07-31T19:42:12.1117374Z Selecting previously unselected package libtheora0:amd64.
build-android	Install Linux Dependencies	2026-07-31T19:42:12.1327701Z Preparing to unpack .../027-libtheora0_1.1.1+dfsg.1-15ubuntu4_amd64.deb ...
build-android	Install Linux Dependencies	2026-07-31T19:42:12.1335980Z Unpacking libtheora0:amd64 (1.1.1+dfsg.1-15ubuntu4) ...
build-android	Install Linux Dependencies	2026-07-31T19:42:12.1632530Z Selecting previously unselected package libvisual-0.4-0:amd64.
build-android	Install Linux Dependencies	2026-07-31T19:42:12.1841235Z Preparing to unpack .../028-libvisual-0.4-0_0.4.0-17build2_amd64.deb ...
build-android	Install Linux Dependencies	2026-07-31T19:42:12.1850508Z Unpacking libvisual-0.4-0:amd64 (0.4.0-17build2) ...
build-android	Install Linux Dependencies	2026-07-31T19:42:12.2106797Z Selecting previously unselected package libvorbisenc2:amd64.
build-android	Install Linux Dependencies	2026-07-31T19:42:12.2316854Z Preparing to unpack .../029-libvorbisenc2_1.3.7-1build2_amd64.deb ...
build-android	Install Linux Dependencies	2026-07-31T19:42:12.2325060Z Unpacking libvorbisenc2:amd64 (1.3.7-1build2) ...
build-android	Install Linux Dependencies	2026-07-31T19:42:12.2568201Z Selecting previously unselected package gstreamer1.0-plugins-base:amd64.
build-android	Install Linux Dependencies	2026-07-31T19:42:12.2778194Z Preparing to unpack .../030-gstreamer1.0-plugins-base_1.20.1-1ubuntu0.6_amd64.deb ...
build-android	Install Linux Dependencies	2026-07-31T19:42:12.2784627Z Unpacking gstreamer1.0-plugins-base:amd64 (1.20.1-1ubuntu0.6) ...
build-android	Install Linux Dependencies	2026-07-31T19:42:12.3128562Z Selecting previously unselected package libaa1:amd64.
build-android	Install Linux Dependencies	2026-07-31T19:42:12.3338340Z Preparing to unpack .../031-libaa1_1.4p5-50build1_amd64.deb ...
build-android	Install Linux Dependencies	2026-07-31T19:42:12.3346806Z Unpacking libaa1:amd64 (1.4p5-50build1) ...
build-android	Install Linux Dependencies	2026-07-31T19:42:12.3585196Z Selecting previously unselected package libraw1394-11:amd64.
build-android	Install Linux Dependencies	2026-07-31T19:42:12.3807373Z Preparing to unpack .../032-libraw1394-11_2.1.2-2build2_amd64.deb ...
build-android	Install Linux Dependencies	2026-07-31T19:42:12.3816740Z Unpacking libraw1394-11:amd64 (2.1.2-2build2) ...
build-android	Install Linux Dependencies	2026-07-31T19:42:12.4057741Z Selecting previously unselected package libavc1394-0:amd64.
build-android	Install Linux Dependencies	2026-07-31T19:42:12.4268341Z Preparing to unpack .../033-libavc1394-0_0.5.4-5build2_amd64.deb ...
build-android	Install Linux Dependencies	2026-07-31T19:42:12.4277021Z Unpacking libavc1394-0:amd64 (0.5.4-5build2) ...
build-android	Install Linux Dependencies	2026-07-31T19:42:12.4507145Z Selecting previously unselected package libcaca0:amd64.
build-android	Install Linux Dependencies	2026-07-31T19:42:12.4717007Z Preparing to unpack .../034-libcaca0_0.99.beta19-2.2ubuntu4.2_amd64.deb ...
build-android	Install Linux Dependencies	2026-07-31T19:42:12.4725939Z Unpacking libcaca0:amd64 (0.99.beta19-2.2ubuntu4.2) ...
build-android	Install Linux Dependencies	2026-07-31T19:42:12.4994988Z Selecting previously unselected package libdv4:amd64.
build-android	Install Linux Dependencies	2026-07-31T19:42:12.5205762Z Preparing to unpack .../035-libdv4_1.0.0-14build1_amd64.deb ...
build-android	Install Linux Dependencies	2026-07-31T19:42:12.5213238Z Unpacking libdv4:amd64 (1.0.0-14build1) ...
build-android	Install Linux Dependencies	2026-07-31T19:42:12.5448262Z Selecting previously unselected package libflac8:amd64.
build-android	Install Linux Dependencies	2026-07-31T19:42:12.5655934Z Preparing to unpack .../036-libflac8_1.3.3-2ubuntu0.2_amd64.deb ...
build-android	Install Linux Dependencies	2026-07-31T19:42:12.5663369Z Unpacking libflac8:amd64 (1.3.3-2ubuntu0.2) ...
build-android	Install Linux Dependencies	2026-07-31T19:42:12.5897366Z Selecting previously unselected package libgstreamer-plugins-good1.0-0:amd64.
build-android	Install Linux Dependencies	2026-07-31T19:42:12.6106983Z Preparing to unpack .../037-libgstreamer-plugins-good1.0-0_1.20.3-0ubuntu1.7_amd64.deb ...
build-android	Install Linux Dependencies	2026-07-31T19:42:12.6114902Z Unpacking libgstreamer-plugins-good1.0-0:amd64 (1.20.3-0ubuntu1.7) ...
build-android	Install Linux Dependencies	2026-07-31T19:42:12.6354182Z Selecting previously unselected package libiec61883-0:amd64.
build-android	Install Linux Dependencies	2026-07-31T19:42:12.6565961Z Preparing to unpack .../038-libiec61883-0_1.2.0-4build3_amd64.deb ...
build-android	Install Linux Dependencies	2026-07-31T19:42:12.6574142Z Unpacking libiec61883-0:amd64 (1.2.0-4build3) ...
build-android	Install Linux Dependencies	2026-07-31T19:42:12.6811140Z Selecting previously unselected package libsamplerate0:amd64.
build-android	Install Linux Dependencies	2026-07-31T19:42:12.7023439Z Preparing to unpack .../039-libsamplerate0_0.2.2-1build1_amd64.deb ...
build-android	Install Linux Dependencies	2026-07-31T19:42:12.7032197Z Unpacking libsamplerate0:amd64 (0.2.2-1build1) ...
build-android	Install Linux Dependencies	2026-07-31T19:42:12.7321388Z Selecting previously unselected package libjack-jackd2-0:amd64.
build-android	Install Linux Dependencies	2026-07-31T19:42:12.7532060Z Preparing to unpack .../040-libjack-jackd2-0_1.9.20~dfsg-1_amd64.deb ...
build-android	Install Linux Dependencies	2026-07-31T19:42:12.7540228Z Unpacking libjack-jackd2-0:amd64 (1.9.20~dfsg-1) ...
build-android	Install Linux Dependencies	2026-07-31T19:42:12.7814657Z Selecting previously unselected package libmp3lame0:amd64.
build-android	Install Linux Dependencies	2026-07-31T19:42:12.8022829Z Preparing to unpack .../041-libmp3lame0_3.100-3build2_amd64.deb ...
build-android	Install Linux Dependencies	2026-07-31T19:42:12.8031314Z Unpacking libmp3lame0:amd64 (3.100-3build2) ...
build-android	Install Linux Dependencies	2026-07-31T19:42:12.8273039Z Selecting previously unselected package libmpg123-0:amd64.
build-android	Install Linux Dependencies	2026-07-31T19:42:12.8484602Z Preparing to unpack .../042-libmpg123-0_1.29.3-1ubuntu0.1_amd64.deb ...
build-android	Install Linux Dependencies	2026-07-31T19:42:12.8491853Z Unpacking libmpg123-0:amd64 (1.29.3-1ubuntu0.1) ...
build-android	Install Linux Dependencies	2026-07-31T19:42:12.8736962Z Selecting previously unselected package libasyncns0:amd64.
build-android	Install Linux Dependencies	2026-07-31T19:42:12.8945940Z Preparing to unpack .../043-libasyncns0_0.8-6build2_amd64.deb ...
build-android	Install Linux Dependencies	2026-07-31T19:42:12.8955045Z Unpacking libasyncns0:amd64 (0.8-6build2) ...
build-android	Install Linux Dependencies	2026-07-31T19:42:12.9179496Z Selecting previously unselected package libsndfile1:amd64.
build-android	Install Linux Dependencies	2026-07-31T19:42:12.9390385Z Preparing to unpack .../044-libsndfile1_1.0.31-2ubuntu0.2_amd64.deb ...
build-android	Install Linux Dependencies	2026-07-31T19:42:12.9397656Z Unpacking libsndfile1:amd64 (1.0.31-2ubuntu0.2) ...
build-android	Install Linux Dependencies	2026-07-31T19:42:12.9686704Z Selecting previously unselected package libpulse0:amd64.
build-android	Install Linux Dependencies	2026-07-31T19:42:12.9901897Z Preparing to unpack .../045-libpulse0_1%3a15.99.1+dfsg1-1ubuntu2.2_amd64.deb ...
build-android	Install Linux Dependencies	2026-07-31T19:42:12.9980498Z Unpacking libpulse0:amd64 (1:15.99.1+dfsg1-1ubuntu2.2) ...
build-android	Install Linux Dependencies	2026-07-31T19:42:13.0258390Z Selecting previously unselected package libspeex1:amd64.
build-android	Install Linux Dependencies	2026-07-31T19:42:13.0467758Z Preparing to unpack .../046-libspeex1_1.2~rc1.2-1.1ubuntu3_amd64.deb ...
build-android	Install Linux Dependencies	2026-07-31T19:42:13.0476097Z Unpacking libspeex1:amd64 (1.2~rc1.2-1.1ubuntu3) ...
build-android	Install Linux Dependencies	2026-07-31T19:42:13.0715359Z Selecting previously unselected package libshout3:amd64.
build-android	Install Linux Dependencies	2026-07-31T19:42:13.0926193Z Preparing to unpack .../047-libshout3_2.4.5-1build3_amd64.deb ...
build-android	Install Linux Dependencies	2026-07-31T19:42:13.0935055Z Unpacking libshout3:amd64 (2.4.5-1build3) ...
build-android	Install Linux Dependencies	2026-07-31T19:42:13.1178207Z Selecting previously unselected package libtag1v5-vanilla:amd64.
build-android	Install Linux Dependencies	2026-07-31T19:42:13.1389541Z Preparing to unpack .../048-libtag1v5-vanilla_1.11.1+dfsg.1-3ubuntu3_amd64.deb ...
build-android	Install Linux Dependencies	2026-07-31T19:42:13.1397718Z Unpacking libtag1v5-vanilla:amd64 (1.11.1+dfsg.1-3ubuntu3) ...
build-android	Install Linux Dependencies	2026-07-31T19:42:13.1664738Z Selecting previously unselected package libtag1v5:amd64.
build-android	Install Linux Dependencies	2026-07-31T19:42:13.1875094Z Preparing to unpack .../049-libtag1v5_1.11.1+dfsg.1-3ubuntu3_amd64.deb ...
build-android	Install Linux Dependencies	2026-07-31T19:42:13.1882227Z Unpacking libtag1v5:amd64 (1.11.1+dfsg.1-3ubuntu3) ...
build-android	Install Linux Dependencies	2026-07-31T19:42:13.2107067Z Selecting previously unselected package libtwolame0:amd64.
build-android	Install Linux Dependencies	2026-07-31T19:42:13.2318197Z Preparing to unpack .../050-libtwolame0_0.4.0-2build2_amd64.deb ...
build-android	Install Linux Dependencies	2026-07-31T19:42:13.2325993Z Unpacking libtwolame0:amd64 (0.4.0-2build2) ...
build-android	Install Linux Dependencies	2026-07-31T19:42:13.2556063Z Selecting previously unselected package libv4lconvert0:amd64.
build-android	Install Linux Dependencies	2026-07-31T19:42:13.2765186Z Preparing to unpack .../051-libv4lconvert0_1.22.1-2build1_amd64.deb ...
build-android	Install Linux Dependencies	2026-07-31T19:42:13.2774222Z Unpacking libv4lconvert0:amd64 (1.22.1-2build1) ...
build-android	Install Linux Dependencies	2026-07-31T19:42:13.3015799Z Selecting previously unselected package libv4l-0:amd64.
build-android	Install Linux Dependencies	2026-07-31T19:42:13.3225952Z Preparing to unpack .../052-libv4l-0_1.22.1-2build1_amd64.deb ...
build-android	Install Linux Dependencies	2026-07-31T19:42:13.3234007Z Unpacking libv4l-0:amd64 (1.22.1-2build1) ...
build-android	Install Linux Dependencies	2026-07-31T19:42:13.3486566Z Selecting previously unselected package libvpx7:amd64.
build-android	Install Linux Dependencies	2026-07-31T19:42:13.3697577Z Preparing to unpack .../053-libvpx7_1.11.0-2ubuntu2.5_amd64.deb ...
build-android	Install Linux Dependencies	2026-07-31T19:42:13.3705429Z Unpacking libvpx7:amd64 (1.11.0-2ubuntu2.5) ...
build-android	Install Linux Dependencies	2026-07-31T19:42:13.4066166Z Selecting previously unselected package libwavpack1:amd64.
build-android	Install Linux Dependencies	2026-07-31T19:42:13.4277931Z Preparing to unpack .../054-libwavpack1_5.4.0-1build2_amd64.deb ...
build-android	Install Linux Dependencies	2026-07-31T19:42:13.4285856Z Unpacking libwavpack1:amd64 (5.4.0-1build2) ...
build-android	Install Linux Dependencies	2026-07-31T19:42:13.4516490Z Selecting previously unselected package gstreamer1.0-plugins-good:amd64.
build-android	Install Linux Dependencies	2026-07-31T19:42:13.4728276Z Preparing to unpack .../055-gstreamer1.0-plugins-good_1.20.3-0ubuntu1.7_amd64.deb ...
build-android	Install Linux Dependencies	2026-07-31T19:42:13.4737389Z Unpacking gstreamer1.0-plugins-good:amd64 (1.20.3-0ubuntu1.7) ...
build-android	Install Linux Dependencies	2026-07-31T19:42:13.5339119Z Selecting previously unselected package libxv1:amd64.
build-android	Install Linux Dependencies	2026-07-31T19:42:13.5548826Z Preparing to unpack .../056-libxv1_2%3a1.0.11-1build2_amd64.deb ...
build-android	Install Linux Dependencies	2026-07-31T19:42:13.5558335Z Unpacking libxv1:amd64 (2:1.0.11-1build2) ...
build-android	Install Linux Dependencies	2026-07-31T19:42:13.5787499Z Selecting previously unselected package gstreamer1.0-x:amd64.
build-android	Install Linux Dependencies	2026-07-31T19:42:13.5987613Z Preparing to unpack .../057-gstreamer1.0-x_1.20.1-1ubuntu0.6_amd64.deb ...
build-android	Install Linux Dependencies	2026-07-31T19:42:13.5994649Z Unpacking gstreamer1.0-x:amd64 (1.20.1-1ubuntu0.6) ...
build-android	Install Linux Dependencies	2026-07-31T19:42:13.6238918Z Selecting previously unselected package libdbus-1-dev:amd64.
build-android	Install Linux Dependencies	2026-07-31T19:42:13.6448312Z Preparing to unpack .../058-libdbus-1-dev_1.12.20-2ubuntu4.1_amd64.deb ...
build-android	Install Linux Dependencies	2026-07-31T19:42:13.6460258Z Unpacking libdbus-1-dev:amd64 (1.12.20-2ubuntu4.1) ...
build-android	Install Linux Dependencies	2026-07-31T19:42:13.6767286Z Selecting previously unselected package libdbus-glib-1-dev-bin.
build-android	Install Linux Dependencies	2026-07-31T19:42:13.6978162Z Preparing to unpack .../059-libdbus-glib-1-dev-bin_0.112-2build1_amd64.deb ...
build-android	Install Linux Dependencies	2026-07-31T19:42:13.6985785Z Unpacking libdbus-glib-1-dev-bin (0.112-2build1) ...
build-android	Install Linux Dependencies	2026-07-31T19:42:13.7210549Z Selecting previously unselected package libdbus-glib-1-dev:amd64.
build-android	Install Linux Dependencies	2026-07-31T19:42:13.7420439Z Preparing to unpack .../060-libdbus-glib-1-dev_0.112-2build1_amd64.deb ...
build-android	Install Linux Dependencies	2026-07-31T19:42:13.7427726Z Unpacking libdbus-glib-1-dev:amd64 (0.112-2build1) ...
build-android	Install Linux Dependencies	2026-07-31T19:42:13.7670699Z Selecting previously unselected package libdbusmenu-glib-dev:amd64.
build-android	Install Linux Dependencies	2026-07-31T19:42:13.7883510Z Preparing to unpack .../061-libdbusmenu-glib-dev_16.04.1+18.10.20180917-0ubuntu8_amd64.deb ...
build-android	Install Linux Dependencies	2026-07-31T19:42:13.7890397Z Unpacking libdbusmenu-glib-dev:amd64 (16.04.1+18.10.20180917-0ubuntu8) ...
build-android	Install Linux Dependencies	2026-07-31T19:42:13.8158060Z Selecting previously unselected package libatk1.0-dev:amd64.
build-android	Install Linux Dependencies	2026-07-31T19:42:13.8368299Z Preparing to unpack .../062-libatk1.0-dev_2.36.0-3build1_amd64.deb ...
build-android	Install Linux Dependencies	2026-07-31T19:42:13.8377736Z Unpacking libatk1.0-dev:amd64 (2.36.0-3build1) ...
build-android	Install Linux Dependencies	2026-07-31T19:42:13.8688565Z Selecting previously unselected package libxfixes-dev:amd64.
build-android	Install Linux Dependencies	2026-07-31T19:42:13.8900384Z Preparing to unpack .../063-libxfixes-dev_1%3a6.0.0-1_amd64.deb ...
build-android	Install Linux Dependencies	2026-07-31T19:42:13.8910057Z Unpacking libxfixes-dev:amd64 (1:6.0.0-1) ...
build-android	Install Linux Dependencies	2026-07-31T19:42:13.9156961Z Selecting previously unselected package libxi-dev:amd64.
build-android	Install Linux Dependencies	2026-07-31T19:42:13.9383415Z Preparing to unpack .../064-libxi-dev_2%3a1.8-1build1_amd64.deb ...
build-android	Install Linux Dependencies	2026-07-31T19:42:13.9392069Z Unpacking libxi-dev:amd64 (2:1.8-1build1) ...
build-android	Install Linux Dependencies	2026-07-31T19:42:13.9760178Z Selecting previously unselected package libxtst-dev:amd64.
build-android	Install Linux Dependencies	2026-07-31T19:42:13.9971326Z Preparing to unpack .../065-libxtst-dev_2%3a1.2.3-1build4_amd64.deb ...
build-android	Install Linux Dependencies	2026-07-31T19:42:13.9979835Z Unpacking libxtst-dev:amd64 (2:1.2.3-1build4) ...
build-android	Install Linux Dependencies	2026-07-31T19:42:14.0219591Z Selecting previously unselected package libatspi2.0-dev:amd64.
build-android	Install Linux Dependencies	2026-07-31T19:42:14.0431297Z Preparing to unpack .../066-libatspi2.0-dev_2.44.0-3_amd64.deb ...
build-android	Install Linux Dependencies	2026-07-31T19:42:14.0439791Z Unpacking libatspi2.0-dev:amd64 (2.44.0-3) ...
build-android	Install Linux Dependencies	2026-07-31T19:42:14.0737944Z Selecting previously unselected package libatk-bridge2.0-dev:amd64.
build-android	Install Linux Dependencies	2026-07-31T19:42:14.0949556Z Preparing to unpack .../067-libatk-bridge2.0-dev_2.38.0-3_amd64.deb ...
build-android	Install Linux Dependencies	2026-07-31T19:42:14.0957616Z Unpacking libatk-bridge2.0-dev:amd64 (2.38.0-3) ...
build-android	Install Linux Dependencies	2026-07-31T19:42:14.1179434Z Selecting previously unselected package libglx-dev:amd64.
build-android	Install Linux Dependencies	2026-07-31T19:42:14.1387887Z Preparing to unpack .../068-libglx-dev_1.4.0-1_amd64.deb ...
build-android	Install Linux Dependencies	2026-07-31T19:42:14.1397336Z Unpacking libglx-dev:amd64 (1.4.0-1) ...
build-android	Install Linux Dependencies	2026-07-31T19:42:14.1632817Z Selecting previously unselected package libgl-dev:amd64.
build-android	Install Linux Dependencies	2026-07-31T19:42:14.1845432Z Preparing to unpack .../069-libgl-dev_1.4.0-1_amd64.deb ...
build-android	Install Linux Dependencies	2026-07-31T19:42:14.1852778Z Unpacking libgl-dev:amd64 (1.4.0-1) ...
build-android	Install Linux Dependencies	2026-07-31T19:42:14.2131370Z Selecting previously unselected package libegl-dev:amd64.
build-android	Install Linux Dependencies	2026-07-31T19:42:14.2343186Z Preparing to unpack .../070-libegl-dev_1.4.0-1_amd64.deb ...
build-android	Install Linux Dependencies	2026-07-31T19:42:14.2352650Z Unpacking libegl-dev:amd64 (1.4.0-1) ...
build-android	Install Linux Dependencies	2026-07-31T19:42:14.2583885Z Selecting previously unselected package libglvnd-core-dev:amd64.
build-android	Install Linux Dependencies	2026-07-31T19:42:14.2796230Z Preparing to unpack .../071-libglvnd-core-dev_1.4.0-1_amd64.deb ...
build-android	Install Linux Dependencies	2026-07-31T19:42:14.2805144Z Unpacking libglvnd-core-dev:amd64 (1.4.0-1) ...
build-android	Install Linux Dependencies	2026-07-31T19:42:14.3044228Z Selecting previously unselected package libgles1:amd64.
build-android	Install Linux Dependencies	2026-07-31T19:42:14.3254523Z Preparing to unpack .../072-libgles1_1.4.0-1_amd64.deb ...
build-android	Install Linux Dependencies	2026-07-31T19:42:14.3262527Z Unpacking libgles1:amd64 (1.4.0-1) ...
build-android	Install Linux Dependencies	2026-07-31T19:42:14.3493138Z Selecting previously unselected package libgles2:amd64.
build-android	Install Linux Dependencies	2026-07-31T19:42:14.3704962Z Preparing to unpack .../073-libgles2_1.4.0-1_amd64.deb ...
build-android	Install Linux Dependencies	2026-07-31T19:42:14.3714161Z Unpacking libgles2:amd64 (1.4.0-1) ...
build-android	Install Linux Dependencies	2026-07-31T19:42:14.3939898Z Selecting previously unselected package libgles-dev:amd64.
build-android	Install Linux Dependencies	2026-07-31T19:42:14.4150230Z Preparing to unpack .../074-libgles-dev_1.4.0-1_amd64.deb ...
build-android	Install Linux Dependencies	2026-07-31T19:42:14.4157316Z Unpacking libgles-dev:amd64 (1.4.0-1) ...
build-android	Install Linux Dependencies	2026-07-31T19:42:14.4438472Z Selecting previously unselected package libopengl0:amd64.
build-android	Install Linux Dependencies	2026-07-31T19:42:14.4648273Z Preparing to unpack .../075-libopengl0_1.4.0-1_amd64.deb ...
build-android	Install Linux Dependencies	2026-07-31T19:42:14.4657113Z Unpacking libopengl0:amd64 (1.4.0-1) ...
build-android	Install Linux Dependencies	2026-07-31T19:42:14.4902405Z Selecting previously unselected package libopengl-dev:amd64.
build-android	Install Linux Dependencies	2026-07-31T19:42:14.5113393Z Preparing to unpack .../076-libopengl-dev_1.4.0-1_amd64.deb ...
build-android	Install Linux Dependencies	2026-07-31T19:42:14.5121712Z Unpacking libopengl-dev:amd64 (1.4.0-1) ...
build-android	Install Linux Dependencies	2026-07-31T19:42:14.5344834Z Selecting previously unselected package libglvnd-dev:amd64.
build-android	Install Linux Dependencies	2026-07-31T19:42:14.5554750Z Preparing to unpack .../077-libglvnd-dev_1.4.0-1_amd64.deb ...
build-android	Install Linux Dependencies	2026-07-31T19:42:14.5562220Z Unpacking libglvnd-dev:amd64 (1.4.0-1) ...
build-android	Install Linux Dependencies	2026-07-31T19:42:14.5788871Z Selecting previously unselected package libegl1-mesa-dev:amd64.
build-android	Install Linux Dependencies	2026-07-31T19:42:14.6002672Z Preparing to unpack .../078-libegl1-mesa-dev_23.2.1-1ubuntu3.1~22.04.4_amd64.deb ...
build-android	Install Linux Dependencies	2026-07-31T19:42:14.6010413Z Unpacking libegl1-mesa-dev:amd64 (23.2.1-1ubuntu3.1~22.04.4) ...
build-android	Install Linux Dependencies	2026-07-31T19:42:14.6260624Z Selecting previously unselected package libepoxy-dev:amd64.
build-android	Install Linux Dependencies	2026-07-31T19:42:14.6472379Z Preparing to unpack .../079-libepoxy-dev_1.5.10-1_amd64.deb ...
build-android	Install Linux Dependencies	2026-07-31T19:42:14.6479988Z Unpacking libepoxy-dev:amd64 (1.5.10-1) ...
build-android	Install Linux Dependencies	2026-07-31T19:42:14.6767454Z Selecting previously unselected package libfribidi-dev:amd64.
build-android	Install Linux Dependencies	2026-07-31T19:42:14.6978145Z Preparing to unpack .../080-libfribidi-dev_1.0.8-2ubuntu3.1_amd64.deb ...
build-android	Install Linux Dependencies	2026-07-31T19:42:14.6985075Z Unpacking libfribidi-dev:amd64 (1.0.8-2ubuntu3.1) ...
build-android	Install Linux Dependencies	2026-07-31T19:42:14.7306512Z Selecting previously unselected package libharfbuzz-icu0:amd64.
build-android	Install Linux Dependencies	2026-07-31T19:42:14.7518794Z Preparing to unpack .../081-libharfbuzz-icu0_2.7.4-1ubuntu3.2_amd64.deb ...
build-android	Install Linux Dependencies	2026-07-31T19:42:14.7527393Z Unpacking libharfbuzz-icu0:amd64 (2.7.4-1ubuntu3.2) ...
build-android	Install Linux Dependencies	2026-07-31T19:42:14.7755473Z Selecting previously unselected package libharfbuzz-gobject0:amd64.
build-android	Install Linux Dependencies	2026-07-31T19:42:14.7969746Z Preparing to unpack .../082-libharfbuzz-gobject0_2.7.4-1ubuntu3.2_amd64.deb ...
build-android	Install Linux Dependencies	2026-07-31T19:42:14.7984531Z Unpacking libharfbuzz-gobject0:amd64 (2.7.4-1ubuntu3.2) ...
build-android	Install Linux Dependencies	2026-07-31T19:42:14.8226973Z Selecting previously unselected package libgraphite2-dev:amd64.
build-android	Install Linux Dependencies	2026-07-31T19:42:14.8436923Z Preparing to unpack .../083-libgraphite2-dev_1.3.14-1ubuntu0.1_amd64.deb ...
build-android	Install Linux Dependencies	2026-07-31T19:42:14.8587121Z Unpacking libgraphite2-dev:amd64 (1.3.14-1ubuntu0.1) ...
build-android	Install Linux Dependencies	2026-07-31T19:42:14.8840082Z Selecting previously unselected package libharfbuzz-dev:amd64.
build-android	Install Linux Dependencies	2026-07-31T19:42:14.9055527Z Preparing to unpack .../084-libharfbuzz-dev_2.7.4-1ubuntu3.2_amd64.deb ...
build-android	Install Linux Dependencies	2026-07-31T19:42:14.9062363Z Unpacking libharfbuzz-dev:amd64 (2.7.4-1ubuntu3.2) ...
build-android	Install Linux Dependencies	2026-07-31T19:42:14.9452506Z Selecting previously unselected package libdatrie-dev:amd64.
build-android	Install Linux Dependencies	2026-07-31T19:42:14.9665151Z Preparing to unpack .../085-libdatrie-dev_0.2.13-2_amd64.deb ...
build-android	Install Linux Dependencies	2026-07-31T19:42:14.9674880Z Unpacking libdatrie-dev:amd64 (0.2.13-2) ...
build-android	Install Linux Dependencies	2026-07-31T19:42:14.9914734Z Selecting previously unselected package libthai-dev:amd64.
build-android	Install Linux Dependencies	2026-07-31T19:42:15.0126137Z Preparing to unpack .../086-libthai-dev_0.1.29-1build1_amd64.deb ...
build-android	Install Linux Dependencies	2026-07-31T19:42:15.0132557Z Unpacking libthai-dev:amd64 (0.1.29-1build1) ...
build-android	Install Linux Dependencies	2026-07-31T19:42:15.0379613Z Selecting previously unselected package libxft-dev:amd64.
build-android	Install Linux Dependencies	2026-07-31T19:42:15.0592136Z Preparing to unpack .../087-libxft-dev_2.3.4-1_amd64.deb ...
build-android	Install Linux Dependencies	2026-07-31T19:42:15.0599987Z Unpacking libxft-dev:amd64 (2.3.4-1) ...
build-android	Install Linux Dependencies	2026-07-31T19:42:15.0842594Z Selecting previously unselected package pango1.0-tools.
build-android	Install Linux Dependencies	2026-07-31T19:42:15.1054971Z Preparing to unpack .../088-pango1.0-tools_1.50.6+ds-2ubuntu1_amd64.deb ...
build-android	Install Linux Dependencies	2026-07-31T19:42:15.1062248Z Unpacking pango1.0-tools (1.50.6+ds-2ubuntu1) ...
build-android	Install Linux Dependencies	2026-07-31T19:42:15.1294087Z Selecting previously unselected package libpango1.0-dev:amd64.
build-android	Install Linux Dependencies	2026-07-31T19:42:15.1506555Z Preparing to unpack .../089-libpango1.0-dev_1.50.6+ds-2ubuntu1_amd64.deb ...
build-android	Install Linux Dependencies	2026-07-31T19:42:15.1513407Z Unpacking libpango1.0-dev:amd64 (1.50.6+ds-2ubuntu1) ...
build-android	Install Linux Dependencies	2026-07-31T19:42:15.1868170Z Selecting previously unselected package libwayland-bin.
build-android	Install Linux Dependencies	2026-07-31T19:42:15.2082323Z Preparing to unpack .../090-libwayland-bin_1.20.0-1ubuntu0.1_amd64.deb ...
build-android	Install Linux Dependencies	2026-07-31T19:42:15.2089597Z Unpacking libwayland-bin (1.20.0-1ubuntu0.1) ...
build-android	Install Linux Dependencies	2026-07-31T19:42:15.2332548Z Selecting previously unselected package libwayland-dev:amd64.
build-android	Install Linux Dependencies	2026-07-31T19:42:15.2546909Z Preparing to unpack .../091-libwayland-dev_1.20.0-1ubuntu0.1_amd64.deb ...
build-android	Install Linux Dependencies	2026-07-31T19:42:15.2555784Z Unpacking libwayland-dev:amd64 (1.20.0-1ubuntu0.1) ...
build-android	Install Linux Dependencies	2026-07-31T19:42:15.2835493Z Selecting previously unselected package libxcomposite-dev:amd64.
build-android	Install Linux Dependencies	2026-07-31T19:42:15.3046640Z Preparing to unpack .../092-libxcomposite-dev_1%3a0.4.5-1build2_amd64.deb ...
build-android	Install Linux Dependencies	2026-07-31T19:42:15.3053038Z Unpacking libxcomposite-dev:amd64 (1:0.4.5-1build2) ...
build-android	Install Linux Dependencies	2026-07-31T19:42:15.3296075Z Selecting previously unselected package libxcursor-dev:amd64.
build-android	Install Linux Dependencies	2026-07-31T19:42:15.3506447Z Preparing to unpack .../093-libxcursor-dev_1%3a1.2.0-2build4_amd64.deb ...
build-android	Install Linux Dependencies	2026-07-31T19:42:15.3514269Z Unpacking libxcursor-dev:amd64 (1:1.2.0-2build4) ...
build-android	Install Linux Dependencies	2026-07-31T19:42:15.3780473Z Selecting previously unselected package libxdamage-dev:amd64.
build-android	Install Linux Dependencies	2026-07-31T19:42:15.3992699Z Preparing to unpack .../094-libxdamage-dev_1%3a1.1.5-2build2_amd64.deb ...
build-android	Install Linux Dependencies	2026-07-31T19:42:15.4001674Z Unpacking libxdamage-dev:amd64 (1:1.1.5-2build2) ...
build-android	Install Linux Dependencies	2026-07-31T19:42:15.4232082Z Selecting previously unselected package libxinerama-dev:amd64.
build-android	Install Linux Dependencies	2026-07-31T19:42:15.4443658Z Preparing to unpack .../095-libxinerama-dev_2%3a1.1.4-3_amd64.deb ...
build-android	Install Linux Dependencies	2026-07-31T19:42:15.4453830Z Unpacking libxinerama-dev:amd64 (2:1.1.4-3) ...
build-android	Install Linux Dependencies	2026-07-31T19:42:15.4690296Z Selecting previously unselected package libxkbcommon-dev:amd64.
build-android	Install Linux Dependencies	2026-07-31T19:42:15.4918132Z Preparing to unpack .../096-libxkbcommon-dev_1.4.0-1_amd64.deb ...
build-android	Install Linux Dependencies	2026-07-31T19:42:15.4924526Z Unpacking libxkbcommon-dev:amd64 (1.4.0-1) ...
build-android	Install Linux Dependencies	2026-07-31T19:42:15.5184183Z Selecting previously unselected package libxrandr-dev:amd64.
build-android	Install Linux Dependencies	2026-07-31T19:42:15.5395488Z Preparing to unpack .../097-libxrandr-dev_2%3a1.5.2-1build1_amd64.deb ...
build-android	Install Linux Dependencies	2026-07-31T19:42:15.5402089Z Unpacking libxrandr-dev:amd64 (2:1.5.2-1build1) ...
build-android	Install Linux Dependencies	2026-07-31T19:42:15.5649252Z Selecting previously unselected package wayland-protocols.
build-android	Install Linux Dependencies	2026-07-31T19:42:15.5862267Z Preparing to unpack .../098-wayland-protocols_1.25-1_all.deb ...
build-android	Install Linux Dependencies	2026-07-31T19:42:15.5870003Z Unpacking wayland-protocols (1.25-1) ...
build-android	Install Linux Dependencies	2026-07-31T19:42:15.6184036Z Selecting previously unselected package libgtk-3-dev:amd64.
build-android	Install Linux Dependencies	2026-07-31T19:42:15.6398087Z Preparing to unpack .../099-libgtk-3-dev_3.24.33-1ubuntu2.2_amd64.deb ...
build-android	Install Linux Dependencies	2026-07-31T19:42:15.6406136Z Unpacking libgtk-3-dev:amd64 (3.24.33-1ubuntu2.2) ...
build-android	Install Linux Dependencies	2026-07-31T19:42:15.7742280Z Selecting previously unselected package libappindicator3-dev.
build-android	Install Linux Dependencies	2026-07-31T19:42:15.7957336Z Preparing to unpack .../100-libappindicator3-dev_12.10.1+20.10.20200706.1-0ubuntu1_amd64.deb ...
build-android	Install Linux Dependencies	2026-07-31T19:42:15.7965215Z Unpacking libappindicator3-dev (12.10.1+20.10.20200706.1-0ubuntu1) ...
build-android	Install Linux Dependencies	2026-07-31T19:42:15.8201630Z Selecting previously unselected package libdazzle-1.0-dev:amd64.
build-android	Install Linux Dependencies	2026-07-31T19:42:15.8414948Z Preparing to unpack .../101-libdazzle-1.0-dev_3.44.0-1_amd64.deb ...
build-android	Install Linux Dependencies	2026-07-31T19:42:15.8422559Z Unpacking libdazzle-1.0-dev:amd64 (3.44.0-1) ...
build-android	Install Linux Dependencies	2026-07-31T19:42:15.8934949Z Selecting previously unselected package libhyphen0:amd64.
build-android	Install Linux Dependencies	2026-07-31T19:42:15.9147891Z Preparing to unpack .../102-libhyphen0_2.8.8-7build2_amd64.deb ...
build-android	Install Linux Dependencies	2026-07-31T19:42:15.9156168Z Unpacking libhyphen0:amd64 (2.8.8-7build2) ...
build-android	Install Linux Dependencies	2026-07-31T19:42:15.9398116Z Selecting previously unselected package libjavascriptcoregtk-4.1-0:amd64.
build-android	Install Linux Dependencies	2026-07-31T19:42:15.9613994Z Preparing to unpack .../103-libjavascriptcoregtk-4.1-0_2.50.4-0ubuntu0.22.04.1_amd64.deb ...
build-android	Install Linux Dependencies	2026-07-31T19:42:15.9626278Z Unpacking libjavascriptcoregtk-4.1-0:amd64 (2.50.4-0ubuntu0.22.04.1) ...
build-android	Install Linux Dependencies	2026-07-31T19:42:16.1185098Z Selecting previously unselected package libjavascriptcoregtk-4.1-dev:amd64.
build-android	Install Linux Dependencies	2026-07-31T19:42:16.1400421Z Preparing to unpack .../104-libjavascriptcoregtk-4.1-dev_2.50.4-0ubuntu0.22.04.1_amd64.deb ...
build-android	Install Linux Dependencies	2026-07-31T19:42:16.1407876Z Unpacking libjavascriptcoregtk-4.1-dev:amd64 (2.50.4-0ubuntu0.22.04.1) ...
build-android	Install Linux Dependencies	2026-07-31T19:42:16.1694809Z Selecting previously unselected package libjson-glib-dev:amd64.
build-android	Install Linux Dependencies	2026-07-31T19:42:16.1906702Z Preparing to unpack .../105-libjson-glib-dev_1.6.6-1build1_amd64.deb ...
build-android	Install Linux Dependencies	2026-07-31T19:42:16.1913457Z Unpacking libjson-glib-dev:amd64 (1.6.6-1build1) ...
build-android	Install Linux Dependencies	2026-07-31T19:42:16.2249245Z Selecting previously unselected package libevdev2:amd64.
build-android	Install Linux Dependencies	2026-07-31T19:42:16.2461355Z Preparing to unpack .../106-libevdev2_1.12.1+dfsg-1_amd64.deb ...
build-android	Install Linux Dependencies	2026-07-31T19:42:16.2469444Z Unpacking libevdev2:amd64 (1.12.1+dfsg-1) ...
build-android	Install Linux Dependencies	2026-07-31T19:42:16.2706881Z Selecting previously unselected package libmanette-0.2-0:amd64.
build-android	Install Linux Dependencies	2026-07-31T19:42:16.2921625Z Preparing to unpack .../107-libmanette-0.2-0_0.2.6-3build1_amd64.deb ...
build-android	Install Linux Dependencies	2026-07-31T19:42:16.2931392Z Unpacking libmanette-0.2-0:amd64 (0.2.6-3build1) ...
build-android	Install Linux Dependencies	2026-07-31T19:42:16.3159806Z Selecting previously unselected package libnghttp2-dev.
build-android	Install Linux Dependencies	2026-07-31T19:42:16.3371621Z Preparing to unpack .../108-libnghttp2-dev_1.43.0-1ubuntu0.4_amd64.deb ...
build-android	Install Linux Dependencies	2026-07-31T19:42:16.3380086Z Unpacking libnghttp2-dev (1.43.0-1ubuntu0.4) ...
build-android	Install Linux Dependencies	2026-07-31T19:42:16.3636013Z Selecting previously unselected package libwebrtc-audio-processing1:amd64.
build-android	Install Linux Dependencies	2026-07-31T19:42:16.3849352Z Preparing to unpack .../109-libwebrtc-audio-processing1_0.3.1-0ubuntu5_amd64.deb ...
build-android	Install Linux Dependencies	2026-07-31T19:42:16.3857718Z Unpacking libwebrtc-audio-processing1:amd64 (0.3.1-0ubuntu5) ...
build-android	Install Linux Dependencies	2026-07-31T19:42:16.4111171Z Selecting previously unselected package libspa-0.2-modules:amd64.
build-android	Install Linux Dependencies	2026-07-31T19:42:16.4325627Z Preparing to unpack .../110-libspa-0.2-modules_0.3.48-1ubuntu3.2_amd64.deb ...
build-android	Install Linux Dependencies	2026-07-31T19:42:16.4333381Z Unpacking libspa-0.2-modules:amd64 (0.3.48-1ubuntu3.2) ...
build-android	Install Linux Dependencies	2026-07-31T19:42:16.4676053Z Selecting previously unselected package libpipewire-0.3-0:amd64.
build-android	Install Linux Dependencies	2026-07-31T19:42:16.4889058Z Preparing to unpack .../111-libpipewire-0.3-0_0.3.48-1ubuntu3.2_amd64.deb ...
build-android	Install Linux Dependencies	2026-07-31T19:42:16.4898948Z Unpacking libpipewire-0.3-0:amd64 (0.3.48-1ubuntu3.2) ...
build-android	Install Linux Dependencies	2026-07-31T19:42:16.5159397Z Selecting previously unselected package libpipewire-0.3-common.
build-android	Install Linux Dependencies	2026-07-31T19:42:16.5372187Z Preparing to unpack .../112-libpipewire-0.3-common_0.3.48-1ubuntu3.2_all.deb ...
build-android	Install Linux Dependencies	2026-07-31T19:42:16.5381237Z Unpacking libpipewire-0.3-common (0.3.48-1ubuntu3.2) ...
build-android	Install Linux Dependencies	2026-07-31T19:42:16.5598666Z Selecting previously unselected package libpipewire-0.3-modules:amd64.
build-android	Install Linux Dependencies	2026-07-31T19:42:16.5808948Z Preparing to unpack .../113-libpipewire-0.3-modules_0.3.48-1ubuntu3.2_amd64.deb ...
build-android	Install Linux Dependencies	2026-07-31T19:42:16.5817384Z Unpacking libpipewire-0.3-modules:amd64 (0.3.48-1ubuntu3.2) ...
build-android	Install Linux Dependencies	2026-07-31T19:42:16.6172581Z Selecting previously unselected package libpolkit-gobject-1-dev.
build-android	Install Linux Dependencies	2026-07-31T19:42:16.6385752Z Preparing to unpack .../114-libpolkit-gobject-1-dev_0.105-33ubuntu0.1_amd64.deb ...
build-android	Install Linux Dependencies	2026-07-31T19:42:16.6393001Z Unpacking libpolkit-gobject-1-dev (0.105-33ubuntu0.1) ...
build-android	Install Linux Dependencies	2026-07-31T19:42:16.6683516Z Selecting previously unselected package libpsl-dev:amd64.
build-android	Install Linux Dependencies	2026-07-31T19:42:16.6897607Z Preparing to unpack .../115-libpsl-dev_0.21.0-1.2build2_amd64.deb ...
build-android	Install Linux Dependencies	2026-07-31T19:42:16.6905793Z Unpacking libpsl-dev:amd64 (0.21.0-1.2build2) ...
build-android	Install Linux Dependencies	2026-07-31T19:42:16.7182391Z Selecting previously unselected package libsysprof-4:amd64.
build-android	Install Linux Dependencies	2026-07-31T19:42:16.7396662Z Preparing to unpack .../116-libsysprof-4_3.44.0-1_amd64.deb ...
build-android	Install Linux Dependencies	2026-07-31T19:42:16.7404304Z Unpacking libsysprof-4:amd64 (3.44.0-1) ...
build-android	Install Linux Dependencies	2026-07-31T19:42:16.7658905Z Selecting previously unselected package libsysprof-ui-4:amd64.
build-android	Install Linux Dependencies	2026-07-31T19:42:16.7871918Z Preparing to unpack .../117-libsysprof-ui-4_3.44.0-1_amd64.deb ...
build-android	Install Linux Dependencies	2026-07-31T19:42:16.7881545Z Unpacking libsysprof-ui-4:amd64 (3.44.0-1) ...
build-android	Install Linux Dependencies	2026-07-31T19:42:16.8143714Z Selecting previously unselected package libsysprof-4-dev:amd64.
build-android	Install Linux Dependencies	2026-07-31T19:42:16.8355091Z Preparing to unpack .../118-libsysprof-4-dev_3.44.0-1_amd64.deb ...
build-android	Install Linux Dependencies	2026-07-31T19:42:16.8361916Z Unpacking libsysprof-4-dev:amd64 (3.44.0-1) ...
build-android	Install Linux Dependencies	2026-07-31T19:42:16.8684271Z Selecting previously unselected package libsoup-3.0-dev:amd64.
build-android	Install Linux Dependencies	2026-07-31T19:42:16.8899632Z Preparing to unpack .../119-libsoup-3.0-dev_3.0.7-0ubuntu1_amd64.deb ...
build-android	Install Linux Dependencies	2026-07-31T19:42:16.8906743Z Unpacking libsoup-3.0-dev:amd64 (3.0.7-0ubuntu1) ...
build-android	Install Linux Dependencies	2026-07-31T19:42:16.9247452Z Selecting previously unselected package xdg-dbus-proxy.
build-android	Install Linux Dependencies	2026-07-31T19:42:16.9459912Z Preparing to unpack .../120-xdg-dbus-proxy_0.1.3-1ubuntu0.1_amd64.deb ...
build-android	Install Linux Dependencies	2026-07-31T19:42:16.9467653Z Unpacking xdg-dbus-proxy (0.1.3-1ubuntu0.1) ...
build-android	Install Linux Dependencies	2026-07-31T19:42:16.9706077Z Selecting previously unselected package libwoff1:amd64.
build-android	Install Linux Dependencies	2026-07-31T19:42:16.9916542Z Preparing to unpack .../121-libwoff1_1.0.2-1build4_amd64.deb ...
build-android	Install Linux Dependencies	2026-07-31T19:42:16.9925589Z Unpacking libwoff1:amd64 (1.0.2-1build4) ...
build-android	Install Linux Dependencies	2026-07-31T19:42:17.0169482Z Selecting previously unselected package libwebkit2gtk-4.1-0:amd64.
build-android	Install Linux Dependencies	2026-07-31T19:42:17.0384672Z Preparing to unpack .../122-libwebkit2gtk-4.1-0_2.50.4-0ubuntu0.22.04.1_amd64.deb ...
build-android	Install Linux Dependencies	2026-07-31T19:42:17.0393740Z Unpacking libwebkit2gtk-4.1-0:amd64 (2.50.4-0ubuntu0.22.04.1) ...
build-android	Install Linux Dependencies	2026-07-31T19:42:17.4302915Z Selecting previously unselected package libwebkit2gtk-4.1-dev.
build-android	Install Linux Dependencies	2026-07-31T19:42:17.4517056Z Preparing to unpack .../123-libwebkit2gtk-4.1-dev_2.50.4-0ubuntu0.22.04.1_amd64.deb ...
build-android	Install Linux Dependencies	2026-07-31T19:42:17.4525809Z Unpacking libwebkit2gtk-4.1-dev (2.50.4-0ubuntu0.22.04.1) ...
build-android	Install Linux Dependencies	2026-07-31T19:42:17.5253266Z Selecting previously unselected package pipewire-bin.
build-android	Install Linux Dependencies	2026-07-31T19:42:17.5468215Z Preparing to unpack .../124-pipewire-bin_0.3.48-1ubuntu3.2_amd64.deb ...
build-android	Install Linux Dependencies	2026-07-31T19:42:17.5943504Z Unpacking pipewire-bin (0.3.48-1ubuntu3.2) ...
build-android	Install Linux Dependencies	2026-07-31T19:42:17.6497565Z Selecting previously unselected package pipewire:amd64.
build-android	Install Linux Dependencies	2026-07-31T19:42:17.6709402Z Preparing to unpack .../125-pipewire_0.3.48-1ubuntu3.2_amd64.deb ...
build-android	Install Linux Dependencies	2026-07-31T19:42:17.6717554Z Unpacking pipewire:amd64 (0.3.48-1ubuntu3.2) ...
build-android	Install Linux Dependencies	2026-07-31T19:42:17.6947726Z Selecting previously unselected package pipewire-media-session.
build-android	Install Linux Dependencies	2026-07-31T19:42:17.7161110Z Preparing to unpack .../126-pipewire-media-session_0.4.1-2ubuntu1_amd64.deb ...
build-android	Install Linux Dependencies	2026-07-31T19:42:17.7169419Z Unpacking pipewire-media-session (0.4.1-2ubuntu1) ...
build-android	Install Linux Dependencies	2026-07-31T19:42:17.7427636Z Selecting previously unselected package rtkit.
build-android	Install Linux Dependencies	2026-07-31T19:42:17.7640161Z Preparing to unpack .../127-rtkit_0.13-4build2_amd64.deb ...
build-android	Install Linux Dependencies	2026-07-31T19:42:17.7711689Z Unpacking rtkit (0.13-4build2) ...
build-android	Install Linux Dependencies	2026-07-31T19:42:17.8011355Z Selecting previously unselected package xdg-desktop-portal.
build-android	Install Linux Dependencies	2026-07-31T19:42:17.8224942Z Preparing to unpack .../128-xdg-desktop-portal_1.14.4-1ubuntu2~22.04.2_amd64.deb ...
build-android	Install Linux Dependencies	2026-07-31T19:42:17.8233015Z Unpacking xdg-desktop-portal (1.14.4-1ubuntu2~22.04.2) ...
build-android	Install Linux Dependencies	2026-07-31T19:42:17.8528608Z Selecting previously unselected package xdg-desktop-portal-gtk.
build-android	Install Linux Dependencies	2026-07-31T19:42:17.8742833Z Preparing to unpack .../129-xdg-desktop-portal-gtk_1.14.0-1build1_amd64.deb ...
build-android	Install Linux Dependencies	2026-07-31T19:42:17.8750506Z Unpacking xdg-desktop-portal-gtk (1.14.0-1build1) ...
build-android	Install Linux Dependencies	2026-07-31T19:42:17.9373079Z Setting up libpipewire-0.3-common (0.3.48-1ubuntu3.2) ...
build-android	Install Linux Dependencies	2026-07-31T19:42:17.9393605Z Setting up bubblewrap (0.6.1-1ubuntu0.1) ...
build-android	Install Linux Dependencies	2026-07-31T19:42:17.9438649Z Setting up libcdparanoia0:amd64 (3.10.2+debian-14build2) ...
build-android	Install Linux Dependencies	2026-07-31T19:42:17.9454738Z Setting up libnghttp2-dev (1.43.0-1ubuntu0.4) ...
build-android	Install Linux Dependencies	2026-07-31T19:42:17.9474052Z Setting up libraw1394-11:amd64 (2.1.2-2build2) ...
build-android	Install Linux Dependencies	2026-07-31T19:42:17.9490082Z Setting up rtkit (0.13-4build2) ...
build-android	Install Linux Dependencies	2026-07-31T19:42:18.2789258Z Setting up libtag1v5-vanilla:amd64 (1.11.1+dfsg.1-3ubuntu3) ...
build-android	Install Linux Dependencies	2026-07-31T19:42:18.2807077Z Setting up libharfbuzz-icu0:amd64 (2.7.4-1ubuntu3.2) ...
build-android	Install Linux Dependencies	2026-07-31T19:42:18.2824568Z Setting up libmpg123-0:amd64 (1.29.3-1ubuntu0.1) ...
build-android	Install Linux Dependencies	2026-07-31T19:42:18.2841380Z Setting up libspeex1:amd64 (1.2~rc1.2-1.1ubuntu3) ...
build-android	Install Linux Dependencies	2026-07-31T19:42:18.2861529Z Setting up libcaca0:amd64 (0.99.beta19-2.2ubuntu4.2) ...
build-android	Install Linux Dependencies	2026-07-31T19:42:18.2878615Z Setting up libpangoxft-1.0-0:amd64 (1.50.6+ds-2ubuntu1) ...
build-android	Install Linux Dependencies	2026-07-31T19:42:18.2897969Z Setting up gir1.2-dbusmenu-glib-0.4:amd64 (16.04.1+18.10.20180917-0ubuntu8) ...
build-android	Install Linux Dependencies	2026-07-31T19:42:18.2916655Z Setting up libglvnd-core-dev:amd64 (1.4.0-1) ...
build-android	Install Linux Dependencies	2026-07-31T19:42:18.2931884Z Setting up libtwolame0:amd64 (0.4.0-2build2) ...
build-android	Install Linux Dependencies	2026-07-31T19:42:18.2950610Z Setting up libwoff1:amd64 (1.0.2-1build4) ...
build-android	Install Linux Dependencies	2026-07-31T19:42:18.2970069Z Setting up libhyphen0:amd64 (2.8.8-7build2) ...
build-android	Install Linux Dependencies	2026-07-31T19:42:18.2987774Z Setting up libvisual-0.4-0:amd64 (0.4.0-17build2) ...
build-android	Install Linux Dependencies	2026-07-31T19:42:18.3008675Z Setting up gir1.2-atk-1.0:amd64 (2.36.0-3build1) ...
build-android	Install Linux Dependencies	2026-07-31T19:42:18.3027273Z Setting up libfribidi-dev:amd64 (1.0.8-2ubuntu3.1) ...
build-android	Install Linux Dependencies	2026-07-31T19:42:18.3043390Z Setting up libxkbcommon-dev:amd64 (1.4.0-1) ...
build-android	Install Linux Dependencies	2026-07-31T19:42:18.3061542Z Setting up pango1.0-tools (1.50.6+ds-2ubuntu1) ...
build-android	Install Linux Dependencies	2026-07-31T19:42:18.3078449Z Setting up libdbus-glib-1-dev-bin (0.112-2build1) ...
build-android	Install Linux Dependencies	2026-07-31T19:42:18.3095496Z Setting up libwebrtc-audio-processing1:amd64 (0.3.1-0ubuntu5) ...
build-android	Install Linux Dependencies	2026-07-31T19:42:18.3114215Z Setting up libharfbuzz-gobject0:amd64 (2.7.4-1ubuntu3.2) ...
build-android	Install Linux Dependencies	2026-07-31T19:42:18.3130401Z Setting up gir1.2-atspi-2.0:amd64 (2.44.0-3) ...
build-android	Install Linux Dependencies	2026-07-31T19:42:18.3150531Z Setting up libsoup-3.0-common (3.0.7-0ubuntu1) ...
build-android	Install Linux Dependencies	2026-07-31T19:42:18.3169020Z Setting up gir1.2-harfbuzz-0.0:amd64 (2.7.4-1ubuntu3.2) ...
build-android	Install Linux Dependencies	2026-07-31T19:42:18.3184335Z Setting up libopengl0:amd64 (1.4.0-1) ...
build-android	Install Linux Dependencies	2026-07-31T19:42:18.3201152Z Setting up libappindicator3-1 (12.10.1+20.10.20200706.1-0ubuntu1) ...
build-android	Install Linux Dependencies	2026-07-31T19:42:18.3221729Z Setting up libpsl-dev:amd64 (0.21.0-1.2build2) ...
build-android	Install Linux Dependencies	2026-07-31T19:42:18.3238110Z Setting up libflac8:amd64 (1.3.3-2ubuntu0.2) ...
build-android	Install Linux Dependencies	2026-07-31T19:42:18.3257235Z Setting up libxfixes-dev:amd64 (1:6.0.0-1) ...
build-android	Install Linux Dependencies	2026-07-31T19:42:18.3273355Z Setting up libwayland-bin (1.20.0-1ubuntu0.1) ...
build-android	Install Linux Dependencies	2026-07-31T19:42:18.3289290Z Setting up libgraphite2-dev:amd64 (1.3.14-1ubuntu0.1) ...
build-android	Install Linux Dependencies	2026-07-31T19:42:18.3310413Z Setting up gir1.2-pango-1.0:amd64 (1.50.6+ds-2ubuntu1) ...
build-android	Install Linux Dependencies	2026-07-31T19:42:18.3327962Z Setting up libxrandr-dev:amd64 (2:1.5.2-1build1) ...
build-android	Install Linux Dependencies	2026-07-31T19:42:18.3344673Z Setting up libegl-mesa0:amd64 (23.2.1-1ubuntu3.1~22.04.4) ...
build-android	Install Linux Dependencies	2026-07-31T19:42:18.3365594Z Setting up libjavascriptcoregtk-4.1-0:amd64 (2.50.4-0ubuntu0.22.04.1) ...
build-android	Install Linux Dependencies	2026-07-31T19:42:18.3383643Z Setting up libgles2:amd64 (1.4.0-1) ...
build-android	Install Linux Dependencies	2026-07-31T19:42:18.3400310Z Setting up libdbus-1-dev:amd64 (1.12.20-2ubuntu4.1) ...
build-android	Install Linux Dependencies	2026-07-31T19:42:18.3418197Z Setting up libspa-0.2-modules:amd64 (0.3.48-1ubuntu3.2) ...
build-android	Install Linux Dependencies	2026-07-31T19:42:18.3434047Z Setting up libgles1:amd64 (1.4.0-1) ...
build-android	Install Linux Dependencies	2026-07-31T19:42:18.3463337Z Setting up libpipewire-0.3-0:amd64 (0.3.48-1ubuntu3.2) ...
build-android	Install Linux Dependencies	2026-07-31T19:42:18.3483517Z Setting up libopus0:amd64 (1.3.1-0.1build2) ...
build-android	Install Linux Dependencies	2026-07-31T19:42:18.3504311Z Setting up libxv1:amd64 (2:1.0.11-1build2) ...
build-android	Install Linux Dependencies	2026-07-31T19:42:18.3523141Z Setting up libssl-dev:amd64 (3.0.2-0ubuntu1.26) ...
build-android	Install Linux Dependencies	2026-07-31T19:42:18.3540984Z Setting up liborc-0.4-0:amd64 (1:0.4.32-2ubuntu0.1) ...
build-android	Install Linux Dependencies	2026-07-31T19:42:18.3560404Z Setting up libxinerama-dev:amd64 (2:1.1.4-3) ...
build-android	Install Linux Dependencies	2026-07-31T19:42:18.3577341Z Setting up xdg-dbus-proxy (0.1.3-1ubuntu0.1) ...
build-android	Install Linux Dependencies	2026-07-31T19:42:18.3593517Z Setting up wayland-protocols (1.25-1) ...
build-android	Install Linux Dependencies	2026-07-31T19:42:18.3617766Z Setting up libtag1v5:amd64 (1.11.1+dfsg.1-3ubuntu3) ...
build-android	Install Linux Dependencies	2026-07-31T19:42:18.3637438Z Setting up libdatrie-dev:amd64 (0.2.13-2) ...
build-android	Install Linux Dependencies	2026-07-31T19:42:18.3655512Z Setting up libdv4:amd64 (1.0.0-14build1) ...
build-android	Install Linux Dependencies	2026-07-31T19:42:18.3674766Z Setting up libasyncns0:amd64 (0.8-6build2) ...
build-android	Install Linux Dependencies	2026-07-31T19:42:18.3692396Z Setting up gir1.2-polkit-1.0 (0.105-33ubuntu0.1) ...
build-android	Install Linux Dependencies	2026-07-31T19:42:18.3709894Z Setting up libwavpack1:amd64 (5.4.0-1build2) ...
build-android	Install Linux Dependencies	2026-07-31T19:42:18.3729837Z Setting up libdazzle-common (3.44.0-1) ...
build-android	Install Linux Dependencies	2026-07-31T19:42:18.3746918Z Setting up libtheora0:amd64 (1.1.1+dfsg.1-15ubuntu4) ...
build-android	Install Linux Dependencies	2026-07-31T19:42:18.3763867Z Setting up libv4lconvert0:amd64 (1.22.1-2build1) ...
build-android	Install Linux Dependencies	2026-07-31T19:42:18.3784575Z Setting up libegl1:amd64 (1.4.0-1) ...
build-android	Install Linux Dependencies	2026-07-31T19:42:18.3802985Z Setting up libglx-dev:amd64 (1.4.0-1) ...
build-android	Install Linux Dependencies	2026-07-31T19:42:18.3818952Z Setting up gir1.2-json-1.0:amd64 (1.6.6-1build1) ...
build-android	Install Linux Dependencies	2026-07-31T19:42:18.3839242Z Setting up libvpx7:amd64 (1.11.0-2ubuntu2.5) ...
build-android	Install Linux Dependencies	2026-07-31T19:42:18.3856112Z Setting up libopengl-dev:amd64 (1.4.0-1) ...
build-android	Install Linux Dependencies	2026-07-31T19:42:18.3874810Z Setting up libsysprof-4:amd64 (3.44.0-1) ...
build-android	Install Linux Dependencies	2026-07-31T19:42:18.3891528Z Setting up libxi-dev:amd64 (2:1.8-1build1) ...
build-android	Install Linux Dependencies	2026-07-31T19:42:18.3907725Z Setting up libsamplerate0:amd64 (0.2.2-1build1) ...
build-android	Install Linux Dependencies	2026-07-31T19:42:18.3926785Z Setting up libevdev2:amd64 (1.12.1+dfsg-1) ...
build-android	Install Linux Dependencies	2026-07-31T19:42:18.3944769Z Setting up libgl-dev:amd64 (1.4.0-1) ...
build-android	Install Linux Dependencies	2026-07-31T19:42:18.3963003Z Setting up libjavascriptcoregtk-4.1-dev:amd64 (2.50.4-0ubuntu0.22.04.1) ...
build-android	Install Linux Dependencies	2026-07-31T19:42:18.3980373Z Setting up libmp3lame0:amd64 (3.100-3build2) ...
build-android	Install Linux Dependencies	2026-07-31T19:42:18.3998621Z Setting up libgraphene-1.0-0:amd64 (1.10.8-1) ...
build-android	Install Linux Dependencies	2026-07-31T19:42:18.4016759Z Setting up libatk1.0-dev:amd64 (2.36.0-3build1) ...
build-android	Install Linux Dependencies	2026-07-31T19:42:18.4036594Z Setting up libvorbisenc2:amd64 (1.3.7-1build2) ...
build-android	Install Linux Dependencies	2026-07-31T19:42:18.4054181Z Setting up libaa1:amd64 (1.4p5-50build1) ...
build-android	Install Linux Dependencies	2026-07-31T19:42:18.4070559Z Setting up libiec61883-0:amd64 (1.2.0-4build3) ...
build-android	Install Linux Dependencies	2026-07-31T19:42:18.4089941Z Setting up libxft-dev:amd64 (2.3.4-1) ...
build-android	Install Linux Dependencies	2026-07-31T19:42:18.4107665Z Setting up libxtst-dev:amd64 (2:1.2.3-1build4) ...
build-android	Install Linux Dependencies	2026-07-31T19:42:18.4124761Z Setting up libxdamage-dev:amd64 (1:1.1.5-2build2) ...
build-android	Install Linux Dependencies	2026-07-31T19:42:18.4145039Z Setting up libavc1394-0:amd64 (0.5.4-5build2) ...
build-android	Install Linux Dependencies	2026-07-31T19:42:18.4162206Z Setting up libatspi2.0-dev:amd64 (2.44.0-3) ...
build-android	Install Linux Dependencies	2026-07-31T19:42:18.4180783Z Setting up libharfbuzz-dev:amd64 (2.7.4-1ubuntu3.2) ...
build-android	Install Linux Dependencies	2026-07-31T19:42:18.4198609Z Setting up libdazzle-1.0-0:amd64 (3.44.0-1) ...
build-android	Install Linux Dependencies	2026-07-31T19:42:18.4353524Z Setting up xdg-desktop-portal (1.14.4-1ubuntu2~22.04.2) ...
build-android	Install Linux Dependencies	2026-07-31T19:42:18.5428666Z Created symlink /etc/systemd/user/graphical-session-pre.target.wants/xdg-desktop-portal-rewrite-launchers.service → /usr/lib/systemd/user/xdg-desktop-portal-rewrite-launchers.service.
build-android	Install Linux Dependencies	2026-07-31T19:42:18.5463593Z Setting up libegl-dev:amd64 (1.4.0-1) ...
build-android	Install Linux Dependencies	2026-07-31T19:42:18.5479654Z Setting up libdbus-glib-1-dev:amd64 (0.112-2build1) ...
build-android	Install Linux Dependencies	2026-07-31T19:42:18.5498480Z Setting up libxcomposite-dev:amd64 (1:0.4.5-1build2) ...
build-android	Install Linux Dependencies	2026-07-31T19:42:18.5517705Z Setting up libxcursor-dev:amd64 (1:1.2.0-2build4) ...
build-android	Install Linux Dependencies	2026-07-31T19:42:18.5534826Z Setting up libmanette-0.2-0:amd64 (0.2.6-3build1) ...
build-android	Install Linux Dependencies	2026-07-31T19:42:18.5550591Z Setting up libjson-glib-dev:amd64 (1.6.6-1build1) ...
build-android	Install Linux Dependencies	2026-07-31T19:42:18.5566476Z Setting up libepoxy-dev:amd64 (1.5.10-1) ...
build-android	Install Linux Dependencies	2026-07-31T19:42:18.5582892Z Setting up libsoup-3.0-0:amd64 (3.0.7-0ubuntu1) ...
build-android	Install Linux Dependencies	2026-07-31T19:42:18.5599469Z Setting up gir1.2-gtk-3.0:amd64 (3.24.33-1ubuntu2.2) ...
build-android	Install Linux Dependencies	2026-07-31T19:42:18.5615876Z Setting up libgstreamer-plugins-base1.0-0:amd64 (1.20.1-1ubuntu0.6) ...
build-android	Install Linux Dependencies	2026-07-31T19:42:18.5634115Z Setting up libatk-bridge2.0-dev:amd64 (2.38.0-3) ...
build-android	Install Linux Dependencies	2026-07-31T19:42:18.5650280Z Setting up libwayland-dev:amd64 (1.20.0-1ubuntu0.1) ...
build-android	Install Linux Dependencies	2026-07-31T19:42:18.5676798Z Setting up libv4l-0:amd64 (1.22.1-2build1) ...
build-android	Install Linux Dependencies	2026-07-31T19:42:18.5693150Z Setting up libgstreamer-plugins-good1.0-0:amd64 (1.20.3-0ubuntu1.7) ...
build-android	Install Linux Dependencies	2026-07-31T19:42:18.5711766Z Setting up libgstreamer-gl1.0-0:amd64 (1.20.1-1ubuntu0.6) ...
build-android	Install Linux Dependencies	2026-07-31T19:42:18.5730060Z Setting up gstreamer1.0-plugins-base:amd64 (1.20.1-1ubuntu0.6) ...
build-android	Install Linux Dependencies	2026-07-31T19:42:18.5749442Z Setting up gir1.2-appindicator3-0.1 (12.10.1+20.10.20200706.1-0ubuntu1) ...
build-android	Install Linux Dependencies	2026-07-31T19:42:18.5767773Z Setting up libshout3:amd64 (2.4.5-1build3) ...
build-android	Install Linux Dependencies	2026-07-31T19:42:18.5786457Z Setting up libpolkit-gobject-1-dev (0.105-33ubuntu0.1) ...
build-android	Install Linux Dependencies	2026-07-31T19:42:18.5804303Z Setting up libdbusmenu-glib-dev:amd64 (16.04.1+18.10.20180917-0ubuntu8) ...
build-android	Install Linux Dependencies	2026-07-31T19:42:18.5823274Z Setting up libthai-dev:amd64 (0.1.29-1build1) ...
build-android	Install Linux Dependencies	2026-07-31T19:42:18.5840567Z Setting up gir1.2-soup-3.0:amd64 (3.0.7-0ubuntu1) ...
build-android	Install Linux Dependencies	2026-07-31T19:42:18.5857032Z Setting up libjack-jackd2-0:amd64 (1.9.20~dfsg-1) ...
build-android	Install Linux Dependencies	2026-07-31T19:42:18.5876317Z Setting up libsysprof-ui-4:amd64 (3.44.0-1) ...
build-android	Install Linux Dependencies	2026-07-31T19:42:18.5894479Z Setting up libsndfile1:amd64 (1.0.31-2ubuntu0.2) ...
build-android	Install Linux Dependencies	2026-07-31T19:42:18.5910787Z Setting up libgles-dev:amd64 (1.4.0-1) ...
build-android	Install Linux Dependencies	2026-07-31T19:42:18.5928814Z Setting up gir1.2-dazzle-1.0:amd64 (3.44.0-1) ...
build-android	Install Linux Dependencies	2026-07-31T19:42:18.5944439Z Setting up gstreamer1.0-gl:amd64 (1.20.1-1ubuntu0.6) ...
build-android	Install Linux Dependencies	2026-07-31T19:42:18.5960963Z Setting up xdg-desktop-portal-gtk (1.14.0-1build1) ...
build-android	Install Linux Dependencies	2026-07-31T19:42:18.5979719Z Setting up gstreamer1.0-x:amd64 (1.20.1-1ubuntu0.6) ...
build-android	Install Linux Dependencies	2026-07-31T19:42:18.5996212Z Setting up libpulse0:amd64 (1:15.99.1+dfsg1-1ubuntu2.2) ...
build-android	Install Linux Dependencies	2026-07-31T19:42:18.6077415Z Setting up gstreamer1.0-plugins-good:amd64 (1.20.3-0ubuntu1.7) ...
build-android	Install Linux Dependencies	2026-07-31T19:42:18.6096396Z Setting up libglvnd-dev:amd64 (1.4.0-1) ...
build-android	Install Linux Dependencies	2026-07-31T19:42:18.6116156Z Setting up libpipewire-0.3-modules:amd64 (0.3.48-1ubuntu3.2) ...
build-android	Install Linux Dependencies	2026-07-31T19:42:18.6136994Z Setting up libpango1.0-dev:amd64 (1.50.6+ds-2ubuntu1) ...
build-android	Install Linux Dependencies	2026-07-31T19:42:18.6152306Z Setting up libegl1-mesa-dev:amd64 (23.2.1-1ubuntu3.1~22.04.4) ...
build-android	Install Linux Dependencies	2026-07-31T19:42:18.6169486Z Setting up libgtk-3-dev:amd64 (3.24.33-1ubuntu2.2) ...
build-android	Install Linux Dependencies	2026-07-31T19:42:18.6187374Z Setting up libwebkit2gtk-4.1-0:amd64 (2.50.4-0ubuntu0.22.04.1) ...
build-android	Install Linux Dependencies	2026-07-31T19:42:18.6204002Z Setting up libdazzle-1.0-dev:amd64 (3.44.0-1) ...
build-android	Install Linux Dependencies	2026-07-31T19:42:18.6220544Z Setting up libappindicator3-dev (12.10.1+20.10.20200706.1-0ubuntu1) ...
build-android	Install Linux Dependencies	2026-07-31T19:42:18.6237894Z Setting up pipewire-bin (0.3.48-1ubuntu3.2) ...
build-android	Install Linux Dependencies	2026-07-31T19:42:18.6706847Z Setting up libsysprof-4-dev:amd64 (3.44.0-1) ...
build-android	Install Linux Dependencies	2026-07-31T19:42:18.6723058Z Setting up pipewire:amd64 (0.3.48-1ubuntu3.2) ...
build-android	Install Linux Dependencies	2026-07-31T19:42:18.7985820Z Created symlink /etc/systemd/user/default.target.wants/pipewire.service → /usr/lib/systemd/user/pipewire.service.
build-android	Install Linux Dependencies	2026-07-31T19:42:18.7987098Z Created symlink /etc/systemd/user/sockets.target.wants/pipewire.socket → /usr/lib/systemd/user/pipewire.socket.
build-android	Install Linux Dependencies	2026-07-31T19:42:19.0732939Z Setting up libsoup-3.0-dev:amd64 (3.0.7-0ubuntu1) ...
build-android	Install Linux Dependencies	2026-07-31T19:42:19.0753515Z Setting up libwebkit2gtk-4.1-dev (2.50.4-0ubuntu0.22.04.1) ...
build-android	Install Linux Dependencies	2026-07-31T19:42:19.0774600Z Setting up pipewire-media-session (0.4.1-2ubuntu1) ...
build-android	Install Linux Dependencies	2026-07-31T19:42:19.1814123Z Created symlink /etc/systemd/user/pipewire-session-manager.service → /usr/lib/systemd/user/pipewire-media-session.service.
build-android	Install Linux Dependencies	2026-07-31T19:42:19.1815713Z Created symlink /etc/systemd/user/pipewire.service.wants/pipewire-media-session.service → /usr/lib/systemd/user/pipewire-media-session.service.
build-android	Install Linux Dependencies	2026-07-31T19:42:19.1854645Z Processing triggers for libc-bin (2.35-0ubuntu3.13) ...
build-android	Install Linux Dependencies	2026-07-31T19:42:19.2260001Z Processing triggers for man-db (2.10.2-1) ...
build-android	Install Linux Dependencies	2026-07-31T19:42:19.2290840Z Not building database; man-db/auto-update is not 'true'.
build-android	Install Linux Dependencies	2026-07-31T19:42:19.2308991Z Processing triggers for dbus (1.12.20-2ubuntu4.1) ...
build-android	Install Linux Dependencies	2026-07-31T19:42:19.2388774Z Processing triggers for mailcap (3.70+nmu1ubuntu1.22.04.1) ...
build-android	Install Linux Dependencies	2026-07-31T19:42:19.9095063Z 
build-android	Install Linux Dependencies	2026-07-31T19:42:19.9095991Z Running kernel seems to be up-to-date.
build-android	Install Linux Dependencies	2026-07-31T19:42:19.9096354Z 
build-android	Install Linux Dependencies	2026-07-31T19:42:19.9100924Z Services to be restarted:
build-android	Install Linux Dependencies	2026-07-31T19:42:19.9196924Z  systemctl restart packagekit.service
build-android	Install Linux Dependencies	2026-07-31T19:42:19.9245010Z  systemctl restart php8.1-fpm.service
build-android	Install Linux Dependencies	2026-07-31T19:42:19.9293215Z  systemctl restart ssh.service
build-android	Install Linux Dependencies	2026-07-31T19:42:19.9343378Z  systemctl restart systemd-journald.service
build-android	Install Linux Dependencies	2026-07-31T19:42:19.9489988Z  /etc/needrestart/restart.d/systemd-manager
build-android	Install Linux Dependencies	2026-07-31T19:42:19.9546101Z  systemctl restart systemd-networkd.service
build-android	Install Linux Dependencies	2026-07-31T19:42:19.9594256Z  systemctl restart systemd-resolved.service
build-android	Install Linux Dependencies	2026-07-31T19:42:19.9644593Z  systemctl restart systemd-udevd.service
build-android	Install Linux Dependencies	2026-07-31T19:42:19.9738824Z 
build-android	Install Linux Dependencies	2026-07-31T19:42:19.9741059Z Service restarts being deferred:
build-android	Install Linux Dependencies	2026-07-31T19:42:19.9741648Z  systemctl restart hosted-compute-agent.service
build-android	Install Linux Dependencies	2026-07-31T19:42:19.9742254Z  systemctl restart systemd-logind.service
build-android	Install Linux Dependencies	2026-07-31T19:42:19.9742772Z  systemctl restart user@1001.service
build-android	Install Linux Dependencies	2026-07-31T19:42:19.9743254Z  systemctl restart walinuxagent.service
build-android	Install Linux Dependencies	2026-07-31T19:42:19.9743560Z 
build-android	Install Linux Dependencies	2026-07-31T19:42:19.9743792Z No containers need to be restarted.
build-android	Install Linux Dependencies	2026-07-31T19:42:19.9744092Z 
build-android	Install Linux Dependencies	2026-07-31T19:42:19.9744372Z No user sessions are running outdated binaries.
build-android	Install Linux Dependencies	2026-07-31T19:42:19.9744686Z 
build-android	Install Linux Dependencies	2026-07-31T19:42:19.9745136Z No VM guests are running outdated hypervisor (qemu) binaries on this host.
build-android	Install Rust stable with Android targets	﻿2026-07-31T19:42:21.4852303Z ##[group]Run dtolnay/rust-toolchain@stable
build-android	Install Rust stable with Android targets	2026-07-31T19:42:21.4852619Z with:
build-android	Install Rust stable with Android targets	2026-07-31T19:42:21.4853057Z   targets: aarch64-linux-android,armv7-linux-androideabi,i686-linux-android,x86_64-linux-android
build-android	Install Rust stable with Android targets	2026-07-31T19:42:21.4853550Z   toolchain: stable
build-android	Install Rust stable with Android targets	2026-07-31T19:42:21.4853762Z ##[endgroup]
build-android	Install Rust stable with Android targets	2026-07-31T19:42:21.4956949Z ##[start-action display=Run : parse toolchain version;id=__dtolnay_rust-toolchain.parse]
build-android	Install Rust stable with Android targets	2026-07-31T19:42:21.4982855Z ##[group]Run : parse toolchain version
build-android	Install Rust stable with Android targets	2026-07-31T19:42:21.4983216Z [36;1m: parse toolchain version[0m
build-android	Install Rust stable with Android targets	2026-07-31T19:42:21.4983497Z [36;1mif [[ -z $toolchain ]]; then[0m
build-android	Install Rust stable with Android targets	2026-07-31T19:42:21.4984013Z [36;1m  # GitHub does not enforce `required: true` inputs itself. https://github.com/actions/runner/issues/1070[0m
build-android	Install Rust stable with Android targets	2026-07-31T19:42:21.4984576Z [36;1m  echo "'toolchain' is a required input" >&2[0m
build-android	Install Rust stable with Android targets	2026-07-31T19:42:21.4984880Z [36;1m  exit 1[0m
build-android	Install Rust stable with Android targets	2026-07-31T19:42:21.4985417Z [36;1melif [[ $toolchain =~ ^stable' '[0-9]+' '(year|month|week|day)s?' 'ago$ ]]; then[0m
build-android	Install Rust stable with Android targets	2026-07-31T19:42:21.4985896Z [36;1m  if [[ Linux == macOS ]]; then[0m
build-android	Install Rust stable with Android targets	2026-07-31T19:42:21.4986421Z [36;1m    echo "toolchain=1.$((($(date -v-$(sed 's/stable \([0-9]*\) \(.\).*/\1\2/' <<< $toolchain) +%s)/60/60/24-16569)/7/6))" >> $GITHUB_OUTPUT[0m
build-android	Install Rust stable with Android targets	2026-07-31T19:42:21.4986942Z [36;1m  else[0m
build-android	Install Rust stable with Android targets	2026-07-31T19:42:21.4987376Z [36;1m    echo "toolchain=1.$((($(date --date "${toolchain#stable }" +%s)/60/60/24-16569)/7/6))" >> $GITHUB_OUTPUT[0m
build-android	Install Rust stable with Android targets	2026-07-31T19:42:21.4987879Z [36;1m  fi[0m
build-android	Install Rust stable with Android targets	2026-07-31T19:42:21.4988198Z [36;1melif [[ $toolchain =~ ^stable' 'minus' '[0-9]+' 'releases?$ ]]; then[0m
build-android	Install Rust stable with Android targets	2026-07-31T19:42:21.4988747Z [36;1m  echo "toolchain=1.$((($(date +%s)/60/60/24-16569)/7/6-${toolchain//[^0-9]/}))" >> $GITHUB_OUTPUT[0m
build-android	Install Rust stable with Android targets	2026-07-31T19:42:21.4989201Z [36;1melif [[ $toolchain =~ ^1\.[0-9]+$ ]]; then[0m
build-android	Install Rust stable with Android targets	2026-07-31T19:42:21.4989726Z [36;1m  echo "toolchain=1.$((i=${toolchain#1.}, c=($(date +%s)/60/60/24-16569)/7/6, i+9*i*(10*i<=c)+90*i*(100*i<=c)))" >> $GITHUB_OUTPUT[0m
build-android	Install Rust stable with Android targets	2026-07-31T19:42:21.4990217Z [36;1melse[0m
build-android	Install Rust stable with Android targets	2026-07-31T19:42:21.4990475Z [36;1m  echo "toolchain=$toolchain" >> $GITHUB_OUTPUT[0m
build-android	Install Rust stable with Android targets	2026-07-31T19:42:21.4990775Z [36;1mfi[0m
build-android	Install Rust stable with Android targets	2026-07-31T19:42:21.5051929Z shell: /usr/bin/bash --noprofile --norc -e -o pipefail {0}
build-android	Install Rust stable with Android targets	2026-07-31T19:42:21.5052287Z env:
build-android	Install Rust stable with Android targets	2026-07-31T19:42:21.5052487Z   toolchain: stable
build-android	Install Rust stable with Android targets	2026-07-31T19:42:21.5052702Z ##[endgroup]
build-android	Install Rust stable with Android targets	2026-07-31T19:42:21.5164546Z ##[end-action id=__dtolnay_rust-toolchain.parse;outcome=success;conclusion=success;duration_ms=20]
build-android	Install Rust stable with Android targets	2026-07-31T19:42:21.5173654Z ##[start-action display=Run : construct rustup command line;id=__dtolnay_rust-toolchain.flags]
build-android	Install Rust stable with Android targets	2026-07-31T19:42:21.5190231Z ##[group]Run : construct rustup command line
build-android	Install Rust stable with Android targets	2026-07-31T19:42:21.5190569Z [36;1m: construct rustup command line[0m
build-android	Install Rust stable with Android targets	2026-07-31T19:42:21.5191017Z [36;1mecho "targets=$(for t in ${targets//,/ }; do echo -n ' --target' $t; done)" >> $GITHUB_OUTPUT[0m
build-android	Install Rust stable with Android targets	2026-07-31T19:42:21.5191632Z [36;1mecho "components=$(for c in ${components//,/ }; do echo -n ' --component' $c; done)" >> $GITHUB_OUTPUT[0m
build-android	Install Rust stable with Android targets	2026-07-31T19:42:21.5192393Z [36;1mecho "downgrade=" >> $GITHUB_OUTPUT[0m
build-android	Install Rust stable with Android targets	2026-07-31T19:42:21.5249411Z shell: /usr/bin/bash --noprofile --norc -e -o pipefail {0}
build-android	Install Rust stable with Android targets	2026-07-31T19:42:21.5249760Z env:
build-android	Install Rust stable with Android targets	2026-07-31T19:42:21.5250188Z   targets: aarch64-linux-android,armv7-linux-androideabi,i686-linux-android,x86_64-linux-android
build-android	Install Rust stable with Android targets	2026-07-31T19:42:21.5250681Z   components: 
build-android	Install Rust stable with Android targets	2026-07-31T19:42:21.5250891Z ##[endgroup]
build-android	Install Rust stable with Android targets	2026-07-31T19:42:21.5348739Z ##[end-action id=__dtolnay_rust-toolchain.flags;outcome=success;conclusion=success;duration_ms=17]
build-android	Install Rust stable with Android targets	2026-07-31T19:42:21.5352296Z ##[start-action display=Run : set $CARGO_HOME;id=__dtolnay_rust-toolchain.__run]
build-android	Install Rust stable with Android targets	2026-07-31T19:42:21.5368100Z ##[group]Run : set $CARGO_HOME
build-android	Install Rust stable with Android targets	2026-07-31T19:42:21.5368383Z [36;1m: set $CARGO_HOME[0m
build-android	Install Rust stable with Android targets	2026-07-31T19:42:21.5368703Z [36;1mecho CARGO_HOME=${CARGO_HOME:-"$HOME/.cargo"} >> $GITHUB_ENV[0m
build-android	Install Rust stable with Android targets	2026-07-31T19:42:21.5422768Z shell: /usr/bin/bash --noprofile --norc -e -o pipefail {0}
build-android	Install Rust stable with Android targets	2026-07-31T19:42:21.5423131Z ##[endgroup]
build-android	Install Rust stable with Android targets	2026-07-31T19:42:21.5510467Z ##[end-action id=__dtolnay_rust-toolchain.__run;outcome=success;conclusion=success;duration_ms=15]
build-android	Install Rust stable with Android targets	2026-07-31T19:42:21.5512610Z ##[start-action display=Run : install rustup if needed;id=__dtolnay_rust-toolchain.__run_2]
build-android	Install Rust stable with Android targets	2026-07-31T19:42:21.5533637Z ##[group]Run : install rustup if needed
build-android	Install Rust stable with Android targets	2026-07-31T19:42:21.5533964Z [36;1m: install rustup if needed[0m
build-android	Install Rust stable with Android targets	2026-07-31T19:42:21.5534267Z [36;1mif ! command -v rustup &>/dev/null; then[0m
build-android	Install Rust stable with Android targets	2026-07-31T19:42:21.5535046Z [36;1m  curl --proto '=https' --tlsv1.2 --retry 10 --retry-connrefused --location --silent --show-error --fail https://sh.rustup.rs | sh -s -- --default-toolchain none -y[0m
build-android	Install Rust stable with Android targets	2026-07-31T19:42:21.5536077Z [36;1m  echo "$CARGO_HOME/bin" >> $GITHUB_PATH[0m
build-android	Install Rust stable with Android targets	2026-07-31T19:42:21.5536363Z [36;1mfi[0m
build-android	Install Rust stable with Android targets	2026-07-31T19:42:21.5590298Z shell: /usr/bin/bash --noprofile --norc -e -o pipefail {0}
build-android	Install Rust stable with Android targets	2026-07-31T19:42:21.5590649Z env:
build-android	Install Rust stable with Android targets	2026-07-31T19:42:21.5590874Z   CARGO_HOME: /home/runner/.cargo
build-android	Install Rust stable with Android targets	2026-07-31T19:42:21.5591136Z ##[endgroup]
build-android	Install Rust stable with Android targets	2026-07-31T19:42:21.5677112Z ##[end-action id=__dtolnay_rust-toolchain.__run_2;outcome=success;conclusion=success;duration_ms=16]
build-android	Install Rust stable with Android targets	2026-07-31T19:42:21.5681507Z ##[start-action display=Run : install rustup if needed on windows;id=__dtolnay_rust-toolchain.__run_3]
build-android	Install Rust stable with Android targets	2026-07-31T19:42:21.5687462Z ##[end-action id=__dtolnay_rust-toolchain.__run_3;outcome=skipped;conclusion=skipped;duration_ms=0]
build-android	Install Rust stable with Android targets	2026-07-31T19:42:21.5690685Z ##[start-action display=rustup toolchain install stable;id=__dtolnay_rust-toolchain.__run_4]
build-android	Install Rust stable with Android targets	2026-07-31T19:42:21.5725848Z ##[group]Run rustup toolchain install stable --target aarch64-linux-android --target armv7-linux-androideabi --target i686-linux-android --target x86_64-linux-android --profile minimal --no-self-update
build-android	Install Rust stable with Android targets	2026-07-31T19:42:21.5727228Z [36;1mrustup toolchain install stable --target aarch64-linux-android --target armv7-linux-androideabi --target i686-linux-android --target x86_64-linux-android --profile minimal --no-self-update[0m
build-android	Install Rust stable with Android targets	2026-07-31T19:42:21.5784439Z shell: /usr/bin/bash --noprofile --norc -e -o pipefail {0}
build-android	Install Rust stable with Android targets	2026-07-31T19:42:21.5784800Z env:
build-android	Install Rust stable with Android targets	2026-07-31T19:42:21.5785010Z   CARGO_HOME: /home/runner/.cargo
build-android	Install Rust stable with Android targets	2026-07-31T19:42:21.5785402Z   RUSTUP_PERMIT_COPY_RENAME: 1
build-android	Install Rust stable with Android targets	2026-07-31T19:42:21.5785646Z ##[endgroup]
build-android	Install Rust stable with Android targets	2026-07-31T19:42:23.0390187Z info: syncing channel updates for stable-x86_64-unknown-linux-gnu
build-android	Install Rust stable with Android targets	2026-07-31T19:42:23.4092620Z info: latest update on 2026-07-16 for version 1.97.1 (8bab26f4f 2026-07-14)
build-android	Install Rust stable with Android targets	2026-07-31T19:42:23.4308248Z info: downloading 4 components
build-android	Install Rust stable with Android targets	2026-07-31T19:42:31.4436706Z 
build-android	Install Rust stable with Android targets	2026-07-31T19:42:31.4540569Z   stable-x86_64-unknown-linux-gnu updated - rustc 1.97.1 (8bab26f4f 2026-07-14) (from rustc 1.97.1 (8bab26f4f 2026-07-14))
build-android	Install Rust stable with Android targets	2026-07-31T19:42:31.4541122Z 
build-android	Install Rust stable with Android targets	2026-07-31T19:42:31.4594453Z ##[end-action id=__dtolnay_rust-toolchain.__run_4;outcome=success;conclusion=success;duration_ms=9890]
build-android	Install Rust stable with Android targets	2026-07-31T19:42:31.4600963Z ##[start-action display=Run rustup default stable;id=__dtolnay_rust-toolchain.__run_5]
build-android	Install Rust stable with Android targets	2026-07-31T19:42:31.4622395Z ##[group]Run rustup default stable
build-android	Install Rust stable with Android targets	2026-07-31T19:42:31.4622707Z [36;1mrustup default stable[0m
build-android	Install Rust stable with Android targets	2026-07-31T19:42:31.4682790Z shell: /usr/bin/bash --noprofile --norc -e -o pipefail {0}
build-android	Install Rust stable with Android targets	2026-07-31T19:42:31.4683143Z env:
build-android	Install Rust stable with Android targets	2026-07-31T19:42:31.4683347Z   CARGO_HOME: /home/runner/.cargo
build-android	Install Rust stable with Android targets	2026-07-31T19:42:31.4683606Z ##[endgroup]
build-android	Install Rust stable with Android targets	2026-07-31T19:42:31.4828169Z info: using existing install for stable-x86_64-unknown-linux-gnu
build-android	Install Rust stable with Android targets	2026-07-31T19:42:31.4832707Z info: default toolchain set to stable-x86_64-unknown-linux-gnu
build-android	Install Rust stable with Android targets	2026-07-31T19:42:31.4833030Z 
build-android	Install Rust stable with Android targets	2026-07-31T19:42:31.4937180Z   stable-x86_64-unknown-linux-gnu unchanged - rustc 1.97.1 (8bab26f4f 2026-07-14)
build-android	Install Rust stable with Android targets	2026-07-31T19:42:31.4937782Z 
build-android	Install Rust stable with Android targets	2026-07-31T19:42:31.4957826Z ##[end-action id=__dtolnay_rust-toolchain.__run_5;outcome=success;conclusion=success;duration_ms=35]
build-android	Install Rust stable with Android targets	2026-07-31T19:42:31.4962423Z ##[start-action display=Run : create cachekey;id=__dtolnay_rust-toolchain.rustc-version]
build-android	Install Rust stable with Android targets	2026-07-31T19:42:31.4978834Z ##[group]Run : create cachekey
build-android	Install Rust stable with Android targets	2026-07-31T19:42:31.4979152Z [36;1m: create cachekey[0m
build-android	Install Rust stable with Android targets	2026-07-31T19:42:31.4979656Z [36;1mDATE=$(rustc +stable --version --verbose | sed -ne 's/^commit-date: \(20[0-9][0-9]\)-\([01][0-9]\)-\([0-3][0-9]\)$/\1\2\3/p')[0m
build-android	Install Rust stable with Android targets	2026-07-31T19:42:31.4980488Z [36;1mHASH=$(rustc +stable --version --verbose | sed -ne 's/^commit-hash: //p')[0m
build-android	Install Rust stable with Android targets	2026-07-31T19:42:31.4980968Z [36;1mecho "cachekey=$(echo $DATE$HASH | head -c12)" >> $GITHUB_OUTPUT[0m
build-android	Install Rust stable with Android targets	2026-07-31T19:42:31.5041241Z shell: /usr/bin/bash --noprofile --norc -e -o pipefail {0}
build-android	Install Rust stable with Android targets	2026-07-31T19:42:31.5041589Z env:
build-android	Install Rust stable with Android targets	2026-07-31T19:42:31.5041792Z   CARGO_HOME: /home/runner/.cargo
build-android	Install Rust stable with Android targets	2026-07-31T19:42:31.5042048Z ##[endgroup]
build-android	Install Rust stable with Android targets	2026-07-31T19:42:31.5675607Z ##[end-action id=__dtolnay_rust-toolchain.rustc-version;outcome=success;conclusion=success;duration_ms=71]
build-android	Install Rust stable with Android targets	2026-07-31T19:42:31.5678413Z ##[start-action display=Run : disable incremental compilation;id=__dtolnay_rust-toolchain.__run_6]
build-android	Install Rust stable with Android targets	2026-07-31T19:42:31.5694337Z ##[group]Run : disable incremental compilation
build-android	Install Rust stable with Android targets	2026-07-31T19:42:31.5694713Z [36;1m: disable incremental compilation[0m
build-android	Install Rust stable with Android targets	2026-07-31T19:42:31.5695049Z [36;1mif [ -z "${CARGO_INCREMENTAL+set}" ]; then[0m
build-android	Install Rust stable with Android targets	2026-07-31T19:42:31.5695691Z [36;1m  echo CARGO_INCREMENTAL=0 >> $GITHUB_ENV[0m
build-android	Install Rust stable with Android targets	2026-07-31T19:42:31.5695986Z [36;1mfi[0m
build-android	Install Rust stable with Android targets	2026-07-31T19:42:31.5756489Z shell: /usr/bin/bash --noprofile --norc -e -o pipefail {0}
build-android	Install Rust stable with Android targets	2026-07-31T19:42:31.5756854Z env:
build-android	Install Rust stable with Android targets	2026-07-31T19:42:31.5757061Z   CARGO_HOME: /home/runner/.cargo
build-android	Install Rust stable with Android targets	2026-07-31T19:42:31.5757321Z ##[endgroup]
build-android	Install Rust stable with Android targets	2026-07-31T19:42:31.5845048Z ##[end-action id=__dtolnay_rust-toolchain.__run_6;outcome=success;conclusion=success;duration_ms=16]
build-android	Install Rust stable with Android targets	2026-07-31T19:42:31.5847575Z ##[start-action display=Run : enable colors in Cargo output;id=__dtolnay_rust-toolchain.__run_7]
build-android	Install Rust stable with Android targets	2026-07-31T19:42:31.5862676Z ##[group]Run : enable colors in Cargo output
build-android	Install Rust stable with Android targets	2026-07-31T19:42:31.5863015Z [36;1m: enable colors in Cargo output[0m
build-android	Install Rust stable with Android targets	2026-07-31T19:42:31.5863321Z [36;1mif [ -z "${CARGO_TERM_COLOR+set}" ]; then[0m
build-android	Install Rust stable with Android targets	2026-07-31T19:42:31.5863670Z [36;1m  echo CARGO_TERM_COLOR=always >> $GITHUB_ENV[0m
build-android	Install Rust stable with Android targets	2026-07-31T19:42:31.5863980Z [36;1mfi[0m
build-android	Install Rust stable with Android targets	2026-07-31T19:42:31.5919653Z shell: /usr/bin/bash --noprofile --norc -e -o pipefail {0}
build-android	Install Rust stable with Android targets	2026-07-31T19:42:31.5920003Z env:
build-android	Install Rust stable with Android targets	2026-07-31T19:42:31.5920213Z   CARGO_HOME: /home/runner/.cargo
build-android	Install Rust stable with Android targets	2026-07-31T19:42:31.5920475Z   CARGO_INCREMENTAL: 0
build-android	Install Rust stable with Android targets	2026-07-31T19:42:31.5920693Z ##[endgroup]
build-android	Install Rust stable with Android targets	2026-07-31T19:42:31.6005994Z ##[end-action id=__dtolnay_rust-toolchain.__run_7;outcome=success;conclusion=success;duration_ms=15]
build-android	Install Rust stable with Android targets	2026-07-31T19:42:31.6010461Z ##[start-action display=Run : enable Cargo sparse registry;id=__dtolnay_rust-toolchain.__run_8]
build-android	Install Rust stable with Android targets	2026-07-31T19:42:31.6027069Z ##[group]Run : enable Cargo sparse registry
build-android	Install Rust stable with Android targets	2026-07-31T19:42:31.6027421Z [36;1m: enable Cargo sparse registry[0m
build-android	Install Rust stable with Android targets	2026-07-31T19:42:31.6027794Z [36;1m# implemented in 1.66, stabilized in 1.68, made default in 1.70[0m
build-android	Install Rust stable with Android targets	2026-07-31T19:42:31.6028506Z [36;1mif [ -z "${CARGO_REGISTRIES_CRATES_IO_PROTOCOL+set}" -o -f "/home/runner/work/_temp"/.implicit_cargo_registries_crates_io_protocol ]; then[0m
build-android	Install Rust stable with Android targets	2026-07-31T19:42:31.6029422Z [36;1m  if rustc +stable --version --verbose | grep -q '^release: 1\.6[89]\.'; then[0m
build-android	Install Rust stable with Android targets	2026-07-31T19:42:31.6030003Z [36;1m    touch "/home/runner/work/_temp"/.implicit_cargo_registries_crates_io_protocol || true[0m
build-android	Install Rust stable with Android targets	2026-07-31T19:42:31.6030538Z [36;1m    echo CARGO_REGISTRIES_CRATES_IO_PROTOCOL=sparse >> $GITHUB_ENV[0m
build-android	Install Rust stable with Android targets	2026-07-31T19:42:31.6031025Z [36;1m  elif rustc +stable --version --verbose | grep -q '^release: 1\.6[67]\.'; then[0m
build-android	Install Rust stable with Android targets	2026-07-31T19:42:31.6031571Z [36;1m    touch "/home/runner/work/_temp"/.implicit_cargo_registries_crates_io_protocol || true[0m
build-android	Install Rust stable with Android targets	2026-07-31T19:42:31.6032068Z [36;1m    echo CARGO_REGISTRIES_CRATES_IO_PROTOCOL=git >> $GITHUB_ENV[0m
build-android	Install Rust stable with Android targets	2026-07-31T19:42:31.6032411Z [36;1m  fi[0m
build-android	Install Rust stable with Android targets	2026-07-31T19:42:31.6032606Z [36;1mfi[0m
build-android	Install Rust stable with Android targets	2026-07-31T19:42:31.6087503Z shell: /usr/bin/bash --noprofile --norc -e -o pipefail {0}
build-android	Install Rust stable with Android targets	2026-07-31T19:42:31.6087843Z env:
build-android	Install Rust stable with Android targets	2026-07-31T19:42:31.6088044Z   CARGO_HOME: /home/runner/.cargo
build-android	Install Rust stable with Android targets	2026-07-31T19:42:31.6088304Z   CARGO_INCREMENTAL: 0
build-android	Install Rust stable with Android targets	2026-07-31T19:42:31.6088524Z   CARGO_TERM_COLOR: always
build-android	Install Rust stable with Android targets	2026-07-31T19:42:31.6088936Z ##[endgroup]
build-android	Install Rust stable with Android targets	2026-07-31T19:42:31.6520454Z ##[end-action id=__dtolnay_rust-toolchain.__run_8;outcome=success;conclusion=success;duration_ms=50]
build-android	Install Rust stable with Android targets	2026-07-31T19:42:31.6524853Z ##[start-action display=Run : work around spurious network errors in curl 8.0;id=__dtolnay_rust-toolchain.__run_9]
build-android	Install Rust stable with Android targets	2026-07-31T19:42:31.6541756Z ##[group]Run : work around spurious network errors in curl 8.0
build-android	Install Rust stable with Android targets	2026-07-31T19:42:31.6542195Z [36;1m: work around spurious network errors in curl 8.0[0m
build-android	Install Rust stable with Android targets	2026-07-31T19:42:31.6542774Z [36;1m# https://rust-lang.zulipchat.com/#narrow/stream/246057-t-cargo/topic/timeout.20investigation[0m
build-android	Install Rust stable with Android targets	2026-07-31T19:42:31.6543386Z [36;1mif rustc +stable --version --verbose | grep -q '^release: 1\.7[01]\.'; then[0m
build-android	Install Rust stable with Android targets	2026-07-31T19:42:31.6543854Z [36;1m  echo CARGO_HTTP_MULTIPLEXING=false >> $GITHUB_ENV[0m
build-android	Install Rust stable with Android targets	2026-07-31T19:42:31.6544167Z [36;1mfi[0m
build-android	Install Rust stable with Android targets	2026-07-31T19:42:31.6604127Z shell: /usr/bin/bash --noprofile --norc -e -o pipefail {0}
build-android	Install Rust stable with Android targets	2026-07-31T19:42:31.6604499Z env:
build-android	Install Rust stable with Android targets	2026-07-31T19:42:31.6604700Z   CARGO_HOME: /home/runner/.cargo
build-android	Install Rust stable with Android targets	2026-07-31T19:42:31.6604992Z   CARGO_INCREMENTAL: 0
build-android	Install Rust stable with Android targets	2026-07-31T19:42:31.6605212Z   CARGO_TERM_COLOR: always
build-android	Install Rust stable with Android targets	2026-07-31T19:42:31.6605542Z ##[endgroup]
build-android	Install Rust stable with Android targets	2026-07-31T19:42:31.6874091Z ##[end-action id=__dtolnay_rust-toolchain.__run_9;outcome=success;conclusion=success;duration_ms=34]
build-android	Install Rust stable with Android targets	2026-07-31T19:42:31.6880858Z ##[start-action display=Run rustc +stable --version --verbose;id=__dtolnay_rust-toolchain.__run_10]
build-android	Install Rust stable with Android targets	2026-07-31T19:42:31.6905673Z ##[group]Run rustc +stable --version --verbose
build-android	Install Rust stable with Android targets	2026-07-31T19:42:31.6906228Z [36;1mrustc +stable --version --verbose[0m
build-android	Install Rust stable with Android targets	2026-07-31T19:42:31.6990354Z shell: /usr/bin/bash --noprofile --norc -e -o pipefail {0}
build-android	Install Rust stable with Android targets	2026-07-31T19:42:31.6990915Z env:
build-android	Install Rust stable with Android targets	2026-07-31T19:42:31.6991234Z   CARGO_HOME: /home/runner/.cargo
build-android	Install Rust stable with Android targets	2026-07-31T19:42:31.6991654Z   CARGO_INCREMENTAL: 0
build-android	Install Rust stable with Android targets	2026-07-31T19:42:31.6992006Z   CARGO_TERM_COLOR: always
build-android	Install Rust stable with Android targets	2026-07-31T19:42:31.6992365Z ##[endgroup]
build-android	Install Rust stable with Android targets	2026-07-31T19:42:31.7249391Z rustc 1.97.1 (8bab26f4f 2026-07-14)
build-android	Install Rust stable with Android targets	2026-07-31T19:42:31.7250158Z binary: rustc
build-android	Install Rust stable with Android targets	2026-07-31T19:42:31.7251000Z commit-hash: 8bab26f4f68e0e26f0bb7960be334d5b520ea452
build-android	Install Rust stable with Android targets	2026-07-31T19:42:31.7251799Z commit-date: 2026-07-14
build-android	Install Rust stable with Android targets	2026-07-31T19:42:31.7252424Z host: x86_64-unknown-linux-gnu
build-android	Install Rust stable with Android targets	2026-07-31T19:42:31.7253005Z release: 1.97.1
build-android	Install Rust stable with Android targets	2026-07-31T19:42:31.7253594Z LLVM version: 22.1.6
build-android	Install Rust stable with Android targets	2026-07-31T19:42:31.7276118Z ##[end-action id=__dtolnay_rust-toolchain.__run_10;outcome=success;conclusion=success;duration_ms=39]
build-android	Confirm Android Rust targets	﻿2026-07-31T19:42:31.7330509Z ##[group]Run rustup target add aarch64-linux-android armv7-linux-androideabi i686-linux-android x86_64-linux-android
build-android	Confirm Android Rust targets	2026-07-31T19:42:31.7331330Z [36;1mrustup target add aarch64-linux-android armv7-linux-androideabi i686-linux-android x86_64-linux-android[0m
build-android	Confirm Android Rust targets	2026-07-31T19:42:31.7391192Z shell: /usr/bin/bash -e {0}
build-android	Confirm Android Rust targets	2026-07-31T19:42:31.7391452Z env:
build-android	Confirm Android Rust targets	2026-07-31T19:42:31.7391660Z   CARGO_HOME: /home/runner/.cargo
build-android	Confirm Android Rust targets	2026-07-31T19:42:31.7391925Z   CARGO_INCREMENTAL: 0
build-android	Confirm Android Rust targets	2026-07-31T19:42:31.7392350Z   CARGO_TERM_COLOR: always
build-android	Confirm Android Rust targets	2026-07-31T19:42:31.7392580Z ##[endgroup]
build-android	Confirm Android Rust targets	2026-07-31T19:42:31.7975905Z info: component rust-std for target aarch64-linux-android is up to date
build-android	Confirm Android Rust targets	2026-07-31T19:42:31.8181240Z info: component rust-std for target armv7-linux-androideabi is up to date
build-android	Confirm Android Rust targets	2026-07-31T19:42:31.8403831Z info: component rust-std for target i686-linux-android is up to date
build-android	Confirm Android Rust targets	2026-07-31T19:42:31.8624920Z info: component rust-std for target x86_64-linux-android is up to date
build-android	Setup Java (JDK)	﻿2026-07-31T19:42:31.8724628Z Node 20 is being deprecated. This workflow is running with Node 24 by default. If you need to temporarily use Node 20, you can set the ACTIONS_ALLOW_USE_UNSECURE_NODE_VERSION=true environment variable. For more information see: https://github.blog/changelog/2025-09-19-deprecation-of-node-20-on-github-actions-runners/
build-android	Setup Java (JDK)	2026-07-31T19:42:31.8726130Z ##[group]Run actions/setup-java@v4
build-android	Setup Java (JDK)	2026-07-31T19:42:31.8726394Z with:
build-android	Setup Java (JDK)	2026-07-31T19:42:31.8726595Z   distribution: temurin
build-android	Setup Java (JDK)	2026-07-31T19:42:31.8726840Z   java-version: 17
build-android	Setup Java (JDK)	2026-07-31T19:42:31.8727052Z   java-package: jdk
build-android	Setup Java (JDK)	2026-07-31T19:42:31.8727266Z   check-latest: false
build-android	Setup Java (JDK)	2026-07-31T19:42:31.8727481Z   server-id: github
build-android	Setup Java (JDK)	2026-07-31T19:42:31.8727692Z   server-username: GITHUB_ACTOR
build-android	Setup Java (JDK)	2026-07-31T19:42:31.8727946Z   server-password: GITHUB_TOKEN
build-android	Setup Java (JDK)	2026-07-31T19:42:31.8728191Z   overwrite-settings: true
build-android	Setup Java (JDK)	2026-07-31T19:42:31.8728421Z   job-status: success
build-android	Setup Java (JDK)	2026-07-31T19:42:31.8730880Z   token: ***
build-android	Setup Java (JDK)	2026-07-31T19:42:31.8731079Z env:
build-android	Setup Java (JDK)	2026-07-31T19:42:31.8731278Z   CARGO_HOME: /home/runner/.cargo
build-android	Setup Java (JDK)	2026-07-31T19:42:31.8731567Z   CARGO_INCREMENTAL: 0
build-android	Setup Java (JDK)	2026-07-31T19:42:31.8731792Z   CARGO_TERM_COLOR: always
build-android	Setup Java (JDK)	2026-07-31T19:42:31.8732023Z ##[endgroup]
build-android	Setup Java (JDK)	2026-07-31T19:42:32.0423533Z ##[group]Installed distributions
build-android	Setup Java (JDK)	2026-07-31T19:42:32.0753449Z Resolved Java 17.0.19+10 from tool-cache
build-android	Setup Java (JDK)	2026-07-31T19:42:32.0754143Z Setting Java 17.0.19+10 as the default
build-android	Setup Java (JDK)	2026-07-31T19:42:32.0765679Z (node:4434) [DEP0040] DeprecationWarning: The `punycode` module is deprecated. Please use a userland alternative instead.
build-android	Setup Java (JDK)	2026-07-31T19:42:32.0767199Z (Use `node --trace-deprecation ...` to show where the warning was created)
build-android	Setup Java (JDK)	2026-07-31T19:42:32.0769778Z Creating toolchains.xml for JDK version 17 from temurin
build-android	Setup Java (JDK)	2026-07-31T19:42:32.0844139Z Writing to /home/runner/.m2/toolchains.xml
build-android	Setup Java (JDK)	2026-07-31T19:42:32.0844922Z 
build-android	Setup Java (JDK)	2026-07-31T19:42:32.0845850Z Java configuration:
build-android	Setup Java (JDK)	2026-07-31T19:42:32.0846922Z   Distribution: temurin
build-android	Setup Java (JDK)	2026-07-31T19:42:32.0847516Z   Version: 17.0.19+10
build-android	Setup Java (JDK)	2026-07-31T19:42:32.0848554Z   Path: /opt/hostedtoolcache/Java_Temurin-Hotspot_jdk/17.0.19-10/x64
build-android	Setup Java (JDK)	2026-07-31T19:42:32.0849139Z 
build-android	Setup Java (JDK)	2026-07-31T19:42:32.0849847Z ##[endgroup]
build-android	Setup Java (JDK)	2026-07-31T19:42:32.0854371Z Creating settings.xml with server-id: github
build-android	Setup Java (JDK)	2026-07-31T19:42:32.0866581Z Writing to /home/runner/.m2/settings.xml
build-android	Setup Android SDK	﻿2026-07-31T19:42:32.1010407Z Node 20 is being deprecated. This workflow is running with Node 24 by default. If you need to temporarily use Node 20, you can set the ACTIONS_ALLOW_USE_UNSECURE_NODE_VERSION=true environment variable. For more information see: https://github.blog/changelog/2025-09-19-deprecation-of-node-20-on-github-actions-runners/
build-android	Setup Android SDK	2026-07-31T19:42:32.1011926Z ##[group]Run android-actions/setup-android@v3
build-android	Setup Android SDK	2026-07-31T19:42:32.1012334Z with:
build-android	Setup Android SDK	2026-07-31T19:42:32.1012778Z   cmdline-tools-version: 12266719
build-android	Setup Android SDK	2026-07-31T19:42:32.1013191Z   accept-android-sdk-licenses: true
build-android	Setup Android SDK	2026-07-31T19:42:32.1013718Z   log-accepted-android-sdk-licenses: true
build-android	Setup Android SDK	2026-07-31T19:42:32.1014167Z   packages: tools platform-tools
build-android	Setup Android SDK	2026-07-31T19:42:32.1014518Z env:
build-android	Setup Android SDK	2026-07-31T19:42:32.1014952Z   CARGO_HOME: /home/runner/.cargo
build-android	Setup Android SDK	2026-07-31T19:42:32.1015557Z   CARGO_INCREMENTAL: 0
build-android	Setup Android SDK	2026-07-31T19:42:32.1016106Z   CARGO_TERM_COLOR: always
build-android	Setup Android SDK	2026-07-31T19:42:32.1016717Z   JAVA_HOME: /opt/hostedtoolcache/Java_Temurin-Hotspot_jdk/17.0.19-10/x64
build-android	Setup Android SDK	2026-07-31T19:42:32.1017403Z   JAVA_HOME_17_X64: /opt/hostedtoolcache/Java_Temurin-Hotspot_jdk/17.0.19-10/x64
build-android	Setup Android SDK	2026-07-31T19:42:32.1018022Z ##[endgroup]
build-android	Setup Android SDK	2026-07-31T19:42:32.2029256Z Found preinstalled sdkmanager in /usr/local/lib/android/sdk/cmdline-tools/latest with following source.properties:
build-android	Setup Android SDK	2026-07-31T19:42:32.2031180Z Pkg.Revision=9.0
build-android	Setup Android SDK	2026-07-31T19:42:32.2031612Z Pkg.Path=cmdline-tools;9.0
build-android	Setup Android SDK	2026-07-31T19:42:32.2032136Z Pkg.Desc=Android SDK Command-line Tools
build-android	Setup Android SDK	2026-07-31T19:42:32.2032380Z 
build-android	Setup Android SDK	2026-07-31T19:42:32.2032633Z Wrong version in preinstalled sdkmanager
build-android	Setup Android SDK	2026-07-31T19:42:32.2033472Z Downloading commandline tools from https://dl.google.com/android/repository/commandlinetools-linux-12266719_latest.zip
build-android	Setup Android SDK	2026-07-31T19:42:32.9730800Z [command]/usr/bin/unzip -o -q /home/runner/work/_temp/d9e52b02-8bb9-4ab4-8a4b-da48b9d4f28c
build-android	Setup Android SDK	2026-07-31T19:42:33.9200389Z Accepting Android SDK licenses
build-android	Setup Android SDK	2026-07-31T19:42:33.9207370Z [command]/usr/local/lib/android/sdk/cmdline-tools/16.0/bin/sdkmanager --licenses
build-android	Setup Android SDK	2026-07-31T19:42:37.7153484Z Loading local repository...                                                     
build-android	Setup Android SDK	2026-07-31T19:42:37.7154418Z [=========                              ] 25% Loading local repository...       
build-android	Setup Android SDK	2026-07-31T19:42:38.9533276Z [=========                              ] 25% Fetch remote repository...        
build-android	Setup Android SDK	2026-07-31T19:42:39.3189301Z [==========                             ] 26% Fetch remote repository...        
build-android	Setup Android SDK	2026-07-31T19:42:39.3246575Z [============                           ] 31% Fetch remote repository...        
build-android	Setup Android SDK	2026-07-31T19:42:39.4169822Z [============                           ] 32% Fetch remote repository...        
build-android	Setup Android SDK	2026-07-31T19:42:39.4187566Z [=============                          ] 33% Fetch remote repository...        
build-android	Setup Android SDK	2026-07-31T19:42:39.4326245Z [=============                          ] 35% Fetch remote repository...        
build-android	Setup Android SDK	2026-07-31T19:42:39.4327472Z [==============                         ] 36% Fetch remote repository...        
build-android	Setup Android SDK	2026-07-31T19:42:39.4479006Z [==============                         ] 37% Fetch remote repository...        
build-android	Setup Android SDK	2026-07-31T19:42:39.4481599Z [===============                        ] 38% Fetch remote repository...        
build-android	Setup Android SDK	2026-07-31T19:42:39.4598906Z [===============                        ] 39% Fetch remote repository...        
build-android	Setup Android SDK	2026-07-31T19:42:39.4600198Z [================                       ] 40% Fetch remote repository...        
build-android	Setup Android SDK	2026-07-31T19:42:39.4711437Z [================                       ] 41% Fetch remote repository...        
build-android	Setup Android SDK	2026-07-31T19:42:39.4722980Z [================                       ] 42% Fetch remote repository...        
build-android	Setup Android SDK	2026-07-31T19:42:39.4861646Z [=================                      ] 44% Fetch remote repository...        
build-android	Setup Android SDK	2026-07-31T19:42:39.4862818Z [=================                      ] 45% Fetch remote repository...        
build-android	Setup Android SDK	2026-07-31T19:42:39.4987773Z [==================                     ] 46% Fetch remote repository...        
build-android	Setup Android SDK	2026-07-31T19:42:39.4988982Z [==================                     ] 47% Fetch remote repository...        
build-android	Setup Android SDK	2026-07-31T19:42:39.5101776Z [===================                    ] 48% Fetch remote repository...        
build-android	Setup Android SDK	2026-07-31T19:42:39.5117498Z [===================                    ] 49% Fetch remote repository...        
build-android	Setup Android SDK	2026-07-31T19:42:39.5231159Z [====================                   ] 50% Fetch remote repository...        
build-android	Setup Android SDK	2026-07-31T19:42:39.5232317Z [====================                   ] 51% Fetch remote repository...        
build-android	Setup Android SDK	2026-07-31T19:42:39.5359686Z [====================                   ] 53% Fetch remote repository...        
build-android	Setup Android SDK	2026-07-31T19:42:39.5381419Z [=====================                  ] 54% Fetch remote repository...        
build-android	Setup Android SDK	2026-07-31T19:42:39.5831917Z [=====================                  ] 55% Fetch remote repository...        
build-android	Setup Android SDK	2026-07-31T19:42:39.5833185Z [======================                 ] 56% Fetch remote repository...        
build-android	Setup Android SDK	2026-07-31T19:42:39.5953453Z [======================                 ] 57% Fetch remote repository...        
build-android	Setup Android SDK	2026-07-31T19:42:39.5965796Z [=======================                ] 58% Fetch remote repository...        
build-android	Setup Android SDK	2026-07-31T19:42:39.6123044Z [=======================                ] 59% Fetch remote repository...        
build-android	Setup Android SDK	2026-07-31T19:42:39.6126811Z [========================               ] 60% Fetch remote repository...        
build-android	Setup Android SDK	2026-07-31T19:42:39.6225669Z [========================               ] 61% Fetch remote repository...        
build-android	Setup Android SDK	2026-07-31T19:42:39.6256451Z [=========================              ] 63% Fetch remote repository...        
build-android	Setup Android SDK	2026-07-31T19:42:39.6558467Z [=========================              ] 64% Fetch remote repository...        
build-android	Setup Android SDK	2026-07-31T19:42:39.6559797Z [=========================              ] 65% Fetch remote repository...        
build-android	Setup Android SDK	2026-07-31T19:42:39.6739734Z [==========================             ] 66% Fetch remote repository...        
build-android	Setup Android SDK	2026-07-31T19:42:39.6742278Z [==========================             ] 67% Fetch remote repository...        
build-android	Setup Android SDK	2026-07-31T19:42:39.6864153Z [===========================            ] 68% Fetch remote repository...        
build-android	Setup Android SDK	2026-07-31T19:42:39.6867253Z [===========================            ] 69% Fetch remote repository...        
build-android	Setup Android SDK	2026-07-31T19:42:39.6957798Z [============================           ] 70% Fetch remote repository...        
build-android	Setup Android SDK	2026-07-31T19:42:39.6988033Z [============================           ] 72% Fetch remote repository...        
build-android	Setup Android SDK	2026-07-31T19:42:39.7246770Z [=============================          ] 73% Fetch remote repository...        
build-android	Setup Android SDK	2026-07-31T19:42:39.7248029Z [=============================          ] 74% Fetch remote repository...        
build-android	Setup Android SDK	2026-07-31T19:42:39.7347733Z [=============================          ] 75% Fetch remote repository...        
build-android	Setup Android SDK	2026-07-31T19:42:39.7497351Z [=============================          ] 75% Computing updates...              
build-android	Setup Android SDK	2026-07-31T19:42:39.7498470Z [=======================================] 100% Computing updates...             
build-android	Setup Android SDK	2026-07-31T19:42:39.8086702Z 6 of 7 SDK package licenses not accepted.
build-android	Setup Android SDK	2026-07-31T19:42:39.8097053Z Review licenses that have not been accepted (y/N)? 
build-android	Setup Android SDK	2026-07-31T19:42:39.8100120Z 1/6: License android-googletv-license:
build-android	Setup Android SDK	2026-07-31T19:42:39.8100793Z ---------------------------------------
build-android	Setup Android SDK	2026-07-31T19:42:39.8101455Z Terms and Conditions
build-android	Setup Android SDK	2026-07-31T19:42:39.8101819Z 
build-android	Setup Android SDK	2026-07-31T19:42:39.8102562Z This is the Google TV Add-on for the Android Software Development Kit License Agreement.
build-android	Setup Android SDK	2026-07-31T19:42:39.8103286Z 
build-android	Setup Android SDK	2026-07-31T19:42:39.8103572Z 1. Introduction
build-android	Setup Android SDK	2026-07-31T19:42:39.8103921Z 
build-android	Setup Android SDK	2026-07-31T19:42:39.8107161Z 1.1 The Google TV Add-on for the Android Software Development Kit (referred to in this License Agreement as the "Google TV Add-on" and specifically including the Android system files, packaged APIs, and Google APIs add-ons) is licensed to you subject to the terms of this License Agreement. This License Agreement forms a legally binding contract between you and Google in relation to your use of the Google TV Add-on.
build-android	Setup Android SDK	2026-07-31T19:42:39.8109747Z 
build-android	Setup Android SDK	2026-07-31T19:42:39.8111001Z 1.2 "Google" means Google Inc., a Delaware corporation with principal place of business at 1600 Amphitheatre Parkway, Mountain View, CA 94043, United States.
build-android	Setup Android SDK	2026-07-31T19:42:39.8112563Z 
build-android	Setup Android SDK	2026-07-31T19:42:39.8112963Z 2. Accepting this License Agreement
build-android	Setup Android SDK	2026-07-31T19:42:39.8113369Z 
build-android	Setup Android SDK	2026-07-31T19:42:39.8114151Z 2.1 In order to use the Google TV Add-on, you must first agree to this License Agreement. You may not use the Google TV Add-on if you do not accept this License Agreement.
build-android	Setup Android SDK	2026-07-31T19:42:39.8115120Z 
build-android	Setup Android SDK	2026-07-31T19:42:39.8115697Z 2.2 You can accept this License Agreement by:
build-android	Setup Android SDK	2026-07-31T19:42:39.8116164Z 
build-android	Setup Android SDK	2026-07-31T19:42:39.8116953Z (A) clicking to accept or agree to this License Agreement, where this option is made available to you; or
build-android	Setup Android SDK	2026-07-31T19:42:39.8117772Z 
build-android	Setup Android SDK	2026-07-31T19:42:39.8119077Z (B) by actually using the Google TV Add-on. In this case, you agree that use of the Google TV Add-on constitutes acceptance of the License Agreement from that point onwards.
build-android	Setup Android SDK	2026-07-31T19:42:39.8120236Z 
build-android	Setup Android SDK	2026-07-31T19:42:39.8122390Z 2.3 You may not use the Google TV Add-on and may not accept the Licensing Agreement if you are a person barred from receiving the Google TV Add-on under the laws of the United States or other countries including the country in which you are resident or from which you use the Google TV Add-on.
build-android	Setup Android SDK	2026-07-31T19:42:39.8124490Z 
build-android	Setup Android SDK	2026-07-31T19:42:39.8127559Z 2.4 If you are agreeing to be bound by this License Agreement on behalf of your employer or other entity, you represent and warrant that you have full legal authority to bind your employer or such entity to this License Agreement. If you do not have the requisite authority, you may not accept the Licensing Agreement or use the Google TV Add-on on behalf of your employer or other entity.
build-android	Setup Android SDK	2026-07-31T19:42:39.8129823Z 
build-android	Setup Android SDK	2026-07-31T19:42:39.8130210Z 3. Google TV Add-on License from Google
build-android	Setup Android SDK	2026-07-31T19:42:39.8137226Z 
build-android	Setup Android SDK	2026-07-31T19:42:39.8139185Z 3.1 Subject to the terms of this License Agreement, Google grants you a limited, worldwide, royalty-free, non- assignable and non-exclusive license to use the Google TV Add-on solely to develop applications to run on the Google TV platform.
build-android	Setup Android SDK	2026-07-31T19:42:39.8146580Z 
build-android	Setup Android SDK	2026-07-31T19:42:39.8149634Z 3.2 You agree that Google or third parties own all legal right, title and interest in and to the Google TV Add-on, including any Intellectual Property Rights that subsist in the Google TV Add-on. "Intellectual Property Rights" means any and all rights under patent law, copyright law, trade secret law, trademark law, and any and all other proprietary rights. Google reserves all rights not expressly granted to you.
build-android	Setup Android SDK	2026-07-31T19:42:39.8158676Z 
build-android	Setup Android SDK	2026-07-31T19:42:39.8163277Z 3.3 Except to the extent required by applicable third party licenses, you may not copy (except for backup purposes), modify, adapt, redistribute, decompile, reverse engineer, disassemble, or create derivative works of the Google TV Add-on or any part of the Google TV Add-on. Except to the extent required by applicable third party licenses, you may not load any part of the Google TV Add-on onto a mobile handset, television, or any other hardware device except a personal computer, combine any part of the Google TV Add-on with other software, or distribute any software or device incorporating a part of the Google TV Add-on.
build-android	Setup Android SDK	2026-07-31T19:42:39.8170420Z 
build-android	Setup Android SDK	2026-07-31T19:42:39.8172263Z 3.4 Use, reproduction and distribution of components of the Google TV Add-on licensed under an open source software license are governed solely by the terms of that open source software license and not this License Agreement.
build-android	Setup Android SDK	2026-07-31T19:42:39.8173767Z 
build-android	Setup Android SDK	2026-07-31T19:42:39.8177411Z 3.5 You agree that the form and nature of the Google TV Add-on that Google provides may change without prior notice to you and that future versions of the Google TV Add-on may be incompatible with applications developed on previous versions of the Google TV Add-on. You agree that Google may stop (permanently or temporarily) providing the Google TV Add-on (or any features within the Google TV Add-on) to you or to users generally at Google's sole discretion, without prior notice to you.
build-android	Setup Android SDK	2026-07-31T19:42:39.8183352Z 
build-android	Setup Android SDK	2026-07-31T19:42:39.8186247Z 3.6 Nothing in this License Agreement gives you a right to use any of Google's or it’s licensors’ trade names, trademarks, service marks, logos, domain names, or other distinctive brand features.
build-android	Setup Android SDK	2026-07-31T19:42:39.8187738Z 
build-android	Setup Android SDK	2026-07-31T19:42:39.8189259Z 3.7 You agree that you will not remove, obscure, or alter any proprietary rights notices (including copyright and trademark notices) that may be affixed to or contained within the Google TV Add-on.
build-android	Setup Android SDK	2026-07-31T19:42:39.8190571Z 
build-android	Setup Android SDK	2026-07-31T19:42:39.8190978Z 4. Use of the Google TV Add-on by You
build-android	Setup Android SDK	2026-07-31T19:42:39.8191428Z 
build-android	Setup Android SDK	2026-07-31T19:42:39.8193511Z 4.1 Google agrees that it obtains no right, title or interest from you (or your licensors) under this License Agreement in or to any software applications that you develop using the Google TV Add-on, including any intellectual property rights that subsist in those applications.
build-android	Setup Android SDK	2026-07-31T19:42:39.8203374Z 
build-android	Setup Android SDK	2026-07-31T19:42:39.8206522Z 4.2 You agree to use the Google TV Add-on and write applications only for purposes that are permitted by (a) this License Agreement and (b) any applicable law, regulation or generally accepted practices or guidelines in the relevant jurisdictions (including any laws regarding the export of data or software to and from the United States or other relevant countries).
build-android	Setup Android SDK	2026-07-31T19:42:39.8209210Z 
build-android	Setup Android SDK	2026-07-31T19:42:39.8214843Z 4.3 You agree that if you use the Google TV Add-on to develop applications for general public users, you will protect the privacy and legal rights of those users. If the users provide you with user names, passwords, or other login information or personal information, your must make the users aware that the information will be available to your application, and you must provide legally adequate privacy notice and protection for those users. If your application stores personal or sensitive information provided by users, it must do so securely. If the user provides your application with Google Account information, your application may only use that information to access the user's Google Account when, and for the limited purposes for which, the user has given you explicit permission to do so.
build-android	Setup Android SDK	2026-07-31T19:42:39.8223791Z 
build-android	Setup Android SDK	2026-07-31T19:42:39.8227207Z 4.4 You agree that you will not engage in any activity with the Google TV Add-on, including the development or distribution of an application, that interferes with, disrupts, damages, or accesses in an unauthorized manner the servers, networks, or other properties or services of any third party including, but not limited to, Google, Multichannel Video Program Distributors or any mobile communications carrier.
build-android	Setup Android SDK	2026-07-31T19:42:39.8229721Z 
build-android	Setup Android SDK	2026-07-31T19:42:39.8232521Z 4.5 You agree that you are solely responsible for (and that Google has no responsibility to you or to any third party for) any data, content, or resources that you create, transmit or display through the Google TV platform and/or applications for the Google TV platform, and for the consequences of your actions (including any loss or damage which Google may suffer) by doing so.
build-android	Setup Android SDK	2026-07-31T19:42:39.8234835Z 
build-android	Setup Android SDK	2026-07-31T19:42:39.8237933Z 4.6 You agree that you are solely responsible for (and that Google has no responsibility to you or to any third party for) any breach of your obligations under this License Agreement, any applicable third party contract or Terms of Service, or any applicable law or regulation, and for the consequences (including any loss or damage which Google or any third party may suffer) of any such breach.
build-android	Setup Android SDK	2026-07-31T19:42:39.8243892Z 
build-android	Setup Android SDK	2026-07-31T19:42:39.8244356Z 5. Your Developer Credentials
build-android	Setup Android SDK	2026-07-31T19:42:39.8244823Z 
build-android	Setup Android SDK	2026-07-31T19:42:39.8253880Z 5.1 You agree that you are responsible for maintaining the confidentiality of any developer credentials that may be issued to you by Google or which you may choose yourself and that you will be solely responsible for all applications that are developed under your developer credentials.
build-android	Setup Android SDK	2026-07-31T19:42:39.8262387Z 
build-android	Setup Android SDK	2026-07-31T19:42:39.8262823Z 6. Privacy and Information
build-android	Setup Android SDK	2026-07-31T19:42:39.8263280Z 
build-android	Setup Android SDK	2026-07-31T19:42:39.8267162Z 6.1 In order to continually innovate and improve the Google TV Add-on, Google may collect certain usage statistics from the software including but not limited to a unique identifier, associated IP address, version number of the software, and information on which tools and/or services in the Google TV Add-on are being used and how they are being used. Before any of this information is collected, the Google TV Add-on will notify you and seek your consent. If you withhold consent, the information will not be collected.
build-android	Setup Android SDK	2026-07-31T19:42:39.8270313Z 
build-android	Setup Android SDK	2026-07-31T19:42:39.8271464Z 6.2 The data collected is examined in the aggregate to improve the Google TV Add-on and is maintained in accordance with Google's Privacy Policy.
build-android	Setup Android SDK	2026-07-31T19:42:39.8284064Z 
build-android	Setup Android SDK	2026-07-31T19:42:39.8284531Z 7. Third Party Applications for the Google TV Platform
build-android	Setup Android SDK	2026-07-31T19:42:39.8284950Z 
build-android	Setup Android SDK	2026-07-31T19:42:39.8289277Z 7.1 If you use the Google TV Add-on to run applications developed by a third party or that access data, content or resources provided by a third party, you agree that Google is not responsible for those applications, data, content, or resources. You understand that all data, content or resources which you may access through such third party applications are the sole responsibility of the person from which they originated and that Google is not liable for any loss or damage that you may experience as a result of the use or access of any of those third party applications, data, content, or resources.
build-android	Setup Android SDK	2026-07-31T19:42:39.8292171Z 
build-android	Setup Android SDK	2026-07-31T19:42:39.8294258Z 7.2 You should be aware the data, content, and resources presented to you through such a third party application may be protected by intellectual property rights which are owned by the providers (or by other persons or companies on their behalf). You may not modify, rent, lease, loan, sell, distribute or create derivative works based on these data, content, or resources (either in whole or in part) unless you have been specifically given permission to do so by the relevant owners.
build-android	Setup Android SDK	2026-07-31T19:42:39.8296580Z 
build-android	Setup Android SDK	2026-07-31T19:42:39.8298468Z 7.3 You acknowledge that your use of such third party applications, data, content, or resources may be subject to separate terms between you and the relevant third party. In that case, this License Agreement does not affect your legal relationship with these third parties.
build-android	Setup Android SDK	2026-07-31T19:42:39.8300068Z 
build-android	Setup Android SDK	2026-07-31T19:42:39.8300234Z 8. Using Google TV APIs
build-android	Setup Android SDK	2026-07-31T19:42:39.8300449Z 
build-android	Setup Android SDK	2026-07-31T19:42:39.8303783Z 8.1 If you use any Google TV API to retrieve data from Google, you acknowledge that the data (“Google TV API Content”) may be protected by intellectual property rights which are owned by Google or those parties that provide the data (or by other persons or companies on their behalf). Your use of any such API may be subject to additional Terms of Service. You may not modify, rent, lease, loan, sell, distribute or create derivative works based on this data (either in whole or in part) unless allowed by the relevant Terms of Service. Some portions of the Google TV API Content are licensed to Google by third parties, including but not limited to Tribune Media Services
build-android	Setup Android SDK	2026-07-31T19:42:39.8306102Z 
build-android	Setup Android SDK	2026-07-31T19:42:39.8307079Z 8.2 If you use any API to retrieve a user's data from Google, you acknowledge and agree that you shall retrieve data only with the user's explicit consent and only when, and for the limited purposes for which, the user has given you permission to do so.
build-android	Setup Android SDK	2026-07-31T19:42:39.8307891Z 
build-android	Setup Android SDK	2026-07-31T19:42:39.8308266Z 8.3 Except as explicitly permitted in Section 3 (Google TV Add-on License from Google), you must:
build-android	Setup Android SDK	2026-07-31T19:42:39.8308634Z 
build-android	Setup Android SDK	2026-07-31T19:42:39.8309336Z (a) not modify nor format the Google TV API Content except to the extent reasonably and technically necessary to optimize the display such Google TV API Content in your application;
build-android	Setup Android SDK	2026-07-31T19:42:39.8309967Z 
build-android	Setup Android SDK	2026-07-31T19:42:39.8310996Z (b) not edit the Google TV API Content in a manner that renders the Google TV API Content inaccurate of alters its inherent meaning (provided that displaying excerpts will not violate the foregoing); or
build-android	Setup Android SDK	2026-07-31T19:42:39.8311661Z 
build-android	Setup Android SDK	2026-07-31T19:42:39.8312042Z (c) not create any commercial audience measurement tool or service using the Google TV API Content
build-android	Setup Android SDK	2026-07-31T19:42:39.8312412Z 
build-android	Setup Android SDK	2026-07-31T19:42:39.8312564Z 9. Terminating this License Agreement
build-android	Setup Android SDK	2026-07-31T19:42:39.8312752Z 
build-android	Setup Android SDK	2026-07-31T19:42:39.8313164Z 9.1 This License Agreement will continue to apply until terminated by either you or Google as set out below.
build-android	Setup Android SDK	2026-07-31T19:42:39.8313561Z 
build-android	Setup Android SDK	2026-07-31T19:42:39.8314115Z 9.2 If you want to terminate this License Agreement, you may do so by ceasing your use of the Google TV Add-on and any relevant developer credentials.
build-android	Setup Android SDK	2026-07-31T19:42:39.8314609Z 
build-android	Setup Android SDK	2026-07-31T19:42:39.8314871Z 9.3 Google may at any time, terminate this License Agreement with you if:
build-android	Setup Android SDK	2026-07-31T19:42:39.8315144Z 
build-android	Setup Android SDK	2026-07-31T19:42:39.8315644Z (A) you have breached any provision of this License Agreement; or
build-android	Setup Android SDK	2026-07-31T19:42:39.8316040Z 
build-android	Setup Android SDK	2026-07-31T19:42:39.8316404Z (B) Google is required to do so by law; or
build-android	Setup Android SDK	2026-07-31T19:42:39.8316923Z 
build-android	Setup Android SDK	2026-07-31T19:42:39.8318314Z (C) the partner with whom Google offered certain parts of Google TV Add-on (such as APIs) to you has terminated its relationship with Google or ceased to offer certain parts of the Google TV Add-on to you; or
build-android	Setup Android SDK	2026-07-31T19:42:39.8319274Z 
build-android	Setup Android SDK	2026-07-31T19:42:39.8320577Z (D) Google decides to no longer providing the Google TV Add-on or certain parts of the Google TV Add-on to users in the country in which you are resident or from which you use the service, or the provision of the Google TV Add-on or certain Google TV Add-on services to you by Google is, in Google's sole discretion, no longer commercially viable.
build-android	Setup Android SDK	2026-07-31T19:42:39.8321641Z 
build-android	Setup Android SDK	2026-07-31T19:42:39.8323391Z 9.4 When this License Agreement comes to an end, all of the legal rights, obligations and liabilities that you and Google have benefited from, been subject to (or which have accrued over time whilst this License Agreement has been in force) or which are expressed to continue indefinitely, shall be unaffected by this cessation, and the provisions of paragraph 14.7 shall continue to apply to such rights, obligations and liabilities indefinitely.
build-android	Setup Android SDK	2026-07-31T19:42:39.8324835Z 
build-android	Setup Android SDK	2026-07-31T19:42:39.8324953Z 10. DISCLAIMER OF WARRANTIES
build-android	Setup Android SDK	2026-07-31T19:42:39.8325120Z 
build-android	Setup Android SDK	2026-07-31T19:42:39.8326673Z 10.1 YOU EXPRESSLY UNDERSTAND AND AGREE THAT YOUR USE OF THE GOOGLE TV ADD-ON IS AT YOUR SOLE RISK AND THAT THE GOOGLE TV ADD-ON IS PROVIDED "AS IS" AND "AS AVAILABLE" WITHOUT WARRANTY OF ANY KIND FROM GOOGLE.
build-android	Setup Android SDK	2026-07-31T19:42:39.8327336Z 
build-android	Setup Android SDK	2026-07-31T19:42:39.8330482Z 10.2 YOUR USE OF THE GOOGLE TV ADD-ON AND ANY MATERIAL DOWNLOADED OR OTHERWISE OBTAINED THROUGH THE USE OF THE GOOGLE TV ADD-ON IS AT YOUR OWN DISCRETION AND RISK AND YOU ARE SOLELY RESPONSIBLE FOR ANY DAMAGE TO YOUR COMPUTER SYSTEM OR OTHER DEVICE OR LOSS OF DATA THAT RESULTS FROM SUCH USE.
build-android	Setup Android SDK	2026-07-31T19:42:39.8332022Z 
build-android	Setup Android SDK	2026-07-31T19:42:39.8333086Z 10.3 GOOGLE FURTHER EXPRESSLY DISCLAIMS ALL WARRANTIES AND CONDITIONS OF ANY KIND, WHETHER EXPRESS OR IMPLIED, INCLUDING, BUT NOT LIMITED TO THE IMPLIED WARRANTIES AND CONDITIONS OF MERCHANTABILITY, FITNESS FOR A PARTICULAR PURPOSE AND NON-INFRINGEMENT.
build-android	Setup Android SDK	2026-07-31T19:42:39.8333965Z 
build-android	Setup Android SDK	2026-07-31T19:42:39.8334085Z 11. LIMITATION OF LIABILITY
build-android	Setup Android SDK	2026-07-31T19:42:39.8334248Z 
build-android	Setup Android SDK	2026-07-31T19:42:39.8336226Z 11.1 YOU EXPRESSLY UNDERSTAND AND AGREE THAT GOOGLE, ITS SUBSIDIARIES AND AFFILIATES, AND ITS LICENSORS SHALL NOT BE LIABLE TO YOU UNDER ANY THEORY OF LIABILITY FOR ANY DIRECT, INDIRECT, INCIDENTAL, SPECIAL CONSEQUENTIAL OR EXEMPLARY DAMAGES THAT MAY BE INCURRED BY YOU, INCLUDING ANY LOSS OF DATA, WHETHER OR NOT GOOGLE OR ITS REPRESENTATIVES HAVE BEEN ADVISED OF OR SHOULD HAVE BEEN AWARE OF THE POSSIBILITY OF ANY SUCH LOSSES ARISING.
build-android	Setup Android SDK	2026-07-31T19:42:39.8337598Z 
build-android	Setup Android SDK	2026-07-31T19:42:39.8337710Z 12. Indemnification
build-android	Setup Android SDK	2026-07-31T19:42:39.8338063Z 
build-android	Setup Android SDK	2026-07-31T19:42:39.8341048Z 12.1 To the maximum extent permitted by law, you agree to defend, indemnify and hold harmless Google, its affiliates and their respective directors, officers, employees and agents from and against any and all claims, actions, suits or proceedings, as well as any and all losses, liabilities, damages, costs and expenses (including reasonable attorneys fees) arising out of or accruing from (a) your use of the Google TV Add-on, (b) any application you develop on the Google TV Add-on that infringes any copyright, trademark, trade secret, trade dress, patent or other intellectual property right of any person or defames any person or violates their rights of publicity or privacy, and (c) any non-compliance by you with this License Agreement.
build-android	Setup Android SDK	2026-07-31T19:42:39.8343327Z 
build-android	Setup Android SDK	2026-07-31T19:42:39.8343472Z 13. Changes to the License Agreement
build-android	Setup Android SDK	2026-07-31T19:42:39.8343655Z 
build-android	Setup Android SDK	2026-07-31T19:42:39.8344079Z 13.1 Google may make changes to the License Agreement as it distributes new versions of the Google TV Add-on.
build-android	Setup Android SDK	2026-07-31T19:42:39.8344473Z 
build-android	Setup Android SDK	2026-07-31T19:42:39.8344584Z 14. General Legal Terms
build-android	Setup Android SDK	2026-07-31T19:42:39.8344721Z 
build-android	Setup Android SDK	2026-07-31T19:42:39.8346201Z 14.1 This License Agreement constitute the whole legal agreement between you and Google and govern your use of the Google TV Add-on (excluding any services which Google may provide to you under a separate written agreement), and completely replace any prior agreements between you and Google in relation to the Google TV Add-on.
build-android	Setup Android SDK	2026-07-31T19:42:39.8347433Z 
build-android	Setup Android SDK	2026-07-31T19:42:39.8348663Z 14.2 You agree that if Google does not exercise or enforce any legal right or remedy which is contained in this License Agreement (or which Google has the benefit of under any applicable law), this will not be taken to be a formal waiver of Google's rights and that those rights or remedies will still be available to Google.
build-android	Setup Android SDK	2026-07-31T19:42:39.8349657Z 
build-android	Setup Android SDK	2026-07-31T19:42:39.8351031Z 14.3 If any court of law, having the jurisdiction to decide on this matter, rules that any provision of this License Agreement is invalid, then that provision will be removed from this License Agreement without affecting the rest of this License Agreement. The remaining provisions of this License Agreement will continue to be valid and enforceable.
build-android	Setup Android SDK	2026-07-31T19:42:39.8352140Z 
build-android	Setup Android SDK	2026-07-31T19:42:39.8354484Z 14.4 You acknowledge and agree that Google’s API data licensors and each member of the group of companies of which Google is the parent shall be third party beneficiaries to this License Agreement and that such other companies shall be entitled to directly enforce, and rely upon, any provision of this License Agreement that confers a benefit on (or rights in favor of) them. Other than this, no other person or company shall be third party beneficiaries to this License Agreement.
build-android	Setup Android SDK	2026-07-31T19:42:39.8356290Z 
build-android	Setup Android SDK	2026-07-31T19:42:39.8357433Z 14.5 EXPORT RESTRICTIONS. THE GOOGLE TV ADD-ON IS SUBJECT TO UNITED STATES EXPORT LAWS AND REGULATIONS. YOU MUST COMPLY WITH ALL DOMESTIC AND INTERNATIONAL EXPORT LAWS AND REGULATIONS THAT APPLY TO THE GOOGLE TV ADD-ON. THESE LAWS INCLUDE RESTRICTIONS ON DESTINATIONS, END USERS AND END USE.
build-android	Setup Android SDK	2026-07-31T19:42:39.8358384Z 
build-android	Setup Android SDK	2026-07-31T19:42:39.8359759Z 14.6 The rights granted in this License Agreement may not be assigned or transferred by either you or Google without the prior written approval of the other party. Neither you nor Google shall be permitted to delegate their responsibilities or obligations under this License Agreement without the prior written approval of the other party.
build-android	Setup Android SDK	2026-07-31T19:42:39.8360864Z 
build-android	Setup Android SDK	2026-07-31T19:42:39.8363074Z 14.7 This License Agreement, and your relationship with Google under this License Agreement, shall be governed by the laws of the State of California without regard to its conflict of laws provisions. You and Google agree to submit to the exclusive jurisdiction of the courts located within the county of Santa Clara, California to resolve any legal matter arising from this License Agreement. Notwithstanding this, you agree that Google shall still be allowed to apply for injunctive remedies (or an equivalent type of urgent legal relief) in any jurisdiction.
build-android	Setup Android SDK	2026-07-31T19:42:39.8365023Z 
build-android	Setup Android SDK	2026-07-31T19:42:39.8365030Z 
build-android	Setup Android SDK	2026-07-31T19:42:39.8365129Z August 15, 2011
build-android	Setup Android SDK	2026-07-31T19:42:39.8365590Z ---------------------------------------
build-android	Setup Android SDK	2026-07-31T19:42:39.8365869Z Accept? (y/N): 
build-android	Setup Android SDK	2026-07-31T19:42:39.8366156Z 2/6: License android-googlexr-license:
build-android	Setup Android SDK	2026-07-31T19:42:39.8366483Z ---------------------------------------
build-android	Setup Android SDK	2026-07-31T19:42:39.8367663Z To get started with the Android XR Emulator System Image SDK, you must agree to the following terms and conditions. As described below, please note that this is a preview, emulated version of the Android XR OS, subject to change, that you use at your own risk.
build-android	Setup Android SDK	2026-07-31T19:42:39.8368506Z 
build-android	Setup Android SDK	2026-07-31T19:42:39.8368753Z This is the Android XR Emulator System Image SDK License Agreement
build-android	Setup Android SDK	2026-07-31T19:42:39.8369016Z 
build-android	Setup Android SDK	2026-07-31T19:42:39.8369111Z 1. Introduction
build-android	Setup Android SDK	2026-07-31T19:42:39.8369230Z 
build-android	Setup Android SDK	2026-07-31T19:42:39.8370999Z 1.1 The Android Android XR Emulator System Image SDK (referred to in the License Agreement as the "SDK" and specifically including the Android system files,, packaged APIs, library files (if and when they are made available), and Google applications and APIs add-ons) is licensed to you subject to the terms of the License Agreement. The License Agreement forms a legally binding contract between you and Google in relation to your use of the SDK.
build-android	Setup Android SDK	2026-07-31T19:42:39.8372522Z 
build-android	Setup Android SDK	2026-07-31T19:42:39.8373384Z 1.2 "Android" means the Android software stack for devices, as made available under the Android Open Source Project, which is located at the following URL: https://source.android.com/, as updated from time to time.
build-android	Setup Android SDK	2026-07-31T19:42:39.8374107Z 
build-android	Setup Android SDK	2026-07-31T19:42:39.8374948Z 1.3 "Google" means Google LLC, organized under the laws of the State of Delaware, USA, and operating under the laws of the USA with principal place of business at 1600 Amphitheatre Parkway, Mountain View, CA 94043, USA.
build-android	Setup Android SDK	2026-07-31T19:42:39.8375861Z 
build-android	Setup Android SDK	2026-07-31T19:42:39.8376013Z 2. Accepting this License Agreement
build-android	Setup Android SDK	2026-07-31T19:42:39.8376190Z 
build-android	Setup Android SDK	2026-07-31T19:42:39.8376725Z 2.1 In order to use the SDK, you must first agree to the License Agreement. You may not use the SDK if you do not accept the License Agreement.
build-android	Setup Android SDK	2026-07-31T19:42:39.8377209Z 
build-android	Setup Android SDK	2026-07-31T19:42:39.8377581Z 2.2 By clicking to accept and/or using this SDK, you hereby agree to the terms of the License Agreement.
build-android	Setup Android SDK	2026-07-31T19:42:39.8377951Z 
build-android	Setup Android SDK	2026-07-31T19:42:39.8378909Z 2.3 You may not use the SDK and may not accept the License Agreement if you are a person barred from receiving the SDK under the laws of the United States or other countries, including the country in which you are resident or from which you use the SDK.
build-android	Setup Android SDK	2026-07-31T19:42:39.8379713Z 
build-android	Setup Android SDK	2026-07-31T19:42:39.8381138Z 2.4 If you are agreeing to be bound by the License Agreement on behalf of your employer or other entity, you represent and warrant that you have full legal authority to bind your employer or such entity to the License Agreement. If you do not have the requisite authority, you may not accept the License Agreement or use the SDK on behalf of your employer or other entity.
build-android	Setup Android SDK	2026-07-31T19:42:39.8382274Z 
build-android	Setup Android SDK	2026-07-31T19:42:39.8382399Z 3. SDK License from Google
build-android	Setup Android SDK	2026-07-31T19:42:39.8382556Z 
build-android	Setup Android SDK	2026-07-31T19:42:39.8383459Z 3.1 Subject to the terms of the License Agreement, Google grants you a limited, worldwide, royalty-free, non-assignable, non-exclusive, and non-sublicensable license to use the SDK solely to develop applications for Android XR.
build-android	Setup Android SDK	2026-07-31T19:42:39.8384225Z 
build-android	Setup Android SDK	2026-07-31T19:42:39.8385065Z 3.2 You may not use this SDK to develop applications for other platforms or to develop another SDK. You are of course free to develop applications for other platforms provided that this SDK is not used for that purpose.
build-android	Setup Android SDK	2026-07-31T19:42:39.8386046Z 
build-android	Setup Android SDK	2026-07-31T19:42:39.8387583Z 3.3 You agree that Google or third parties own all legal right, title and interest in and to the SDK, including any Intellectual Property Rights that subsist in the SDK. "Intellectual Property Rights" means any and all rights under patent law, copyright law, trade secret law, trademark law, and any and all other proprietary rights. Google reserves all rights not expressly granted to you.
build-android	Setup Android SDK	2026-07-31T19:42:39.8388998Z 
build-android	Setup Android SDK	2026-07-31T19:42:39.8391249Z 3.4 You may not use the SDK for any purpose not expressly permitted by the License Agreement. Except to the extent required by applicable third party licenses, you may not (a) copy (except for backup purposes), modify, adapt, redistribute, decompile, reverse engineer, disassemble, or create derivative works of the SDK or any part of the SDK; or (b) load any part of the SDK onto a mobile handset or any other hardware device except a personal computer, combine any part of the SDK with other software, or distribute any software or device incorporating a part of the SDK.
build-android	Setup Android SDK	2026-07-31T19:42:39.8392990Z 
build-android	Setup Android SDK	2026-07-31T19:42:39.8394624Z 3.5 Use, reproduction and distribution of components of the SDK licensed under an open source software license are governed solely by the terms of that open source software license and not the License Agreement. You agree to remain a licensee in good standing in regard to such open source software licenses under all the rights granted and to refrain from any actions that may terminate, suspend, or breach such rights.
build-android	Setup Android SDK	2026-07-31T19:42:39.8396474Z 
build-android	Setup Android SDK	2026-07-31T19:42:39.8398138Z 3.6 You agree that the form and nature of the SDK that Google provides may change without prior notice to you and that future versions of the SDK may be incompatible with applications developed on previous versions of the SDK. You agree that Google may stop (permanently or temporarily) providing the SDK (or any features within the SDK) to you or to users generally at Google's sole discretion, without prior notice to you.
build-android	Setup Android SDK	2026-07-31T19:42:39.8399449Z 
build-android	Setup Android SDK	2026-07-31T19:42:39.8400121Z 3.7 Nothing in the License Agreement gives you a right to use any of Google's trade names, trademarks, service marks, logos, domain names, or other distinctive brand features.
build-android	Setup Android SDK	2026-07-31T19:42:39.8400715Z 
build-android	Setup Android SDK	2026-07-31T19:42:39.8401441Z 3.8 You agree that you will not remove, obscure, or alter any proprietary rights notices (including copyright and trademark notices) that may be affixed to or contained within the SDK.
build-android	Setup Android SDK	2026-07-31T19:42:39.8402061Z 
build-android	Setup Android SDK	2026-07-31T19:42:39.8402175Z 4. Use of the SDK by You
build-android	Setup Android SDK	2026-07-31T19:42:39.8402329Z 
build-android	Setup Android SDK	2026-07-31T19:42:39.8403395Z 4.1 Google agrees that it obtains no right, title or interest from you (or your licensors) under the License Agreement in or to any software applications that you develop using the SDK, including any intellectual property rights that subsist in those applications.
build-android	Setup Android SDK	2026-07-31T19:42:39.8404253Z 
build-android	Setup Android SDK	2026-07-31T19:42:39.8405947Z 4.2 You agree to use the SDK and write applications only for purposes that are permitted by (a) the License Agreement and (b) any applicable law, regulation or generally accepted practices or guidelines in the relevant jurisdictions (including any laws regarding the export of data or software to and from the United States or other relevant countries).
build-android	Setup Android SDK	2026-07-31T19:42:39.8407099Z 
build-android	Setup Android SDK	2026-07-31T19:42:39.8410187Z 4.3 You agree that if you use the SDK to develop applications for general public users, you will protect the privacy and legal rights of those users. If the users provide you with user names, passwords, or other login information or personal information, you must make the users aware that the information will be available to your application, and you must provide legally adequate privacy notice and protection for those users. If your application stores personal or sensitive information provided by users, it must do so securely. If the user provides your application with Google Account information, your application may only use that information to access the user's Google Account when, and for the limited purposes for which, the user has given you permission to do so.
build-android	Setup Android SDK	2026-07-31T19:42:39.8412595Z 
build-android	Setup Android SDK	2026-07-31T19:42:39.8413998Z 4.4 You agree that you will not engage in any activity with the SDK, including the development or distribution of an application, that interferes with, disrupts, damages, or accesses in an unauthorized manner the servers, networks, or other properties or services of any third party including, but not limited to, Google or any mobile communications carrier.
build-android	Setup Android SDK	2026-07-31T19:42:39.8415396Z 
build-android	Setup Android SDK	2026-07-31T19:42:39.8416782Z 4.5 You agree that you are solely responsible for (and that Google has no responsibility to you or to any third party for) any data, content, or resources that you create, transmit or display through Android and/or applications for Android, and for the consequences of your actions (including any loss or damage which Google may suffer) by doing so.
build-android	Setup Android SDK	2026-07-31T19:42:39.8417881Z 
build-android	Setup Android SDK	2026-07-31T19:42:39.8419414Z 4.6 You agree that you are solely responsible for (and that Google has no responsibility to you or to any third party for) any breach of your obligations under the License Agreement, any applicable third party contract or Terms of Service, or any applicable law or regulation, and for the consequences (including any loss or damage which Google or any third party may suffer) of any such breach.
build-android	Setup Android SDK	2026-07-31T19:42:39.8420649Z 
build-android	Setup Android SDK	2026-07-31T19:42:39.8421964Z 4.7 The SDK is in development, and your testing and feedback are an important part of the development process. By using the SDK, you acknowledge that implementation of some features are still under development and that you should not rely on the SDK having the full functionality of a stable release.
build-android	Setup Android SDK	2026-07-31T19:42:39.8422935Z 
build-android	Setup Android SDK	2026-07-31T19:42:39.8423057Z 5. Your Developer Credentials
build-android	Setup Android SDK	2026-07-31T19:42:39.8423218Z 
build-android	Setup Android SDK	2026-07-31T19:42:39.8424340Z 5.1 You agree that you are responsible for maintaining the confidentiality of any developer credentials that may be issued to you by Google or which you may choose yourself and that you will be solely responsible for all applications that are developed under your developer credentials.
build-android	Setup Android SDK	2026-07-31T19:42:39.8425424Z 
build-android	Setup Android SDK	2026-07-31T19:42:39.8425533Z 6. Privacy and Information
build-android	Setup Android SDK	2026-07-31T19:42:39.8425691Z 
build-android	Setup Android SDK	2026-07-31T19:42:39.8428669Z 6.1 In order to continually innovate and improve the SDK, Google may collect certain usage statistics from the software including but not limited to a unique identifier, associated IP address, version number of the software, and information on which tools and/or services in the SDK are being used and how they are being used. Before any of this information is collected, the SDK will notify you and seek your consent. If you withhold consent, the information will not be collected.
build-android	Setup Android SDK	2026-07-31T19:42:39.8430323Z 
build-android	Setup Android SDK	2026-07-31T19:42:39.8431148Z 6.2 The data collected is examined in the aggregate to improve the SDK and is maintained in accordance with Google's Privacy Policy, which is located at the following URL: https://policies.google.com/privacy
build-android	Setup Android SDK	2026-07-31T19:42:39.8431836Z 
build-android	Setup Android SDK	2026-07-31T19:42:39.8432222Z 6.3 Anonymized and aggregated sets of the data may be shared with Google partners to improve the SDK.
build-android	Setup Android SDK	2026-07-31T19:42:39.8432595Z 
build-android	Setup Android SDK	2026-07-31T19:42:39.8432716Z 7. Third Party Applications
build-android	Setup Android SDK	2026-07-31T19:42:39.8432875Z 
build-android	Setup Android SDK	2026-07-31T19:42:39.8435190Z 7.1 If you use the SDK to run applications developed by a third party or that access data, content or resources provided by a third party, you agree that Google is not responsible for those applications, data, content, or resources. You understand that all data, content or resources which you may access through such third party applications are the sole responsibility of the person from which they originated and that Google is not liable for any loss or damage that you may experience as a result of the use or access of any of those third party applications, data, content, or resources.
build-android	Setup Android SDK	2026-07-31T19:42:39.8437145Z 
build-android	Setup Android SDK	2026-07-31T19:42:39.8439062Z 7.2 You should be aware that the data, content, and resources presented to you through such a third party application may be protected by intellectual property rights which are owned by the providers (or by other persons or companies on their behalf). You may not modify, rent, lease, loan, sell, distribute or create derivative works based on these data, content, or resources (either in whole or in part) unless you have been specifically given permission to do so by the relevant owners.
build-android	Setup Android SDK	2026-07-31T19:42:39.8440805Z 
build-android	Setup Android SDK	2026-07-31T19:42:39.8441872Z 7.3 You acknowledge that your use of such third party applications, data, content, or resources may be subject to separate terms between you and the relevant third party. In that case, the License Agreement does not affect your legal relationship with these third parties.
build-android	Setup Android SDK	2026-07-31T19:42:39.8442746Z 
build-android	Setup Android SDK	2026-07-31T19:42:39.8442855Z 8. Using Android APIs
build-android	Setup Android SDK	2026-07-31T19:42:39.8442991Z 
build-android	Setup Android SDK	2026-07-31T19:42:39.8443096Z 8.1 Google Data APIs
build-android	Setup Android SDK	2026-07-31T19:42:39.8443227Z 
build-android	Setup Android SDK	2026-07-31T19:42:39.8445167Z 8.1.1 If you use any API to retrieve data from Google, you acknowledge that the data may be protected by intellectual property rights which are owned by Google or those parties that provide the data (or by other persons or companies on their behalf). Your use of any such API may be subject to additional Terms of Service. You may not modify, rent, lease, loan, sell, distribute or create derivative works based on this data (either in whole or in part) unless allowed by the relevant Terms of Service.
build-android	Setup Android SDK	2026-07-31T19:42:39.8446914Z 
build-android	Setup Android SDK	2026-07-31T19:42:39.8450234Z 8.1.2 If you use any API to retrieve a user's data from Google, you acknowledge and agree that you shall retrieve data only with the user's explicit consent and only when, and for the limited purposes for which, the user has given you permission to do so. If you use the Android Recognition Service API, documented at the following URL: https://developer.android.com/reference/android/speech/RecognitionService, as updated from time to time, you acknowledge that the use of the API is subject to the Data Processing Addendum for Products where Google is a Data Processor, which is located at the following URL: https://privacy.google.com/businesses/gdprprocessorterms/, as updated from time to time. By clicking to accept, you hereby agree to the terms of the Data Processing Addendum for Products where Google is a Data Processor.
build-android	Setup Android SDK	2026-07-31T19:42:39.8452848Z 
build-android	Setup Android SDK	2026-07-31T19:42:39.8452999Z 9. Terminating this License Agreement
build-android	Setup Android SDK	2026-07-31T19:42:39.8453189Z 
build-android	Setup Android SDK	2026-07-31T19:42:39.8453591Z 9.1 The License Agreement will continue to apply until terminated by either you or Google as set out below.
build-android	Setup Android SDK	2026-07-31T19:42:39.8453986Z 
build-android	Setup Android SDK	2026-07-31T19:42:39.8454483Z 9.2 If you want to terminate the License Agreement, you may do so by ceasing your use of the SDK and any relevant developer credentials.
build-android	Setup Android SDK	2026-07-31T19:42:39.8454939Z 
build-android	Setup Android SDK	2026-07-31T19:42:39.8457583Z 9.3 Google may at any time, terminate the License Agreement with you if: (A) you have breached any provision of the License Agreement; or (B) Google is required to do so by law; or (C) the partner with whom Google offered certain parts of SDK (such as APIs) to you has terminated its relationship with Google or ceased to offer certain parts of the SDK to you; or (D) Google decides to no longer provide the SDK or certain parts of the SDK to users in the country in which you are resident or from which you use the service, or the provision of the SDK or certain SDK services to you by Google is, in Google's sole discretion, no longer commercially viable.
build-android	Setup Android SDK	2026-07-31T19:42:39.8459535Z 
build-android	Setup Android SDK	2026-07-31T19:42:39.8461269Z 9.4 When the License Agreement comes to an end, all of the legal rights, obligations and liabilities that you and Google have benefited from, been subject to (or which have accrued over time whilst the License Agreement has been in force) or which are expressed to continue indefinitely, shall be unaffected by this cessation, and the provisions of paragraph 14.7 shall continue to apply to such rights, obligations and liabilities indefinitely.
build-android	Setup Android SDK	2026-07-31T19:42:39.8462690Z 
build-android	Setup Android SDK	2026-07-31T19:42:39.8462811Z 10. DISCLAIMER OF WARRANTIES
build-android	Setup Android SDK	2026-07-31T19:42:39.8463025Z 
build-android	Setup Android SDK	2026-07-31T19:42:39.8463697Z 10.1 YOU EXPRESSLY UNDERSTAND AND AGREE THAT YOUR USE OF THE SDK IS AT YOUR SOLE RISK AND THAT THE SDK IS PROVIDED "AS IS" AND "AS AVAILABLE" WITHOUT WARRANTY OF ANY KIND FROM GOOGLE.
build-android	Setup Android SDK	2026-07-31T19:42:39.8464424Z 
build-android	Setup Android SDK	2026-07-31T19:42:39.8465526Z 10.2 YOUR USE OF THE SDK AND ANY MATERIAL DOWNLOADED OR OTHERWISE OBTAINED THROUGH THE USE OF THE SDK IS AT YOUR OWN DISCRETION AND RISK AND YOU ARE SOLELY RESPONSIBLE FOR ANY DAMAGE TO YOUR COMPUTER SYSTEM OR OTHER DEVICE OR LOSS OF DATA THAT RESULTS FROM SUCH USE.
build-android	Setup Android SDK	2026-07-31T19:42:39.8466382Z 
build-android	Setup Android SDK	2026-07-31T19:42:39.8467878Z 10.3 GOOGLE FURTHER EXPRESSLY DISCLAIMS ALL WARRANTIES AND CONDITIONS OF ANY KIND, WHETHER EXPRESS OR IMPLIED, INCLUDING, BUT NOT LIMITED TO THE IMPLIED WARRANTIES AND CONDITIONS OF MERCHANTABILITY, FITNESS FOR A PARTICULAR PURPOSE AND NON-INFRINGEMENT.
build-android	Setup Android SDK	2026-07-31T19:42:39.8468745Z 
build-android	Setup Android SDK	2026-07-31T19:42:39.8468869Z 11. LIMITATION OF LIABILITY
build-android	Setup Android SDK	2026-07-31T19:42:39.8469024Z 
build-android	Setup Android SDK	2026-07-31T19:42:39.8470743Z 11.1 YOU EXPRESSLY UNDERSTAND AND AGREE THAT GOOGLE, ITS SUBSIDIARIES AND AFFILIATES, AND ITS LICENSORS SHALL NOT BE LIABLE TO YOU UNDER ANY THEORY OF LIABILITY FOR ANY DIRECT, INDIRECT, INCIDENTAL, SPECIAL, CONSEQUENTIAL OR EXEMPLARY DAMAGES THAT MAY BE INCURRED BY YOU, INCLUDING ANY LOSS OF DATA, WHETHER OR NOT GOOGLE OR ITS REPRESENTATIVES HAVE BEEN ADVISED OF OR SHOULD HAVE BEEN AWARE OF THE POSSIBILITY OF ANY SUCH LOSSES ARISING.
build-android	Setup Android SDK	2026-07-31T19:42:39.8472333Z 
build-android	Setup Android SDK	2026-07-31T19:42:39.8472441Z 12. Indemnification
build-android	Setup Android SDK	2026-07-31T19:42:39.8472571Z 
build-android	Setup Android SDK	2026-07-31T19:42:39.8475515Z 12.1 To the maximum extent permitted by law, you agree to defend, indemnify and hold harmless Google, its affiliates and their respective directors, officers, employees and agents from and against any and all claims, actions, suits or proceedings, as well as any and all losses, liabilities, damages, costs and expenses (including reasonable attorneys fees) arising out of or accruing from (a) your use of the SDK, (b) any application you develop on the SDK that infringes any copyright, trademark, trade secret, trade dress, patent or other intellectual property right of any person or defames any person or violates their rights of publicity or privacy, and (c) any non-compliance by you with the License Agreement.
build-android	Setup Android SDK	2026-07-31T19:42:39.8477708Z 
build-android	Setup Android SDK	2026-07-31T19:42:39.8477848Z 13. Changes to the License Agreement
build-android	Setup Android SDK	2026-07-31T19:42:39.8478035Z 
build-android	Setup Android SDK	2026-07-31T19:42:39.8478943Z 13.1 Google may make changes to the License Agreement as it distributes new versions of the SDK. When these changes are made, Google will make a new version of the License Agreement available on the website where the SDK is made available.
build-android	Setup Android SDK	2026-07-31T19:42:39.8479711Z 
build-android	Setup Android SDK	2026-07-31T19:42:39.8479819Z 14. General Legal Terms
build-android	Setup Android SDK	2026-07-31T19:42:39.8479954Z 
build-android	Setup Android SDK	2026-07-31T19:42:39.8481142Z 14.1 The License Agreement constitutes the whole legal agreement between you and Google and governs your use of the SDK (excluding any services which Google may provide to you under a separate written agreement), and completely replaces any prior agreements between you and Google in relation to the SDK.
build-android	Setup Android SDK	2026-07-31T19:42:39.8482122Z 
build-android	Setup Android SDK	2026-07-31T19:42:39.8483343Z 14.2 You agree that if Google does not exercise or enforce any legal right or remedy which is contained in the License Agreement (or which Google has the benefit of under any applicable law), this will not be taken to be a formal waiver of Google's rights and that those rights or remedies will still be available to Google.
build-android	Setup Android SDK	2026-07-31T19:42:39.8484348Z 
build-android	Setup Android SDK	2026-07-31T19:42:39.8485809Z 14.3 If any court of law, having the jurisdiction to decide on this matter, rules that any provision of the License Agreement is invalid, then that provision will be removed from the License Agreement without affecting the rest of the License Agreement. The remaining provisions of the License Agreement will continue to be valid and enforceable.
build-android	Setup Android SDK	2026-07-31T19:42:39.8486928Z 
build-android	Setup Android SDK	2026-07-31T19:42:39.8488681Z 14.4 You acknowledge and agree that each member of the group of companies of which Google is the parent shall be third party beneficiaries to the License Agreement and that such other companies shall be entitled to directly enforce, and rely upon, any provision of the License Agreement that confers a benefit on (or rights in favor of) them. Other than this, no other person or company shall be third party beneficiaries to the License Agreement.
build-android	Setup Android SDK	2026-07-31T19:42:39.8490210Z 
build-android	Setup Android SDK	2026-07-31T19:42:39.8491246Z 14.5 EXPORT RESTRICTIONS. THE SDK IS SUBJECT TO UNITED STATES EXPORT LAWS AND REGULATIONS. YOU MUST COMPLY WITH ALL DOMESTIC AND INTERNATIONAL EXPORT LAWS AND REGULATIONS THAT APPLY TO THE SDK. THESE LAWS INCLUDE RESTRICTIONS ON DESTINATIONS, END USERS AND END USE.
build-android	Setup Android SDK	2026-07-31T19:42:39.8492124Z 
build-android	Setup Android SDK	2026-07-31T19:42:39.8493457Z 14.6 The rights granted in the License Agreement may not be assigned or transferred by either you or Google without the prior written approval of the other party. Neither you nor Google shall be permitted to delegate their responsibilities or obligations under the License Agreement without the prior written approval of the other party.
build-android	Setup Android SDK	2026-07-31T19:42:39.8494535Z 
build-android	Setup Android SDK	2026-07-31T19:42:39.8496864Z 14.7 The License Agreement, and your relationship with Google under the License Agreement, shall be governed by the laws of the State of California without regard to its conflict of laws provisions. You and Google agree to submit to the exclusive jurisdiction of the courts located within the county of Santa Clara, California to resolve any legal matter arising from the License Agreement. Notwithstanding this, you agree that Google shall still be allowed to apply for injunctive remedies (or an equivalent type of urgent legal relief) in any jurisdiction.
build-android	Setup Android SDK	2026-07-31T19:42:39.8498864Z ---------------------------------------
build-android	Setup Android SDK	2026-07-31T19:42:39.8499137Z Accept? (y/N): 
build-android	Setup Android SDK	2026-07-31T19:42:39.8499431Z 3/6: License android-sdk-arm-dbt-license:
build-android	Setup Android SDK	2026-07-31T19:42:39.8499754Z ---------------------------------------
build-android	Setup Android SDK	2026-07-31T19:42:39.8500018Z Terms and Conditions
build-android	Setup Android SDK	2026-07-31T19:42:39.8500150Z 
build-android	Setup Android SDK	2026-07-31T19:42:39.8500377Z This is the Android Software Development Kit License Agreement
build-android	Setup Android SDK	2026-07-31T19:42:39.8500627Z 
build-android	Setup Android SDK	2026-07-31T19:42:39.8500719Z 1. Introduction
build-android	Setup Android SDK	2026-07-31T19:42:39.8500850Z 
build-android	Setup Android SDK	2026-07-31T19:42:39.8502272Z 1.1 The Android Software Development Kit (referred to in the License Agreement as the "SDK" and specifically including the Android system files, packaged APIs, and Google APIs add-ons) is licensed to you subject to the terms of the License Agreement. The License Agreement forms a legally binding contract between you and Google in relation to your use of the SDK.
build-android	Setup Android SDK	2026-07-31T19:42:39.8503473Z 
build-android	Setup Android SDK	2026-07-31T19:42:39.8504306Z 1.2 "Android" means the Android software stack for devices, as made available under the Android Open Source Project, which is located at the following URL: http://source.android.com/, as updated from time to time.
build-android	Setup Android SDK	2026-07-31T19:42:39.8505008Z 
build-android	Setup Android SDK	2026-07-31T19:42:39.8506479Z 1.3 A "compatible implementation" means any Android device that (i) complies with the Android Compatibility Definition document, which can be found at the Android compatibility website (http://source.android.com/compatibility) and which may be updated from time to time; and (ii) successfully passes the Android Compatibility Test Suite (CTS).
build-android	Setup Android SDK	2026-07-31T19:42:39.8507619Z 
build-android	Setup Android SDK	2026-07-31T19:42:39.8508229Z 1.4 "Google" means Google Inc., a Delaware corporation with principal place of business at 1600 Amphitheatre Parkway, Mountain View, CA 94043, United States.
build-android	Setup Android SDK	2026-07-31T19:42:39.8508773Z 
build-android	Setup Android SDK	2026-07-31T19:42:39.8508781Z 
build-android	Setup Android SDK	2026-07-31T19:42:39.8508916Z 2. Accepting the License Agreement
build-android	Setup Android SDK	2026-07-31T19:42:39.8509093Z 
build-android	Setup Android SDK	2026-07-31T19:42:39.8509607Z 2.1 In order to use the SDK, you must first agree to the License Agreement. You may not use the SDK if you do not accept the License Agreement.
build-android	Setup Android SDK	2026-07-31T19:42:39.8510079Z 
build-android	Setup Android SDK	2026-07-31T19:42:39.8510378Z 2.2 By clicking to accept, you hereby agree to the terms of the License Agreement.
build-android	Setup Android SDK	2026-07-31T19:42:39.8510680Z 
build-android	Setup Android SDK	2026-07-31T19:42:39.8511637Z 2.3 You may not use the SDK and may not accept the License Agreement if you are a person barred from receiving the SDK under the laws of the United States or other countries, including the country in which you are resident or from which you use the SDK.
build-android	Setup Android SDK	2026-07-31T19:42:39.8512642Z 
build-android	Setup Android SDK	2026-07-31T19:42:39.8514064Z 2.4 If you are agreeing to be bound by the License Agreement on behalf of your employer or other entity, you represent and warrant that you have full legal authority to bind your employer or such entity to the License Agreement. If you do not have the requisite authority, you may not accept the License Agreement or use the SDK on behalf of your employer or other entity.
build-android	Setup Android SDK	2026-07-31T19:42:39.8515216Z 
build-android	Setup Android SDK	2026-07-31T19:42:39.8515223Z 
build-android	Setup Android SDK	2026-07-31T19:42:39.8515473Z 3. SDK License from Google
build-android	Setup Android SDK	2026-07-31T19:42:39.8515623Z 
build-android	Setup Android SDK	2026-07-31T19:42:39.8516637Z 3.1 Subject to the terms of the License Agreement, Google grants you a limited, worldwide, royalty-free, non-assignable, non-exclusive, and non-sublicensable license to use the SDK solely to develop applications for compatible implementations of Android.
build-android	Setup Android SDK	2026-07-31T19:42:39.8517470Z 
build-android	Setup Android SDK	2026-07-31T19:42:39.8518776Z 3.2 You may not use this SDK to develop applications for other platforms (including non-compatible implementations of Android) or to develop another SDK. You are of course free to develop applications for other platforms, including non-compatible implementations of Android, provided that this SDK is not used for that purpose.
build-android	Setup Android SDK	2026-07-31T19:42:39.8519985Z 
build-android	Setup Android SDK	2026-07-31T19:42:39.8521510Z 3.3 You agree that Google or third parties own all legal right, title and interest in and to the SDK, including any Intellectual Property Rights that subsist in the SDK. "Intellectual Property Rights" means any and all rights under patent law, copyright law, trade secret law, trademark law, and any and all other proprietary rights. Google reserves all rights not expressly granted to you.
build-android	Setup Android SDK	2026-07-31T19:42:39.8522746Z 
build-android	Setup Android SDK	2026-07-31T19:42:39.8524086Z 3.4 You may not use the SDK for any purpose not expressly permitted by the License Agreement. Except to the extent required by applicable third party licenses, you may not copy (except for backup purposes), modify, adapt, redistribute, decompile, reverse engineer, disassemble, or create derivative works of the SDK or any part of the SDK.
build-android	Setup Android SDK	2026-07-31T19:42:39.8525216Z 
build-android	Setup Android SDK	2026-07-31T19:42:39.8526120Z 3.5 Use, reproduction and distribution of components of the SDK licensed under an open source software license are governed solely by the terms of that open source software license and not the License Agreement.
build-android	Setup Android SDK	2026-07-31T19:42:39.8526828Z 
build-android	Setup Android SDK	2026-07-31T19:42:39.8528459Z 3.6 You agree that the form and nature of the SDK that Google provides may change without prior notice to you and that future versions of the SDK may be incompatible with applications developed on previous versions of the SDK. You agree that Google may stop (permanently or temporarily) providing the SDK (or any features within the SDK) to you or to users generally at Google's sole discretion, without prior notice to you.
build-android	Setup Android SDK	2026-07-31T19:42:39.8529770Z 
build-android	Setup Android SDK	2026-07-31T19:42:39.8530439Z 3.7 Nothing in the License Agreement gives you a right to use any of Google's trade names, trademarks, service marks, logos, domain names, or other distinctive brand features.
build-android	Setup Android SDK	2026-07-31T19:42:39.8531013Z 
build-android	Setup Android SDK	2026-07-31T19:42:39.8531721Z 3.8 You agree that you will not remove, obscure, or alter any proprietary rights notices (including copyright and trademark notices) that may be affixed to or contained within the SDK.
build-android	Setup Android SDK	2026-07-31T19:42:39.8532339Z 
build-android	Setup Android SDK	2026-07-31T19:42:39.8532345Z 
build-android	Setup Android SDK	2026-07-31T19:42:39.8532451Z 4. Use of the SDK by You
build-android	Setup Android SDK	2026-07-31T19:42:39.8532603Z 
build-android	Setup Android SDK	2026-07-31T19:42:39.8533630Z 4.1 Google agrees that it obtains no right, title or interest from you (or your licensors) under the License Agreement in or to any software applications that you develop using the SDK, including any intellectual property rights that subsist in those applications.
build-android	Setup Android SDK	2026-07-31T19:42:39.8534486Z 
build-android	Setup Android SDK	2026-07-31T19:42:39.8535965Z 4.2 You agree to use the SDK and write applications only for purposes that are permitted by (a) the License Agreement and (b) any applicable law, regulation or generally accepted practices or guidelines in the relevant jurisdictions (including any laws regarding the export of data or software to and from the United States or other relevant countries).
build-android	Setup Android SDK	2026-07-31T19:42:39.8537251Z 
build-android	Setup Android SDK	2026-07-31T19:42:39.8540332Z 4.3 You agree that if you use the SDK to develop applications for general public users, you will protect the privacy and legal rights of those users. If the users provide you with user names, passwords, or other login information or personal information, you must make the users aware that the information will be available to your application, and you must provide legally adequate privacy notice and protection for those users. If your application stores personal or sensitive information provided by users, it must do so securely. If the user provides your application with Google Account information, your application may only use that information to access the user's Google Account when, and for the limited purposes for which, the user has given you permission to do so.
build-android	Setup Android SDK	2026-07-31T19:42:39.8542740Z 
build-android	Setup Android SDK	2026-07-31T19:42:39.8544150Z 4.4 You agree that you will not engage in any activity with the SDK, including the development or distribution of an application, that interferes with, disrupts, damages, or accesses in an unauthorized manner the servers, networks, or other properties or services of any third party including, but not limited to, Google or any mobile communications carrier.
build-android	Setup Android SDK	2026-07-31T19:42:39.8545494Z 
build-android	Setup Android SDK	2026-07-31T19:42:39.8546835Z 4.5 You agree that you are solely responsible for (and that Google has no responsibility to you or to any third party for) any data, content, or resources that you create, transmit or display through Android and/or applications for Android, and for the consequences of your actions (including any loss or damage which Google may suffer) by doing so.
build-android	Setup Android SDK	2026-07-31T19:42:39.8547924Z 
build-android	Setup Android SDK	2026-07-31T19:42:39.8549441Z 4.6 You agree that you are solely responsible for (and that Google has no responsibility to you or to any third party for) any breach of your obligations under the License Agreement, any applicable third party contract or Terms of Service, or any applicable law or regulation, and for the consequences (including any loss or damage which Google or any third party may suffer) of any such breach.
build-android	Setup Android SDK	2026-07-31T19:42:39.8550682Z 
build-android	Setup Android SDK	2026-07-31T19:42:39.8552572Z 4.7 This software enables the execution of intellectual property owned by Arm Limited. You agree that your use of the software, that allows execution of ARM Instruction Set Architecture (“ISA”) compliant executables for application development and debug only on x86 desktop, laptop, customer on-premise servers, and customer-procured cloud-based environments.
build-android	Setup Android SDK	2026-07-31T19:42:39.8553757Z 
build-android	Setup Android SDK	2026-07-31T19:42:39.8553871Z 5. Your Developer Credentials
build-android	Setup Android SDK	2026-07-31T19:42:39.8554039Z 
build-android	Setup Android SDK	2026-07-31T19:42:39.8555148Z 5.1 You agree that you are responsible for maintaining the confidentiality of any developer credentials that may be issued to you by Google or which you may choose yourself and that you will be solely responsible for all applications that are developed under your developer credentials.
build-android	Setup Android SDK	2026-07-31T19:42:39.8556202Z 
build-android	Setup Android SDK	2026-07-31T19:42:39.8556320Z 6. Privacy and Information
build-android	Setup Android SDK	2026-07-31T19:42:39.8556467Z 
build-android	Setup Android SDK	2026-07-31T19:42:39.8558538Z 6.1 In order to continually innovate and improve the SDK, Google may collect certain usage statistics from the software including but not limited to a unique identifier, associated IP address, version number of the software, and information on which tools and/or services in the SDK are being used and how they are being used. Before any of this information is collected, the SDK will notify you and seek your consent. If you withhold consent, the information will not be collected.
build-android	Setup Android SDK	2026-07-31T19:42:39.8560034Z 
build-android	Setup Android SDK	2026-07-31T19:42:39.8560527Z 6.2 The data collected is examined in the aggregate to improve the SDK and is maintained in accordance with Google's Privacy Policy.
build-android	Setup Android SDK	2026-07-31T19:42:39.8560990Z 
build-android	Setup Android SDK	2026-07-31T19:42:39.8560997Z 
build-android	Setup Android SDK	2026-07-31T19:42:39.8561106Z 7. Third Party Applications
build-android	Setup Android SDK	2026-07-31T19:42:39.8561270Z 
build-android	Setup Android SDK	2026-07-31T19:42:39.8563751Z 7.1 If you use the SDK to run applications developed by a third party or that access data, content or resources provided by a third party, you agree that Google is not responsible for those applications, data, content, or resources. You understand that all data, content or resources which you may access through such third party applications are the sole responsibility of the person from which they originated and that Google is not liable for any loss or damage that you may experience as a result of the use or access of any of those third party applications, data, content, or resources.
build-android	Setup Android SDK	2026-07-31T19:42:39.8565853Z 
build-android	Setup Android SDK	2026-07-31T19:42:39.8567745Z 7.2 You should be aware the data, content, and resources presented to you through such a third party application may be protected by intellectual property rights which are owned by the providers (or by other persons or companies on their behalf). You may not modify, rent, lease, loan, sell, distribute or create derivative works based on these data, content, or resources (either in whole or in part) unless you have been specifically given permission to do so by the relevant owners.
build-android	Setup Android SDK	2026-07-31T19:42:39.8571710Z 
build-android	Setup Android SDK	2026-07-31T19:42:39.8573374Z 7.3 You acknowledge that your use of such third party applications, data, content, or resources may be subject to separate terms between you and the relevant third party. In that case, the License Agreement does not affect your legal relationship with these third parties.
build-android	Setup Android SDK	2026-07-31T19:42:39.8574516Z 
build-android	Setup Android SDK	2026-07-31T19:42:39.8574524Z 
build-android	Setup Android SDK	2026-07-31T19:42:39.8574639Z 8. Using Android APIs
build-android	Setup Android SDK	2026-07-31T19:42:39.8574787Z 
build-android	Setup Android SDK	2026-07-31T19:42:39.8574885Z 8.1 Google Data APIs
build-android	Setup Android SDK	2026-07-31T19:42:39.8575026Z 
build-android	Setup Android SDK	2026-07-31T19:42:39.8578338Z 8.1.1 If you use any API to retrieve data from Google, you acknowledge that the data may be protected by intellectual property rights which are owned by Google or those parties that provide the data (or by other persons or companies on their behalf). Your use of any such API may be subject to additional Terms of Service. You may not modify, rent, lease, loan, sell, distribute or create derivative works based on this data (either in whole or in part) unless allowed by the relevant Terms of Service.
build-android	Setup Android SDK	2026-07-31T19:42:39.8580976Z 
build-android	Setup Android SDK	2026-07-31T19:42:39.8587046Z 8.1.2 If you use any API to retrieve a user's data from Google, you acknowledge and agree that you shall retrieve data only with the user's explicit consent and only when, and for the limited purposes for which, the user has given you permission to do so. If you use the Android Recognition Service API, documented at the following URL: https://developer.android.com/reference/android/speech/RecognitionService, as updated from time to time, you acknowledge that the use of the API is subject to the Data Processing Addendum for Products where Google is a Data Processor, which is located at the following URL: https://privacy.google.com/businesses/gdprprocessorterms/, as updated from time to time. By clicking to accept, you hereby agree to the terms of the Data Processing Addendum for Products where Google is a Data Processor.
build-android	Setup Android SDK	2026-07-31T19:42:39.8591611Z 
build-android	Setup Android SDK	2026-07-31T19:42:39.8591622Z 
build-android	Setup Android SDK	2026-07-31T19:42:39.8591844Z 9. Terminating the License Agreement
build-android	Setup Android SDK	2026-07-31T19:42:39.8592132Z 
build-android	Setup Android SDK	2026-07-31T19:42:39.8592835Z 9.1 The License Agreement will continue to apply until terminated by either you or Google as set out below.
build-android	Setup Android SDK	2026-07-31T19:42:39.8593481Z 
build-android	Setup Android SDK	2026-07-31T19:42:39.8594356Z 9.2 If you want to terminate the License Agreement, you may do so by ceasing your use of the SDK and any relevant developer credentials.
build-android	Setup Android SDK	2026-07-31T19:42:39.8595145Z 
build-android	Setup Android SDK	2026-07-31T19:42:39.8599834Z 9.3 Google may at any time, terminate the License Agreement with you if: (A) you have breached any provision of the License Agreement; or (B) Google is required to do so by law; or (C) the partner with whom Google offered certain parts of SDK (such as APIs) to you has terminated its relationship with Google or ceased to offer certain parts of the SDK to you; or (D) Google decides to no longer provide the SDK or certain parts of the SDK to users in the country in which you are resident or from which you use the service, or the provision of the SDK or certain SDK services to you by Google is, in Google's sole discretion, no longer commercially viable.
build-android	Setup Android SDK	2026-07-31T19:42:39.8603495Z 
build-android	Setup Android SDK	2026-07-31T19:42:39.8606805Z 9.4 When the License Agreement comes to an end, all of the legal rights, obligations and liabilities that you and Google have benefited from, been subject to (or which have accrued over time whilst the License Agreement has been in force) or which are expressed to continue indefinitely, shall be unaffected by this cessation, and the provisions of paragraph 14.7 shall continue to apply to such rights, obligations and liabilities indefinitely.
build-android	Setup Android SDK	2026-07-31T19:42:39.8609254Z 
build-android	Setup Android SDK	2026-07-31T19:42:39.8609265Z 
build-android	Setup Android SDK	2026-07-31T19:42:39.8609456Z 10. DISCLAIMER OF WARRANTIES
build-android	Setup Android SDK	2026-07-31T19:42:39.8609721Z 
build-android	Setup Android SDK	2026-07-31T19:42:39.8610899Z 10.1 YOU EXPRESSLY UNDERSTAND AND AGREE THAT YOUR USE OF THE SDK IS AT YOUR SOLE RISK AND THAT THE SDK IS PROVIDED "AS IS" AND "AS AVAILABLE" WITHOUT WARRANTY OF ANY KIND FROM GOOGLE.
build-android	Setup Android SDK	2026-07-31T19:42:39.8611913Z 
build-android	Setup Android SDK	2026-07-31T19:42:39.8613708Z 10.2 YOUR USE OF THE SDK AND ANY MATERIAL DOWNLOADED OR OTHERWISE OBTAINED THROUGH THE USE OF THE SDK IS AT YOUR OWN DISCRETION AND RISK AND YOU ARE SOLELY RESPONSIBLE FOR ANY DAMAGE TO YOUR COMPUTER SYSTEM OR OTHER DEVICE OR LOSS OF DATA THAT RESULTS FROM SUCH USE.
build-android	Setup Android SDK	2026-07-31T19:42:39.8615566Z 
build-android	Setup Android SDK	2026-07-31T19:42:39.8617410Z 10.3 GOOGLE FURTHER EXPRESSLY DISCLAIMS ALL WARRANTIES AND CONDITIONS OF ANY KIND, WHETHER EXPRESS OR IMPLIED, INCLUDING, BUT NOT LIMITED TO THE IMPLIED WARRANTIES AND CONDITIONS OF MERCHANTABILITY, FITNESS FOR A PARTICULAR PURPOSE AND NON-INFRINGEMENT.
build-android	Setup Android SDK	2026-07-31T19:42:39.8618922Z 
build-android	Setup Android SDK	2026-07-31T19:42:39.8618932Z 
build-android	Setup Android SDK	2026-07-31T19:42:39.8619114Z 11. LIMITATION OF LIABILITY
build-android	Setup Android SDK	2026-07-31T19:42:39.8619359Z 
build-android	Setup Android SDK	2026-07-31T19:42:39.8622446Z 11.1 YOU EXPRESSLY UNDERSTAND AND AGREE THAT GOOGLE, ITS SUBSIDIARIES AND AFFILIATES, AND ITS LICENSORS SHALL NOT BE LIABLE TO YOU UNDER ANY THEORY OF LIABILITY FOR ANY DIRECT, INDIRECT, INCIDENTAL, SPECIAL, CONSEQUENTIAL OR EXEMPLARY DAMAGES THAT MAY BE INCURRED BY YOU, INCLUDING ANY LOSS OF DATA, WHETHER OR NOT GOOGLE OR ITS REPRESENTATIVES HAVE BEEN ADVISED OF OR SHOULD HAVE BEEN AWARE OF THE POSSIBILITY OF ANY SUCH LOSSES ARISING.
build-android	Setup Android SDK	2026-07-31T19:42:39.8624985Z 
build-android	Setup Android SDK	2026-07-31T19:42:39.8624994Z 
build-android	Setup Android SDK	2026-07-31T19:42:39.8625154Z 12. Indemnification
build-android	Setup Android SDK	2026-07-31T19:42:39.8625484Z 
build-android	Setup Android SDK	2026-07-31T19:42:39.8630383Z 12.1 To the maximum extent permitted by law, you agree to defend, indemnify and hold harmless Google, its affiliates and their respective directors, officers, employees and agents from and against any and all claims, actions, suits or proceedings, as well as any and all losses, liabilities, damages, costs and expenses (including reasonable attorneys fees) arising out of or accruing from (a) your use of the SDK, (b) any application you develop on the SDK that infringes any copyright, trademark, trade secret, trade dress, patent or other intellectual property right of any person or defames any person or violates their rights of publicity or privacy, and (c) any non-compliance by you with the License Agreement.
build-android	Setup Android SDK	2026-07-31T19:42:39.8634099Z 
build-android	Setup Android SDK	2026-07-31T19:42:39.8634115Z 
build-android	Setup Android SDK	2026-07-31T19:42:39.8634334Z 13. Changes to the License Agreement
build-android	Setup Android SDK	2026-07-31T19:42:39.8634625Z 
build-android	Setup Android SDK	2026-07-31T19:42:39.8636315Z 13.1 Google may make changes to the License Agreement as it distributes new versions of the SDK. When these changes are made, Google will make a new version of the License Agreement available on the website where the SDK is made available.
build-android	Setup Android SDK	2026-07-31T19:42:39.8637633Z 
build-android	Setup Android SDK	2026-07-31T19:42:39.8637642Z 
build-android	Setup Android SDK	2026-07-31T19:42:39.8637810Z 14. General Legal Terms
build-android	Setup Android SDK	2026-07-31T19:42:39.8638025Z 
build-android	Setup Android SDK	2026-07-31T19:42:39.8640161Z 14.1 The License Agreement constitutes the whole legal agreement between you and Google and governs your use of the SDK (excluding any services which Google may provide to you under a separate written agreement), and completely replaces any prior agreements between you and Google in relation to the SDK.
build-android	Setup Android SDK	2026-07-31T19:42:39.8642036Z 
build-android	Setup Android SDK	2026-07-31T19:42:39.8644170Z 14.2 You agree that if Google does not exercise or enforce any legal right or remedy which is contained in the License Agreement (or which Google has the benefit of under any applicable law), this will not be taken to be a formal waiver of Google's rights and that those rights or remedies will still be available to Google.
build-android	Setup Android SDK	2026-07-31T19:42:39.8646113Z 
build-android	Setup Android SDK	2026-07-31T19:42:39.8648530Z 14.3 If any court of law, having the jurisdiction to decide on this matter, rules that any provision of the License Agreement is invalid, then that provision will be removed from the License Agreement without affecting the rest of the License Agreement. The remaining provisions of the License Agreement will continue to be valid and enforceable.
build-android	Setup Android SDK	2026-07-31T19:42:39.8650457Z 
build-android	Setup Android SDK	2026-07-31T19:42:39.8653565Z 14.4 You acknowledge and agree that each member of the group of companies of which Google is the parent shall be third party beneficiaries to the License Agreement and that such other companies shall be entitled to directly enforce, and rely upon, any provision of the License Agreement that confers a benefit on (or rights in favor of) them. Other than this, no other person or company shall be third party beneficiaries to the License Agreement.
build-android	Setup Android SDK	2026-07-31T19:42:39.8656366Z 
build-android	Setup Android SDK	2026-07-31T19:42:39.8658225Z 14.5 EXPORT RESTRICTIONS. THE SDK IS SUBJECT TO UNITED STATES EXPORT LAWS AND REGULATIONS. YOU MUST COMPLY WITH ALL DOMESTIC AND INTERNATIONAL EXPORT LAWS AND REGULATIONS THAT APPLY TO THE SDK. THESE LAWS INCLUDE RESTRICTIONS ON DESTINATIONS, END USERS AND END USE.
build-android	Setup Android SDK	2026-07-31T19:42:39.8659763Z 
build-android	Setup Android SDK	2026-07-31T19:42:39.8662164Z 14.6 The rights granted in the License Agreement may not be assigned or transferred by either you or Google without the prior written approval of the other party. Neither you nor Google shall be permitted to delegate their responsibilities or obligations under the License Agreement without the prior written approval of the other party.
build-android	Setup Android SDK	2026-07-31T19:42:39.8664105Z 
build-android	Setup Android SDK	2026-07-31T19:42:39.8668199Z 14.7 The License Agreement, and your relationship with Google under the License Agreement, shall be governed by the laws of the State of California without regard to its conflict of laws provisions. You and Google agree to submit to the exclusive jurisdiction of the courts located within the county of Santa Clara, California to resolve any legal matter arising from the License Agreement. Notwithstanding this, you agree that Google shall still be allowed to apply for injunctive remedies (or an equivalent type of urgent legal relief) in any jurisdiction.
build-android	Setup Android SDK	2026-07-31T19:42:39.8671266Z 
build-android	Setup Android SDK	2026-07-31T19:42:39.8671277Z 
build-android	Setup Android SDK	2026-07-31T19:42:39.8671426Z January 16, 2019
build-android	Setup Android SDK	2026-07-31T19:42:39.8671835Z ---------------------------------------
build-android	Setup Android SDK	2026-07-31T19:42:39.8672248Z Accept? (y/N): 
build-android	Setup Android SDK	2026-07-31T19:42:39.8672690Z 4/6: License android-sdk-preview-license:
build-android	Setup Android SDK	2026-07-31T19:42:39.8673202Z ---------------------------------------
build-android	Setup Android SDK	2026-07-31T19:42:39.8676260Z To get started with the Android SDK Preview, you must agree to the following terms and conditions. As described below, please note that this is a preview version of the Android SDK, subject to change, that you use at your own risk. The Android SDK Preview is not a stable release, and may contain errors and defects that can result in serious damage to your computer systems, devices and data.
build-android	Setup Android SDK	2026-07-31T19:42:39.8678407Z 
build-android	Setup Android SDK	2026-07-31T19:42:39.8678873Z This is the Android SDK Preview License Agreement (the "License Agreement").
build-android	Setup Android SDK	2026-07-31T19:42:39.8679369Z 
build-android	Setup Android SDK	2026-07-31T19:42:39.8679501Z 1. Introduction
build-android	Setup Android SDK	2026-07-31T19:42:39.8679677Z 
build-android	Setup Android SDK	2026-07-31T19:42:39.8683117Z 1.1 The Android SDK Preview (referred to in the License Agreement as the “Preview” and specifically including the Android system files, packaged APIs, and Preview library files, if and when they are made available) is licensed to you subject to the terms of the License Agreement. The License Agreement forms a legally binding contract between you and Google in relation to your use of the Preview.
build-android	Setup Android SDK	2026-07-31T19:42:39.8685745Z 
build-android	Setup Android SDK	2026-07-31T19:42:39.8687213Z 1.2 "Android" means the Android software stack for devices, as made available under the Android Open Source Project, which is located at the following URL: http://source.android.com/, as updated from time to time.
build-android	Setup Android SDK	2026-07-31T19:42:39.8688448Z 
build-android	Setup Android SDK	2026-07-31T19:42:39.8689506Z 1.3 "Google" means Google Inc., a Delaware corporation with principal place of business at 1600 Amphitheatre Parkway, Mountain View, CA 94043, United States.
build-android	Setup Android SDK	2026-07-31T19:42:39.8690435Z 
build-android	Setup Android SDK	2026-07-31T19:42:39.8690670Z 2. Accepting the License Agreement
build-android	Setup Android SDK	2026-07-31T19:42:39.8690945Z 
build-android	Setup Android SDK	2026-07-31T19:42:39.8691929Z 2.1 In order to use the Preview, you must first agree to the License Agreement. You may not use the Preview if you do not accept the License Agreement.
build-android	Setup Android SDK	2026-07-31T19:42:39.8692780Z 
build-android	Setup Android SDK	2026-07-31T19:42:39.8693452Z 2.2 By clicking to accept and/or using the Preview, you hereby agree to the terms of the License Agreement.
build-android	Setup Android SDK	2026-07-31T19:42:39.8694100Z 
build-android	Setup Android SDK	2026-07-31T19:42:39.8696107Z 2.3 You may not use the Preview and may not accept the License Agreement if you are a person barred from receiving the Preview under the laws of the United States or other countries including the country in which you are resident or from which you use the Preview.
build-android	Setup Android SDK	2026-07-31T19:42:39.8697177Z 
build-android	Setup Android SDK	2026-07-31T19:42:39.8698908Z 2.4 If you will use the Preview internally within your company or organization you agree to be bound by the License Agreement on behalf of your employer or other entity, and you represent and warrant that you have full legal authority to bind your employer or such entity to the License Agreement. If you do not have the requisite authority, you may not accept the License Agreement or use the Preview on behalf of your employer or other entity.
build-android	Setup Android SDK	2026-07-31T19:42:39.8700289Z 
build-android	Setup Android SDK	2026-07-31T19:42:39.8700431Z 3. Preview License from Google
build-android	Setup Android SDK	2026-07-31T19:42:39.8700594Z 
build-android	Setup Android SDK	2026-07-31T19:42:39.8701840Z 3.1 Subject to the terms of the License Agreement, Google grants you a royalty-free, non-assignable, non-exclusive, non-sublicensable, limited, revocable license to use the Preview, personally or internally within your company or organization, solely to develop applications to run on the Android platform.
build-android	Setup Android SDK	2026-07-31T19:42:39.8702859Z 
build-android	Setup Android SDK	2026-07-31T19:42:39.8704815Z 3.2 You agree that Google or third parties owns all legal right, title and interest in and to the Preview, including any Intellectual Property Rights that subsist in the Preview. "Intellectual Property Rights" means any and all rights under patent law, copyright law, trade secret law, trademark law, and any and all other proprietary rights. Google reserves all rights not expressly granted to you.
build-android	Setup Android SDK	2026-07-31T19:42:39.8707005Z 
build-android	Setup Android SDK	2026-07-31T19:42:39.8710856Z 3.3 You may not use the Preview for any purpose not expressly permitted by the License Agreement. Except to the extent required by applicable third party licenses, you may not: (a) copy (except for backup purposes), modify, adapt, redistribute, decompile, reverse engineer, disassemble, or create derivative works of the Preview or any part of the Preview; or (b) load any part of the Preview onto a mobile handset or any other hardware device except a personal computer, combine any part of the Preview with other software, or distribute any software or device incorporating a part of the Preview.
build-android	Setup Android SDK	2026-07-31T19:42:39.8713999Z 
build-android	Setup Android SDK	2026-07-31T19:42:39.8716083Z 3.4 You agree that you will not take any actions that may cause or result in the fragmentation of Android, including but not limited to distributing, participating in the creation of, or promoting in any way a software development kit derived from the Preview.
build-android	Setup Android SDK	2026-07-31T19:42:39.8717552Z 
build-android	Setup Android SDK	2026-07-31T19:42:39.8720519Z 3.5 Use, reproduction and distribution of components of the Preview licensed under an open source software license are governed solely by the terms of that open source software license and not the License Agreement. You agree to remain a licensee in good standing in regard to such open source software licenses under all the rights granted and to refrain from any actions that may terminate, suspend, or breach such rights.
build-android	Setup Android SDK	2026-07-31T19:42:39.8723055Z 
build-android	Setup Android SDK	2026-07-31T19:42:39.8726391Z 3.6 You agree that the form and nature of the Preview that Google provides may change without prior notice to you and that future versions of the Preview may be incompatible with applications developed on previous versions of the Preview. You agree that Google may stop (permanently or temporarily) providing the Preview (or any features within the Preview) to you or to users generally at Google's sole discretion, without prior notice to you.
build-android	Setup Android SDK	2026-07-31T19:42:39.8728864Z 
build-android	Setup Android SDK	2026-07-31T19:42:39.8730062Z 3.7 Nothing in the License Agreement gives you a right to use any of Google's trade names, trademarks, service marks, logos, domain names, or other distinctive brand features.
build-android	Setup Android SDK	2026-07-31T19:42:39.8731035Z 
build-android	Setup Android SDK	2026-07-31T19:42:39.8732246Z 3.8 You agree that you will not remove, obscure, or alter any proprietary rights notices (including copyright and trademark notices) that may be affixed to or contained within the Preview.
build-android	Setup Android SDK	2026-07-31T19:42:39.8733363Z 
build-android	Setup Android SDK	2026-07-31T19:42:39.8733553Z 4. Use of the Preview by You
build-android	Setup Android SDK	2026-07-31T19:42:39.8733801Z 
build-android	Setup Android SDK	2026-07-31T19:42:39.8736240Z 4.1 Google agrees that nothing in the License Agreement gives Google any right, title or interest from you (or your licensors) under the License Agreement in or to any software applications that you develop using the Preview, including any intellectual property rights that subsist in those applications.
build-android	Setup Android SDK	2026-07-31T19:42:39.8737893Z 
build-android	Setup Android SDK	2026-07-31T19:42:39.8739424Z 4.2 You agree to use the Preview and write applications only for purposes that are permitted by (a) the License Agreement, and (b) any applicable law, regulation or generally accepted practices or guidelines in the relevant jurisdictions (including any laws regarding the export of data or software to and from the United States or other relevant countries).
build-android	Setup Android SDK	2026-07-31T19:42:39.8740577Z 
build-android	Setup Android SDK	2026-07-31T19:42:39.8743495Z 4.3 You agree that if you use the Preview to develop applications, you will protect the privacy and legal rights of users. If users provide you with user names, passwords, or other login information or personal information, you must make the users aware that the information will be available to your application, and you must provide legally adequate privacy notice and protection for those users. If your application stores personal or sensitive information provided by users, it must do so securely. If users provide you with Google Account information, your application may only use that information to access the user's Google Account when, and for the limited purposes for which, each user has given you permission to do so.
build-android	Setup Android SDK	2026-07-31T19:42:39.8746023Z 
build-android	Setup Android SDK	2026-07-31T19:42:39.8747188Z 4.4 You agree that you will not engage in any activity with the Preview, including the development or distribution of an application, that interferes with, disrupts, damages, or accesses in an unauthorized manner the servers, networks, or other properties or services of Google or any third party.
build-android	Setup Android SDK	2026-07-31T19:42:39.8748159Z 
build-android	Setup Android SDK	2026-07-31T19:42:39.8749516Z 4.5 You agree that you are solely responsible for (and that Google has no responsibility to you or to any third party for) any data, content, or resources that you create, transmit or display through Android and/or applications for Android, and for the consequences of your actions (including any loss or damage which Google may suffer) by doing so.
build-android	Setup Android SDK	2026-07-31T19:42:39.8750610Z 
build-android	Setup Android SDK	2026-07-31T19:42:39.8752140Z 4.6 You agree that you are solely responsible for (and that Google has no responsibility to you or to any third party for) any breach of your obligations under the License Agreement, any applicable third party contract or Terms of Service, or any applicable law or regulation, and for the consequences (including any loss or damage which Google or any third party may suffer) of any such breach.
build-android	Setup Android SDK	2026-07-31T19:42:39.8753399Z 
build-android	Setup Android SDK	2026-07-31T19:42:39.8755482Z 4.7 The Preview is in development, and your testing and feedback are an important part of the development process. By using the Preview, you acknowledge that implementation of some features are still under development and that you should not rely on the Preview having the full functionality of a stable release. You agree not to publicly distribute or ship any application using this Preview as this Preview will no longer be supported after the official Android SDK is released.
build-android	Setup Android SDK	2026-07-31T19:42:39.8757648Z 
build-android	Setup Android SDK	2026-07-31T19:42:39.8757832Z 5. Your Developer Credentials
build-android	Setup Android SDK	2026-07-31T19:42:39.8758075Z 
build-android	Setup Android SDK	2026-07-31T19:42:39.8759962Z 5.1 You agree that you are responsible for maintaining the confidentiality of any developer credentials that may be issued to you by Google or which you may choose yourself and that you will be solely responsible for all applications that are developed under your developer credentials.
build-android	Setup Android SDK	2026-07-31T19:42:39.8761545Z 
build-android	Setup Android SDK	2026-07-31T19:42:39.8761728Z 6. Privacy and Information
build-android	Setup Android SDK	2026-07-31T19:42:39.8761978Z 
build-android	Setup Android SDK	2026-07-31T19:42:39.8764506Z 6.1 In order to continually innovate and improve the Preview, Google may collect certain usage statistics from the software including but not limited to a unique identifier, associated IP address, version number of the software, and information on which tools and/or services in the Preview are being used and how they are being used. Before any of this information is collected, the Preview will notify you and seek your consent. If you withhold consent, the information will not be collected.
build-android	Setup Android SDK	2026-07-31T19:42:39.8784541Z 
build-android	Setup Android SDK	2026-07-31T19:42:39.8785629Z 6.2 The data collected is examined in the aggregate to improve the Preview and is maintained in accordance with Google's Privacy Policy located at http://www.google.com/policies/privacy/.
build-android	Setup Android SDK	2026-07-31T19:42:39.8786348Z 
build-android	Setup Android SDK	2026-07-31T19:42:39.8786487Z 7. Third Party Applications
build-android	Setup Android SDK	2026-07-31T19:42:39.8786661Z 
build-android	Setup Android SDK	2026-07-31T19:42:39.8789060Z 7.1 If you use the Preview to run applications developed by a third party or that access data, content or resources provided by a third party, you agree that Google is not responsible for those applications, data, content, or resources. You understand that all data, content or resources which you may access through such third party applications are the sole responsibility of the person from which they originated and that Google is not liable for any loss or damage that you may experience as a result of the use or access of any of those third party applications, data, content, or resources.
build-android	Setup Android SDK	2026-07-31T19:42:39.8790908Z 
build-android	Setup Android SDK	2026-07-31T19:42:39.8792811Z 7.2 You should be aware the data, content, and resources presented to you through such a third party application may be protected by intellectual property rights which are owned by the providers (or by other persons or companies on their behalf). You may not modify, rent, lease, loan, sell, distribute or create derivative works based on these data, content, or resources (either in whole or in part) unless you have been specifically given permission to do so by the relevant owners.
build-android	Setup Android SDK	2026-07-31T19:42:39.8794318Z 
build-android	Setup Android SDK	2026-07-31T19:42:39.8794976Z 7.3 You acknowledge that your use of such third party applications, data, content, or resources may be subject to separate terms between you and the relevant third party.
build-android	Setup Android SDK	2026-07-31T19:42:39.8795819Z 
build-android	Setup Android SDK	2026-07-31T19:42:39.8795931Z 8. Using Google APIs
build-android	Setup Android SDK	2026-07-31T19:42:39.8796075Z 
build-android	Setup Android SDK	2026-07-31T19:42:39.8796163Z 8.1 Google APIs
build-android	Setup Android SDK	2026-07-31T19:42:39.8796291Z 
build-android	Setup Android SDK	2026-07-31T19:42:39.8798219Z 8.1.1 If you use any API to retrieve data from Google, you acknowledge that the data may be protected by intellectual property rights which are owned by Google or those parties that provide the data (or by other persons or companies on their behalf). Your use of any such API may be subject to additional Terms of Service. You may not modify, rent, lease, loan, sell, distribute or create derivative works based on this data (either in whole or in part) unless allowed by the relevant Terms of Service.
build-android	Setup Android SDK	2026-07-31T19:42:39.8799726Z 
build-android	Setup Android SDK	2026-07-31T19:42:39.8800691Z 8.1.2 If you use any API to retrieve a user's data from Google, you acknowledge and agree that you shall retrieve data only with the user's explicit consent and only when, and for the limited purposes for which, the user has given you permission to do so.
build-android	Setup Android SDK	2026-07-31T19:42:39.8801737Z 
build-android	Setup Android SDK	2026-07-31T19:42:39.8801888Z 9. Terminating the License Agreement
build-android	Setup Android SDK	2026-07-31T19:42:39.8802085Z 
build-android	Setup Android SDK	2026-07-31T19:42:39.8802497Z 9.1 the License Agreement will continue to apply until terminated by either you or Google as set out below.
build-android	Setup Android SDK	2026-07-31T19:42:39.8802895Z 
build-android	Setup Android SDK	2026-07-31T19:42:39.8803410Z 9.2 If you want to terminate the License Agreement, you may do so by ceasing your use of the Preview and any relevant developer credentials.
build-android	Setup Android SDK	2026-07-31T19:42:39.8803882Z 
build-android	Setup Android SDK	2026-07-31T19:42:39.8804264Z 9.3 Google may at any time, terminate the License Agreement, with or without cause, upon notice to you.
build-android	Setup Android SDK	2026-07-31T19:42:39.8804628Z 
build-android	Setup Android SDK	2026-07-31T19:42:39.8806228Z 9.4 The License Agreement will automatically terminate without notice or other action upon the earlier of: (A) when Google ceases to provide the Preview or certain parts of the Preview to users in the country in which you are resident or from which you use the service; and (B) Google issues a final release version of the Android SDK.
build-android	Setup Android SDK	2026-07-31T19:42:39.8807472Z 
build-android	Setup Android SDK	2026-07-31T19:42:39.8808439Z 9.5 When the License Agreement is terminated, the license granted to you in the License Agreement will terminate, you will immediately cease all use of the Preview, and the provisions of paragraphs 10, 11, 12 and 14 shall survive indefinitely.
build-android	Setup Android SDK	2026-07-31T19:42:39.8809735Z 
build-android	Setup Android SDK	2026-07-31T19:42:39.8810230Z 10. DISCLAIMERS
build-android	Setup Android SDK	2026-07-31T19:42:39.8810368Z 
build-android	Setup Android SDK	2026-07-31T19:42:39.8811162Z 10.1 YOU EXPRESSLY UNDERSTAND AND AGREE THAT YOUR USE OF THE PREVIEW IS AT YOUR SOLE RISK AND THAT THE PREVIEW IS PROVIDED "AS IS" AND "AS AVAILABLE" WITHOUT WARRANTY OF ANY KIND FROM GOOGLE.
build-android	Setup Android SDK	2026-07-31T19:42:39.8811804Z 
build-android	Setup Android SDK	2026-07-31T19:42:39.8814026Z 10.2 YOUR USE OF THE PREVIEW AND ANY MATERIAL DOWNLOADED OR OTHERWISE OBTAINED THROUGH THE USE OF THE PREVIEW IS AT YOUR OWN DISCRETION AND RISK AND YOU ARE SOLELY RESPONSIBLE FOR ANY DAMAGE TO YOUR COMPUTER SYSTEM OR OTHER DEVICE OR LOSS OF DATA THAT RESULTS FROM SUCH USE. WITHOUT LIMITING THE FOREGOING, YOU UNDERSTAND THAT THE PREVIEW IS NOT A STABLE RELEASE AND MAY CONTAIN ERRORS, DEFECTS AND SECURITY VULNERABILITIES THAT CAN RESULT IN SIGNIFICANT DAMAGE, INCLUDING THE COMPLETE, IRRECOVERABLE LOSS OF USE OF YOUR COMPUTER SYSTEM OR OTHER DEVICE.
build-android	Setup Android SDK	2026-07-31T19:42:39.8815968Z 
build-android	Setup Android SDK	2026-07-31T19:42:39.8816992Z 10.3 GOOGLE FURTHER EXPRESSLY DISCLAIMS ALL WARRANTIES AND CONDITIONS OF ANY KIND, WHETHER EXPRESS OR IMPLIED, INCLUDING, BUT NOT LIMITED TO THE IMPLIED WARRANTIES AND CONDITIONS OF MERCHANTABILITY, FITNESS FOR A PARTICULAR PURPOSE AND NON-INFRINGEMENT.
build-android	Setup Android SDK	2026-07-31T19:42:39.8817842Z 
build-android	Setup Android SDK	2026-07-31T19:42:39.8817966Z 11. LIMITATION OF LIABILITY
build-android	Setup Android SDK	2026-07-31T19:42:39.8818125Z 
build-android	Setup Android SDK	2026-07-31T19:42:39.8819867Z 11.1 YOU EXPRESSLY UNDERSTAND AND AGREE THAT GOOGLE, ITS SUBSIDIARIES AND AFFILIATES, AND ITS LICENSORS SHALL NOT BE LIABLE TO YOU UNDER ANY THEORY OF LIABILITY FOR ANY DIRECT, INDIRECT, INCIDENTAL, SPECIAL, CONSEQUENTIAL OR EXEMPLARY DAMAGES THAT MAY BE INCURRED BY YOU, INCLUDING ANY LOSS OF DATA, WHETHER OR NOT GOOGLE OR ITS REPRESENTATIVES HAVE BEEN ADVISED OF OR SHOULD HAVE BEEN AWARE OF THE POSSIBILITY OF ANY SUCH LOSSES ARISING.
build-android	Setup Android SDK	2026-07-31T19:42:39.8821268Z 
build-android	Setup Android SDK	2026-07-31T19:42:39.8821369Z 12. Indemnification
build-android	Setup Android SDK	2026-07-31T19:42:39.8821553Z 
build-android	Setup Android SDK	2026-07-31T19:42:39.8825945Z 12.1 To the maximum extent permitted by law, you agree to defend, indemnify and hold harmless Google, its affiliates and their respective directors, officers, employees and agents from and against any and all claims, actions, suits or proceedings, as well as any and all losses, liabilities, damages, costs and expenses (including reasonable attorneys’ fees) arising out of or accruing from (a) your use of the Preview, (b) any application you develop on the Preview that infringes any Intellectual Property Rights of any person or defames any person or violates their rights of publicity or privacy, and (c) any non-compliance by you of the License Agreement.
build-android	Setup Android SDK	2026-07-31T19:42:39.8828273Z 
build-android	Setup Android SDK	2026-07-31T19:42:39.8828438Z 13. Changes to the License Agreement
build-android	Setup Android SDK	2026-07-31T19:42:39.8828625Z 
build-android	Setup Android SDK	2026-07-31T19:42:39.8829607Z 13.1 Google may make changes to the License Agreement as it distributes new versions of the Preview. When these changes are made, Google will make a new version of the License Agreement available on the website where the Preview is made available.
build-android	Setup Android SDK	2026-07-31T19:42:39.8830405Z 
build-android	Setup Android SDK	2026-07-31T19:42:39.8830510Z 14. General Legal Terms
build-android	Setup Android SDK	2026-07-31T19:42:39.8830656Z 
build-android	Setup Android SDK	2026-07-31T19:42:39.8831882Z 14.1 the License Agreement constitutes the whole legal agreement between you and Google and governs your use of the Preview (excluding any services which Google may provide to you under a separate written agreement), and completely replaces any prior agreements between you and Google in relation to the Preview.
build-android	Setup Android SDK	2026-07-31T19:42:39.8832891Z 
build-android	Setup Android SDK	2026-07-31T19:42:39.8834127Z 14.2 You agree that if Google does not exercise or enforce any legal right or remedy which is contained in the License Agreement (or which Google has the benefit of under any applicable law), this will not be taken to be a formal waiver of Google's rights and that those rights or remedies will still be available to Google.
build-android	Setup Android SDK	2026-07-31T19:42:39.8835513Z 
build-android	Setup Android SDK	2026-07-31T19:42:39.8836887Z 14.3 If any court of law, having the jurisdiction to decide on this matter, rules that any provision of the License Agreement is invalid, then that provision will be removed from the License Agreement without affecting the rest of the License Agreement. The remaining provisions of the License Agreement will continue to be valid and enforceable.
build-android	Setup Android SDK	2026-07-31T19:42:39.8838528Z 
build-android	Setup Android SDK	2026-07-31T19:42:39.8840865Z 14.4 You acknowledge and agree that each member of the group of companies of which Google is the parent shall be third party beneficiaries to the License Agreement and that such other companies shall be entitled to directly enforce, and rely upon, any provision of the License Agreement that confers a benefit on (or rights in favor of) them. Other than this, no other person or company shall be third party beneficiaries to the License Agreement.
build-android	Setup Android SDK	2026-07-31T19:42:39.8842299Z 
build-android	Setup Android SDK	2026-07-31T19:42:39.8843404Z 14.5 EXPORT RESTRICTIONS. THE PREVIEW IS SUBJECT TO UNITED STATES EXPORT LAWS AND REGULATIONS. YOU MUST COMPLY WITH ALL DOMESTIC AND INTERNATIONAL EXPORT LAWS AND REGULATIONS THAT APPLY TO THE PREVIEW. THESE LAWS INCLUDE RESTRICTIONS ON DESTINATIONS, END USERS AND END USE.
build-android	Setup Android SDK	2026-07-31T19:42:39.8844304Z 
build-android	Setup Android SDK	2026-07-31T19:42:39.8845833Z 14.6 The License Agreement may not be assigned or transferred by you without the prior written approval of Google, and any attempted assignment without such approval will be void. You shall not delegate your responsibilities or obligations under the License Agreement without the prior written approval of Google.
build-android	Setup Android SDK	2026-07-31T19:42:39.8846850Z 
build-android	Setup Android SDK	2026-07-31T19:42:39.8849206Z 14.7 The License Agreement, and your relationship with Google under the License Agreement, shall be governed by the laws of the State of California without regard to its conflict of laws provisions. You and Google agree to submit to the exclusive jurisdiction of the courts located within the county of Santa Clara, California to resolve any legal matter arising from the License Agreement. Notwithstanding this, you agree that Google shall still be allowed to apply for injunctive remedies (or an equivalent type of urgent legal relief) in any jurisdiction.
build-android	Setup Android SDK	2026-07-31T19:42:39.8851698Z 
build-android	Setup Android SDK	2026-07-31T19:42:39.8851805Z June 2014.
build-android	Setup Android SDK	2026-07-31T19:42:39.8852070Z ---------------------------------------
build-android	Setup Android SDK	2026-07-31T19:42:39.8852343Z Accept? (y/N): 
build-android	Setup Android SDK	2026-07-31T19:42:39.8852609Z 5/6: License google-gdk-license:
build-android	Setup Android SDK	2026-07-31T19:42:39.8852918Z ---------------------------------------
build-android	Setup Android SDK	2026-07-31T19:42:39.8853317Z This is a Developer Preview of the GDK that is subject to change.
build-android	Setup Android SDK	2026-07-31T19:42:39.8853715Z 
build-android	Setup Android SDK	2026-07-31T19:42:39.8853867Z Terms and Conditions
build-android	Setup Android SDK	2026-07-31T19:42:39.8854079Z 
build-android	Setup Android SDK	2026-07-31T19:42:39.8854380Z This is the Glass Development Kit License Agreement.
build-android	Setup Android SDK	2026-07-31T19:42:39.8854969Z 
build-android	Setup Android SDK	2026-07-31T19:42:39.8855104Z 1. Introduction
build-android	Setup Android SDK	2026-07-31T19:42:39.8855442Z 
build-android	Setup Android SDK	2026-07-31T19:42:39.8858292Z 1.1 The Glass Development Kit (referred to in this License Agreement as the "GDK" and specifically including the Android system files, packaged APIs, and GDK library files, if and when they are made available) is licensed to you subject to the terms of this License Agreement. This License Agreement forms a legally binding contract between you and Google in relation to your use of the GDK.
build-android	Setup Android SDK	2026-07-31T19:42:39.8860401Z 
build-android	Setup Android SDK	2026-07-31T19:42:39.8860908Z 1.2 "Glass" means Glass devices and the Glass software stack for use on Glass devices.
build-android	Setup Android SDK	2026-07-31T19:42:39.8861435Z 
build-android	Setup Android SDK	2026-07-31T19:42:39.8861446Z 
build-android	Setup Android SDK	2026-07-31T19:42:39.8862853Z 1.3 "Android" means the Android software stack for devices, as made available under the Android Open Source Project, which is located at the following URL: http://source.android.com/, as updated from time to time.
build-android	Setup Android SDK	2026-07-31T19:42:39.8864068Z 
build-android	Setup Android SDK	2026-07-31T19:42:39.8865088Z 1.4 "Google" means Google Inc., a Delaware corporation with principal place of business at 1600 Amphitheatre Parkway, Mountain View, CA 94043, United States.
build-android	Setup Android SDK	2026-07-31T19:42:39.8866446Z 
build-android	Setup Android SDK	2026-07-31T19:42:39.8866703Z 2. Accepting this License Agreement
build-android	Setup Android SDK	2026-07-31T19:42:39.8866981Z 
build-android	Setup Android SDK	2026-07-31T19:42:39.8867875Z 2.1 In order to use the GDK, you must first agree to this License Agreement. You may not use the GDK if you do not accept this License Agreement.
build-android	Setup Android SDK	2026-07-31T19:42:39.8868652Z 
build-android	Setup Android SDK	2026-07-31T19:42:39.8869137Z 2.2 By clicking to accept, you hereby agree to the terms of this License Agreement.
build-android	Setup Android SDK	2026-07-31T19:42:39.8869651Z 
build-android	Setup Android SDK	2026-07-31T19:42:39.8871303Z 2.3 You may not use the GDK and may not accept the License Agreement if you are a person barred from receiving the GDK under the laws of the United States or other countries including the country in which you are resident or from which you use the GDK.
build-android	Setup Android SDK	2026-07-31T19:42:39.8872683Z 
build-android	Setup Android SDK	2026-07-31T19:42:39.8875188Z 2.4 If you are agreeing to be bound by this License Agreement on behalf of your employer or other entity, you represent and warrant that you have full legal authority to bind your employer or such entity to this License Agreement. If you do not have the requisite authority, you may not accept the License Agreement or use the GDK on behalf of your employer or other entity.
build-android	Setup Android SDK	2026-07-31T19:42:39.8877106Z 
build-android	Setup Android SDK	2026-07-31T19:42:39.8877242Z 3. GDK License from Google
build-android	Setup Android SDK	2026-07-31T19:42:39.8877402Z 
build-android	Setup Android SDK	2026-07-31T19:42:39.8878372Z 3.1 Subject to the terms of this License Agreement, Google grants you a limited, worldwide, royalty-free, non-assignable and non-exclusive license to use the GDK solely to develop applications to run on the Glass platform for Glass devices.
build-android	Setup Android SDK	2026-07-31T19:42:39.8879188Z 
build-android	Setup Android SDK	2026-07-31T19:42:39.8880733Z 3.2 You agree that Google or third parties own all legal right, title and interest in and to the GDK, including any Intellectual Property Rights that subsist in the GDK. "Intellectual Property Rights" means any and all rights under patent law, copyright law, trade secret law, trademark law, and any and all other proprietary rights. Google reserves all rights not expressly granted to you.
build-android	Setup Android SDK	2026-07-31T19:42:39.8881980Z 
build-android	Setup Android SDK	2026-07-31T19:42:39.8884420Z 3.3 You may not use the GDK for any purpose not expressly permitted by this License Agreement. Except to the extent required by applicable third party licenses, you may not: (a) copy (except for backup purposes), modify, adapt, redistribute, decompile, reverse engineer, disassemble, or create derivative works of the GDK or any part of the GDK; or (b) load any part of the GDK onto a mobile handset or wearable computing device or any other hardware device except a Glass device personal computer, combine any part of the GDK with other software, or distribute any software or device incorporating a part of the GDK.
build-android	Setup Android SDK	2026-07-31T19:42:39.8886577Z 
build-android	Setup Android SDK	2026-07-31T19:42:39.8887574Z 3.4 You agree that you will not take any actions that may cause or result in the fragmentation of Glass, including but not limited to distributing, participating in the creation of, or promoting in any way a software development kit derived from the GDK.
build-android	Setup Android SDK	2026-07-31T19:42:39.8888602Z 
build-android	Setup Android SDK	2026-07-31T19:42:39.8889442Z 3.5 Use, reproduction and distribution of components of the GDK licensed under an open source software license are governed solely by the terms of that open source software license and not this License Agreement.
build-android	Setup Android SDK	2026-07-31T19:42:39.8890147Z 
build-android	Setup Android SDK	2026-07-31T19:42:39.8891801Z 3.6 You agree that the form and nature of the GDK that Google provides may change without prior notice to you and that future versions of the GDK may be incompatible with applications developed on previous versions of the GDK. You agree that Google may stop (permanently or temporarily) providing the GDK (or any features within the GDK) to you or to users generally at Google's sole discretion, without prior notice to you.
build-android	Setup Android SDK	2026-07-31T19:42:39.8893111Z 
build-android	Setup Android SDK	2026-07-31T19:42:39.8893854Z 3.7 Nothing in this License Agreement gives you a right to use any of Google's trade names, trademarks, service marks, logos, domain names, or other distinctive brand features.
build-android	Setup Android SDK	2026-07-31T19:42:39.8894440Z 
build-android	Setup Android SDK	2026-07-31T19:42:39.8895151Z 3.8 You agree that you will not remove, obscure, or alter any proprietary rights notices (including copyright and trademark notices) that may be affixed to or contained within the GDK.
build-android	Setup Android SDK	2026-07-31T19:42:39.8896130Z 
build-android	Setup Android SDK	2026-07-31T19:42:39.8896137Z 
build-android	Setup Android SDK	2026-07-31T19:42:39.8897557Z 3.9 Your use of any Android system files, packaged APIs, or other components of the GDK which are part of the Android Software Development Kit is subject to the terms of the Android Software Development Kit License Agreement located at http://developer.android.com/sdk/terms.html. These terms are hereby incorporated by reference into this License Agreement.
build-android	Setup Android SDK	2026-07-31T19:42:39.8898701Z 
build-android	Setup Android SDK	2026-07-31T19:42:39.8898824Z 4. Use of the GDK by You
build-android	Setup Android SDK	2026-07-31T19:42:39.8898974Z 
build-android	Setup Android SDK	2026-07-31T19:42:39.8900015Z 4.1 Google agrees that it obtains no right, title or interest from you (or your licensors) under this License Agreement in or to any software applications that you develop using the GDK, including any intellectual property rights that subsist in those applications.
build-android	Setup Android SDK	2026-07-31T19:42:39.8900882Z 
build-android	Setup Android SDK	2026-07-31T19:42:39.8902975Z 4.2 You agree to use the GDK and write applications only for purposes that are permitted by (a) this License Agreement, (b) the Glass Platform Developer Policies (located at https://developers.google.com/glass/policies, and hereby incorporated into this License Agreement by reference), and (c) any applicable law, regulation or generally accepted practices or guidelines in the relevant jurisdictions (including any laws regarding the export of data or software to and from the United States or other relevant countries).
build-android	Setup Android SDK	2026-07-31T19:42:39.8904672Z 
build-android	Setup Android SDK	2026-07-31T19:42:39.8908340Z 4.3 You agree that if you use the GDK to develop applications for general public users, you will protect the privacy and legal rights of those users. If the users provide you with user names, passwords, or other login information or personal information, you must make the users aware that the information will be available to your application, and you must provide legally adequate privacy notice and protection for those users. If your application stores personal or sensitive information provided by users, it must do so securely. If the user provides your application with Google Account information, your application may only use that information to access the user's Google Account when, and for the limited purposes for which, the user has given you permission to do so.
build-android	Setup Android SDK	2026-07-31T19:42:39.8912476Z 
build-android	Setup Android SDK	2026-07-31T19:42:39.8914606Z 4.4 You agree that you will not engage in any activity with the GDK, including the development or distribution of an application, that interferes with, disrupts, damages, or accesses in an unauthorized manner the servers, networks, or other properties or services of any third party including, but not limited to, Google.
build-android	Setup Android SDK	2026-07-31T19:42:39.8916597Z 
build-android	Setup Android SDK	2026-07-31T19:42:39.8919198Z 4.5 You agree that you are solely responsible for (and that Google has no responsibility to you or to any third party for) any data, content, or resources that you create, transmit or display through Glass and/or applications for Glass, and for the consequences of your actions (including any loss or damage which Google may suffer) by doing so.
build-android	Setup Android SDK	2026-07-31T19:42:39.8921075Z 
build-android	Setup Android SDK	2026-07-31T19:42:39.8923864Z 4.6 You agree that you are solely responsible for (and that Google has no responsibility to you or to any third party for) any breach of your obligations under this License Agreement, any applicable third party contract or Terms of Service, or any applicable law or regulation, and for the consequences (including any loss or damage which Google or any third party may suffer) of any such breach.
build-android	Setup Android SDK	2026-07-31T19:42:39.8926317Z 
build-android	Setup Android SDK	2026-07-31T19:42:39.8926328Z 
build-android	Setup Android SDK	2026-07-31T19:42:39.8928965Z 4.7 The GDK is in development, and your testing and feedback are an important part of the development process. By using the GDK, you acknowledge that implementation of some features are still under development and that you should not rely on the GDK, Glass devices, Glass system software, Google Mirror API, or Glass services having the full functionality of a stable release.
build-android	Setup Android SDK	2026-07-31T19:42:39.8931299Z 
build-android	Setup Android SDK	2026-07-31T19:42:39.8931511Z 5. Your Developer Credentials
build-android	Setup Android SDK	2026-07-31T19:42:39.8931775Z 
build-android	Setup Android SDK	2026-07-31T19:42:39.8933773Z 5.1 You agree that you are responsible for maintaining the confidentiality of any developer credentials that may be issued to you by Google or which you may choose yourself and that you will be solely responsible for all applications that are developed under your developer credentials.
build-android	Setup Android SDK	2026-07-31T19:42:39.8935579Z 
build-android	Setup Android SDK	2026-07-31T19:42:39.8935842Z 6. Privacy and Information
build-android	Setup Android SDK	2026-07-31T19:42:39.8936100Z 
build-android	Setup Android SDK	2026-07-31T19:42:39.8936109Z 
build-android	Setup Android SDK	2026-07-31T19:42:39.8939456Z 6.1 In order to continually innovate and improve the GDK, Google may collect certain usage statistics from the software including but not limited to a unique identifier, associated IP address, version number of the software, and information on which tools and/or services in the GDK are being used and how they are being used. Before any of this information is collected, the GDK will notify you and seek your consent. If you withhold consent, the information will not be collected.
build-android	Setup Android SDK	2026-07-31T19:42:39.8941387Z 
build-android	Setup Android SDK	2026-07-31T19:42:39.8942248Z 6.2 The data collected is examined in the aggregate to improve the GDK and is maintained in accordance with Google's Privacy Policy.
build-android	Setup Android SDK	2026-07-31T19:42:39.8943005Z 
build-android	Setup Android SDK	2026-07-31T19:42:39.8943187Z 7. Third Party Applications
build-android	Setup Android SDK	2026-07-31T19:42:39.8943441Z 
build-android	Setup Android SDK	2026-07-31T19:42:39.8947791Z 7.1 If you use the GDK to run applications developed by a third party or that access data, content or resources provided by a third party, you agree that Google is not responsible for those applications, data, content, or resources. You understand that all data, content or resources which you may access through such third party applications are the sole responsibility of the person from which they originated and that Google is not liable for any loss or damage that you may experience as a result of the use or access of any of those third party applications, data, content, or resources.
build-android	Setup Android SDK	2026-07-31T19:42:39.8951027Z 
build-android	Setup Android SDK	2026-07-31T19:42:39.8954390Z 7.2 You should be aware the data, content, and resources presented to you through such a third party application may be protected by intellectual property rights which are owned by the providers (or by other persons or companies on their behalf). You may not modify, rent, lease, loan, sell, distribute or create derivative works based on these data, content, or resources (either in whole or in part) unless you have been specifically given permission to do so by the relevant owners.
build-android	Setup Android SDK	2026-07-31T19:42:39.8957171Z 
build-android	Setup Android SDK	2026-07-31T19:42:39.8959037Z 7.3 You acknowledge that your use of such third party applications, data, content, or resources may be subject to separate terms between you and the relevant third party. In that case, this License Agreement does not affect your legal relationship with these third parties.
build-android	Setup Android SDK	2026-07-31T19:42:39.8960870Z 
build-android	Setup Android SDK	2026-07-31T19:42:39.8961043Z 8. Using Google APIs
build-android	Setup Android SDK	2026-07-31T19:42:39.8961257Z 
build-android	Setup Android SDK	2026-07-31T19:42:39.8961408Z 8.1 Google APIs
build-android	Setup Android SDK	2026-07-31T19:42:39.8961595Z 
build-android	Setup Android SDK	2026-07-31T19:42:39.8965003Z 8.1.1 If you use any API to retrieve data from Google, you acknowledge that the data may be protected by intellectual property rights which are owned by Google or those parties that provide the data (or by other persons or companies on their behalf). Your use of any such API may be subject to additional Terms of Service. You may not modify, rent, lease, loan, sell, distribute or create derivative works based on this data (either in whole or in part) unless allowed by the relevant Terms of Service.
build-android	Setup Android SDK	2026-07-31T19:42:39.8967851Z 
build-android	Setup Android SDK	2026-07-31T19:42:39.8969464Z 8.1.2 If you use any API to retrieve a user's data from Google, you acknowledge and agree that you shall retrieve data only with the user's explicit consent and only when, and for the limited purposes for which, the user has given you permission to do so.
build-android	Setup Android SDK	2026-07-31T19:42:39.8970869Z 
build-android	Setup Android SDK	2026-07-31T19:42:39.8971116Z 9. Terminating this License Agreement
build-android	Setup Android SDK	2026-07-31T19:42:39.8971602Z 
build-android	Setup Android SDK	2026-07-31T19:42:39.8972304Z 9.1 This License Agreement will continue to apply until terminated by either you or Google as set out below.
build-android	Setup Android SDK	2026-07-31T19:42:39.8972961Z 
build-android	Setup Android SDK	2026-07-31T19:42:39.8973824Z 9.2 If you want to terminate this License Agreement, you may do so by ceasing your use of the GDK and any relevant developer credentials.
build-android	Setup Android SDK	2026-07-31T19:42:39.8974601Z 
build-android	Setup Android SDK	2026-07-31T19:42:39.8979272Z 9.3 Google may at any time, terminate this License Agreement with you if: (A) you have breached any provision of this License Agreement; or (B) Google is required to do so by law; or (C) the partner with whom Google offered certain parts of GDK (such as APIs) to you has terminated its relationship with Google or ceased to offer certain parts of the GDK to you; or (D) Google decides to no longer provide the GDK or certain parts of the GDK to users in the country in which you are resident or from which you use the service, or the provision of the GDK or certain GDK services to you by Google is, in Google's sole discretion, no longer commercially viable.
build-android	Setup Android SDK	2026-07-31T19:42:39.8982709Z 
build-android	Setup Android SDK	2026-07-31T19:42:39.8985971Z 9.4 When this License Agreement comes to an end, all of the legal rights, obligations and liabilities that you and Google have benefited from, been subject to (or which have accrued over time whilst this License Agreement has been in force) or which are expressed to continue indefinitely, shall be unaffected by this cessation, and the provisions of paragraph 14.7 shall continue to apply to such rights, obligations and liabilities indefinitely.
build-android	Setup Android SDK	2026-07-31T19:42:39.8988444Z 
build-android	Setup Android SDK	2026-07-31T19:42:39.8988629Z 10. DISCLAIMER OF WARRANTIES
build-android	Setup Android SDK	2026-07-31T19:42:39.8988890Z 
build-android	Setup Android SDK	2026-07-31T19:42:39.8990071Z 10.1 YOU EXPRESSLY UNDERSTAND AND AGREE THAT YOUR USE OF THE GDK IS AT YOUR SOLE RISK AND THAT THE GDK IS PROVIDED "AS IS" AND "AS AVAILABLE" WITHOUT WARRANTY OF ANY KIND FROM GOOGLE.
build-android	Setup Android SDK	2026-07-31T19:42:39.8991084Z 
build-android	Setup Android SDK	2026-07-31T19:42:39.8992843Z 10.2 YOUR USE OF THE GDK AND ANY MATERIAL DOWNLOADED OR OTHERWISE OBTAINED THROUGH THE USE OF THE GDK IS AT YOUR OWN DISCRETION AND RISK AND YOU ARE SOLELY RESPONSIBLE FOR ANY DAMAGE TO YOUR COMPUTER SYSTEM OR OTHER DEVICE OR LOSS OF DATA THAT RESULTS FROM SUCH USE.
build-android	Setup Android SDK	2026-07-31T19:42:39.8994323Z 
build-android	Setup Android SDK	2026-07-31T19:42:39.8996253Z 10.3 GOOGLE FURTHER EXPRESSLY DISCLAIMS ALL WARRANTIES AND CONDITIONS OF ANY KIND, WHETHER EXPRESS OR IMPLIED, INCLUDING, BUT NOT LIMITED TO THE IMPLIED WARRANTIES AND CONDITIONS OF MERCHANTABILITY, FITNESS FOR A PARTICULAR PURPOSE AND NON-INFRINGEMENT.
build-android	Setup Android SDK	2026-07-31T19:42:39.8997741Z 
build-android	Setup Android SDK	2026-07-31T19:42:39.8997923Z 11. LIMITATION OF LIABILITY
build-android	Setup Android SDK	2026-07-31T19:42:39.8998179Z 
build-android	Setup Android SDK	2026-07-31T19:42:39.9001253Z 11.1 YOU EXPRESSLY UNDERSTAND AND AGREE THAT GOOGLE, ITS SUBSIDIARIES AND AFFILIATES, AND ITS LICENSORS SHALL NOT BE LIABLE TO YOU UNDER ANY THEORY OF LIABILITY FOR ANY DIRECT, INDIRECT, INCIDENTAL, SPECIAL, CONSEQUENTIAL OR EXEMPLARY DAMAGES THAT MAY BE INCURRED BY YOU, INCLUDING ANY LOSS OF DATA, WHETHER OR NOT GOOGLE OR ITS REPRESENTATIVES HAVE BEEN ADVISED OF OR SHOULD HAVE BEEN AWARE OF THE POSSIBILITY OF ANY SUCH LOSSES ARISING.
build-android	Setup Android SDK	2026-07-31T19:42:39.9003917Z 
build-android	Setup Android SDK	2026-07-31T19:42:39.9004093Z 12. Indemnification
build-android	Setup Android SDK	2026-07-31T19:42:39.9004296Z 
build-android	Setup Android SDK	2026-07-31T19:42:39.9009636Z 12.1 To the maximum extent permitted by law, you agree to defend, indemnify and hold harmless Google, its affiliates and their respective directors, officers, employees and agents from and against any and all claims, actions, suits or proceedings, as well as any and all losses, liabilities, damages, costs and expenses (including reasonable attorneys fees) arising out of or accruing from (a) your use of the GDK, (b) any application you develop on the GDK that infringes any copyright, trademark, trade secret, trade dress, patent or other intellectual property right of any person or defames any person or violates their rights of publicity or privacy, and (c) any non-compliance by you with this License Agreement.
build-android	Setup Android SDK	2026-07-31T19:42:39.9013555Z 
build-android	Setup Android SDK	2026-07-31T19:42:39.9013792Z 13. Changes to the License Agreement
build-android	Setup Android SDK	2026-07-31T19:42:39.9014300Z 
build-android	Setup Android SDK	2026-07-31T19:42:39.9016047Z 13.1 Google may make changes to the License Agreement as it distributes new versions of the GDK. When these changes are made, Google will make a new version of the License Agreement available on the website where the GDK is made available.
build-android	Setup Android SDK	2026-07-31T19:42:39.9017455Z 
build-android	Setup Android SDK	2026-07-31T19:42:39.9017634Z 14. General Legal Terms
build-android	Setup Android SDK	2026-07-31T19:42:39.9017855Z 
build-android	Setup Android SDK	2026-07-31T19:42:39.9019961Z 14.1 This License Agreement constitutes the whole legal agreement between you and Google and governs your use of the GDK (excluding any services which Google may provide to you under a separate written agreement), and completely replaces any prior agreements between you and Google in relation to the GDK.
build-android	Setup Android SDK	2026-07-31T19:42:39.9021686Z 
build-android	Setup Android SDK	2026-07-31T19:42:39.9023848Z 14.2 You agree that if Google does not exercise or enforce any legal right or remedy which is contained in this License Agreement (or which Google has the benefit of under any applicable law), this will not be taken to be a formal waiver of Google's rights and that those rights or remedies will still be available to Google.
build-android	Setup Android SDK	2026-07-31T19:42:39.9025898Z 
build-android	Setup Android SDK	2026-07-31T19:42:39.9028317Z 14.3 If any court of law, having the jurisdiction to decide on this matter, rules that any provision of this License Agreement is invalid, then that provision will be removed from this License Agreement without affecting the rest of this License Agreement. The remaining provisions of this License Agreement will continue to be valid and enforceable.
build-android	Setup Android SDK	2026-07-31T19:42:39.9030252Z 
build-android	Setup Android SDK	2026-07-31T19:42:39.9033343Z 14.4 You acknowledge and agree that each member of the group of companies of which Google is the parent shall be third party beneficiaries to this License Agreement and that such other companies shall be entitled to directly enforce, and rely upon, any provision of this License Agreement that confers a benefit on (or rights in favor of) them. Other than this, no other person or company shall be third party beneficiaries to this License Agreement.
build-android	Setup Android SDK	2026-07-31T19:42:39.9035964Z 
build-android	Setup Android SDK	2026-07-31T19:42:39.9037835Z 14.5 EXPORT RESTRICTIONS. THE GDK IS SUBJECT TO UNITED STATES EXPORT LAWS AND REGULATIONS. YOU MUST COMPLY WITH ALL DOMESTIC AND INTERNATIONAL EXPORT LAWS AND REGULATIONS THAT APPLY TO THE GDK. THESE LAWS INCLUDE RESTRICTIONS ON DESTINATIONS, END USERS AND END USE.
build-android	Setup Android SDK	2026-07-31T19:42:39.9039277Z 
build-android	Setup Android SDK	2026-07-31T19:42:39.9041491Z 14.6 The rights granted in this License Agreement may not be assigned or transferred by either you or Google without the prior written approval of the other party. Neither you nor Google shall be permitted to delegate their responsibilities or obligations under this License Agreement without the prior written approval of the other party.
build-android	Setup Android SDK	2026-07-31T19:42:39.9043335Z 
build-android	Setup Android SDK	2026-07-31T19:42:39.9047538Z 14.7 This License Agreement, and your relationship with Google under this License Agreement, shall be governed by the laws of the State of California without regard to its conflict of laws provisions. You and Google agree to submit to the exclusive jurisdiction of the courts located within the county of Santa Clara, California to resolve any legal matter arising from this License Agreement. Notwithstanding this, you agree that Google shall still be allowed to apply for injunctive remedies (or an equivalent type of urgent legal relief) in any jurisdiction.
build-android	Setup Android SDK	2026-07-31T19:42:39.9050848Z 
build-android	Setup Android SDK	2026-07-31T19:42:39.9051032Z November 19, 2013
build-android	Setup Android SDK	2026-07-31T19:42:39.9051449Z ---------------------------------------
build-android	Setup Android SDK	2026-07-31T19:42:39.9051880Z Accept? (y/N): 
build-android	Setup Android SDK	2026-07-31T19:42:39.9052338Z 6/6: License mips-android-sysimage-license:
build-android	Setup Android SDK	2026-07-31T19:42:39.9052887Z ---------------------------------------
build-android	Setup Android SDK	2026-07-31T19:42:39.9057464Z MIPS Technologies, Inc. (“MIPS”) Internal Evaluation License Agreement for MIPS Android™ System Images for Android Software Development Kit (SDK): This Internal Evaluation License Agreement (this "Agreement") is entered into by and between MIPS and you (as an individual developer or a legal entity -- identified below as “Recipient”). MIPS shall make the Evaluation Software available to Recipient as described in accordance with the terms and conditions set forth below.
build-android	Setup Android SDK	2026-07-31T19:42:39.9060394Z 
build-android	Setup Android SDK	2026-07-31T19:42:39.9064434Z By clicking on the “Accept” button, downloading, installing, or otherwise using the Evaluation Materials (defined below), you agree to be bound by the terms of this Agreement effective as of the date you click “Accept” (the “Effective Date”), and if doing so on behalf of an entity, you represent that you are authorized to bind the entity to the terms and conditions of this Agreement. If you do not agree to be bound by the terms and conditions of this Agreement, do not download, install, or use the Evaluation Materials.
build-android	Setup Android SDK	2026-07-31T19:42:39.9067004Z 
build-android	Setup Android SDK	2026-07-31T19:42:39.9067442Z 1. DEFINITIONS. These terms shall have the following meanings:
build-android	Setup Android SDK	2026-07-31T19:42:39.9067907Z 
build-android	Setup Android SDK	2026-07-31T19:42:39.9069151Z 1.1 “MIPS” shall mean MIPS Technologies, Inc., a Delaware corporation having a principal place of business at: 955 East Arques Ave., Sunnyvale, CA 94085
build-android	Setup Android SDK	2026-07-31T19:42:39.9070017Z 
build-android	Setup Android SDK	2026-07-31T19:42:39.9071102Z 1.2 “Evaluation Software” shall mean MIPS Android™ emulator system images for Android Software Development Kit (SDK), as made available to Recipient.
build-android	Setup Android SDK	2026-07-31T19:42:39.9071924Z 
build-android	Setup Android SDK	2026-07-31T19:42:39.9074216Z 1.3 “Evaluation Materials" means, collectively, the Evaluation Software (in source and/or object code form) and documentation (including, without limitation, any design documents, specifications, reference manuals, and other related materials) related to the Evaluation Software as made available to Recipient.
build-android	Setup Android SDK	2026-07-31T19:42:39.9076249Z 
build-android	Setup Android SDK	2026-07-31T19:42:39.9084149Z 1.4 “Open Source Software” means any software that requires (as a condition of use, modification and/or distribution of such software) that such software or other software incorporated into, derived from or distributed with such software (a) be disclosed or distributed in source code form; or (b) be licensed by the user to third parties for the purpose of making and/or distributing derivative works; or (c) be redistributable at no charge. Open Source Software includes, without limitation, software licensed or distributed under any of the following licenses or distribution models, or licenses or distribution models substantially similar to any of the following: (a) GNU’s General Public License (GPL) or Lesser/Library GPL (LGPL), (b) the Artistic License (e.g., PERL), (c) the Mozilla Public License, (d) the Netscape Public License, (e) the Sun Community Source License (SCSL), (f) the Sun Industry Source License (SISL), (g) the Apache Software license and (h) the Common Public License (CPL).
build-android	Setup Android SDK	2026-07-31T19:42:39.9089631Z 
build-android	Setup Android SDK	2026-07-31T19:42:39.9092050Z 1.5 “Pre-Release Materials” means “alpha” or “beta” designated pre-release features, which may not be fully functional, which MIPS may substantially modify in producing any production version of the Evaluation Materials, and/or which is still under development by MIPS and/or MIPS’ suppliers.
build-android	Setup Android SDK	2026-07-31T19:42:39.9093939Z 
build-android	Setup Android SDK	2026-07-31T19:42:39.9097612Z 2. PURPOSE. MIPS desires to make the Evaluation Materials available to Recipient solely for Recipient's internal evaluation of the Evaluation Software to evaluate the desirability of cooperating with MIPS in developing products that are compatible with the Evaluation Software and/or to advise MIPS as to possible modifications to the Evaluation Software. Recipient may not disclose, distribute, modify (except to facilitate the above-mentioned internal evaluation), or make commercial use of the Evaluation Materials or any modifications of the Evaluation Materials.
build-android	Setup Android SDK	2026-07-31T19:42:39.9100676Z 
build-android	Setup Android SDK	2026-07-31T19:42:39.9103470Z THE EVALUATION MATERIALS ARE PROVIDED FOR EVALUATION PURPOSES ONLY AND MAY NOT BE MODIFIED (EXCEPT TO FACILITATE THE INTERNAL EVALUATION) OR DISTRIBUTED BY RECIPIENT OR INCORPORATED INTO RECIPIENT’S PRODUCTS OR SOFTWARE. PLEASE CONTACT A MIPS SALES REPRESENTATIVE TO LEARN ABOUT THE AVAILABILITY AND COST OF A COMMERCIAL VERSION OF THE EVALUATION SOFTWARE.
build-android	Setup Android SDK	2026-07-31T19:42:39.9106100Z 
build-android	Setup Android SDK	2026-07-31T19:42:39.9107976Z 3. TITLE. Title to the Evaluation Materials remains with MIPS or its suppliers. Recipient shall not mortgage, pledge or encumber the Evaluation Materials in any way. Recipient shall return all Evaluation Materials, keeping no copies, upon termination or expiration of this Agreement.
build-android	Setup Android SDK	2026-07-31T19:42:39.9109498Z 
build-android	Setup Android SDK	2026-07-31T19:42:39.9117048Z 4. LICENSE. MIPS grants Recipient a royalty-free, personal, nontransferable, nonexclusive license under its copyrights to use the Evaluation Software only for the purposes described in paragraph 2 above and only for a period beginning on the Effective Date and extending to the first anniversary of the Effective Date (the “Evaluation Period”). Unless otherwise communicated in writing by MIPS to Recipient, to the extent the Evaluation Software is provided in more than one delivery or release (each, a “Release”) the license grant in this Section 4 and the Evaluation Period shall apply to each Release, in which case the Evaluation Period shall begin on the date that the Release is made generally available and continue to the first anniversary of such date. Recipient may not make modifications to the Evaluation Software. Recipient shall not disassemble, reverse-engineer, or decompile any software that is not provided to Recipient in source code form.
build-android	Setup Android SDK	2026-07-31T19:42:39.9121857Z 
build-android	Setup Android SDK	2026-07-31T19:42:39.9121875Z 
build-android	Setup Android SDK	2026-07-31T19:42:39.9123285Z EXCEPT AS PROVIDED HEREIN, NO OTHER LICENSE, EXPRESS OR IMPLIED, BY ESTOPPEL OR OTHERWISE, TO ANY OTHER MIPS INTELLECTUAL PROPERTY RIGHTS IS GRANTED TO THE RECIPIENT. OTHER THAN AS EXPLICITLY SET FORTH IN PARAGRAPH 2 ABOVE, NO RIGHT TO COPY, TO REPRODUCE, TO MODIFY, OR TO CREATE DERIVATIVE WORKS OF, THE EVALUATION MATERIALS IS GRANTED HEREIN.
build-android	Setup Android SDK	2026-07-31T19:42:39.9124407Z 
build-android	Setup Android SDK	2026-07-31T19:42:39.9125832Z 5. NO OBLIGATION. Recipient shall have no duty to purchase or license any product from MIPS. MIPS and its suppliers shall have no obligation to provide support for, or develop a non-evaluation version of, the Evaluation Software or to license any version of it.
build-android	Setup Android SDK	2026-07-31T19:42:39.9127399Z 
build-android	Setup Android SDK	2026-07-31T19:42:39.9135211Z 6. MODIFICATIONS. This Agreement does not obligate Recipient to provide MIPS with comments or suggestions regarding Evaluation Materials. However, should Recipient provide MIPS with comments or suggestions for the modification, correction, improvement or enhancement of (a) the Evaluation Materials or (b) MIPS products or processes which may embody the Evaluation Materials, then Recipient agrees to grant and hereby grants to MIPS a non-exclusive, irrevocable, worldwide, fully paid-up, royalty-free license, with the right to sublicense MIPS’ licensees and customers, under Recipient’s Intellectual property rights, to use and disclose such comments and suggestions in any manner MIPS chooses and to display, perform, copy, make, have made, use, sell, offer to sell, import, and otherwise dispose of MIPS’ and its sublicensee’s products embodying such comments and suggestions in any manner and via any media MIPS chooses, without reference to the source.
build-android	Setup Android SDK	2026-07-31T19:42:39.9141006Z 
build-android	Setup Android SDK	2026-07-31T19:42:39.9144506Z 7. WARRANTY DISCLAIMER. MIPS AND ITS SUPPLIERS MAKE NO WARRANTIES WITH RESPECT TO EVALUATION MATERIALS, EITHER EXPRESS OR IMPLIED, INCLUDING ANY IMPLIED WARRANTIES OF MERCHANTABILITY OR FITNESS FOR A PARTICULAR PURPOSE, OR ANY IMPLIED WARRANTY OF NONINFRINGEMENT WITH RESPECT TO THIRD PARTY INTELLECTUAL PROPERTY. RECIPIENT ACKNOWLEDGES AND AGREES THAT THE EVALUATION MATERIALS ARE PROVIDED “AS IS,” WITHOUT WARRANTY OF ANY KIND.
build-android	Setup Android SDK	2026-07-31T19:42:39.9147346Z 
build-android	Setup Android SDK	2026-07-31T19:42:39.9151172Z 8. LIMITATION OF LIABILITY. MIPS AND ITS SUPPLIERS SHALL NOT BE LIABLE FOR ANY PROPERTY DAMAGE, PERSONAL INJURY, LOSS OF PROFITS, INTERRUPTION OF BUSINESS OR FOR ANY DIRECT, INDIRECT, SPECIAL, CONSEQUENTIAL OR INCIDENTAL DAMAGES, HOWEVER CAUSED OR ALLEGED, WHETHER FOR BREACH OF WARRANTY, CONTRACT, STRICT LIABILITY OR OTHERWISE, INCLUDING WITHOUT LIMITATION, UNDER TORT OR OTHER LEGAL THEORY. MIPS AND ITS SUPPLIERS DISCLAIM ANY AND ALL LIABILITY, INCLUDING LIABILITY FOR INFRINGEMENT OF ANY INTELLECTUAL PROPERTY RIGHTS OF ANY KIND RELATING TO THE EVALUATION MATERIALS.
build-android	Setup Android SDK	2026-07-31T19:42:39.9154505Z 
build-android	Setup Android SDK	2026-07-31T19:42:39.9156299Z 9. EXPIRATION. MIPS may terminate this Agreement immediately after a breach by Recipient or otherwise at MIPS’ reasonable discretion and upon five (5) business days’ notice to Recipient.
build-android	Setup Android SDK	2026-07-31T19:42:39.9157478Z 
build-android	Setup Android SDK	2026-07-31T19:42:39.9157617Z 10. GENERAL.
build-android	Setup Android SDK	2026-07-31T19:42:39.9157807Z 
build-android	Setup Android SDK	2026-07-31T19:42:39.9164935Z 10.1 Controlling Law. This Agreement shall be governed by California law excluding its choice of law rules. With the exception of MIPS’ rights to enforce its intellectual property rights and any confidentiality obligations under this Agreement or any licenses distributed with the Evaluation Materials, all disputes and any claims arising under or relating to this Agreement shall be subject to the exclusive jurisdiction and venue of the state and federal courts located in Santa Clara County, California. Each party hereby agrees to jurisdiction and venue in the courts set forth in the preceding sentence. The parties agree that the United Nations Convention on Contracts for the International Sale of Goods is specifically excluded from application to this Agreement. The parties consent to the personal jurisdiction of the above courts.
build-android	Setup Android SDK	2026-07-31T19:42:39.9169749Z 
build-android	Setup Android SDK	2026-07-31T19:42:39.9173020Z 10.2 Remedies. Recipient acknowledges and agrees that any breach of confidentiality obligations under this Agreement or any licenses distributed with the Evaluation Materials, as well as any disclosure, commercialization, or public use of the Evaluation Materials, would cause irreparable injury to MIPS, and therefore Recipient agrees to consent to, and hereby consents to, the grant of an injunction by any court of competent jurisdiction in the event of an actual or threatened breach.
build-android	Setup Android SDK	2026-07-31T19:42:39.9175890Z 
build-android	Setup Android SDK	2026-07-31T19:42:39.9179496Z 10.3 Assignment. Recipient may not delegate, assign or transfer this Agreement, the license granted or any of Recipient’s rights, obligations, or duties hereunder, expressly, by implication, by operation of law, by way of merger (regardless of whether Recipient is the surviving entity) or acquisition, or otherwise and any attempt to do so, without MIPS’ express prior written consent, shall be ineffective, null and void. MIPS may freely assign this Agreement, and its rights and obligations hereunder, in its sole discretion.
build-android	Setup Android SDK	2026-07-31T19:42:39.9183019Z 
build-android	Setup Android SDK	2026-07-31T19:42:39.9186407Z 10.4 Entire Agreement. This Agreement constitutes the entire agreement between Recipient and MIPS and supersedes in their entirety any and all oral or written agreements previously existing between Recipient and MIPS with respect to the subject matter hereof. This Agreement may only be amended or supplemented by a writing that refers explicitly to this Agreement and that is signed or otherwise accepted by duly authorized representatives of Recipient and MIPS.
build-android	Setup Android SDK	2026-07-31T19:42:39.9189275Z 
build-android	Setup Android SDK	2026-07-31T19:42:39.9192354Z 10.5 Severability. In the event that any provision of this Agreement is finally adjudicated to be unenforceable or invalid under any applicable law, such unenforceability or invalidity shall not render this Agreement unenforceable or invalid as a whole, and, in such event, such unenforceable or invalid provision shall be interpreted so as to best accomplish the objectives of such provision within the limits of applicable law or applicable court decisions.
build-android	Setup Android SDK	2026-07-31T19:42:39.9194698Z 
build-android	Setup Android SDK	2026-07-31T19:42:39.9204477Z 10.6 Export Regulations / Export Control. Recipient shall not export, either directly or indirectly, any product, service or technical data or system incorporating the Evaluation Materials without first obtaining any required license or other necessary approval from the U.S. Department of Commerce or any other governing agency or department of the United States Government. In the event any product is exported from the United States or re-exported from a foreign destination by Recipient, Recipient shall ensure that the distribution and export/re-export or import of the product is in compliance with all applicable laws, regulations, orders, or other restrictions of the U.S. Export Administration Regulations and the appropriate foreign government. Recipient agrees that neither it nor any of its subsidiaries will export/re-export any technical data, process, product, or service, directly or indirectly, to any country for which the United States government or any agency thereof or the foreign government from where it is shipping requires an export license, or other governmental approval, without first obtaining such license or approval. Recipient also agrees to implement measures to ensure that foreign national employees are authorized to receive any information controlled by U.S. export control laws. An export is "deemed" to take place when information is released to a foreign national wherever located.
build-android	Setup Android SDK	2026-07-31T19:42:39.9219640Z 
build-android	Setup Android SDK	2026-07-31T19:42:39.9228098Z 10.7 Special Terms for Pre-Release Materials. If so indicated in the description of the Evaluation Software, the Evaluation Software may contain Pre-Release Materials. Recipient hereby understands, acknowledges and agrees that: (i) Pre-Release Materials may not be fully tested and may contain bugs or errors; (ii) Pre-Release materials are not suitable for commercial release in their current state; (iii) regulatory approvals for Pre-Release Materials (such as UL or FCC) have not been obtained, and Pre-Release Materials may therefore not be certified for use in certain countries or environments or may not be suitable for certain applications and (iv) MIPS can provide no assurance that it will ever produce or make generally available a production version of the Pre-Release Materials . MIPS is not under any obligation to develop and/or release or offer for sale or license a final product based upon the Pre-Release Materials and may unilaterally elect to abandon the Pre-Release Materials or any such development platform at any time and without any obligation or liability whatsoever to Recipient or any other person.
build-android	Setup Android SDK	2026-07-31T19:42:39.9234387Z 
build-android	Setup Android SDK	2026-07-31T19:42:39.9237071Z ANY PRE-RELEASE MATERIALS ARE NON-QUALIFIED AND, AS SUCH, ARE PROVIDED “AS IS” AND “AS AVAILABLE”, POSSIBLY WITH FAULTS, AND WITHOUT REPRESENTATION OR WARRANTY OF ANY KIND.
build-android	Setup Android SDK	2026-07-31T19:42:39.9238197Z 
build-android	Setup Android SDK	2026-07-31T19:42:39.9241739Z 10.8 Open Source Software. In the event Open Source software is included with Evaluation Software, such Open Source software is licensed pursuant to the applicable Open Source software license agreement identified in the Open Source software comments in the applicable source code file(s) and/or file header as indicated in the Evaluation Software. Additional detail may be available (where applicable) in the accompanying on-line documentation. With respect to the Open Source software, nothing in this Agreement limits any rights under, or grants rights that supersede, the terms of any applicable Open Source software license agreement.
build-android	Setup Android SDK	2026-07-31T19:42:39.9244296Z ---------------------------------------
build-android	Setup Android SDK	2026-07-31T19:42:39.9244688Z Accept? (y/N): All SDK package licenses accepted
build-android	Setup Android SDK	2026-07-31T19:42:39.9244909Z 
build-android	Setup Android SDK	2026-07-31T19:42:39.9245207Z [command]/usr/local/lib/android/sdk/cmdline-tools/16.0/bin/sdkmanager tools
build-android	Setup Android SDK	2026-07-31T19:42:40.6896430Z Loading package information...                                                  
build-android	Setup Android SDK	2026-07-31T19:42:40.7940799Z Loading local repository...                                                     
build-android	Setup Android SDK	2026-07-31T19:42:40.7942425Z [                                       ] 3% Loading local repository...        
build-android	Setup Android SDK	2026-07-31T19:42:40.8039343Z [                                       ] 3% Fetch remote repository...         
build-android	Setup Android SDK	2026-07-31T19:42:41.0502516Z [=                                      ] 3% Fetch remote repository...         
build-android	Setup Android SDK	2026-07-31T19:42:41.1747415Z [=                                      ] 4% Fetch remote repository...         
build-android	Setup Android SDK	2026-07-31T19:42:41.2069845Z [=                                      ] 5% Fetch remote repository...         
build-android	Setup Android SDK	2026-07-31T19:42:41.2662903Z [==                                     ] 5% Fetch remote repository...         
build-android	Setup Android SDK	2026-07-31T19:42:41.3380444Z [==                                     ] 6% Fetch remote repository...         
build-android	Setup Android SDK	2026-07-31T19:42:41.4221223Z [==                                     ] 7% Fetch remote repository...         
build-android	Setup Android SDK	2026-07-31T19:42:41.4246132Z [==                                     ] 7% Computing updates...               
build-android	Setup Android SDK	2026-07-31T19:42:41.4362665Z [===                                    ] 8% Computing updates...               
build-android	Setup Android SDK	2026-07-31T19:42:41.4533574Z [===                                    ] 10% Computing updates...              
build-android	Setup Android SDK	2026-07-31T19:42:41.8465824Z [===                                    ] 10% Installing Android Emulator       
build-android	Setup Android SDK	2026-07-31T19:42:41.9839921Z [===                                    ] 10% Downloading emulator-linux_x64-159
build-android	Setup Android SDK	2026-07-31T19:42:42.2780562Z [====                                   ] 10% Downloading emulator-linux_x64-159
build-android	Setup Android SDK	2026-07-31T19:42:42.7961311Z [====                                   ] 11% Downloading emulator-linux_x64-159
build-android	Setup Android SDK	2026-07-31T19:42:42.9219819Z [====                                   ] 12% Downloading emulator-linux_x64-159
build-android	Setup Android SDK	2026-07-31T19:42:43.0047149Z [=====                                  ] 13% Downloading emulator-linux_x64-159
build-android	Setup Android SDK	2026-07-31T19:42:43.0784645Z [=====                                  ] 14% Downloading emulator-linux_x64-159
build-android	Setup Android SDK	2026-07-31T19:42:43.1250180Z [=====                                  ] 15% Downloading emulator-linux_x64-159
build-android	Setup Android SDK	2026-07-31T19:42:43.1616303Z [======                                 ] 15% Downloading emulator-linux_x64-159
build-android	Setup Android SDK	2026-07-31T19:42:43.2446545Z [======                                 ] 16% Downloading emulator-linux_x64-159
build-android	Setup Android SDK	2026-07-31T19:42:43.3280983Z [======                                 ] 17% Downloading emulator-linux_x64-159
build-android	Setup Android SDK	2026-07-31T19:42:43.4104986Z [=======                                ] 18% Downloading emulator-linux_x64-159
build-android	Setup Android SDK	2026-07-31T19:42:43.4931503Z [=======                                ] 19% Downloading emulator-linux_x64-159
build-android	Setup Android SDK	2026-07-31T19:42:43.5304487Z [=======                                ] 20% Downloading emulator-linux_x64-159
build-android	Setup Android SDK	2026-07-31T19:42:43.5760501Z [========                               ] 20% Downloading emulator-linux_x64-159
build-android	Setup Android SDK	2026-07-31T19:42:43.6329702Z [========                               ] 21% Downloading emulator-linux_x64-159
build-android	Setup Android SDK	2026-07-31T19:42:43.7067400Z [========                               ] 21% Unzipping...                      
build-android	Setup Android SDK	2026-07-31T19:42:43.7069605Z [========                               ] 21% Unzipping... emulator/            
build-android	Setup Android SDK	2026-07-31T19:42:43.7070687Z [========                               ] 21% Unzipping... emulator/resources/  
build-android	Setup Android SDK	2026-07-31T19:42:43.7524642Z [========                               ] 21% Unzipping... emulator/qsn         
build-android	Setup Android SDK	2026-07-31T19:42:43.8159036Z [========                               ] 21% Unzipping... emulator/emulator    
build-android	Setup Android SDK	2026-07-31T19:42:43.8429108Z [========                               ] 21% Unzipping... emulator/netsimd     
build-android	Setup Android SDK	2026-07-31T19:42:43.9346884Z [========                               ] 22% Unzipping... emulator/netsimd     
build-android	Setup Android SDK	2026-07-31T19:42:43.9348318Z [========                               ] 22% Unzipping... emulator/bin64/      
build-android	Setup Android SDK	2026-07-31T19:42:43.9368428Z [========                               ] 22% Unzipping... emulator/qemu/       
build-android	Setup Android SDK	2026-07-31T19:42:43.9369634Z [========                               ] 22% Unzipping... emulator/NOTICE.txt  
build-android	Setup Android SDK	2026-07-31T19:42:43.9577242Z [========                               ] 22% Unzipping... emulator/crashpad_han
build-android	Setup Android SDK	2026-07-31T19:42:43.9581576Z [========                               ] 22% Unzipping... emulator/source.prope
build-android	Setup Android SDK	2026-07-31T19:42:44.0273996Z [========                               ] 22% Unzipping... emulator/nimble_bridg
build-android	Setup Android SDK	2026-07-31T19:42:44.0276326Z [========                               ] 22% Unzipping... emulator/LICENSE     
build-android	Setup Android SDK	2026-07-31T19:42:44.0277204Z [========                               ] 22% Unzipping... emulator/lib/        
build-android	Setup Android SDK	2026-07-31T19:42:44.0371142Z [========                               ] 22% Unzipping... emulator/qemu-img    
build-android	Setup Android SDK	2026-07-31T19:42:44.0372266Z [========                               ] 22% Unzipping... emulator/include/    
build-android	Setup Android SDK	2026-07-31T19:42:44.0377163Z [========                               ] 22% Unzipping... emulator/NOTICE.csv  
build-android	Setup Android SDK	2026-07-31T19:42:44.0380582Z [========                               ] 22% Unzipping... emulator/lib64/      
build-android	Setup Android SDK	2026-07-31T19:42:44.0566499Z [========                               ] 22% Unzipping... emulator/emulator-che
build-android	Setup Android SDK	2026-07-31T19:42:44.0792601Z [========                               ] 22% Unzipping... emulator/crashreport 
build-android	Setup Android SDK	2026-07-31T19:42:44.0806972Z [========                               ] 22% Unzipping... emulator/mksdcard    
build-android	Setup Android SDK	2026-07-31T19:42:44.1084721Z [========                               ] 22% Unzipping... emulator/resources/To
build-android	Setup Android SDK	2026-07-31T19:42:44.1091231Z [========                               ] 22% Unzipping... emulator/resources/de
build-android	Setup Android SDK	2026-07-31T19:42:44.1243262Z [========                               ] 22% Unzipping... emulator/resources/To
build-android	Setup Android SDK	2026-07-31T19:42:44.1244366Z [========                               ] 22% Unzipping... emulator/resources/ma
build-android	Setup Android SDK	2026-07-31T19:42:44.1273119Z [========                               ] 22% Unzipping... emulator/resources/de
build-android	Setup Android SDK	2026-07-31T19:42:44.1274177Z [========                               ] 22% Unzipping... emulator/resources/sk
build-android	Setup Android SDK	2026-07-31T19:42:44.1313241Z [========                               ] 22% Unzipping... emulator/resources/de
build-android	Setup Android SDK	2026-07-31T19:42:44.1314418Z [========                               ] 22% Unzipping... emulator/resources/ma
build-android	Setup Android SDK	2026-07-31T19:42:44.1328783Z [========                               ] 22% Unzipping... emulator/resources/po
build-android	Setup Android SDK	2026-07-31T19:42:44.1421498Z [========                               ] 22% Unzipping... emulator/resources/ma
build-android	Setup Android SDK	2026-07-31T19:42:44.1486589Z [========                               ] 22% Unzipping... emulator/resources/sk
build-android	Setup Android SDK	2026-07-31T19:42:44.1506013Z [========                               ] 22% Unzipping... emulator/resources/ma
build-android	Setup Android SDK	2026-07-31T19:42:44.1548256Z [========                               ] 22% Unzipping... emulator/bin64/e2fsck
build-android	Setup Android SDK	2026-07-31T19:42:44.1586536Z [========                               ] 22% Unzipping... emulator/bin64/fsck.e
build-android	Setup Android SDK	2026-07-31T19:42:44.1611151Z [========                               ] 22% Unzipping... emulator/bin64/tune2f
build-android	Setup Android SDK	2026-07-31T19:42:44.1626692Z [========                               ] 22% Unzipping... emulator/bin64/resize
build-android	Setup Android SDK	2026-07-31T19:42:44.1655836Z [========                               ] 22% Unzipping... emulator/bin64/mkfs.e
build-android	Setup Android SDK	2026-07-31T19:42:44.1770291Z [========                               ] 22% Unzipping... emulator/qemu/linux-x
build-android	Setup Android SDK	2026-07-31T19:42:44.5966168Z [=========                              ] 23% Unzipping... emulator/qemu/linux-x
build-android	Setup Android SDK	2026-07-31T19:42:44.9879913Z [=========                              ] 24% Unzipping... emulator/qemu/linux-x
build-android	Setup Android SDK	2026-07-31T19:42:45.1772734Z [=========                              ] 25% Unzipping... emulator/qemu/linux-x
build-android	Setup Android SDK	2026-07-31T19:42:45.3780797Z [==========                             ] 25% Unzipping... emulator/qemu/linux-x
build-android	Setup Android SDK	2026-07-31T19:42:45.3782694Z [==========                             ] 25% Unzipping... emulator/lib/emulator
build-android	Setup Android SDK	2026-07-31T19:42:45.3785575Z [==========                             ] 25% Unzipping... emulator/lib/rtc_serv
build-android	Setup Android SDK	2026-07-31T19:42:45.3789662Z [==========                             ] 25% Unzipping... emulator/lib/advanced
build-android	Setup Android SDK	2026-07-31T19:42:45.3793363Z [==========                             ] 25% Unzipping... emulator/lib/cmake/  
build-android	Setup Android SDK	2026-07-31T19:42:45.3794540Z [==========                             ] 25% Unzipping... emulator/lib/emulator
build-android	Setup Android SDK	2026-07-31T19:42:45.3796238Z [==========                             ] 25% Unzipping... emulator/lib/control_
build-android	Setup Android SDK	2026-07-31T19:42:45.3798867Z [==========                             ] 25% Unzipping... emulator/lib/emulated
build-android	Setup Android SDK	2026-07-31T19:42:45.3801701Z [==========                             ] 25% Unzipping... emulator/lib/rtc_serv
build-android	Setup Android SDK	2026-07-31T19:42:45.3804647Z [==========                             ] 25% Unzipping... emulator/lib/emu-orig
build-android	Setup Android SDK	2026-07-31T19:42:45.3809212Z [==========                             ] 25% Unzipping... emulator/lib/hardware
build-android	Setup Android SDK	2026-07-31T19:42:45.3810296Z [==========                             ] 25% Unzipping... emulator/lib/pkgconfi
build-android	Setup Android SDK	2026-07-31T19:42:45.3811294Z [==========                             ] 25% Unzipping... emulator/lib/pc-bios/
build-android	Setup Android SDK	2026-07-31T19:42:45.3813455Z [==========                             ] 25% Unzipping... emulator/lib/snapshot
build-android	Setup Android SDK	2026-07-31T19:42:45.3816937Z [==========                             ] 25% Unzipping... emulator/lib/adb_serv
build-android	Setup Android SDK	2026-07-31T19:42:45.3824118Z [==========                             ] 25% Unzipping... emulator/lib/hostapd.
build-android	Setup Android SDK	2026-07-31T19:42:45.3827053Z [==========                             ] 25% Unzipping... emulator/lib/grpc_end
build-android	Setup Android SDK	2026-07-31T19:42:45.3846280Z [==========                             ] 25% Unzipping... emulator/lib/ca-bundl
build-android	Setup Android SDK	2026-07-31T19:42:45.3848743Z [==========                             ] 25% Unzipping... emulator/lib/ui_contr
build-android	Setup Android SDK	2026-07-31T19:42:45.3859782Z [==========                             ] 25% Unzipping... emulator/lib/snapshot
build-android	Setup Android SDK	2026-07-31T19:42:45.3860625Z [==========                             ] 25% Unzipping... emulator/lib/ice_conf
build-android	Setup Android SDK	2026-07-31T19:42:45.4018156Z [==========                             ] 25% Unzipping... emulator/lib/libflatb
build-android	Setup Android SDK	2026-07-31T19:42:45.4225126Z [==========                             ] 26% Unzipping... emulator/lib/libflatb
build-android	Setup Android SDK	2026-07-31T19:42:45.4234215Z [==========                             ] 26% Unzipping... emulator/lib/emulator
build-android	Setup Android SDK	2026-07-31T19:42:45.4243131Z [==========                             ] 26% Unzipping... emulator/lib/waterfal
build-android	Setup Android SDK	2026-07-31T19:42:45.4277012Z [==========                             ] 26% Unzipping... emulator/lib/emulated
build-android	Setup Android SDK	2026-07-31T19:42:45.4277924Z [==========                             ] 26% Unzipping... emulator/lib/cmake/fl
build-android	Setup Android SDK	2026-07-31T19:42:45.4278916Z [==========                             ] 26% Unzipping... emulator/lib/pkgconfi
build-android	Setup Android SDK	2026-07-31T19:42:45.4456001Z [==========                             ] 26% Unzipping... emulator/lib/pc-bios/
build-android	Setup Android SDK	2026-07-31T19:42:45.4531924Z [==========                             ] 26% Unzipping... emulator/include/flat
build-android	Setup Android SDK	2026-07-31T19:42:45.4612245Z [==========                             ] 26% Unzipping... emulator/lib64/libgli
build-android	Setup Android SDK	2026-07-31T19:42:45.4752098Z [==========                             ] 26% Unzipping... emulator/lib64/libpro
build-android	Setup Android SDK	2026-07-31T19:42:45.4752962Z [==========                             ] 26% Unzipping... emulator/lib64/qt/   
build-android	Setup Android SDK	2026-07-31T19:42:45.5211525Z [==========                             ] 26% Unzipping... emulator/lib64/liband
build-android	Setup Android SDK	2026-07-31T19:42:45.6023655Z [==========                             ] 26% Unzipping... emulator/lib64/libgfx
build-android	Setup Android SDK	2026-07-31T19:42:45.6024466Z [==========                             ] 26% Unzipping... emulator/lib64/gles_l
build-android	Setup Android SDK	2026-07-31T19:42:45.6033703Z [==========                             ] 26% Unzipping... emulator/lib64/liband
build-android	Setup Android SDK	2026-07-31T19:42:45.6034706Z [==========                             ] 26% Unzipping... emulator/lib64/vulkan
build-android	Setup Android SDK	2026-07-31T19:42:45.6035632Z [==========                             ] 26% Unzipping... emulator/lib64/gles_s
build-android	Setup Android SDK	2026-07-31T19:42:45.6039322Z [==========                             ] 26% Unzipping... emulator/lib64/libemu
build-android	Setup Android SDK	2026-07-31T19:42:45.6181018Z [==========                             ] 26% Unzipping... emulator/lib64/libpro
build-android	Setup Android SDK	2026-07-31T19:42:45.7976923Z [==========                             ] 26% Unzipping... emulator/lib64/liband
build-android	Setup Android SDK	2026-07-31T19:42:45.7997249Z [==========                             ] 26% Unzipping... emulator/lib64/libtcm
build-android	Setup Android SDK	2026-07-31T19:42:45.8000624Z [==========                             ] 26% Unzipping... emulator/lib64/libima
build-android	Setup Android SDK	2026-07-31T19:42:45.8074944Z [==========                             ] 26% Unzipping... emulator/lib64/libc++
build-android	Setup Android SDK	2026-07-31T19:42:45.8390780Z [==========                             ] 26% Unzipping... emulator/lib64/liband
build-android	Setup Android SDK	2026-07-31T19:42:45.8444468Z [==========                             ] 26% Unzipping... emulator/lib64/libabs
build-android	Setup Android SDK	2026-07-31T19:42:45.8452792Z [==========                             ] 26% Unzipping... emulator/lib64/gles_a
build-android	Setup Android SDK	2026-07-31T19:42:45.8524870Z [==========                             ] 26% Unzipping... emulator/lib64/libsha
build-android	Setup Android SDK	2026-07-31T19:42:45.8598934Z [==========                             ] 26% Unzipping... emulator/lib64/libc++
build-android	Setup Android SDK	2026-07-31T19:42:45.8601587Z [==========                             ] 26% Unzipping... emulator/lib64/qt/res
build-android	Setup Android SDK	2026-07-31T19:42:45.8602448Z [==========                             ] 26% Unzipping... emulator/lib64/qt/lib
build-android	Setup Android SDK	2026-07-31T19:42:45.8603303Z [==========                             ] 26% Unzipping... emulator/lib64/qt/tra
build-android	Setup Android SDK	2026-07-31T19:42:45.8604366Z [==========                             ] 26% Unzipping... emulator/lib64/qt/plu
build-android	Setup Android SDK	2026-07-31T19:42:45.8619506Z [==========                             ] 26% Unzipping... emulator/lib64/qt/res
build-android	Setup Android SDK	2026-07-31T19:42:45.9486138Z [==========                             ] 27% Unzipping... emulator/lib64/qt/res
build-android	Setup Android SDK	2026-07-31T19:42:46.0352954Z [==========                             ] 27% Unzipping... emulator/lib64/qt/lib
build-android	Setup Android SDK	2026-07-31T19:42:46.4916695Z [===========                            ] 28% Unzipping... emulator/lib64/qt/lib
build-android	Setup Android SDK	2026-07-31T19:42:46.9524663Z [===========                            ] 29% Unzipping... emulator/lib64/qt/lib
build-android	Setup Android SDK	2026-07-31T19:42:47.1577072Z [===========                            ] 30% Unzipping... emulator/lib64/qt/lib
build-android	Setup Android SDK	2026-07-31T19:42:47.3378044Z [============                           ] 30% Unzipping... emulator/lib64/qt/lib
build-android	Setup Android SDK	2026-07-31T19:42:47.4009542Z [============                           ] 30% Unzipping... emulator/lib64/qt/tra
build-android	Setup Android SDK	2026-07-31T19:42:47.4650082Z [============                           ] 31% Unzipping... emulator/lib64/qt/tra
build-android	Setup Android SDK	2026-07-31T19:42:47.4783331Z [============                           ] 31% Unzipping... emulator/lib64/qt/plu
build-android	Setup Android SDK	2026-07-31T19:42:47.5763131Z [============                           ] 31% Unzipping... emulator/lib64/gles_l
build-android	Setup Android SDK	2026-07-31T19:42:47.8415090Z [============                           ] 31% Unzipping... emulator/lib64/vulkan
build-android	Setup Android SDK	2026-07-31T19:42:48.2238668Z [============                           ] 32% Unzipping... emulator/lib64/vulkan
build-android	Setup Android SDK	2026-07-31T19:42:48.3022485Z [============                           ] 32% Unzipping... emulator/lib64/gles_s
build-android	Setup Android SDK	2026-07-31T19:42:48.3693302Z [============                           ] 32% Unzipping... emulator/lib64/gles_a
build-android	Setup Android SDK	2026-07-31T19:42:48.4431562Z [=============                          ] 33% Unzipping... emulator/lib64/gles_a
build-android	Setup Android SDK	2026-07-31T19:42:48.7868394Z [=====================                  ] 55% Unzipping... emulator/lib64/gles_a
build-android	Setup Android SDK	2026-07-31T19:42:48.8794461Z [=====================                  ] 55% Installing Android SDK Tools emula
build-android	Setup Android SDK	2026-07-31T19:42:48.9540779Z [=====================                  ] 55% Downloading sdk-tools-linux-433379
build-android	Setup Android SDK	2026-07-31T19:42:48.9806444Z [======================                 ] 55% Downloading sdk-tools-linux-433379
build-android	Setup Android SDK	2026-07-31T19:42:49.0215540Z [======================                 ] 56% Downloading sdk-tools-linux-433379
build-android	Setup Android SDK	2026-07-31T19:42:49.0638228Z [======================                 ] 57% Downloading sdk-tools-linux-433379
build-android	Setup Android SDK	2026-07-31T19:42:49.1053621Z [=======================                ] 58% Downloading sdk-tools-linux-433379
build-android	Setup Android SDK	2026-07-31T19:42:49.1448618Z [=======================                ] 59% Downloading sdk-tools-linux-433379
build-android	Setup Android SDK	2026-07-31T19:42:49.1697070Z [=======================                ] 60% Downloading sdk-tools-linux-433379
build-android	Setup Android SDK	2026-07-31T19:42:49.1882436Z [========================               ] 60% Downloading sdk-tools-linux-433379
build-android	Setup Android SDK	2026-07-31T19:42:49.2287105Z [========================               ] 61% Downloading sdk-tools-linux-433379
build-android	Setup Android SDK	2026-07-31T19:42:49.2680886Z [========================               ] 62% Downloading sdk-tools-linux-433379
build-android	Setup Android SDK	2026-07-31T19:42:49.3081130Z [=========================              ] 63% Downloading sdk-tools-linux-433379
build-android	Setup Android SDK	2026-07-31T19:42:49.3472243Z [=========================              ] 64% Downloading sdk-tools-linux-433379
build-android	Setup Android SDK	2026-07-31T19:42:49.3646885Z [=========================              ] 65% Downloading sdk-tools-linux-433379
build-android	Setup Android SDK	2026-07-31T19:42:49.3861701Z [==========================             ] 65% Downloading sdk-tools-linux-433379
build-android	Setup Android SDK	2026-07-31T19:42:49.4133035Z [==========================             ] 66% Downloading sdk-tools-linux-433379
build-android	Setup Android SDK	2026-07-31T19:42:49.4702257Z [==========================             ] 66% Unzipping... emulator/lib64/gles_a
build-android	Setup Android SDK	2026-07-31T19:42:49.4703481Z [==========================             ] 66% Unzipping... tools/               
build-android	Setup Android SDK	2026-07-31T19:42:49.4706109Z [==========================             ] 66% Unzipping... tools/proguard/      
build-android	Setup Android SDK	2026-07-31T19:42:49.4707302Z [==========================             ] 66% Unzipping... tools/proguard/licens
build-android	Setup Android SDK	2026-07-31T19:42:49.4708282Z [==========================             ] 66% Unzipping... tools/proguard/lib/  
build-android	Setup Android SDK	2026-07-31T19:42:49.4751181Z [==========================             ] 66% Unzipping... tools/proguard/lib/pr
build-android	Setup Android SDK	2026-07-31T19:42:49.4754299Z [==========================             ] 66% Unzipping... tools/proguard/lib/re
build-android	Setup Android SDK	2026-07-31T19:42:49.4763594Z [==========================             ] 66% Unzipping... tools/proguard/lib/pr
build-android	Setup Android SDK	2026-07-31T19:42:49.4764626Z [==========================             ] 66% Unzipping... tools/proguard/ant/  
build-android	Setup Android SDK	2026-07-31T19:42:49.4766249Z [==========================             ] 66% Unzipping... tools/proguard/ant/ta
build-android	Setup Android SDK	2026-07-31T19:42:49.4767251Z [==========================             ] 66% Unzipping... tools/proguard/docs/ 
build-android	Setup Android SDK	2026-07-31T19:42:49.4769911Z [==========================             ] 66% Unzipping... tools/proguard/docs/f
build-android	Setup Android SDK	2026-07-31T19:42:49.4778007Z [==========================             ] 66% Unzipping... tools/proguard/docs/s
build-android	Setup Android SDK	2026-07-31T19:42:49.4779570Z [==========================             ] 66% Unzipping... tools/proguard/docs/d
build-android	Setup Android SDK	2026-07-31T19:42:49.4783048Z [==========================             ] 66% Unzipping... tools/proguard/docs/s
build-android	Setup Android SDK	2026-07-31T19:42:49.4786104Z [==========================             ] 66% Unzipping... tools/proguard/docs/F
build-android	Setup Android SDK	2026-07-31T19:42:49.4790631Z [==========================             ] 66% Unzipping... tools/proguard/docs/s
build-android	Setup Android SDK	2026-07-31T19:42:49.4793327Z [==========================             ] 66% Unzipping... tools/proguard/docs/l
build-android	Setup Android SDK	2026-07-31T19:42:49.4797696Z [==========================             ] 66% Unzipping... tools/proguard/docs/s
build-android	Setup Android SDK	2026-07-31T19:42:49.4801442Z [==========================             ] 66% Unzipping... tools/proguard/docs/d
build-android	Setup Android SDK	2026-07-31T19:42:49.4808129Z [==========================             ] 66% Unzipping... tools/proguard/docs/s
build-android	Setup Android SDK	2026-07-31T19:42:49.4810708Z [==========================             ] 66% Unzipping... tools/proguard/docs/r
build-android	Setup Android SDK	2026-07-31T19:42:49.4813089Z [==========================             ] 66% Unzipping... tools/proguard/docs/d
build-android	Setup Android SDK	2026-07-31T19:42:49.4815799Z [==========================             ] 66% Unzipping... tools/proguard/docs/t
build-android	Setup Android SDK	2026-07-31T19:42:49.4818464Z [==========================             ] 66% Unzipping... tools/proguard/docs/f
build-android	Setup Android SDK	2026-07-31T19:42:49.4822356Z [==========================             ] 66% Unzipping... tools/proguard/docs/s
build-android	Setup Android SDK	2026-07-31T19:42:49.4824590Z [==========================             ] 66% Unzipping... tools/proguard/docs/t
build-android	Setup Android SDK	2026-07-31T19:42:49.4827114Z [==========================             ] 66% Unzipping... tools/proguard/docs/i
build-android	Setup Android SDK	2026-07-31T19:42:49.4830439Z [==========================             ] 66% Unzipping... tools/proguard/docs/s
build-android	Setup Android SDK	2026-07-31T19:42:49.4832832Z [==========================             ] 66% Unzipping... tools/proguard/docs/m
build-android	Setup Android SDK	2026-07-31T19:42:49.4834945Z [==========================             ] 66% Unzipping... tools/proguard/docs/s
build-android	Setup Android SDK	2026-07-31T19:42:49.4837495Z [==========================             ] 66% Unzipping... tools/proguard/docs/q
build-android	Setup Android SDK	2026-07-31T19:42:49.4840601Z [==========================             ] 66% Unzipping... tools/proguard/docs/G
build-android	Setup Android SDK	2026-07-31T19:42:49.4842891Z [==========================             ] 66% Unzipping... tools/proguard/docs/t
build-android	Setup Android SDK	2026-07-31T19:42:49.4856411Z [==========================             ] 66% Unzipping... tools/proguard/docs/s
build-android	Setup Android SDK	2026-07-31T19:42:49.4897421Z [==========================             ] 66% Unzipping... tools/proguard/docs/m
build-android	Setup Android SDK	2026-07-31T19:42:49.4899230Z [==========================             ] 66% Unzipping... tools/proguard/docs/s
build-android	Setup Android SDK	2026-07-31T19:42:49.4902108Z [==========================             ] 66% Unzipping... tools/proguard/docs/G
build-android	Setup Android SDK	2026-07-31T19:42:49.4904439Z [==========================             ] 66% Unzipping... tools/proguard/docs/c
build-android	Setup Android SDK	2026-07-31T19:42:49.4910572Z [==========================             ] 66% Unzipping... tools/proguard/docs/a
build-android	Setup Android SDK	2026-07-31T19:42:49.4919549Z [==========================             ] 66% Unzipping... tools/proguard/docs/s
build-android	Setup Android SDK	2026-07-31T19:42:49.4921902Z [==========================             ] 66% Unzipping... tools/proguard/docs/d
build-android	Setup Android SDK	2026-07-31T19:42:49.5002464Z [==========================             ] 66% Unzipping... tools/proguard/exampl
build-android	Setup Android SDK	2026-07-31T19:42:49.5003296Z [==========================             ] 66% Unzipping... tools/proguard/bin/  
build-android	Setup Android SDK	2026-07-31T19:42:49.5008032Z [==========================             ] 66% Unzipping... tools/proguard/bin/pr
build-android	Setup Android SDK	2026-07-31T19:42:49.5010775Z [==========================             ] 66% Unzipping... tools/proguard/bin/re
build-android	Setup Android SDK	2026-07-31T19:42:49.5012525Z [==========================             ] 66% Unzipping... tools/proguard/README
build-android	Setup Android SDK	2026-07-31T19:42:49.5018290Z [==========================             ] 66% Unzipping... tools/proguard/progua
build-android	Setup Android SDK	2026-07-31T19:42:49.5019266Z [==========================             ] 66% Unzipping... tools/lib/           
build-android	Setup Android SDK	2026-07-31T19:42:49.5069766Z [==========================             ] 66% Unzipping... tools/lib/bcpkix-jdk1
build-android	Setup Android SDK	2026-07-31T19:42:49.5097004Z [==========================             ] 66% Unzipping... tools/lib/org-eclipse
build-android	Setup Android SDK	2026-07-31T19:42:49.5097877Z [==========================             ] 66% Unzipping... tools/lib/manifest-me
build-android	Setup Android SDK	2026-07-31T19:42:49.5100260Z [==========================             ] 66% Unzipping... tools/lib/jcommander-
build-android	Setup Android SDK	2026-07-31T19:42:49.5118465Z [==========================             ] 66% Unzipping... tools/lib/gson-2.3.ja
build-android	Setup Android SDK	2026-07-31T19:42:49.5127206Z [==========================             ] 66% Unzipping... tools/lib/ddms-26.0.0
build-android	Setup Android SDK	2026-07-31T19:42:49.5128390Z [==========================             ] 66% Unzipping... tools/lib/asm-tree-5.
build-android	Setup Android SDK	2026-07-31T19:42:49.5188849Z [==========================             ] 66% Unzipping... tools/lib/uast-26.0.0
build-android	Setup Android SDK	2026-07-31T19:42:49.5200021Z [==========================             ] 66% Unzipping... tools/lib/dexlib2-2.2
build-android	Setup Android SDK	2026-07-31T19:42:49.5254546Z [==========================             ] 67% Unzipping... tools/lib/dexlib2-2.2
build-android	Setup Android SDK	2026-07-31T19:42:49.5257254Z [==========================             ] 67% Unzipping... tools/lib/android.el 
build-android	Setup Android SDK	2026-07-31T19:42:49.5263912Z [==========================             ] 67% Unzipping... tools/lib/apkanalyzer
build-android	Setup Android SDK	2026-07-31T19:42:49.5409793Z [==========================             ] 67% Unzipping... tools/lib/guava-22.0.
build-android	Setup Android SDK	2026-07-31T19:42:49.5453346Z [==========================             ] 67% Unzipping... tools/lib/lint-api-26
build-android	Setup Android SDK	2026-07-31T19:42:49.5461154Z [==========================             ] 67% Unzipping... tools/lib/baksmali-2.
build-android	Setup Android SDK	2026-07-31T19:42:49.5468146Z [==========================             ] 67% Unzipping... tools/lib/shared.jar 
build-android	Setup Android SDK	2026-07-31T19:42:49.5469638Z [==========================             ] 67% Unzipping... tools/lib/jsr305-1.3.
build-android	Setup Android SDK	2026-07-31T19:42:49.5496171Z [==========================             ] 67% Unzipping... tools/lib/httpclient-
build-android	Setup Android SDK	2026-07-31T19:42:49.5619746Z [==========================             ] 67% Unzipping... tools/lib/ecj-4.6.1.j
build-android	Setup Android SDK	2026-07-31T19:42:49.5623486Z [==========================             ] 67% Unzipping... tools/lib/jobb-26.0.0
build-android	Setup Android SDK	2026-07-31T19:42:49.5643880Z [==========================             ] 67% Unzipping... tools/lib/jcommon-1.0
build-android	Setup Android SDK	2026-07-31T19:42:49.5648666Z [==========================             ] 67% Unzipping... tools/lib/kxml2-2.3.0
build-android	Setup Android SDK	2026-07-31T19:42:49.5721135Z [==========================             ] 67% Unzipping... tools/lib/jfreechart-
build-android	Setup Android SDK	2026-07-31T19:42:49.5733205Z [==========================             ] 67% Unzipping... tools/lib/common-26.0
build-android	Setup Android SDK	2026-07-31T19:42:49.5794604Z [==========================             ] 67% Unzipping... tools/lib/lint-checks
build-android	Setup Android SDK	2026-07-31T19:42:49.5928537Z [==========================             ] 67% Unzipping... tools/lib/kotlin-refl
build-android	Setup Android SDK	2026-07-31T19:42:49.5932271Z [==========================             ] 67% Unzipping... tools/lib/builder-mod
build-android	Setup Android SDK	2026-07-31T19:42:49.5972176Z [==========================             ] 67% Unzipping... tools/lib/sdklib-26.0
build-android	Setup Android SDK	2026-07-31T19:42:49.5979460Z [==========================             ] 67% Unzipping... tools/lib/layoutlib-a
build-android	Setup Android SDK	2026-07-31T19:42:49.5982027Z [==========================             ] 67% Unzipping... tools/lib/annotations
build-android	Setup Android SDK	2026-07-31T19:42:49.5989903Z [==========================             ] 67% Unzipping... tools/lib/fat32lib.ja
build-android	Setup Android SDK	2026-07-31T19:42:49.5992330Z [==========================             ] 67% Unzipping... tools/lib/jsr305-3.0.
build-android	Setup Android SDK	2026-07-31T19:42:49.6058709Z [==========================             ] 67% Unzipping... tools/lib/org-eclipse
build-android	Setup Android SDK	2026-07-31T19:42:49.6059536Z [==========================             ] 67% Unzipping... tools/lib/error_prone
build-android	Setup Android SDK	2026-07-31T19:42:49.6066357Z [==========================             ] 67% Unzipping... tools/lib/org-eclipse
build-android	Setup Android SDK	2026-07-31T19:42:49.6067569Z [==========================             ] 67% Unzipping... tools/lib/animal-snif
build-android	Setup Android SDK	2026-07-31T19:42:49.6106743Z [==========================             ] 67% Unzipping... tools/lib/asset-studi
build-android	Setup Android SDK	2026-07-31T19:42:49.6138281Z [===========================            ] 68% Unzipping... tools/lib/asset-studi
build-android	Setup Android SDK	2026-07-31T19:42:49.6152554Z [===========================            ] 68% Unzipping... tools/lib/repository-
build-android	Setup Android SDK	2026-07-31T19:42:49.6156416Z [===========================            ] 68% Unzipping... tools/lib/dvlib-26.0.
build-android	Setup Android SDK	2026-07-31T19:42:49.6188558Z [===========================            ] 68% Unzipping... tools/lib/jsilver-1.0
build-android	Setup Android SDK	2026-07-31T19:42:49.6193983Z [===========================            ] 68% Unzipping... tools/lib/asm-5.1.jar
build-android	Setup Android SDK	2026-07-31T19:42:49.6197062Z [===========================            ] 68% Unzipping... tools/lib/devices.xml
build-android	Setup Android SDK	2026-07-31T19:42:49.6200478Z [===========================            ] 68% Unzipping... tools/lib/asm-analysi
build-android	Setup Android SDK	2026-07-31T19:42:49.6225039Z [===========================            ] 68% Unzipping... tools/lib/hierarchyvi
build-android	Setup Android SDK	2026-07-31T19:42:49.6233034Z [===========================            ] 68% Unzipping... tools/lib/monkeyrunne
build-android	Setup Android SDK	2026-07-31T19:42:49.6239475Z [===========================            ] 68% Unzipping... tools/lib/uiautomator
build-android	Setup Android SDK	2026-07-31T19:42:49.6242092Z [===========================            ] 68% Unzipping... tools/lib/archquery-2
build-android	Setup Android SDK	2026-07-31T19:42:49.6247278Z [===========================            ] 68% Unzipping... tools/lib/chimpchat-2
build-android	Setup Android SDK	2026-07-31T19:42:49.6250197Z [===========================            ] 68% Unzipping... tools/lib/explainer.j
build-android	Setup Android SDK	2026-07-31T19:42:49.6272954Z [===========================            ] 68% Unzipping... tools/lib/ddmlib-26.0
build-android	Setup Android SDK	2026-07-31T19:42:49.6276952Z [===========================            ] 68% Unzipping... tools/lib/swtmenubar-
build-android	Setup Android SDK	2026-07-31T19:42:49.6360991Z [===========================            ] 68% Unzipping... tools/lib/osgi-4.0.0.
build-android	Setup Android SDK	2026-07-31T19:42:49.6363232Z [===========================            ] 68% Unzipping... tools/lib/x86_64/    
build-android	Setup Android SDK	2026-07-31T19:42:49.6444908Z [===========================            ] 68% Unzipping... tools/lib/x86_64/swt.
build-android	Setup Android SDK	2026-07-31T19:42:49.6942648Z [===========================            ] 68% Unzipping... tools/lib/monitor-x86
build-android	Setup Android SDK	2026-07-31T19:42:49.7838907Z [===========================            ] 69% Unzipping... tools/lib/monitor-x86
build-android	Setup Android SDK	2026-07-31T19:42:49.8340070Z [===========================            ] 70% Unzipping... tools/lib/monitor-x86
build-android	Setup Android SDK	2026-07-31T19:42:49.8786169Z [============================           ] 70% Unzipping... tools/lib/monitor-x86
build-android	Setup Android SDK	2026-07-31T19:42:50.0351156Z [============================           ] 71% Unzipping... tools/lib/monitor-x86
build-android	Setup Android SDK	2026-07-31T19:42:50.0352573Z [============================           ] 71% Unzipping... tools/lib/httpmime-4.
build-android	Setup Android SDK	2026-07-31T19:42:50.0355057Z [============================           ] 71% Unzipping... tools/lib/annotations
build-android	Setup Android SDK	2026-07-31T19:42:50.0370514Z [============================           ] 71% Unzipping... tools/lib/lint-26.0.0
build-android	Setup Android SDK	2026-07-31T19:42:50.0377466Z [============================           ] 71% Unzipping... tools/lib/apkanalyzer
build-android	Setup Android SDK	2026-07-31T19:42:50.0384860Z [============================           ] 71% Unzipping... tools/lib/binary-reso
build-android	Setup Android SDK	2026-07-31T19:42:50.0392139Z [============================           ] 71% Unzipping... tools/lib/jopt-simple
build-android	Setup Android SDK	2026-07-31T19:42:50.0399533Z [============================           ] 71% Unzipping... tools/lib/util-2.2.1.
build-android	Setup Android SDK	2026-07-31T19:42:50.0418710Z [============================           ] 71% Unzipping... tools/lib/ddmuilib-26
build-android	Setup Android SDK	2026-07-31T19:42:50.0434145Z [============================           ] 72% Unzipping... tools/lib/ddmuilib-26
build-android	Setup Android SDK	2026-07-31T19:42:50.0487340Z [============================           ] 72% Unzipping... tools/lib/sdk-common-
build-android	Setup Android SDK	2026-07-31T19:42:50.0497239Z [============================           ] 72% Unzipping... tools/lib/traceview-2
build-android	Setup Android SDK	2026-07-31T19:42:50.0512050Z [============================           ] 72% Unzipping... tools/lib/httpcore-4.
build-android	Setup Android SDK	2026-07-31T19:42:50.0514761Z [============================           ] 72% Unzipping... tools/lib/screenshot2
build-android	Setup Android SDK	2026-07-31T19:42:50.0529355Z [============================           ] 72% Unzipping... tools/lib/commons-cod
build-android	Setup Android SDK	2026-07-31T19:42:50.0530850Z [============================           ] 72% Unzipping... tools/lib/proguard-pr
build-android	Setup Android SDK	2026-07-31T19:42:50.1161716Z [============================           ] 72% Unzipping... tools/lib/jython-stan
build-android	Setup Android SDK	2026-07-31T19:42:50.1229697Z [=============================          ] 73% Unzipping... tools/lib/jython-stan
build-android	Setup Android SDK	2026-07-31T19:42:50.1233214Z [=============================          ] 73% Unzipping... tools/lib/annotations
build-android	Setup Android SDK	2026-07-31T19:42:50.1238755Z [=============================          ] 73% Unzipping... tools/lib/commons-log
build-android	Setup Android SDK	2026-07-31T19:42:50.1312144Z [=============================          ] 73% Unzipping... tools/lib/protobuf-ja
build-android	Setup Android SDK	2026-07-31T19:42:50.1316684Z [=============================          ] 73% Unzipping... tools/lib/fakeadbserv
build-android	Setup Android SDK	2026-07-31T19:42:50.1489248Z [=============================          ] 73% Unzipping... tools/lib/bcprov-jdk1
build-android	Setup Android SDK	2026-07-31T19:42:50.1490092Z [=============================          ] 73% Unzipping... tools/lib/x86/       
build-android	Setup Android SDK	2026-07-31T19:42:50.1565913Z [=============================          ] 73% Unzipping... tools/lib/x86/swt.jar
build-android	Setup Android SDK	2026-07-31T19:42:50.1615655Z [=============================          ] 73% Unzipping... tools/lib/kotlin-stdl
build-android	Setup Android SDK	2026-07-31T19:42:50.1641839Z [=============================          ] 73% Unzipping... tools/lib/commons-com
build-android	Setup Android SDK	2026-07-31T19:42:50.1682528Z [=============================          ] 73% Unzipping... tools/lib/lombok-ast-
build-android	Setup Android SDK	2026-07-31T19:42:50.1715973Z [=============================          ] 73% Unzipping... tools/lib/trove4j-201
build-android	Setup Android SDK	2026-07-31T19:42:50.1980116Z [=============================          ] 73% Unzipping... tools/lib/intellij-co
build-android	Setup Android SDK	2026-07-31T19:42:50.2151604Z [=============================          ] 74% Unzipping... tools/lib/intellij-co
build-android	Setup Android SDK	2026-07-31T19:42:50.2167838Z [=============================          ] 74% Unzipping... tools/lib/jimfs-1.1.j
build-android	Setup Android SDK	2026-07-31T19:42:50.2169795Z [=============================          ] 74% Unzipping... tools/lib/j2objc-anno
build-android	Setup Android SDK	2026-07-31T19:42:50.2176429Z [=============================          ] 74% Unzipping... tools/lib/jfreechart-
build-android	Setup Android SDK	2026-07-31T19:42:50.2696605Z [=============================          ] 74% Unzipping... tools/lib/monitor-x86
build-android	Setup Android SDK	2026-07-31T19:42:50.3138521Z [=============================          ] 75% Unzipping... tools/lib/monitor-x86
build-android	Setup Android SDK	2026-07-31T19:42:50.3551908Z [==============================         ] 75% Unzipping... tools/lib/monitor-x86
build-android	Setup Android SDK	2026-07-31T19:42:50.4479021Z [==============================         ] 76% Unzipping... tools/lib/monitor-x86
build-android	Setup Android SDK	2026-07-31T19:42:50.6028767Z [==============================         ] 77% Unzipping... tools/lib/monitor-x86
build-android	Setup Android SDK	2026-07-31T19:42:50.6033581Z [==============================         ] 77% Unzipping... tools/lib/generator.j
build-android	Setup Android SDK	2026-07-31T19:42:50.6034984Z [==============================         ] 77% Unzipping... tools/source.properti
build-android	Setup Android SDK	2026-07-31T19:42:50.6036143Z [==============================         ] 77% Unzipping... tools/bin/           
build-android	Setup Android SDK	2026-07-31T19:42:50.6039077Z [==============================         ] 77% Unzipping... tools/bin/avdmanager 
build-android	Setup Android SDK	2026-07-31T19:42:50.6041217Z [==============================         ] 77% Unzipping... tools/bin/jobb       
build-android	Setup Android SDK	2026-07-31T19:42:50.6043832Z [==============================         ] 77% Unzipping... tools/bin/uiautomator
build-android	Setup Android SDK	2026-07-31T19:42:50.6046620Z [==============================         ] 77% Unzipping... tools/bin/apkanalyzer
build-android	Setup Android SDK	2026-07-31T19:42:50.6048870Z [==============================         ] 77% Unzipping... tools/bin/monkeyrunne
build-android	Setup Android SDK	2026-07-31T19:42:50.6051589Z [==============================         ] 77% Unzipping... tools/bin/archquery  
build-android	Setup Android SDK	2026-07-31T19:42:50.6054108Z [==============================         ] 77% Unzipping... tools/bin/sdkmanager 
build-android	Setup Android SDK	2026-07-31T19:42:50.6062234Z [==============================         ] 77% Unzipping... tools/bin/lint       
build-android	Setup Android SDK	2026-07-31T19:42:50.6066318Z [==============================         ] 77% Unzipping... tools/bin/screenshot2
build-android	Setup Android SDK	2026-07-31T19:42:50.6113047Z [==============================         ] 77% Unzipping... tools/NOTICE.txt     
build-android	Setup Android SDK	2026-07-31T19:42:50.6172478Z [==============================         ] 77% Unzipping... tools/emulator       
build-android	Setup Android SDK	2026-07-31T19:42:50.6204425Z [==============================         ] 77% Unzipping... tools/emulator-check 
build-android	Setup Android SDK	2026-07-31T19:42:50.6206576Z [==============================         ] 77% Unzipping... tools/monitor        
build-android	Setup Android SDK	2026-07-31T19:42:50.6209137Z [==============================         ] 77% Unzipping... tools/android        
build-android	Setup Android SDK	2026-07-31T19:42:50.6211935Z [==============================         ] 77% Unzipping... tools/mksdcard       
build-android	Setup Android SDK	2026-07-31T19:42:50.6212859Z [==============================         ] 77% Unzipping... tools/support/       
build-android	Setup Android SDK	2026-07-31T19:42:50.6218670Z [==============================         ] 77% Unzipping... tools/support/typos-d
build-android	Setup Android SDK	2026-07-31T19:42:50.6222199Z [==============================         ] 77% Unzipping... tools/support/typos-e
build-android	Setup Android SDK	2026-07-31T19:42:50.6224571Z [==============================         ] 77% Unzipping... tools/support/annotat
build-android	Setup Android SDK	2026-07-31T19:42:50.6232989Z [==============================         ] 77% Unzipping... tools/support/typos-e
build-android	Setup Android SDK	2026-07-31T19:42:50.6236227Z [==============================         ] 77% Unzipping... tools/support/typos-t
build-android	Setup Android SDK	2026-07-31T19:42:50.6241590Z [==============================         ] 77% Unzipping... tools/support/typos-p
build-android	Setup Android SDK	2026-07-31T19:42:50.6245175Z [==============================         ] 77% Unzipping... tools/support/typos-i
build-android	Setup Android SDK	2026-07-31T19:42:50.6248719Z [==============================         ] 77% Unzipping... tools/support/typos-n
build-android	Setup Android SDK	2026-07-31T19:42:50.6253277Z [==============================         ] 77% Unzipping... tools/support/typos-h
build-android	Setup Android SDK	2026-07-31T19:42:50.6721596Z [==============================         ] 78% Unzipping... tools/support/typos-h
build-android	Setup Android SDK	2026-07-31T19:42:50.6726574Z [=======================================] 100% Unzipping... tools/support/typos-
build-android	Setup Android SDK	2026-07-31T19:42:50.6770873Z 
build-android	Setup Android SDK	2026-07-31T19:42:50.6928841Z [command]/usr/local/lib/android/sdk/cmdline-tools/16.0/bin/sdkmanager platform-tools
build-android	Setup Android SDK	2026-07-31T19:42:51.4746921Z Loading package information...                                                  
build-android	Setup Android SDK	2026-07-31T19:42:51.5699759Z Loading local repository...                                                     
build-android	Setup Android SDK	2026-07-31T19:42:51.5701544Z [                                       ] 3% Loading local repository...        
build-android	Setup Android SDK	2026-07-31T19:42:51.5796597Z [                                       ] 3% Fetch remote repository...         
build-android	Setup Android SDK	2026-07-31T19:42:51.9127744Z [=                                      ] 3% Fetch remote repository...         
build-android	Setup Android SDK	2026-07-31T19:42:51.9833535Z [=                                      ] 4% Fetch remote repository...         
build-android	Setup Android SDK	2026-07-31T19:42:52.0181260Z [=                                      ] 5% Fetch remote repository...         
build-android	Setup Android SDK	2026-07-31T19:42:52.0766774Z [==                                     ] 5% Fetch remote repository...         
build-android	Setup Android SDK	2026-07-31T19:42:52.1500211Z [==                                     ] 6% Fetch remote repository...         
build-android	Setup Android SDK	2026-07-31T19:42:52.2277205Z [==                                     ] 7% Fetch remote repository...         
build-android	Setup Android SDK	2026-07-31T19:42:52.2279825Z [==                                     ] 7% Computing updates...               
build-android	Setup Android SDK	2026-07-31T19:42:52.2406556Z [===                                    ] 8% Computing updates...               
build-android	Setup Android SDK	2026-07-31T19:42:52.2539346Z [===                                    ] 10% Computing updates...              
build-android	Setup Android SDK	2026-07-31T19:42:52.7159442Z [===                                    ] 10% Installing Android SDK Platform-To
build-android	Setup Android SDK	2026-07-31T19:42:52.7393564Z [===                                    ] 10% Downloading platform-tools_r37.0.1
build-android	Setup Android SDK	2026-07-31T19:42:52.7566805Z [====                                   ] 10% Downloading platform-tools_r37.0.1
build-android	Setup Android SDK	2026-07-31T19:42:52.7777039Z [====                                   ] 11% Downloading platform-tools_r37.0.1
build-android	Setup Android SDK	2026-07-31T19:42:52.7958318Z [====                                   ] 12% Downloading platform-tools_r37.0.1
build-android	Setup Android SDK	2026-07-31T19:42:52.8095918Z [=====                                  ] 13% Downloading platform-tools_r37.0.1
build-android	Setup Android SDK	2026-07-31T19:42:52.8186288Z [=====                                  ] 14% Downloading platform-tools_r37.0.1
build-android	Setup Android SDK	2026-07-31T19:42:52.8246381Z [=====                                  ] 15% Downloading platform-tools_r37.0.1
build-android	Setup Android SDK	2026-07-31T19:42:52.8297092Z [======                                 ] 15% Downloading platform-tools_r37.0.1
build-android	Setup Android SDK	2026-07-31T19:42:52.8380185Z [======                                 ] 16% Downloading platform-tools_r37.0.1
build-android	Setup Android SDK	2026-07-31T19:42:52.8491681Z [======                                 ] 17% Downloading platform-tools_r37.0.1
build-android	Setup Android SDK	2026-07-31T19:42:52.8570877Z [=======                                ] 18% Downloading platform-tools_r37.0.1
build-android	Setup Android SDK	2026-07-31T19:42:52.8682334Z [=======                                ] 19% Downloading platform-tools_r37.0.1
build-android	Setup Android SDK	2026-07-31T19:42:52.8724055Z [=======                                ] 20% Downloading platform-tools_r37.0.1
build-android	Setup Android SDK	2026-07-31T19:42:52.8764033Z [========                               ] 20% Downloading platform-tools_r37.0.1
build-android	Setup Android SDK	2026-07-31T19:42:52.8871161Z [========                               ] 21% Downloading platform-tools_r37.0.1
build-android	Setup Android SDK	2026-07-31T19:42:52.8950972Z [========                               ] 22% Downloading platform-tools_r37.0.1
build-android	Setup Android SDK	2026-07-31T19:42:52.9038913Z [=========                              ] 23% Downloading platform-tools_r37.0.1
build-android	Setup Android SDK	2026-07-31T19:42:52.9144479Z [=========                              ] 24% Downloading platform-tools_r37.0.1
build-android	Setup Android SDK	2026-07-31T19:42:52.9185192Z [=========                              ] 25% Downloading platform-tools_r37.0.1
build-android	Setup Android SDK	2026-07-31T19:42:52.9229346Z [==========                             ] 25% Downloading platform-tools_r37.0.1
build-android	Setup Android SDK	2026-07-31T19:42:52.9329719Z [==========                             ] 26% Downloading platform-tools_r37.0.1
build-android	Setup Android SDK	2026-07-31T19:42:52.9418577Z [==========                             ] 27% Downloading platform-tools_r37.0.1
build-android	Setup Android SDK	2026-07-31T19:42:52.9523597Z [===========                            ] 28% Downloading platform-tools_r37.0.1
build-android	Setup Android SDK	2026-07-31T19:42:52.9602401Z [===========                            ] 29% Downloading platform-tools_r37.0.1
build-android	Setup Android SDK	2026-07-31T19:42:52.9647875Z [===========                            ] 30% Downloading platform-tools_r37.0.1
build-android	Setup Android SDK	2026-07-31T19:42:52.9708643Z [============                           ] 30% Downloading platform-tools_r37.0.1
build-android	Setup Android SDK	2026-07-31T19:42:52.9795946Z [============                           ] 31% Downloading platform-tools_r37.0.1
build-android	Setup Android SDK	2026-07-31T19:42:52.9891123Z [============                           ] 32% Downloading platform-tools_r37.0.1
build-android	Setup Android SDK	2026-07-31T19:42:52.9894600Z [============                           ] 33% Downloading platform-tools_r37.0.1
build-android	Setup Android SDK	2026-07-31T19:42:53.0282101Z [============                           ] 33% Unzipping...                      
build-android	Setup Android SDK	2026-07-31T19:42:53.0297851Z [============                           ] 33% Unzipping... platform-tools/NOTICE
build-android	Setup Android SDK	2026-07-31T19:42:53.0446689Z [=============                          ] 33% Unzipping... platform-tools/NOTICE
build-android	Setup Android SDK	2026-07-31T19:42:53.0457402Z [=============                          ] 33% Unzipping... platform-tools/adb   
build-android	Setup Android SDK	2026-07-31T19:42:53.0527620Z [=============                          ] 34% Unzipping... platform-tools/adb   
build-android	Setup Android SDK	2026-07-31T19:42:53.0568648Z [=============                          ] 35% Unzipping... platform-tools/adb   
build-android	Setup Android SDK	2026-07-31T19:42:53.0597137Z [==============                         ] 35% Unzipping... platform-tools/adb   
build-android	Setup Android SDK	2026-07-31T19:42:53.0696513Z [==============                         ] 36% Unzipping... platform-tools/adb   
build-android	Setup Android SDK	2026-07-31T19:42:53.0746397Z [==============                         ] 37% Unzipping... platform-tools/adb   
build-android	Setup Android SDK	2026-07-31T19:42:53.0807112Z [===============                        ] 38% Unzipping... platform-tools/adb   
build-android	Setup Android SDK	2026-07-31T19:42:53.0877637Z [===============                        ] 39% Unzipping... platform-tools/adb   
build-android	Setup Android SDK	2026-07-31T19:42:53.0921342Z [===============                        ] 40% Unzipping... platform-tools/adb   
build-android	Setup Android SDK	2026-07-31T19:42:53.0973022Z [================                       ] 40% Unzipping... platform-tools/adb   
build-android	Setup Android SDK	2026-07-31T19:42:53.1019166Z [================                       ] 41% Unzipping... platform-tools/adb   
build-android	Setup Android SDK	2026-07-31T19:42:53.1093045Z [================                       ] 42% Unzipping... platform-tools/adb   
build-android	Setup Android SDK	2026-07-31T19:42:53.1136396Z [=================                      ] 43% Unzipping... platform-tools/adb   
build-android	Setup Android SDK	2026-07-31T19:42:53.1208801Z [=================                      ] 44% Unzipping... platform-tools/adb   
build-android	Setup Android SDK	2026-07-31T19:42:53.1248789Z [=================                      ] 44% Unzipping... platform-tools/etc1to
build-android	Setup Android SDK	2026-07-31T19:42:53.1277267Z [=================                      ] 45% Unzipping... platform-tools/etc1to
build-android	Setup Android SDK	2026-07-31T19:42:53.1296332Z [=================                      ] 45% Unzipping... platform-tools/fastbo
build-android	Setup Android SDK	2026-07-31T19:42:53.1309567Z [==================                     ] 45% Unzipping... platform-tools/fastbo
build-android	Setup Android SDK	2026-07-31T19:42:53.1389498Z [==================                     ] 46% Unzipping... platform-tools/fastbo
build-android	Setup Android SDK	2026-07-31T19:42:53.1457725Z [==================                     ] 47% Unzipping... platform-tools/fastbo
build-android	Setup Android SDK	2026-07-31T19:42:53.1482904Z [===================                    ] 48% Unzipping... platform-tools/fastbo
build-android	Setup Android SDK	2026-07-31T19:42:53.1492118Z [===================                    ] 48% Unzipping... platform-tools/hprof-
build-android	Setup Android SDK	2026-07-31T19:42:53.1556518Z [===================                    ] 48% Unzipping... platform-tools/lib64/
build-android	Setup Android SDK	2026-07-31T19:42:53.1608920Z [===================                    ] 49% Unzipping... platform-tools/lib64/
build-android	Setup Android SDK	2026-07-31T19:42:53.1634163Z [===================                    ] 49% Unzipping... platform-tools/make_f
build-android	Setup Android SDK	2026-07-31T19:42:53.1660165Z [===================                    ] 50% Unzipping... platform-tools/make_f
build-android	Setup Android SDK	2026-07-31T19:42:53.1672542Z [===================                    ] 50% Unzipping... platform-tools/mke2fs
build-android	Setup Android SDK	2026-07-31T19:42:53.1713050Z [====================                   ] 50% Unzipping... platform-tools/mke2fs
build-android	Setup Android SDK	2026-07-31T19:42:53.1745976Z [====================                   ] 51% Unzipping... platform-tools/mke2fs
build-android	Setup Android SDK	2026-07-31T19:42:53.1760380Z [====================                   ] 51% Unzipping... platform-tools/source
build-android	Setup Android SDK	2026-07-31T19:42:53.1789572Z [====================                   ] 51% Unzipping... platform-tools/sqlite
build-android	Setup Android SDK	2026-07-31T19:42:53.1845963Z [====================                   ] 52% Unzipping... platform-tools/sqlite
build-android	Setup Android SDK	2026-07-31T19:42:53.1916122Z [=====================                  ] 53% Unzipping... platform-tools/sqlite
build-android	Setup Android SDK	2026-07-31T19:42:53.1981632Z [=====================                  ] 54% Unzipping... platform-tools/sqlite
build-android	Setup Android SDK	2026-07-31T19:42:53.2119381Z [=====================                  ] 55% Unzipping... platform-tools/sqlite
build-android	Setup Android SDK	2026-07-31T19:42:53.2123623Z [=======================================] 100% Unzipping... platform-tools/sqlit
build-android	Setup Android SDK	2026-07-31T19:42:53.3115888Z 
build-android	Install frontend dependencies	﻿2026-07-31T19:42:53.3755837Z ##[group]Run npm install
build-android	Install frontend dependencies	2026-07-31T19:42:53.3756143Z [36;1mnpm install[0m
build-android	Install frontend dependencies	2026-07-31T19:42:53.3816616Z shell: /usr/bin/bash -e {0}
build-android	Install frontend dependencies	2026-07-31T19:42:53.3816883Z env:
build-android	Install frontend dependencies	2026-07-31T19:42:53.3817088Z   CARGO_HOME: /home/runner/.cargo
build-android	Install frontend dependencies	2026-07-31T19:42:53.3817350Z   CARGO_INCREMENTAL: 0
build-android	Install frontend dependencies	2026-07-31T19:42:53.3817577Z   CARGO_TERM_COLOR: always
build-android	Install frontend dependencies	2026-07-31T19:42:53.3817929Z   JAVA_HOME: /opt/hostedtoolcache/Java_Temurin-Hotspot_jdk/17.0.19-10/x64
build-android	Install frontend dependencies	2026-07-31T19:42:53.3818438Z   JAVA_HOME_17_X64: /opt/hostedtoolcache/Java_Temurin-Hotspot_jdk/17.0.19-10/x64
build-android	Install frontend dependencies	2026-07-31T19:42:53.3818852Z   ANDROID_HOME: /usr/local/lib/android/sdk
build-android	Install frontend dependencies	2026-07-31T19:42:53.3819154Z   ANDROID_SDK_ROOT: /usr/local/lib/android/sdk
build-android	Install frontend dependencies	2026-07-31T19:42:53.3819450Z ##[endgroup]
build-android	Install frontend dependencies	2026-07-31T19:42:53.9413020Z 
build-android	Install frontend dependencies	2026-07-31T19:42:53.9413821Z up to date, audited 4 packages in 490ms
build-android	Install frontend dependencies	2026-07-31T19:42:53.9414153Z 
build-android	Install frontend dependencies	2026-07-31T19:42:53.9416383Z 1 package is looking for funding
build-android	Install frontend dependencies	2026-07-31T19:42:53.9416951Z   run `npm fund` for details
build-android	Install frontend dependencies	2026-07-31T19:42:53.9423251Z 
build-android	Install frontend dependencies	2026-07-31T19:42:53.9423669Z found 0 vulnerabilities
build-android	Init Android project	﻿2026-07-31T19:42:53.9518326Z ##[group]Run npx tauri android init
build-android	Init Android project	2026-07-31T19:42:53.9518663Z [36;1mnpx tauri android init[0m
build-android	Init Android project	2026-07-31T19:42:53.9578536Z shell: /usr/bin/bash -e {0}
build-android	Init Android project	2026-07-31T19:42:53.9578793Z env:
build-android	Init Android project	2026-07-31T19:42:53.9578994Z   CARGO_HOME: /home/runner/.cargo
build-android	Init Android project	2026-07-31T19:42:53.9579253Z   CARGO_INCREMENTAL: 0
build-android	Init Android project	2026-07-31T19:42:53.9579470Z   CARGO_TERM_COLOR: always
build-android	Init Android project	2026-07-31T19:42:53.9579807Z   JAVA_HOME: /opt/hostedtoolcache/Java_Temurin-Hotspot_jdk/17.0.19-10/x64
build-android	Init Android project	2026-07-31T19:42:53.9580310Z   JAVA_HOME_17_X64: /opt/hostedtoolcache/Java_Temurin-Hotspot_jdk/17.0.19-10/x64
build-android	Init Android project	2026-07-31T19:42:53.9580730Z   ANDROID_HOME: /usr/local/lib/android/sdk
build-android	Init Android project	2026-07-31T19:42:53.9581032Z   ANDROID_SDK_ROOT: /usr/local/lib/android/sdk
build-android	Init Android project	2026-07-31T19:42:53.9581308Z ##[endgroup]
build-android	Init Android project	2026-07-31T19:42:55.0755162Z         Info Using installed NDK: /usr/local/lib/android/sdk/ndk/29.0.14206865
build-android	Init Android project	2026-07-31T19:42:55.3024437Z         Info "/home/runner/work/BoraPlayer/BoraPlayer/src-tauri" relative to "/home/runner/work/BoraPlayer/BoraPlayer/src-tauri/gen/android/app" is "../../../"
build-android	Init Android project	2026-07-31T19:42:55.3025812Z Generating Android Studio project...
build-android	Init Android project	2026-07-31T19:42:55.3063987Z victory: Project generated successfully!
build-android	Init Android project	2026-07-31T19:42:55.3064846Z     Make cool apps! 🌻 🐕 🎉
build-android	Build Android APK	﻿2026-07-31T19:42:55.3231134Z ##[group]Run npx tauri android build
build-android	Build Android APK	2026-07-31T19:42:55.3231464Z [36;1mnpx tauri android build[0m
build-android	Build Android APK	2026-07-31T19:42:55.3292544Z shell: /usr/bin/bash -e {0}
build-android	Build Android APK	2026-07-31T19:42:55.3292816Z env:
build-android	Build Android APK	2026-07-31T19:42:55.3293020Z   CARGO_HOME: /home/runner/.cargo
build-android	Build Android APK	2026-07-31T19:42:55.3293279Z   CARGO_INCREMENTAL: 0
build-android	Build Android APK	2026-07-31T19:42:55.3293525Z   CARGO_TERM_COLOR: always
build-android	Build Android APK	2026-07-31T19:42:55.3293859Z   JAVA_HOME: /opt/hostedtoolcache/Java_Temurin-Hotspot_jdk/17.0.19-10/x64
build-android	Build Android APK	2026-07-31T19:42:55.3294345Z   JAVA_HOME_17_X64: /opt/hostedtoolcache/Java_Temurin-Hotspot_jdk/17.0.19-10/x64
build-android	Build Android APK	2026-07-31T19:42:55.3294751Z   ANDROID_HOME: /usr/local/lib/android/sdk
build-android	Build Android APK	2026-07-31T19:42:55.3295044Z   ANDROID_SDK_ROOT: /usr/local/lib/android/sdk
build-android	Build Android APK	2026-07-31T19:42:55.3295518Z ##[endgroup]
build-android	Build Android APK	2026-07-31T19:42:55.7181856Z         Info Using installed NDK: /usr/local/lib/android/sdk/ndk/29.0.14206865
build-android	Build Android APK	2026-07-31T19:42:55.7363494Z         Info Looking up installed tauri packages to check mismatched versions...
build-android	Build Android APK	2026-07-31T19:42:56.5102517Z [1m[92m    Updating[0m crates.io index
build-android	Build Android APK	2026-07-31T19:42:57.5812363Z [1m[92m     Locking[0m 425 packages to latest compatible versions
build-android	Build Android APK	2026-07-31T19:42:57.5905759Z [1m[92m      Adding[0m generic-array v0.14.7 [1m[33m(available: v0.14.9)[0m
build-android	Build Android APK	2026-07-31T19:42:57.6424048Z [1m[92m      Adding[0m toml v0.8.2 [1m[33m(available: v0.8.23)[0m
build-android	Build Android APK	2026-07-31T19:42:57.6430155Z [1m[92m      Adding[0m toml_datetime v0.6.3 [1m[33m(available: v0.6.11)[0m
build-android	Build Android APK	2026-07-31T19:42:57.6440425Z [1m[92m      Adding[0m toml_edit v0.20.2 [1m[33m(available: v0.20.7)[0m
build-android	Build Android APK	2026-07-31T19:42:57.6846667Z [1m[92m Downloading[0m crates ...
build-android	Build Android APK	2026-07-31T19:42:57.8163864Z [1m[92m  Downloaded[0m icu_properties v2.2.0
build-android	Build Android APK	2026-07-31T19:42:57.8317490Z [1m[92m  Downloaded[0m icu_provider v2.2.0
build-android	Build Android APK	2026-07-31T19:42:57.8349351Z [1m[92m  Downloaded[0m adler2 v2.0.1
build-android	Build Android APK	2026-07-31T19:42:57.8363544Z [1m[92m  Downloaded[0m ident_case v1.0.1
build-android	Build Android APK	2026-07-31T19:42:57.8373174Z [1m[92m  Downloaded[0m jni-sys-macros v0.4.1
build-android	Build Android APK	2026-07-31T19:42:57.8380757Z [1m[92m  Downloaded[0m idna_adapter v1.2.2
build-android	Build Android APK	2026-07-31T19:42:57.8391300Z [1m[92m  Downloaded[0m libappindicator-sys v0.9.0
build-android	Build Android APK	2026-07-31T19:42:57.8409441Z [1m[92m  Downloaded[0m alloc-no-stdlib v2.0.4
build-android	Build Android APK	2026-07-31T19:42:57.8432991Z [1m[92m  Downloaded[0m android_log-sys v0.3.2
build-android	Build Android APK	2026-07-31T19:42:57.8550897Z [1m[92m  Downloaded[0m itoa v1.0.18
build-android	Build Android APK	2026-07-31T19:42:57.8589385Z [1m[92m  Downloaded[0m alloc-stdlib v0.2.4
build-android	Build Android APK	2026-07-31T19:42:57.8624432Z [1m[92m  Downloaded[0m jni-sys v0.4.1
build-android	Build Android APK	2026-07-31T19:42:57.8657702Z [1m[92m  Downloaded[0m potential_utf v0.1.5
build-android	Build Android APK	2026-07-31T19:42:57.8706866Z [1m[92m  Downloaded[0m jni-sys v0.3.1
build-android	Build Android APK	2026-07-31T19:42:57.8720441Z [1m[92m  Downloaded[0m javascriptcore-rs-sys v1.1.1
build-android	Build Android APK	2026-07-31T19:42:57.8739171Z [1m[92m  Downloaded[0m markup5ever v0.38.0
build-android	Build Android APK	2026-07-31T19:42:57.8753774Z [1m[92m  Downloaded[0m new_debug_unreachable v1.0.6
build-android	Build Android APK	2026-07-31T19:42:57.8766204Z [1m[92m  Downloaded[0m ref-cast v1.0.26
build-android	Build Android APK	2026-07-31T19:42:57.8802573Z [1m[92m  Downloaded[0m cargo-platform v0.1.9
build-android	Build Android APK	2026-07-31T19:42:57.8818215Z [1m[92m  Downloaded[0m ref-cast-impl v1.0.26
build-android	Build Android APK	2026-07-31T19:42:57.8829096Z [1m[92m  Downloaded[0m scopeguard v1.2.0
build-android	Build Android APK	2026-07-31T19:42:57.8843686Z [1m[92m  Downloaded[0m infer v0.19.0
build-android	Build Android APK	2026-07-31T19:42:57.8869310Z [1m[92m  Downloaded[0m javascriptcore-rs v1.1.2
build-android	Build Android APK	2026-07-31T19:42:57.8899645Z [1m[92m  Downloaded[0m cesu8 v1.1.0
build-android	Build Android APK	2026-07-31T19:42:57.8909935Z [1m[92m  Downloaded[0m proc-macro-crate v1.3.1
build-android	Build Android APK	2026-07-31T19:42:57.8923151Z [1m[92m  Downloaded[0m mime v0.3.17
build-android	Build Android APK	2026-07-31T19:42:57.8939061Z [1m[92m  Downloaded[0m cairo-sys-rs v0.18.2
build-android	Build Android APK	2026-07-31T19:42:57.8951466Z [1m[92m  Downloaded[0m num-conv v0.2.2
build-android	Build Android APK	2026-07-31T19:42:57.8962141Z [1m[92m  Downloaded[0m percent-encoding v2.3.2
build-android	Build Android APK	2026-07-31T19:42:57.8973900Z [1m[92m  Downloaded[0m serde_repr v0.1.21
build-android	Build Android APK	2026-07-31T19:42:57.9000193Z [1m[92m  Downloaded[0m serde_spanned v0.6.9
build-android	Build Android APK	2026-07-31T19:42:57.9014053Z [1m[92m  Downloaded[0m proc-macro-error-attr v1.0.4
build-android	Build Android APK	2026-07-31T19:42:57.9025599Z [1m[92m  Downloaded[0m memoffset v0.9.1
build-android	Build Android APK	2026-07-31T19:42:57.9040943Z [1m[92m  Downloaded[0m same-file v1.0.6
build-android	Build Android APK	2026-07-31T19:42:57.9056887Z [1m[92m  Downloaded[0m num_threads v0.1.7
build-android	Build Android APK	2026-07-31T19:42:57.9068949Z [1m[92m  Downloaded[0m powerfmt v0.2.0
build-android	Build Android APK	2026-07-31T19:42:57.9082868Z [1m[92m  Downloaded[0m precomputed-hash v0.1.1
build-android	Build Android APK	2026-07-31T19:42:57.9091015Z [1m[92m  Downloaded[0m rustc-hash v2.1.3
build-android	Build Android APK	2026-07-31T19:42:57.9107931Z [1m[92m  Downloaded[0m dtoa-short v0.3.5
build-android	Build Android APK	2026-07-31T19:42:57.9117040Z [1m[92m  Downloaded[0m option-ext v0.2.0
build-android	Build Android APK	2026-07-31T19:42:57.9127942Z [1m[92m  Downloaded[0m proc-macro-crate v3.5.0
build-android	Build Android APK	2026-07-31T19:42:57.9144640Z [1m[92m  Downloaded[0m rustc_version v0.4.1
build-android	Build Android APK	2026-07-31T19:42:57.9163164Z [1m[92m  Downloaded[0m version-compare v0.2.1
build-android	Build Android APK	2026-07-31T19:42:57.9180465Z [1m[92m  Downloaded[0m zerofrom v0.1.8
build-android	Build Android APK	2026-07-31T19:42:57.9193171Z [1m[92m  Downloaded[0m serde_with_macros v3.21.0
build-android	Build Android APK	2026-07-31T19:42:57.9216495Z [1m[92m  Downloaded[0m libloading v0.7.4
build-android	Build Android APK	2026-07-31T19:42:57.9244614Z [1m[92m  Downloaded[0m lock_api v0.4.14
build-android	Build Android APK	2026-07-31T19:42:57.9260705Z [1m[92m  Downloaded[0m pango-sys v0.18.0
build-android	Build Android APK	2026-07-31T19:42:57.9280765Z [1m[92m  Downloaded[0m phf v0.13.1
build-android	Build Android APK	2026-07-31T19:42:57.9297424Z [1m[92m  Downloaded[0m phf_codegen v0.13.1
build-android	Build Android APK	2026-07-31T19:42:57.9308446Z [1m[92m  Downloaded[0m phf_shared v0.13.1
build-android	Build Android APK	2026-07-31T19:42:57.9321117Z [1m[92m  Downloaded[0m proc-macro-error v1.0.4
build-android	Build Android APK	2026-07-31T19:42:57.9366795Z [1m[92m  Downloaded[0m serde_derive_internals v0.29.1
build-android	Build Android APK	2026-07-31T19:42:57.9384487Z [1m[92m  Downloaded[0m block-buffer v0.10.4
build-android	Build Android APK	2026-07-31T19:42:57.9397907Z [1m[92m  Downloaded[0m env_filter v0.1.4
build-android	Build Android APK	2026-07-31T19:42:57.9419193Z [1m[92m  Downloaded[0m gdkx11 v0.18.2
build-android	Build Android APK	2026-07-31T19:42:57.9468777Z [1m[92m  Downloaded[0m json-patch v3.0.1
build-android	Build Android APK	2026-07-31T19:42:57.9529296Z [1m[92m  Downloaded[0m litemap v0.8.2
build-android	Build Android APK	2026-07-31T19:42:57.9573851Z [1m[92m  Downloaded[0m phf_macros v0.13.1
build-android	Build Android APK	2026-07-31T19:42:57.9597893Z [1m[92m  Downloaded[0m pin-project-lite v0.2.17
build-android	Build Android APK	2026-07-31T19:42:57.9695653Z [1m[92m  Downloaded[0m pkg-config v0.3.33
build-android	Build Android APK	2026-07-31T19:42:57.9715036Z [1m[92m  Downloaded[0m quote v1.0.47
build-android	Build Android APK	2026-07-31T19:42:57.9747598Z [1m[92m  Downloaded[0m raw-window-handle v0.6.2
build-android	Build Android APK	2026-07-31T19:42:57.9769325Z [1m[92m  Downloaded[0m rustversion v1.0.23
build-android	Build Android APK	2026-07-31T19:42:57.9803907Z [1m[92m  Downloaded[0m serde_spanned v1.1.1
build-android	Build Android APK	2026-07-31T19:42:57.9818314Z [1m[92m  Downloaded[0m yoke-derive v0.8.2
build-android	Build Android APK	2026-07-31T19:42:57.9833861Z [1m[92m  Downloaded[0m ctor v0.8.0
build-android	Build Android APK	2026-07-31T19:42:57.9849113Z [1m[92m  Downloaded[0m dirs-sys v0.5.0
build-android	Build Android APK	2026-07-31T19:42:57.9861319Z [1m[92m  Downloaded[0m field-offset v0.3.6
build-android	Build Android APK	2026-07-31T19:42:57.9873299Z [1m[92m  Downloaded[0m num_enum v0.7.6
build-android	Build Android APK	2026-07-31T19:42:57.9938415Z [1m[92m  Downloaded[0m ipnet v2.12.0
build-android	Build Android APK	2026-07-31T19:42:57.9956584Z [1m[92m  Downloaded[0m jsonptr v0.6.3
build-android	Build Android APK	2026-07-31T19:42:57.9984291Z [1m[92m  Downloaded[0m num_enum_derive v0.7.6
build-android	Build Android APK	2026-07-31T19:42:57.9997662Z [1m[92m  Downloaded[0m phf_generator v0.13.1
build-android	Build Android APK	2026-07-31T19:42:58.0009630Z [1m[92m  Downloaded[0m proc-macro-crate v2.0.2
build-android	Build Android APK	2026-07-31T19:42:58.0022952Z [1m[92m  Downloaded[0m heck v0.4.1
build-android	Build Android APK	2026-07-31T19:42:58.0036939Z [1m[92m  Downloaded[0m schemars_derive v0.8.22
build-android	Build Android APK	2026-07-31T19:42:58.0053328Z [1m[92m  Downloaded[0m web_atoms v0.2.5
build-android	Build Android APK	2026-07-31T19:42:58.0065473Z [1m[92m  Downloaded[0m keyboard-types v0.7.0
build-android	Build Android APK	2026-07-31T19:42:58.0083888Z [1m[92m  Downloaded[0m once_cell v1.21.4
build-android	Build Android APK	2026-07-31T19:42:58.0111820Z [1m[92m  Downloaded[0m parking_lot_core v0.9.12
build-android	Build Android APK	2026-07-31T19:42:58.0134658Z [1m[92m  Downloaded[0m parking_lot v0.12.5
build-android	Build Android APK	2026-07-31T19:42:58.0161855Z [1m[92m  Downloaded[0m serde-untagged v0.1.9
build-android	Build Android APK	2026-07-31T19:42:58.0179464Z [1m[92m  Downloaded[0m android_logger v0.15.1
build-android	Build Android APK	2026-07-31T19:42:58.0198777Z [1m[92m  Downloaded[0m cargo_metadata v0.19.2
build-android	Build Android APK	2026-07-31T19:42:58.0218042Z [1m[92m  Downloaded[0m bitflags v1.3.2
build-android	Build Android APK	2026-07-31T19:42:58.0253757Z [1m[92m  Downloaded[0m futures-sink v0.3.33
build-android	Build Android APK	2026-07-31T19:42:58.0262647Z [1m[92m  Downloaded[0m futures-task v0.3.33
build-android	Build Android APK	2026-07-31T19:42:58.0275051Z [1m[92m  Downloaded[0m gdkx11-sys v0.18.2
build-android	Build Android APK	2026-07-31T19:42:58.0285001Z [1m[92m  Downloaded[0m bit-set v0.8.0
build-android	Build Android APK	2026-07-31T19:42:58.0298924Z [1m[92m  Downloaded[0m dirs v6.0.0
build-android	Build Android APK	2026-07-31T19:42:58.0312618Z [1m[92m  Downloaded[0m gdk-pixbuf-sys v0.18.0
build-android	Build Android APK	2026-07-31T19:42:58.0325615Z [1m[92m  Downloaded[0m proc-macro2 v1.0.107
build-android	Build Android APK	2026-07-31T19:42:58.0357724Z [1m[92m  Downloaded[0m semver v1.0.28
build-android	Build Android APK	2026-07-31T19:42:58.0383057Z [1m[92m  Downloaded[0m android_system_properties v0.1.5
build-android	Build Android APK	2026-07-31T19:42:58.0393419Z [1m[92m  Downloaded[0m ctor-proc-macro v0.0.7
build-android	Build Android APK	2026-07-31T19:42:58.0401636Z [1m[92m  Downloaded[0m dtor v0.3.0
build-android	Build Android APK	2026-07-31T19:42:58.0412625Z [1m[92m  Downloaded[0m dtor-proc-macro v0.0.6
build-android	Build Android APK	2026-07-31T19:42:58.0420702Z [1m[92m  Downloaded[0m form_urlencoded v1.2.2
build-android	Build Android APK	2026-07-31T19:42:58.0428904Z [1m[92m  Downloaded[0m indexmap v1.9.3
build-android	Build Android APK	2026-07-31T19:42:58.0508546Z [1m[92m  Downloaded[0m log v0.4.33
build-android	Build Android APK	2026-07-31T19:42:58.0535533Z [1m[92m  Downloaded[0m num-traits v0.2.19
build-android	Build Android APK	2026-07-31T19:42:58.0563821Z [1m[92m  Downloaded[0m pango v0.18.3
build-android	Build Android APK	2026-07-31T19:42:58.0614238Z [1m[92m  Downloaded[0m selectors v0.36.1
build-android	Build Android APK	2026-07-31T19:42:58.0639887Z [1m[92m  Downloaded[0m serde_derive v1.0.229
build-android	Build Android APK	2026-07-31T19:42:58.0673077Z [1m[92m  Downloaded[0m x11 v2.21.0
build-android	Build Android APK	2026-07-31T19:42:58.0707940Z [1m[92m  Downloaded[0m cfg-if v1.0.4
build-android	Build Android APK	2026-07-31T19:42:58.0721694Z [1m[92m  Downloaded[0m crypto-common v0.1.7
build-android	Build Android APK	2026-07-31T19:42:58.0731281Z [1m[92m  Downloaded[0m cssparser-macros v0.6.1
build-android	Build Android APK	2026-07-31T19:42:58.0738088Z [1m[92m  Downloaded[0m darling_macro v0.23.0
build-android	Build Android APK	2026-07-31T19:42:58.0744809Z [1m[92m  Downloaded[0m dlopen2_derive v0.4.3
build-android	Build Android APK	2026-07-31T19:42:58.0754866Z [1m[92m  Downloaded[0m dunce v1.0.5
build-android	Build Android APK	2026-07-31T19:42:58.0764060Z [1m[92m  Downloaded[0m equivalent v1.0.2
build-android	Build Android APK	2026-07-31T19:42:58.0775411Z [1m[92m  Downloaded[0m fnv v1.0.7
build-android	Build Android APK	2026-07-31T19:42:58.0784374Z [1m[92m  Downloaded[0m gdkwayland-sys v0.18.2
build-android	Build Android APK	2026-07-31T19:42:58.0791183Z [1m[92m  Downloaded[0m generic-array v0.14.7
build-android	Build Android APK	2026-07-31T19:42:58.0805861Z [1m[92m  Downloaded[0m libappindicator v0.9.0
build-android	Build Android APK	2026-07-31T19:42:58.0831189Z [1m[92m  Downloaded[0m memchr v2.8.3
build-android	Build Android APK	2026-07-31T19:42:58.0892483Z [1m[92m  Downloaded[0m miniz_oxide v0.8.9
build-android	Build Android APK	2026-07-31T19:42:58.0919473Z [1m[92m  Downloaded[0m muda v0.19.3
build-android	Build Android APK	2026-07-31T19:42:58.0962890Z [1m[92m  Downloaded[0m ndk v0.9.0
build-android	Build Android APK	2026-07-31T19:42:58.0996077Z [1m[92m  Downloaded[0m plist v1.10.0
build-android	Build Android APK	2026-07-31T19:42:58.1041100Z [1m[92m  Downloaded[0m schemars v0.8.22
build-android	Build Android APK	2026-07-31T19:42:58.1184299Z [1m[92m  Downloaded[0m schemars v0.9.0
build-android	Build Android APK	2026-07-31T19:42:58.1343476Z [1m[92m  Downloaded[0m serde v1.0.229
build-android	Build Android APK	2026-07-31T19:42:58.1382847Z [1m[92m  Downloaded[0m serde_core v1.0.229
build-android	Build Android APK	2026-07-31T19:42:58.1412888Z [1m[92m  Downloaded[0m serialize-to-javascript v0.1.2
build-android	Build Android APK	2026-07-31T19:42:58.1424144Z [1m[92m  Downloaded[0m shlex v2.0.1
build-android	Build Android APK	2026-07-31T19:42:58.1437869Z [1m[92m  Downloaded[0m strsim v0.11.1
build-android	Build Android APK	2026-07-31T19:42:58.1451422Z [1m[92m  Downloaded[0m url v2.5.8
build-android	Build Android APK	2026-07-31T19:42:58.1480643Z [1m[92m  Downloaded[0m indexmap v2.14.0
build-android	Build Android APK	2026-07-31T19:42:58.1527895Z [1m[92m  Downloaded[0m mio v1.2.2
build-android	Build Android APK	2026-07-31T19:42:58.1595836Z [1m[92m  Downloaded[0m schemars v1.2.2
build-android	Build Android APK	2026-07-31T19:42:58.1788937Z [1m[92m  Downloaded[0m icu_properties_data v2.2.0
build-android	Build Android APK	2026-07-31T19:42:58.1906961Z [1m[92m  Downloaded[0m jni v0.21.1
build-android	Build Android APK	2026-07-31T19:42:58.1982420Z [1m[92m  Downloaded[0m png v0.17.16
build-android	Build Android APK	2026-07-31T19:42:58.2024507Z [1m[92m  Downloaded[0m png v0.18.1
build-android	Build Android APK	2026-07-31T19:42:58.2069931Z [1m[92m  Downloaded[0m smallvec v1.15.2
build-android	Build Android APK	2026-07-31T19:42:58.2085931Z [1m[92m  Downloaded[0m soup3-sys v0.5.0
build-android	Build Android APK	2026-07-31T19:42:58.2100667Z [1m[92m  Downloaded[0m target-lexicon v0.12.16
build-android	Build Android APK	2026-07-31T19:42:58.2123155Z [1m[92m  Downloaded[0m icu_collections v2.2.0
build-android	Build Android APK	2026-07-31T19:42:58.2192046Z [1m[92m  Downloaded[0m idna v1.1.0
build-android	Build Android APK	2026-07-31T19:42:58.2230987Z [1m[92m  Downloaded[0m regex v1.13.1
build-android	Build Android APK	2026-07-31T19:42:58.2290476Z [1m[92m  Downloaded[0m serde_json v1.0.151
build-android	Build Android APK	2026-07-31T19:42:58.2372444Z [1m[92m  Downloaded[0m tauri-runtime-wry v2.11.4
build-android	Build Android APK	2026-07-31T19:42:58.2400868Z [1m[92m  Downloaded[0m thiserror-impl v1.0.69
build-android	Build Android APK	2026-07-31T19:42:58.2415134Z [1m[92m  Downloaded[0m atomic-waker v1.1.2
build-android	Build Android APK	2026-07-31T19:42:58.2428243Z [1m[92m  Downloaded[0m cpufeatures v0.2.17
build-android	Build Android APK	2026-07-31T19:42:58.2442623Z [1m[92m  Downloaded[0m dyn-clone v1.0.20
build-android	Build Android APK	2026-07-31T19:42:58.2460336Z [1m[92m  Downloaded[0m futures-macro v0.3.33
build-android	Build Android APK	2026-07-31T19:42:58.2471601Z [1m[92m  Downloaded[0m reqwest v0.13.4
build-android	Build Android APK	2026-07-31T19:42:58.2532718Z [1m[92m  Downloaded[0m futures-core v0.3.33
build-android	Build Android APK	2026-07-31T19:42:58.2547360Z [1m[92m  Downloaded[0m toml_writer v1.1.2+spec-1.1.0
build-android	Build Android APK	2026-07-31T19:42:58.2562903Z [1m[92m  Downloaded[0m unic-ucd-ident v0.9.0
build-android	Build Android APK	2026-07-31T19:42:58.2581724Z [1m[92m  Downloaded[0m urlpattern v0.3.0
build-android	Build Android APK	2026-07-31T19:42:58.2602883Z [1m[92m  Downloaded[0m bit-vec v0.8.0
build-android	Build Android APK	2026-07-31T19:42:58.2620291Z [1m[92m  Downloaded[0m deranged v0.5.8
build-android	Build Android APK	2026-07-31T19:42:58.2635626Z [1m[92m  Downloaded[0m digest v0.10.7
build-android	Build Android APK	2026-07-31T19:42:58.2655894Z [1m[92m  Downloaded[0m dpi v0.1.2
build-android	Build Android APK	2026-07-31T19:42:58.2667044Z [1m[92m  Downloaded[0m embed-resource v3.0.11
build-android	Build Android APK	2026-07-31T19:42:58.2685887Z [1m[92m  Downloaded[0m utf8_iter v1.0.4
build-android	Build Android APK	2026-07-31T19:42:58.2697095Z [1m[92m  Downloaded[0m fastrand v2.5.0
build-android	Build Android APK	2026-07-31T19:42:58.2711973Z [1m[92m  Downloaded[0m atk-sys v0.18.2
build-android	Build Android APK	2026-07-31T19:42:58.2727415Z [1m[92m  Downloaded[0m byteorder v1.5.0
build-android	Build Android APK	2026-07-31T19:42:58.2744546Z [1m[92m  Downloaded[0m displaydoc v0.2.7
build-android	Build Android APK	2026-07-31T19:42:58.2767137Z [1m[92m  Downloaded[0m erased-serde v0.4.10
build-android	Build Android APK	2026-07-31T19:42:58.2793845Z [1m[92m  Downloaded[0m webkit2gtk-sys v2.0.2
build-android	Build Android APK	2026-07-31T19:42:58.2809397Z [1m[92m  Downloaded[0m winnow v0.7.15
build-android	Build Android APK	2026-07-31T19:42:58.2951142Z [1m[92m  Downloaded[0m futures-executor v0.3.33
build-android	Build Android APK	2026-07-31T19:42:58.2966687Z [1m[92m  Downloaded[0m futures-io v0.3.33
build-android	Build Android APK	2026-07-31T19:42:58.2975818Z [1m[92m  Downloaded[0m http-body-util v0.1.4
build-android	Build Android APK	2026-07-31T19:42:58.2997459Z [1m[92m  Downloaded[0m toml_parser v1.1.3+spec-1.1.0
build-android	Build Android APK	2026-07-31T19:42:58.3022309Z [1m[92m  Downloaded[0m tower-layer v0.3.3
build-android	Build Android APK	2026-07-31T19:42:58.3032679Z [1m[92m  Downloaded[0m anyhow v1.0.104
build-android	Build Android APK	2026-07-31T19:42:58.3076941Z [1m[92m  Downloaded[0m cookie v0.18.1
build-android	Build Android APK	2026-07-31T19:42:58.3103236Z [1m[92m  Downloaded[0m hex v0.4.3
build-android	Build Android APK	2026-07-31T19:42:58.3120561Z [1m[92m  Downloaded[0m serde_with v3.21.0
build-android	Build Android APK	2026-07-31T19:42:58.3268401Z [1m[92m  Downloaded[0m system-deps v6.2.2
build-android	Build Android APK	2026-07-31T19:42:58.3290806Z [1m[92m  Downloaded[0m autocfg v1.5.1
build-android	Build Android APK	2026-07-31T19:42:58.3310987Z [1m[92m  Downloaded[0m foldhash v0.2.0
build-android	Build Android APK	2026-07-31T19:42:58.3324510Z [1m[92m  Downloaded[0m bitflags v2.13.1
build-android	Build Android APK	2026-07-31T19:42:58.3374304Z [1m[92m  Downloaded[0m bs58 v0.5.1
build-android	Build Android APK	2026-07-31T19:42:58.3398357Z [1m[92m  Downloaded[0m dtoa v1.0.11
build-android	Build Android APK	2026-07-31T19:42:58.3415121Z [1m[92m  Downloaded[0m unic-common v0.9.0
build-android	Build Android APK	2026-07-31T19:42:58.3423422Z [1m[92m  Downloaded[0m hyper v1.11.0
build-android	Build Android APK	2026-07-31T19:42:58.3502016Z [1m[92m  Downloaded[0m toml_datetime v0.6.3
build-android	Build Android APK	2026-07-31T19:42:58.3512040Z [1m[92m  Downloaded[0m atk v0.18.2
build-android	Build Android APK	2026-07-31T19:42:58.3551154Z [1m[92m  Downloaded[0m cargo_toml v0.22.3
build-android	Build Android APK	2026-07-31T19:42:58.3565608Z [1m[92m  Downloaded[0m cfg-expr v0.15.8
build-android	Build Android APK	2026-07-31T19:42:58.3597596Z [1m[92m  Downloaded[0m crc32fast v1.5.0
build-android	Build Android APK	2026-07-31T19:42:58.3617944Z [1m[92m  Downloaded[0m crossbeam-utils v0.8.22
build-android	Build Android APK	2026-07-31T19:42:58.3648188Z [1m[92m  Downloaded[0m dlopen2 v0.8.2
build-android	Build Android APK	2026-07-31T19:42:58.3683829Z [1m[92m  Downloaded[0m fdeflate v0.3.7
build-android	Build Android APK	2026-07-31T19:42:58.3701481Z [1m[92m  Downloaded[0m find-msvc-tools v0.1.9
build-android	Build Android APK	2026-07-31T19:42:58.3718689Z [1m[92m  Downloaded[0m futures-channel v0.3.33
build-android	Build Android APK	2026-07-31T19:42:58.3739469Z [1m[92m  Downloaded[0m gdk-pixbuf v0.18.5
build-android	Build Android APK	2026-07-31T19:42:58.3763726Z [1m[92m  Downloaded[0m html5ever v0.38.0
build-android	Build Android APK	2026-07-31T19:42:58.3803421Z [1m[92m  Downloaded[0m http-body v1.1.0
build-android	Build Android APK	2026-07-31T19:42:58.3814478Z [1m[92m  Downloaded[0m httparse v1.10.1
build-android	Build Android APK	2026-07-31T19:42:58.3841533Z [1m[92m  Downloaded[0m quick-xml v0.41.0
build-android	Build Android APK	2026-07-31T19:42:58.3908294Z [1m[92m  Downloaded[0m serialize-to-javascript-impl v0.1.2
build-android	Build Android APK	2026-07-31T19:42:58.3915975Z [1m[92m  Downloaded[0m simd-adler32 v0.3.10
build-android	Build Android APK	2026-07-31T19:42:58.3936279Z [1m[92m  Downloaded[0m sync_wrapper v1.0.2
build-android	Build Android APK	2026-07-31T19:42:58.3944573Z [1m[92m  Downloaded[0m synstructure v0.13.2
build-android	Build Android APK	2026-07-31T19:42:58.3955763Z [1m[92m  Downloaded[0m thiserror-impl v2.0.19
build-android	Build Android APK	2026-07-31T19:42:58.3971091Z [1m[92m  Downloaded[0m tinyvec_macros v0.1.1
build-android	Build Android APK	2026-07-31T19:42:58.3979947Z [1m[92m  Downloaded[0m tokio-util v0.7.19
build-android	Build Android APK	2026-07-31T19:42:58.4067655Z [1m[92m  Downloaded[0m toml v1.1.4+spec-1.1.0
build-android	Build Android APK	2026-07-31T19:42:58.4112417Z [1m[92m  Downloaded[0m toml_datetime v0.7.5+spec-1.1.0
build-android	Build Android APK	2026-07-31T19:42:58.4125970Z [1m[92m  Downloaded[0m toml_datetime v1.1.1+spec-1.1.0
build-android	Build Android APK	2026-07-31T19:42:58.4138976Z [1m[92m  Downloaded[0m toml_edit v0.19.15
build-android	Build Android APK	2026-07-31T19:42:58.4363440Z [1m[92m  Downloaded[0m toml_edit v0.25.13+spec-1.1.0
build-android	Build Android APK	2026-07-31T19:42:58.4406293Z [1m[92m  Downloaded[0m tower v0.5.3
build-android	Build Android APK	2026-07-31T19:42:58.4519394Z [1m[92m  Downloaded[0m tower-service v0.3.3
build-android	Build Android APK	2026-07-31T19:42:58.4527695Z [1m[92m  Downloaded[0m try-lock v0.2.5
build-android	Build Android APK	2026-07-31T19:42:58.4537498Z [1m[92m  Downloaded[0m webkit2gtk v2.0.2
build-android	Build Android APK	2026-07-31T19:42:58.4605828Z [1m[92m  Downloaded[0m zerofrom-derive v0.1.7
build-android	Build Android APK	2026-07-31T19:42:58.4616834Z [1m[92m  Downloaded[0m cairo-rs v0.18.5
build-android	Build Android APK	2026-07-31T19:42:58.4652548Z [1m[92m  Downloaded[0m camino v1.2.5
build-android	Build Android APK	2026-07-31T19:42:58.4670374Z [1m[92m  Downloaded[0m darling v0.23.0
build-android	Build Android APK	2026-07-31T19:42:58.4730186Z [1m[92m  Downloaded[0m getrandom v0.4.3
build-android	Build Android APK	2026-07-31T19:42:58.4771627Z [1m[92m  Downloaded[0m glib-sys v0.18.1
build-android	Build Android APK	2026-07-31T19:42:58.4794656Z [1m[92m  Downloaded[0m glob v0.3.4
build-android	Build Android APK	2026-07-31T19:42:58.4811481Z [1m[92m  Downloaded[0m gobject-sys v0.18.0
build-android	Build Android APK	2026-07-31T19:42:58.4826810Z [1m[92m  Downloaded[0m tao-macros v0.1.4
build-android	Build Android APK	2026-07-31T19:42:58.4840510Z [1m[92m  Downloaded[0m tauri-utils v2.9.3
build-android	Build Android APK	2026-07-31T19:42:58.4887768Z [1m[92m  Downloaded[0m tray-icon v0.24.2
build-android	Build Android APK	2026-07-31T19:42:58.4914470Z [1m[92m  Downloaded[0m typenum v1.20.1
build-android	Build Android APK	2026-07-31T19:42:58.4955436Z [1m[92m  Downloaded[0m winnow v0.5.40
build-android	Build Android APK	2026-07-31T19:42:58.5051183Z [1m[92m  Downloaded[0m zerotrie v0.2.4
build-android	Build Android APK	2026-07-31T19:42:58.5094672Z [1m[92m  Downloaded[0m zerovec v0.11.6
build-android	Build Android APK	2026-07-31T19:42:58.5160467Z [1m[92m  Downloaded[0m aho-corasick v1.1.4
build-android	Build Android APK	2026-07-31T19:42:58.5218549Z [1m[92m  Downloaded[0m bytes v1.12.1
build-android	Build Android APK	2026-07-31T19:42:58.5257483Z [1m[92m  Downloaded[0m cc v1.4.0
build-android	Build Android APK	2026-07-31T19:42:58.5290130Z [1m[92m  Downloaded[0m cfb v0.7.3
build-android	Build Android APK	2026-07-31T19:42:58.5330764Z [1m[92m  Downloaded[0m crossbeam-channel v0.5.16
build-android	Build Android APK	2026-07-31T19:42:58.5374829Z [1m[92m  Downloaded[0m cssparser v0.36.0
build-android	Build Android APK	2026-07-31T19:42:58.5400920Z [1m[92m  Downloaded[0m darling_core v0.23.0
build-android	Build Android APK	2026-07-31T19:42:58.5462334Z [1m[92m  Downloaded[0m derive_more v2.1.1
build-android	Build Android APK	2026-07-31T19:42:58.5608252Z [1m[92m  Downloaded[0m dom_query v0.27.0
build-android	Build Android APK	2026-07-31T19:42:58.5662264Z [1m[92m  Downloaded[0m flate2 v1.1.9
build-android	Build Android APK	2026-07-31T19:42:58.5716828Z [1m[92m  Downloaded[0m gdk v0.18.2
build-android	Build Android APK	2026-07-31T19:42:58.5782371Z [1m[92m  Downloaded[0m gdk-sys v0.18.2
build-android	Build Android APK	2026-07-31T19:42:58.5805772Z [1m[92m  Downloaded[0m getrandom v0.3.4
build-android	Build Android APK	2026-07-31T19:42:58.5842828Z [1m[92m  Downloaded[0m gio-sys v0.18.1
build-android	Build Android APK	2026-07-31T19:42:58.5871116Z [1m[92m  Downloaded[0m glib-macros v0.18.5
build-android	Build Android APK	2026-07-31T19:42:58.5899566Z [1m[92m  Downloaded[0m ndk-sys v0.6.0+11769913
build-android	Build Android APK	2026-07-31T19:42:58.5975480Z [1m[92m  Downloaded[0m regex-syntax v0.8.11
build-android	Build Android APK	2026-07-31T19:42:58.6051481Z [1m[92m  Downloaded[0m servo_arc v0.4.3
build-android	Build Android APK	2026-07-31T19:42:58.6060961Z [1m[92m  Downloaded[0m socket2 v0.6.5
build-android	Build Android APK	2026-07-31T19:42:58.6081447Z [1m[92m  Downloaded[0m tauri-codegen v2.6.3
build-android	Build Android APK	2026-07-31T19:42:58.6098682Z [1m[92m  Downloaded[0m thiserror v2.0.19
build-android	Build Android APK	2026-07-31T19:42:58.6170891Z [1m[92m  Downloaded[0m time-macros v0.2.32
build-android	Build Android APK	2026-07-31T19:42:58.6197477Z [1m[92m  Downloaded[0m tower-http v0.6.11
build-android	Build Android APK	2026-07-31T19:42:58.6302030Z [1m[92m  Downloaded[0m tracing-core v0.1.36
build-android	Build Android APK	2026-07-31T19:42:58.6331728Z [1m[92m  Downloaded[0m version_check v0.9.5
build-android	Build Android APK	2026-07-31T19:42:58.6345731Z [1m[92m  Downloaded[0m want v0.3.1
build-android	Build Android APK	2026-07-31T19:42:58.6355976Z [1m[92m  Downloaded[0m winnow v1.0.4
build-android	Build Android APK	2026-07-31T19:42:58.6464397Z [1m[92m  Downloaded[0m base64 v0.22.1
build-android	Build Android APK	2026-07-31T19:42:58.6506957Z [1m[92m  Downloaded[0m combine v4.6.7
build-android	Build Android APK	2026-07-31T19:42:58.6567947Z [1m[92m  Downloaded[0m dbus v0.9.12
build-android	Build Android APK	2026-07-31T19:42:58.6614999Z [1m[92m  Downloaded[0m derive_more-impl v2.1.1
build-android	Build Android APK	2026-07-31T19:42:58.6674288Z [1m[92m  Downloaded[0m gtk-sys v0.18.2
build-android	Build Android APK	2026-07-31T19:42:58.6712934Z [1m[92m  Downloaded[0m gtk3-macros v0.18.2
build-android	Build Android APK	2026-07-31T19:42:58.6722728Z [1m[92m  Downloaded[0m http v1.5.0
build-android	Build Android APK	2026-07-31T19:42:58.6763583Z [1m[92m  Downloaded[0m tauri v2.11.5
build-android	Build Android APK	2026-07-31T19:42:58.6932465Z [1m[92m  Downloaded[0m tinystr v0.8.3
build-android	Build Android APK	2026-07-31T19:42:58.6954658Z [1m[92m  Downloaded[0m uuid v1.24.0
build-android	Build Android APK	2026-07-31T19:42:58.6987340Z [1m[92m  Downloaded[0m tauri-plugin-log v2.9.0
build-android	Build Android APK	2026-07-31T19:42:58.7020183Z [1m[92m  Downloaded[0m tauri-winres v0.3.6
build-android	Build Android APK	2026-07-31T19:42:58.7038821Z [1m[92m  Downloaded[0m toml_edit v0.20.2
build-android	Build Android APK	2026-07-31T19:42:58.7271481Z [1m[92m  Downloaded[0m unic-char-range v0.9.0
build-android	Build Android APK	2026-07-31T19:42:58.7286307Z [1m[92m  Downloaded[0m zmij v1.0.23
build-android	Build Android APK	2026-07-31T19:42:58.7306277Z [1m[92m  Downloaded[0m brotli-decompressor v5.0.3
build-android	Build Android APK	2026-07-31T19:42:58.7371285Z [1m[92m  Downloaded[0m futures-util v0.3.33
build-android	Build Android APK	2026-07-31T19:42:58.7519355Z [1m[92m  Downloaded[0m sha2 v0.10.9
build-android	Build Android APK	2026-07-31T19:42:58.7547865Z [1m[92m  Downloaded[0m syn v1.0.109
build-android	Build Android APK	2026-07-31T19:42:58.7662598Z [1m[92m  Downloaded[0m syn v2.0.119
build-android	Build Android APK	2026-07-31T19:42:58.7781481Z [1m[92m  Downloaded[0m syn v3.0.3
build-android	Build Android APK	2026-07-31T19:42:58.7900578Z [1m[92m  Downloaded[0m tao v0.35.3
build-android	Build Android APK	2026-07-31T19:42:58.8023833Z [1m[92m  Downloaded[0m tendril v0.5.1
build-android	Build Android APK	2026-07-31T19:42:58.8044458Z [1m[92m  Downloaded[0m tracing v0.1.44
build-android	Build Android APK	2026-07-31T19:42:58.8233523Z [1m[92m  Downloaded[0m walkdir v2.5.0
build-android	Build Android APK	2026-07-31T19:42:58.8253012Z [1m[92m  Downloaded[0m chrono v0.4.45
build-android	Build Android APK	2026-07-31T19:42:58.8328417Z [1m[92m  Downloaded[0m gio v0.18.4
build-android	Build Android APK	2026-07-31T19:42:58.8512496Z [1m[92m  Downloaded[0m regex-automata v0.4.16
build-android	Build Android APK	2026-07-31T19:42:58.8672853Z [1m[92m  Downloaded[0m string_cache v0.9.0
build-android	Build Android APK	2026-07-31T19:42:58.8689320Z [1m[92m  Downloaded[0m tauri-build v2.6.3
build-android	Build Android APK	2026-07-31T19:42:58.8707827Z [1m[92m  Downloaded[0m typeid v1.0.3
build-android	Build Android APK	2026-07-31T19:42:58.8721570Z [1m[92m  Downloaded[0m fern v0.7.1
build-android	Build Android APK	2026-07-31T19:42:58.8768397Z [1m[92m  Downloaded[0m hashbrown v0.12.3
build-android	Build Android APK	2026-07-31T19:42:58.8809951Z [1m[92m  Downloaded[0m libdbus-sys v0.2.7
build-android	Build Android APK	2026-07-31T19:42:58.9156445Z [1m[92m  Downloaded[0m tauri-plugin v2.6.3
build-android	Build Android APK	2026-07-31T19:42:58.9168141Z [1m[92m  Downloaded[0m writeable v0.6.3
build-android	Build Android APK	2026-07-31T19:42:58.9190000Z [1m[92m  Downloaded[0m zerovec-derive v0.11.3
build-android	Build Android APK	2026-07-31T19:42:58.9206309Z [1m[92m  Downloaded[0m glib v0.18.5
build-android	Build Android APK	2026-07-31T19:42:58.9324630Z [1m[92m  Downloaded[0m heck v0.5.0
build-android	Build Android APK	2026-07-31T19:42:58.9338333Z [1m[92m  Downloaded[0m libc v0.2.189
build-android	Build Android APK	2026-07-31T19:42:58.9830270Z [1m[92m  Downloaded[0m thiserror v1.0.69
build-android	Build Android APK	2026-07-31T19:42:58.9892505Z [1m[92m  Downloaded[0m x11-dl v2.21.0
build-android	Build Android APK	2026-07-31T19:42:58.9927500Z [1m[92m  Downloaded[0m hashbrown v0.17.1
build-android	Build Android APK	2026-07-31T19:42:58.9987519Z [1m[92m  Downloaded[0m iana-time-zone v0.1.65
build-android	Build Android APK	2026-07-31T19:42:59.0018908Z [1m[92m  Downloaded[0m siphasher v1.0.3
build-android	Build Android APK	2026-07-31T19:42:59.0034023Z [1m[92m  Downloaded[0m icu_locale_core v2.2.0
build-android	Build Android APK	2026-07-31T19:42:59.0112057Z [1m[92m  Downloaded[0m icu_normalizer v2.2.0
build-android	Build Android APK	2026-07-31T19:42:59.0153043Z [1m[92m  Downloaded[0m icu_normalizer_data v2.2.0
build-android	Build Android APK	2026-07-31T19:42:59.0176757Z [1m[92m  Downloaded[0m time-core v0.1.9
build-android	Build Android APK	2026-07-31T19:42:59.0188524Z [1m[92m  Downloaded[0m tokio v1.53.1
build-android	Build Android APK	2026-07-31T19:42:59.0691030Z [1m[92m  Downloaded[0m unic-char-property v0.9.0
build-android	Build Android APK	2026-07-31T19:42:59.0704257Z [1m[92m  Downloaded[0m unicode-ident v1.0.24
build-android	Build Android APK	2026-07-31T19:42:59.0735802Z [1m[92m  Downloaded[0m gtk v0.18.2
build-android	Build Android APK	2026-07-31T19:42:59.1016287Z [1m[92m  Downloaded[0m ico v0.5.0
build-android	Build Android APK	2026-07-31T19:42:59.1048692Z [1m[92m  Downloaded[0m soup3 v0.5.0
build-android	Build Android APK	2026-07-31T19:42:59.1095417Z [1m[92m  Downloaded[0m tauri-runtime v2.11.3
build-android	Build Android APK	2026-07-31T19:42:59.1113405Z [1m[92m  Downloaded[0m tinyvec v1.12.0
build-android	Build Android APK	2026-07-31T19:42:59.1142538Z [1m[92m  Downloaded[0m unic-ucd-version v0.9.0
build-android	Build Android APK	2026-07-31T19:42:59.1153040Z [1m[92m  Downloaded[0m unicode-segmentation v1.13.3
build-android	Build Android APK	2026-07-31T19:42:59.1185876Z [1m[92m  Downloaded[0m yoke v0.8.3
build-android	Build Android APK	2026-07-31T19:42:59.1206020Z [1m[92m  Downloaded[0m hyper-util v0.1.20
build-android	Build Android APK	2026-07-31T19:42:59.1274677Z [1m[92m  Downloaded[0m wry v0.55.1
build-android	Build Android APK	2026-07-31T19:42:59.1361617Z [1m[92m  Downloaded[0m brotli v8.0.4
build-android	Build Android APK	2026-07-31T19:42:59.1528081Z [1m[92m  Downloaded[0m stable_deref_trait v1.2.1
build-android	Build Android APK	2026-07-31T19:42:59.1537591Z [1m[92m  Downloaded[0m slab v0.4.12
build-android	Build Android APK	2026-07-31T19:42:59.1551808Z [1m[92m  Downloaded[0m toml v0.9.12+spec-1.1.0
build-android	Build Android APK	2026-07-31T19:42:59.1597101Z [1m[92m  Downloaded[0m toml v0.8.2
build-android	Build Android APK	2026-07-31T19:42:59.1631461Z [1m[92m  Downloaded[0m tauri-macros v2.6.3
build-android	Build Android APK	2026-07-31T19:42:59.1648929Z [1m[92m  Downloaded[0m string_cache_codegen v0.6.1
build-android	Build Android APK	2026-07-31T19:42:59.1656290Z [1m[92m  Downloaded[0m time v0.3.54
build-android	Build Android APK	2026-07-31T19:42:59.4174689Z [1m[92m   Compiling[0m proc-macro2 v1.0.107
build-android	Build Android APK	2026-07-31T19:42:59.4176236Z [1m[92m   Compiling[0m unicode-ident v1.0.24
build-android	Build Android APK	2026-07-31T19:42:59.4178158Z [1m[92m   Compiling[0m quote v1.0.47
build-android	Build Android APK	2026-07-31T19:42:59.4179133Z [1m[92m   Compiling[0m libc v0.2.189
build-android	Build Android APK	2026-07-31T19:43:02.4746628Z [1m[92m   Compiling[0m serde_core v1.0.229
build-android	Build Android APK	2026-07-31T19:43:04.1027139Z [1m[92m   Compiling[0m siphasher v1.0.3
build-android	Build Android APK	2026-07-31T19:43:04.1227199Z [1m[92m   Compiling[0m fastrand v2.5.0
build-android	Build Android APK	2026-07-31T19:43:04.2678811Z [1m[92m   Compiling[0m phf_shared v0.13.1
build-android	Build Android APK	2026-07-31T19:43:04.4607260Z [1m[92m   Compiling[0m phf_generator v0.13.1
build-android	Build Android APK	2026-07-31T19:43:04.6168601Z [1m[92m   Compiling[0m icu_normalizer_data v2.2.0
build-android	Build Android APK	2026-07-31T19:43:04.7343990Z [1m[92m   Compiling[0m icu_properties_data v2.2.0
build-android	Build Android APK	2026-07-31T19:43:05.4760724Z [1m[92m   Compiling[0m syn v2.0.119
build-android	Build Android APK	2026-07-31T19:43:06.0342177Z [1m[92m   Compiling[0m syn v3.0.3
build-android	Build Android APK	2026-07-31T19:43:07.0610837Z [1m[92m   Compiling[0m phf_codegen v0.13.1
build-android	Build Android APK	2026-07-31T19:43:07.1337506Z [1m[92m   Compiling[0m parking_lot_core v0.9.12
build-android	Build Android APK	2026-07-31T19:43:07.2447345Z [1m[92m   Compiling[0m stable_deref_trait v1.2.1
build-android	Build Android APK	2026-07-31T19:43:07.2526889Z [1m[92m   Compiling[0m zmij v1.0.23
build-android	Build Android APK	2026-07-31T19:43:07.2925155Z [1m[92m   Compiling[0m cfg-if v1.0.4
build-android	Build Android APK	2026-07-31T19:43:07.3279262Z [1m[92m   Compiling[0m serde v1.0.229
build-android	Build Android APK	2026-07-31T19:43:07.4378352Z [1m[92m   Compiling[0m smallvec v1.15.2
build-android	Build Android APK	2026-07-31T19:43:07.5947292Z [1m[92m   Compiling[0m winnow v1.0.4
build-android	Build Android APK	2026-07-31T19:43:07.9225823Z [1m[92m   Compiling[0m serde_derive v1.0.229
build-android	Build Android APK	2026-07-31T19:43:08.4122520Z [1m[92m   Compiling[0m synstructure v0.13.2
build-android	Build Android APK	2026-07-31T19:43:08.7807035Z [1m[92m   Compiling[0m displaydoc v0.2.7
build-android	Build Android APK	2026-07-31T19:43:08.9454600Z [1m[92m   Compiling[0m toml_parser v1.1.3+spec-1.1.0
build-android	Build Android APK	2026-07-31T19:43:09.3747685Z [1m[92m   Compiling[0m string_cache_codegen v0.6.1
build-android	Build Android APK	2026-07-31T19:43:09.5497287Z [1m[92m   Compiling[0m memchr v2.8.3
build-android	Build Android APK	2026-07-31T19:43:09.7267072Z [1m[92m   Compiling[0m thiserror v1.0.69
build-android	Build Android APK	2026-07-31T19:43:09.9357088Z [1m[92m   Compiling[0m web_atoms v0.2.5
build-android	Build Android APK	2026-07-31T19:43:10.0137336Z [1m[92m   Compiling[0m zerofrom-derive v0.1.7
build-android	Build Android APK	2026-07-31T19:43:10.1926757Z [1m[92m   Compiling[0m yoke-derive v0.8.2
build-android	Build Android APK	2026-07-31T19:43:10.3107459Z [1m[92m   Compiling[0m zerovec-derive v0.11.3
build-android	Build Android APK	2026-07-31T19:43:10.7207364Z [1m[92m   Compiling[0m phf_macros v0.13.1
build-android	Build Android APK	2026-07-31T19:43:11.0724762Z [1m[92m   Compiling[0m zerofrom v0.1.8
build-android	Build Android APK	2026-07-31T19:43:11.1549435Z [1m[92m   Compiling[0m yoke v0.8.3
build-android	Build Android APK	2026-07-31T19:43:11.3247374Z [1m[92m   Compiling[0m zerovec v0.11.6
build-android	Build Android APK	2026-07-31T19:43:11.4526318Z [1m[92m   Compiling[0m thiserror-impl v1.0.69
build-android	Build Android APK	2026-07-31T19:43:11.5234436Z [1m[92m   Compiling[0m toml_datetime v1.1.1+spec-1.1.0
build-android	Build Android APK	2026-07-31T19:43:11.7487009Z [1m[92m   Compiling[0m typeid v1.0.3
build-android	Build Android APK	2026-07-31T19:43:11.8778526Z [1m[92m   Compiling[0m time-core v0.1.9
build-android	Build Android APK	2026-07-31T19:43:11.8816964Z [1m[92m   Compiling[0m num-conv v0.2.2
build-android	Build Android APK	2026-07-31T19:43:11.9853552Z [1m[92m   Compiling[0m hashbrown v0.17.1
build-android	Build Android APK	2026-07-31T19:43:12.0640474Z [1m[92m   Compiling[0m equivalent v1.0.2
build-android	Build Android APK	2026-07-31T19:43:12.1042569Z [1m[92m   Compiling[0m version_check v0.9.5
build-android	Build Android APK	2026-07-31T19:43:12.3469947Z [1m[92m   Compiling[0m tinystr v0.8.3
build-android	Build Android APK	2026-07-31T19:43:12.4427295Z [1m[92m   Compiling[0m ident_case v1.0.1
build-android	Build Android APK	2026-07-31T19:43:12.4902879Z [1m[92m   Compiling[0m itoa v1.0.18
build-android	Build Android APK	2026-07-31T19:43:12.5118330Z [1m[92m   Compiling[0m thiserror v2.0.19
build-android	Build Android APK	2026-07-31T19:43:12.5157593Z [1m[92m   Compiling[0m strsim v0.11.1
build-android	Build Android APK	2026-07-31T19:43:12.5697194Z [1m[92m   Compiling[0m indexmap v2.14.0
build-android	Build Android APK	2026-07-31T19:43:12.7037173Z [1m[92m   Compiling[0m litemap v0.8.2
build-android	Build Android APK	2026-07-31T19:43:12.7587205Z [1m[92m   Compiling[0m writeable v0.6.3
build-android	Build Android APK	2026-07-31T19:43:12.8557442Z [1m[92m   Compiling[0m erased-serde v0.4.10
build-android	Build Android APK	2026-07-31T19:43:12.8962915Z [1m[92m   Compiling[0m icu_locale_core v2.2.0
build-android	Build Android APK	2026-07-31T19:43:13.0107553Z [1m[92m   Compiling[0m darling_core v0.23.0
build-android	Build Android APK	2026-07-31T19:43:13.4617853Z [1m[92m   Compiling[0m potential_utf v0.1.5
build-android	Build Android APK	2026-07-31T19:43:13.5007363Z [1m[92m   Compiling[0m zerotrie v0.2.4
build-android	Build Android APK	2026-07-31T19:43:13.5608437Z [1m[92m   Compiling[0m cssparser-macros v0.6.1
build-android	Build Android APK	2026-07-31T19:43:13.7587212Z [1m[92m   Compiling[0m derive_more-impl v2.1.1
build-android	Build Android APK	2026-07-31T19:43:13.8267547Z [1m[92m   Compiling[0m selectors v0.36.1
build-android	Build Android APK	2026-07-31T19:43:14.0547150Z [1m[92m   Compiling[0m utf8_iter v1.0.4
build-android	Build Android APK	2026-07-31T19:43:14.0667007Z [1m[92m   Compiling[0m icu_provider v2.2.0
build-android	Build Android APK	2026-07-31T19:43:14.1417327Z [1m[92m   Compiling[0m icu_collections v2.2.0
build-android	Build Android APK	2026-07-31T19:43:14.3197166Z [1m[92m   Compiling[0m thiserror-impl v2.0.19
build-android	Build Android APK	2026-07-31T19:43:14.5987118Z [1m[92m   Compiling[0m scopeguard v1.2.0
build-android	Build Android APK	2026-07-31T19:43:14.6547189Z [1m[92m   Compiling[0m anyhow v1.0.104
build-android	Build Android APK	2026-07-31T19:43:14.8161355Z [1m[92m   Compiling[0m new_debug_unreachable v1.0.6
build-android	Build Android APK	2026-07-31T19:43:14.8237123Z [1m[92m   Compiling[0m lock_api v0.4.14
build-android	Build Android APK	2026-07-31T19:43:15.2049209Z [1m[92m   Compiling[0m bytes v1.12.1
build-android	Build Android APK	2026-07-31T19:43:15.4067229Z [1m[92m   Compiling[0m phf v0.13.1
build-android	Build Android APK	2026-07-31T19:43:15.5447225Z [1m[92m   Compiling[0m serde_json v1.0.151
build-android	Build Android APK	2026-07-31T19:43:15.6427103Z [1m[92m   Compiling[0m getrandom v0.4.3
build-android	Build Android APK	2026-07-31T19:43:15.6587374Z [1m[92m   Compiling[0m precomputed-hash v0.1.1
build-android	Build Android APK	2026-07-31T19:43:15.6967122Z [1m[92m   Compiling[0m darling_macro v0.23.0
build-android	Build Android APK	2026-07-31T19:43:15.7721848Z [1m[92m   Compiling[0m parking_lot v0.12.5
build-android	Build Android APK	2026-07-31T19:43:15.9217286Z [1m[92m   Compiling[0m darling v0.23.0
build-android	Build Android APK	2026-07-31T19:43:15.9627406Z [1m[92m   Compiling[0m serde_with_macros v3.21.0
build-android	Build Android APK	2026-07-31T19:43:16.0757386Z [1m[92m   Compiling[0m icu_properties v2.2.0
build-android	Build Android APK	2026-07-31T19:43:16.0807049Z [1m[92m   Compiling[0m icu_normalizer v2.2.0
build-android	Build Android APK	2026-07-31T19:43:16.1887147Z [1m[92m   Compiling[0m generic-array v0.14.7
build-android	Build Android APK	2026-07-31T19:43:16.2876747Z [1m[92m   Compiling[0m serde_spanned v1.1.1
build-android	Build Android APK	2026-07-31T19:43:16.3728440Z [1m[92m   Compiling[0m ctor-proc-macro v0.0.7
build-android	Build Android APK	2026-07-31T19:43:16.5532156Z [1m[92m   Compiling[0m toml_writer v1.1.2+spec-1.1.0
build-android	Build Android APK	2026-07-31T19:43:16.7288047Z [1m[92m   Compiling[0m string_cache v0.9.0
build-android	Build Android APK	2026-07-31T19:43:16.9277219Z [1m[92m   Compiling[0m semver v1.0.28
build-android	Build Android APK	2026-07-31T19:43:17.1543528Z [1m[92m   Compiling[0m idna_adapter v1.2.2
build-android	Build Android APK	2026-07-31T19:43:17.2326391Z [1m[92m   Compiling[0m log v0.4.33
build-android	Build Android APK	2026-07-31T19:43:17.2399548Z [1m[92m   Compiling[0m dtoa v1.0.11
build-android	Build Android APK	2026-07-31T19:43:17.2965527Z [1m[92m   Compiling[0m percent-encoding v2.3.2
build-android	Build Android APK	2026-07-31T19:43:17.3567151Z [1m[92m   Compiling[0m autocfg v1.5.1
build-android	Build Android APK	2026-07-31T19:43:17.4236892Z [1m[92m   Compiling[0m form_urlencoded v1.2.2
build-android	Build Android APK	2026-07-31T19:43:17.5207242Z [1m[92m   Compiling[0m dtoa-short v0.3.5
build-android	Build Android APK	2026-07-31T19:43:17.5928789Z [1m[92m   Compiling[0m idna v1.1.0
build-android	Build Android APK	2026-07-31T19:43:17.7091598Z [1m[92m   Compiling[0m indexmap v1.9.3
build-android	Build Android APK	2026-07-31T19:43:17.7585988Z [1m[92m   Compiling[0m uuid v1.24.0
build-android	Build Android APK	2026-07-31T19:43:17.9817056Z [1m[92m   Compiling[0m tendril v0.5.1
build-android	Build Android APK	2026-07-31T19:43:18.1374367Z [1m[92m   Compiling[0m aho-corasick v1.1.4
build-android	Build Android APK	2026-07-31T19:43:18.1411769Z [1m[92m   Compiling[0m regex-syntax v0.8.11
build-android	Build Android APK	2026-07-31T19:43:18.2337242Z [1m[92m   Compiling[0m camino v1.2.5
build-android	Build Android APK	2026-07-31T19:43:18.3993859Z [1m[92m   Compiling[0m unic-common v0.9.0
build-android	Build Android APK	2026-07-31T19:43:18.4506761Z [1m[92m   Compiling[0m alloc-no-stdlib v2.0.4
build-android	Build Android APK	2026-07-31T19:43:18.4512096Z [1m[92m   Compiling[0m unic-char-range v0.9.0
build-android	Build Android APK	2026-07-31T19:43:18.5237211Z [1m[92m   Compiling[0m byteorder v1.5.0
build-android	Build Android APK	2026-07-31T19:43:18.7177072Z [1m[92m   Compiling[0m alloc-stdlib v0.2.4
build-android	Build Android APK	2026-07-31T19:43:18.8121237Z [1m[92m   Compiling[0m unic-char-property v0.9.0
build-android	Build Android APK	2026-07-31T19:43:18.8747229Z [1m[92m   Compiling[0m unic-ucd-version v0.9.0
build-android	Build Android APK	2026-07-31T19:43:18.9466965Z [1m[92m   Compiling[0m markup5ever v0.38.0
build-android	Build Android APK	2026-07-31T19:43:19.1737394Z [1m[92m   Compiling[0m url v2.5.8
build-android	Build Android APK	2026-07-31T19:43:19.8687165Z [1m[92m   Compiling[0m regex-automata v0.4.16
build-android	Build Android APK	2026-07-31T19:43:19.9947122Z [1m[92m   Compiling[0m cssparser v0.36.0
build-android	Build Android APK	2026-07-31T19:43:20.4407166Z [1m[92m   Compiling[0m toml v1.1.4+spec-1.1.0
build-android	Build Android APK	2026-07-31T19:43:20.9167300Z [1m[92m   Compiling[0m derive_more v2.1.1
build-android	Build Android APK	2026-07-31T19:43:21.5617981Z [1m[92m   Compiling[0m serde_derive_internals v0.29.1
build-android	Build Android APK	2026-07-31T19:43:21.6917460Z [1m[92m   Compiling[0m servo_arc v0.4.3
build-android	Build Android APK	2026-07-31T19:43:21.8857134Z [1m[92m   Compiling[0m powerfmt v0.2.0
build-android	Build Android APK	2026-07-31T19:43:21.9937130Z [1m[92m   Compiling[0m hashbrown v0.12.3
build-android	Build Android APK	2026-07-31T19:43:22.1287368Z [1m[92m   Compiling[0m deranged v0.5.8
build-android	Build Android APK	2026-07-31T19:43:22.3847148Z [1m[92m   Compiling[0m schemars v0.8.22
build-android	Build Android APK	2026-07-31T19:43:22.4523518Z [1m[92m   Compiling[0m bit-vec v0.8.0
build-android	Build Android APK	2026-07-31T19:43:22.4957041Z [1m[92m   Compiling[0m fnv v1.0.7
build-android	Build Android APK	2026-07-31T19:43:22.5447241Z [1m[92m   Compiling[0m rustc-hash v2.1.3
build-android	Build Android APK	2026-07-31T19:43:22.6121820Z [1m[92m   Compiling[0m bitflags v2.13.1
build-android	Build Android APK	2026-07-31T19:43:22.6246922Z [1m[92m   Compiling[0m bit-set v0.8.0
build-android	Build Android APK	2026-07-31T19:43:22.7657341Z [1m[92m   Compiling[0m cfb v0.7.3
build-android	Build Android APK	2026-07-31T19:43:23.1844086Z [1m[92m   Compiling[0m time v0.3.54
build-android	Build Android APK	2026-07-31T19:43:23.3287617Z [1m[92m   Compiling[0m schemars_derive v0.8.22
build-android	Build Android APK	2026-07-31T19:43:23.9887204Z [1m[92m   Compiling[0m regex v1.13.1
build-android	Build Android APK	2026-07-31T19:43:24.3797287Z [1m[92m   Compiling[0m html5ever v0.38.0
build-android	Build Android APK	2026-07-31T19:43:24.9247304Z [1m[92m   Compiling[0m unic-ucd-ident v0.9.0
build-android	Build Android APK	2026-07-31T19:43:25.0237897Z [1m[92m   Compiling[0m brotli-decompressor v5.0.3
build-android	Build Android APK	2026-07-31T19:43:25.0981555Z [1m[92m   Compiling[0m jsonptr v0.6.3
build-android	Build Android APK	2026-07-31T19:43:25.2477119Z [1m[92m   Compiling[0m cargo-platform v0.1.9
build-android	Build Android APK	2026-07-31T19:43:25.4127331Z [1m[92m   Compiling[0m quick-xml v0.41.0
build-android	Build Android APK	2026-07-31T19:43:25.4517287Z [1m[92m   Compiling[0m same-file v1.0.6
build-android	Build Android APK	2026-07-31T19:43:25.4777580Z [1m[92m   Compiling[0m foldhash v0.2.0
build-android	Build Android APK	2026-07-31T19:43:25.5967188Z [1m[92m   Compiling[0m dyn-clone v1.0.20
build-android	Build Android APK	2026-07-31T19:43:25.6687386Z [1m[92m   Compiling[0m base64 v0.22.1
build-android	Build Android APK	2026-07-31T19:43:25.8837177Z [1m[92m   Compiling[0m dunce v1.0.5
build-android	Build Android APK	2026-07-31T19:43:25.9309546Z [1m[92m   Compiling[0m brotli v8.0.4
build-android	Build Android APK	2026-07-31T19:43:26.0942637Z [1m[92m   Compiling[0m plist v1.10.0
build-android	Build Android APK	2026-07-31T19:43:26.3291560Z [1m[92m   Compiling[0m http v1.5.0
build-android	Build Android APK	2026-07-31T19:43:26.8997082Z [1m[92m   Compiling[0m dom_query v0.27.0
build-android	Build Android APK	2026-07-31T19:43:27.2067106Z [1m[92m   Compiling[0m walkdir v2.5.0
build-android	Build Android APK	2026-07-31T19:43:27.4187067Z [1m[92m   Compiling[0m cargo_metadata v0.19.2
build-android	Build Android APK	2026-07-31T19:43:27.4667204Z [1m[92m   Compiling[0m json-patch v3.0.1
build-android	Build Android APK	2026-07-31T19:43:28.1307220Z [1m[92m   Compiling[0m urlpattern v0.3.0
build-android	Build Android APK	2026-07-31T19:43:28.3197063Z [1m[92m   Compiling[0m serde-untagged v0.1.9
build-android	Build Android APK	2026-07-31T19:43:28.5107368Z [1m[92m   Compiling[0m infer v0.19.0
build-android	Build Android APK	2026-07-31T19:43:28.8354509Z [1m[92m   Compiling[0m serde_with v3.21.0
build-android	Build Android APK	2026-07-31T19:43:28.8657188Z [1m[92m   Compiling[0m ctor v0.8.0
build-android	Build Android APK	2026-07-31T19:43:28.8679701Z [1m[92m   Compiling[0m glob v0.3.4
build-android	Build Android APK	2026-07-31T19:43:30.5276693Z [1m[92m   Compiling[0m pin-project-lite v0.2.17
build-android	Build Android APK	2026-07-31T19:43:30.6914465Z [1m[92m   Compiling[0m tauri-utils v2.9.3
build-android	Build Android APK	2026-07-31T19:43:30.7627456Z [1m[92m   Compiling[0m futures-core v0.3.33
build-android	Build Android APK	2026-07-31T19:43:30.8637079Z [1m[92m   Compiling[0m jni-sys-macros v0.4.1
build-android	Build Android APK	2026-07-31T19:43:31.0170676Z [1m[92m   Compiling[0m shlex v2.0.1
build-android	Build Android APK	2026-07-31T19:43:31.1906559Z [1m[92m   Compiling[0m jni-sys v0.3.1
build-android	Build Android APK	2026-07-31T19:43:31.2637616Z [1m[92m   Compiling[0m find-msvc-tools v0.1.9
build-android	Build Android APK	2026-07-31T19:43:31.3827204Z [1m[92m   Compiling[0m cc v1.4.0
build-android	Build Android APK	2026-07-31T19:43:31.4617039Z [1m[92m   Compiling[0m jni-sys v0.4.1
build-android	Build Android APK	2026-07-31T19:43:32.3257468Z [1m[92m   Compiling[0m rustc_version v0.4.1
build-android	Build Android APK	2026-07-31T19:43:32.6647372Z [1m[92m   Compiling[0m toml_datetime v0.7.5+spec-1.1.0
build-android	Build Android APK	2026-07-31T19:43:32.9787055Z [1m[92m   Compiling[0m winnow v0.7.15
build-android	Build Android APK	2026-07-31T19:43:34.8487132Z [1m[92m   Compiling[0m option-ext v0.2.0
build-android	Build Android APK	2026-07-31T19:43:34.8921210Z [1m[92m   Compiling[0m dirs-sys v0.5.0
build-android	Build Android APK	2026-07-31T19:43:35.0567068Z [1m[92m   Compiling[0m toml v0.9.12+spec-1.1.0
build-android	Build Android APK	2026-07-31T19:43:36.2849253Z [1m[92m   Compiling[0m embed-resource v3.0.11
build-android	Build Android APK	2026-07-31T19:43:44.2267338Z [1m[92m   Compiling[0m toml_edit v0.25.13+spec-1.1.0
build-android	Build Android APK	2026-07-31T19:43:44.7607407Z [1m[92m   Compiling[0m time-macros v0.2.32
build-android	Build Android APK	2026-07-31T19:43:45.2180525Z [1m[92m   Compiling[0m socket2 v0.6.5
build-android	Build Android APK	2026-07-31T19:43:45.4417159Z [1m[92m   Compiling[0m mio v1.2.2
build-android	Build Android APK	2026-07-31T19:43:46.1037087Z [1m[92m   Compiling[0m rustversion v1.0.23
build-android	Build Android APK	2026-07-31T19:43:46.1207210Z [1m[92m   Compiling[0m typenum v1.20.1
build-android	Build Android APK	2026-07-31T19:43:46.3037174Z [1m[92m   Compiling[0m once_cell v1.21.4
build-android	Build Android APK	2026-07-31T19:43:46.4973724Z [1m[92m   Compiling[0m heck v0.5.0
build-android	Build Android APK	2026-07-31T19:43:46.6456199Z [1m[92m   Compiling[0m num_threads v0.1.7
build-android	Build Android APK	2026-07-31T19:43:46.8136917Z [1m[92m   Compiling[0m crc32fast v1.5.0
build-android	Build Android APK	2026-07-31T19:43:47.4727101Z [1m[92m   Compiling[0m simd-adler32 v0.3.10
build-android	Build Android APK	2026-07-31T19:43:48.1187001Z [1m[92m   Compiling[0m tokio v1.53.1
build-android	Build Android APK	2026-07-31T19:43:48.2627463Z [1m[92m   Compiling[0m proc-macro-crate v3.5.0
build-android	Build Android APK	2026-07-31T19:43:50.4237511Z [1m[92m   Compiling[0m tauri-winres v0.3.6
build-android	Build Android APK	2026-07-31T19:43:50.7057273Z [1m[92m   Compiling[0m cargo_toml v0.22.3
build-android	Build Android APK	2026-07-31T19:43:50.9887280Z [1m[92m   Compiling[0m dirs v6.0.0
build-android	Build Android APK	2026-07-31T19:43:51.3517363Z [1m[92m   Compiling[0m adler2 v2.0.1
build-android	Build Android APK	2026-07-31T19:43:51.5487307Z [1m[92m   Compiling[0m crossbeam-utils v0.8.22
build-android	Build Android APK	2026-07-31T19:43:51.8767330Z [1m[92m   Compiling[0m miniz_oxide v0.8.9
build-android	Build Android APK	2026-07-31T19:43:52.4478872Z [1m[92m   Compiling[0m tauri-build v2.6.3
build-android	Build Android APK	2026-07-31T19:43:52.7056988Z [1m[92m   Compiling[0m num_enum_derive v0.7.6
build-android	Build Android APK	2026-07-31T19:43:53.7627227Z [1m[92m   Compiling[0m http-body v1.1.0
build-android	Build Android APK	2026-07-31T19:43:53.8654301Z [1m[92m   Compiling[0m combine v4.6.7
build-android	Build Android APK	2026-07-31T19:43:53.9607243Z [1m[92m   Compiling[0m cookie v0.18.1
build-android	Build Android APK	2026-07-31T19:43:54.1207419Z [1m[92m   Compiling[0m futures-task v0.3.33
build-android	Build Android APK	2026-07-31T19:43:54.6217268Z [1m[92m   Compiling[0m httparse v1.10.1
build-android	Build Android APK	2026-07-31T19:43:54.7167249Z [1m[92m   Compiling[0m slab v0.4.12
build-android	Build Android APK	2026-07-31T19:43:54.8476013Z [1m[92m   Compiling[0m raw-window-handle v0.6.2
build-android	Build Android APK	2026-07-31T19:43:55.3163420Z [1m[92m   Compiling[0m cesu8 v1.1.0
build-android	Build Android APK	2026-07-31T19:43:56.4367139Z [1m[92m   Compiling[0m futures-util v0.3.33
build-android	Build Android APK	2026-07-31T19:43:58.4997457Z [1m[92m   Compiling[0m jni v0.21.1
build-android	Build Android APK	2026-07-31T19:43:58.9457363Z [1m[92m   Compiling[0m num_enum v0.7.6
build-android	Build Android APK	2026-07-31T19:43:59.0118545Z [1m[92m   Compiling[0m flate2 v1.1.9
build-android	Build Android APK	2026-07-31T19:44:01.1693192Z [1m[92m   Compiling[0m block-buffer v0.10.4
build-android	Build Android APK	2026-07-31T19:44:01.2646880Z [1m[92m   Compiling[0m crypto-common v0.1.7
build-android	Build Android APK	2026-07-31T19:44:01.4987034Z [1m[92m   Compiling[0m fdeflate v0.3.7
build-android	Build Android APK	2026-07-31T19:44:01.7592629Z [1m[92m   Compiling[0m ndk-sys v0.6.0+11769913
build-android	Build Android APK	2026-07-31T19:44:03.2136891Z [1m[92m   Compiling[0m dpi v0.1.2
build-android	Build Android APK	2026-07-31T19:44:04.1346947Z [1m[92m   Compiling[0m try-lock v0.2.5
build-android	Build Android APK	2026-07-31T19:44:04.2597103Z [1m[92m   Compiling[0m bitflags v1.3.2
build-android	Build Android APK	2026-07-31T19:44:04.3027703Z [1m[92m   Compiling[0m tower-service v0.3.3
build-android	Build Android APK	2026-07-31T19:44:05.0146439Z [1m[92m   Compiling[0m png v0.17.16
build-android	Build Android APK	2026-07-31T19:44:05.8187111Z [1m[92m   Compiling[0m want v0.3.1
build-android	Build Android APK	2026-07-31T19:44:06.5790994Z [1m[92m   Compiling[0m ndk v0.9.0
build-android	Build Android APK	2026-07-31T19:44:07.6347710Z [1m[92m   Compiling[0m crossbeam-channel v0.5.16
build-android	Build Android APK	2026-07-31T19:44:07.7937170Z [1m[92m   Compiling[0m digest v0.10.7
build-android	Build Android APK	2026-07-31T19:44:12.1829360Z [1m[92m   Compiling[0m tauri v2.11.5
build-android	Build Android APK	2026-07-31T19:44:12.7822307Z [1m[92m   Compiling[0m tracing-core v0.1.36
build-android	Build Android APK	2026-07-31T19:44:12.7931932Z [1m[92m   Compiling[0m futures-channel v0.3.33
build-android	Build Android APK	2026-07-31T19:44:12.9987111Z [1m[92m   Compiling[0m sync_wrapper v1.0.2
build-android	Build Android APK	2026-07-31T19:44:13.1197326Z [1m[92m   Compiling[0m tao-macros v0.1.4
build-android	Build Android APK	2026-07-31T19:44:13.4056796Z [1m[92m   Compiling[0m cpufeatures v0.2.17
build-android	Build Android APK	2026-07-31T19:44:13.7577064Z [1m[92m   Compiling[0m wry v0.55.1
build-android	Build Android APK	2026-07-31T19:44:13.8637170Z [1m[92m   Compiling[0m tower-layer v0.3.3
build-android	Build Android APK	2026-07-31T19:44:13.9427482Z [1m[92m   Compiling[0m tauri-runtime v2.11.3
build-android	Build Android APK	2026-07-31T19:44:14.0878827Z [1m[92m   Compiling[0m atomic-waker v1.1.2
build-android	Build Android APK	2026-07-31T19:44:14.0937620Z [1m[92m   Compiling[0m sha2 v0.10.9
build-android	Build Android APK	2026-07-31T19:44:14.1697145Z [1m[92m   Compiling[0m hyper v1.11.0
build-android	Build Android APK	2026-07-31T19:44:14.4551720Z [1m[92m   Compiling[0m tower v0.5.3
build-android	Build Android APK	2026-07-31T19:44:16.4957105Z [1m[92m   Compiling[0m tracing v0.1.44
build-android	Build Android APK	2026-07-31T19:44:16.8695921Z [1m[92m   Compiling[0m ico v0.5.0
build-android	Build Android APK	2026-07-31T19:44:17.3447200Z [1m[92m   Compiling[0m tauri-plugin v2.6.3
build-android	Build Android APK	2026-07-31T19:44:17.6987151Z [1m[92m   Compiling[0m ipnet v2.12.0
build-android	Build Android APK	2026-07-31T19:44:17.7667431Z [1m[92m   Compiling[0m tauri-runtime-wry v2.11.4
build-android	Build Android APK	2026-07-31T19:44:17.8927043Z [1m[92m   Compiling[0m futures-sink v0.3.33
build-android	Build Android APK	2026-07-31T19:44:17.9617138Z [1m[92m   Compiling[0m getrandom v0.3.4
build-android	Build Android APK	2026-07-31T19:44:18.1639047Z [1m[92m   Compiling[0m hyper-util v0.1.20
build-android	Build Android APK	2026-07-31T19:44:19.0876120Z [1m[92m   Compiling[0m tokio-util v0.7.19
build-android	Build Android APK	2026-07-31T19:44:20.3803847Z [1m[92m   Compiling[0m tauri-plugin-log v2.9.0
build-android	Build Android APK	2026-07-31T19:44:20.7760169Z [1m[92m   Compiling[0m tauri-codegen v2.6.3
build-android	Build Android APK	2026-07-31T19:44:22.2197182Z [1m[92m   Compiling[0m tower-http v0.6.11
build-android	Build Android APK	2026-07-31T19:44:22.8126944Z [1m[92m   Compiling[0m tao v0.35.3
build-android	Build Android APK	2026-07-31T19:44:23.2707122Z [1m[92m   Compiling[0m http-body-util v0.1.4
build-android	Build Android APK	2026-07-31T19:44:23.5287717Z [1m[92m   Compiling[0m serialize-to-javascript-impl v0.1.2
build-android	Build Android APK	2026-07-31T19:44:23.7557016Z [1m[92m   Compiling[0m serialize-to-javascript v0.1.2
build-android	Build Android APK	2026-07-31T19:44:23.8967058Z [1m[92m   Compiling[0m reqwest v0.13.4
build-android	Build Android APK	2026-07-31T19:44:31.9075628Z [1m[92m   Compiling[0m tauri-macros v2.6.3
build-android	Build Android APK	2026-07-31T19:44:33.3316970Z [1m[92m   Compiling[0m env_filter v0.1.4
build-android	Build Android APK	2026-07-31T19:44:34.3877620Z [1m[92m   Compiling[0m serde_repr v0.1.21
build-android	Build Android APK	2026-07-31T19:44:35.0127146Z [1m[92m   Compiling[0m android_log-sys v0.3.2
build-android	Build Android APK	2026-07-31T19:44:35.0737467Z [1m[92m   Compiling[0m mime v0.3.17
build-android	Build Android APK	2026-07-31T19:44:35.7806944Z [1m[92m   Compiling[0m android_logger v0.15.1
build-android	Build Android APK	2026-07-31T19:44:35.8257599Z [1m[92m   Compiling[0m app v0.1.0 (/home/runner/work/BoraPlayer/BoraPlayer/src-tauri)
build-android	Build Android APK	2026-07-31T19:44:36.2736862Z [1m[92m   Compiling[0m fern v0.7.1
build-android	Build Android APK	2026-07-31T19:45:08.3880864Z [1m[92m    Finished[0m `release` profile [optimized] target(s) in 2m 12s
build-android	Build Android APK	2026-07-31T19:45:08.5208949Z         Info symlinking lib "/home/runner/work/BoraPlayer/BoraPlayer/src-tauri/target/aarch64-linux-android/release/libapp_lib.so" in jniLibs dir "/home/runner/work/BoraPlayer/BoraPlayer/src-tauri/gen/android/app/src/main/jniLibs/arm64-v8a"
build-android	Build Android APK	2026-07-31T19:45:08.7490990Z         Info "/home/runner/work/BoraPlayer/BoraPlayer/src-tauri/target/aarch64-linux-android/release/libapp_lib.so" requires shared lib "liblog.so"
build-android	Build Android APK	2026-07-31T19:45:08.7492380Z         Info "/home/runner/work/BoraPlayer/BoraPlayer/src-tauri/target/aarch64-linux-android/release/libapp_lib.so" requires shared lib "libandroid.so"
build-android	Build Android APK	2026-07-31T19:45:08.7493811Z         Info "/home/runner/work/BoraPlayer/BoraPlayer/src-tauri/target/aarch64-linux-android/release/libapp_lib.so" requires shared lib "libdl.so"
build-android	Build Android APK	2026-07-31T19:45:08.7495639Z         Info "/home/runner/work/BoraPlayer/BoraPlayer/src-tauri/target/aarch64-linux-android/release/libapp_lib.so" requires shared lib "libm.so"
build-android	Build Android APK	2026-07-31T19:45:08.7496806Z         Info "/home/runner/work/BoraPlayer/BoraPlayer/src-tauri/target/aarch64-linux-android/release/libapp_lib.so" requires shared lib "libc.so"
build-android	Build Android APK	2026-07-31T19:45:08.7692227Z         Info symlink at "/home/runner/work/BoraPlayer/BoraPlayer/src-tauri/gen/android/app/src/main/jniLibs/arm64-v8a/libapp_lib.so" points to "/home/runner/work/BoraPlayer/BoraPlayer/src-tauri/target/aarch64-linux-android/release/libapp_lib.so"
build-android	Build Android APK	2026-07-31T19:45:08.8687419Z Downloading https://services.gradle.org/distributions/gradle-8.14.3-bin.zip
build-android	Build Android APK	2026-07-31T19:45:10.5726904Z .............10%.............20%.............30%.............40%.............50%.............60%.............70%.............80%.............90%..............100%
build-android	Build Android APK	2026-07-31T19:46:04.8250757Z e: The daemon has terminated unexpectedly on startup attempt #1 with error code: 0. The daemon process output:
build-android	Build Android APK	2026-07-31T19:46:04.8266297Z     1. Kotlin compile daemon is ready
build-android	Build Android APK	2026-07-31T19:46:10.9237225Z w: file:///home/runner/work/BoraPlayer/BoraPlayer/src-tauri/gen/android/buildSrc/src/main/java/com/boraplayer/desktop/kotlin/BuildTask.kt:53:17 'exec(Action<in ExecSpec!>): ExecResult' is deprecated. Deprecated in Java
build-android	Build Android APK	2026-07-31T19:46:52.5022527Z         Info connection; remote_addr=127.0.0.1:50154 conn_id=0
build-android	Build Android APK	2026-07-31T19:46:52.5236153Z 
build-android	Build Android APK	2026-07-31T19:46:52.5239029Z > tauri
build-android	Build Android APK	2026-07-31T19:46:52.5239798Z > tauri android android-studio-script --release --target aarch64
build-android	Build Android APK	2026-07-31T19:46:52.5240246Z 
build-android	Build Android APK	2026-07-31T19:46:52.6233055Z [1m[32m        Info[0m Using installed NDK: /usr/local/lib/android/sdk/ndk/29.0.14206865
build-android	Build Android APK	2026-07-31T19:46:52.8237031Z [1m[92m   Compiling[0m wry v0.55.1
build-android	Build Android APK	2026-07-31T19:46:52.8238104Z [1m[92m   Compiling[0m tauri v2.11.5
build-android	Build Android APK	2026-07-31T19:46:52.9231225Z [1m[92m   Compiling[0m tauri-plugin-log v2.9.0
build-android	Build Android APK	2026-07-31T19:46:52.9232345Z [1m[92m   Compiling[0m app v0.1.0 (/home/runner/work/BoraPlayer/BoraPlayer/src-tauri)
build-android	Build Android APK	2026-07-31T19:46:53.4233902Z [1m[92m   Compiling[0m tauri-runtime-wry v2.11.4
build-android	Build Android APK	2026-07-31T19:47:19.9231624Z [1m[92m    Finished[0m `release` profile [optimized] target(s) in 27.29s
build-android	Build Android APK	2026-07-31T19:47:20.0236300Z [1m[32m        Info[0m symlinking lib "/home/runner/work/BoraPlayer/BoraPlayer/src-tauri/target/aarch64-linux-android/release/libapp_lib.so" in jniLibs dir "/home/runner/work/BoraPlayer/BoraPlayer/src-tauri/gen/android/app/src/main/jniLibs/arm64-v8a"
build-android	Build Android APK	2026-07-31T19:47:20.0239603Z [1m[32m        Info[0m "/home/runner/work/BoraPlayer/BoraPlayer/src-tauri/target/aarch64-linux-android/release/libapp_lib.so" requires shared lib "liblog.so"
build-android	Build Android APK	2026-07-31T19:47:20.0241930Z [1m[32m        Info[0m "/home/runner/work/BoraPlayer/BoraPlayer/src-tauri/target/aarch64-linux-android/release/libapp_lib.so" requires shared lib "libandroid.so"
build-android	Build Android APK	2026-07-31T19:47:20.0244318Z [1m[32m        Info[0m "/home/runner/work/BoraPlayer/BoraPlayer/src-tauri/target/aarch64-linux-android/release/libapp_lib.so" requires shared lib "libdl.so"
build-android	Build Android APK	2026-07-31T19:47:20.0246995Z [1m[32m        Info[0m "/home/runner/work/BoraPlayer/BoraPlayer/src-tauri/target/aarch64-linux-android/release/libapp_lib.so" requires shared lib "libm.so"
build-android	Build Android APK	2026-07-31T19:47:20.0249457Z [1m[32m        Info[0m "/home/runner/work/BoraPlayer/BoraPlayer/src-tauri/target/aarch64-linux-android/release/libapp_lib.so" requires shared lib "libc.so"
build-android	Build Android APK	2026-07-31T19:47:20.1230219Z 
build-android	Build Android APK	2026-07-31T19:47:20.1230959Z > tauri
build-android	Build Android APK	2026-07-31T19:47:20.1231848Z > tauri android android-studio-script --release --target armv7
build-android	Build Android APK	2026-07-31T19:47:20.1232383Z 
build-android	Build Android APK	2026-07-31T19:47:20.1564374Z         Info connection; remote_addr=127.0.0.1:45414 conn_id=1
build-android	Build Android APK	2026-07-31T19:47:20.2231183Z [1m[32m        Info[0m Using installed NDK: /usr/local/lib/android/sdk/ndk/29.0.14206865
build-android	Build Android APK	2026-07-31T19:47:20.6233081Z [1m[92m   Compiling[0m serde_core v1.0.229
build-android	Build Android APK	2026-07-31T19:47:20.6234689Z [1m[92m   Compiling[0m libc v0.2.189
build-android	Build Android APK	2026-07-31T19:47:20.6236221Z [1m[92m   Compiling[0m serde v1.0.229
build-android	Build Android APK	2026-07-31T19:47:20.6237554Z [1m[92m   Compiling[0m stable_deref_trait v1.2.1
build-android	Build Android APK	2026-07-31T19:47:20.6238561Z [1m[92m   Compiling[0m smallvec v1.15.2
build-android	Build Android APK	2026-07-31T19:47:20.8249237Z [1m[92m   Compiling[0m zerofrom v0.1.8
build-android	Build Android APK	2026-07-31T19:47:20.9256878Z [1m[92m   Compiling[0m memchr v2.8.3
build-android	Build Android APK	2026-07-31T19:47:20.9286259Z [1m[92m   Compiling[0m yoke v0.8.3
build-android	Build Android APK	2026-07-31T19:47:21.1231547Z [1m[92m   Compiling[0m itoa v1.0.18
build-android	Build Android APK	2026-07-31T19:47:21.2231387Z [1m[92m   Compiling[0m zerovec v0.11.6
build-android	Build Android APK	2026-07-31T19:47:21.3237088Z [1m[92m   Compiling[0m log v0.4.33
build-android	Build Android APK	2026-07-31T19:47:21.5257170Z [1m[92m   Compiling[0m cfg-if v1.0.4
build-android	Build Android APK	2026-07-31T19:47:21.5290493Z [1m[92m   Compiling[0m writeable v0.6.3
build-android	Build Android APK	2026-07-31T19:47:21.7231324Z [1m[92m   Compiling[0m litemap v0.8.2
build-android	Build Android APK	2026-07-31T19:47:21.7256944Z [1m[92m   Compiling[0m zerotrie v0.2.4
build-android	Build Android APK	2026-07-31T19:47:21.8246801Z [1m[92m   Compiling[0m tinystr v0.8.3
build-android	Build Android APK	2026-07-31T19:47:21.9231403Z [1m[92m   Compiling[0m potential_utf v0.1.5
build-android	Build Android APK	2026-07-31T19:47:22.0232328Z [1m[92m   Compiling[0m icu_locale_core v2.2.0
build-android	Build Android APK	2026-07-31T19:47:22.0276708Z [1m[92m   Compiling[0m utf8_iter v1.0.4
build-android	Build Android APK	2026-07-31T19:47:22.1238639Z [1m[92m   Compiling[0m siphasher v1.0.3
build-android	Build Android APK	2026-07-31T19:47:22.2233139Z [1m[92m   Compiling[0m icu_collections v2.2.0
build-android	Build Android APK	2026-07-31T19:47:22.3257083Z [1m[92m   Compiling[0m phf_shared v0.13.1
build-android	Build Android APK	2026-07-31T19:47:22.6257285Z [1m[92m   Compiling[0m icu_normalizer_data v2.2.0
build-android	Build Android APK	2026-07-31T19:47:22.6286855Z [1m[92m   Compiling[0m icu_properties_data v2.2.0
build-android	Build Android APK	2026-07-31T19:47:22.8231170Z [1m[92m   Compiling[0m phf v0.13.1
build-android	Build Android APK	2026-07-31T19:47:23.0231615Z [1m[92m   Compiling[0m percent-encoding v2.3.2
build-android	Build Android APK	2026-07-31T19:47:23.1247868Z [1m[92m   Compiling[0m icu_provider v2.2.0
build-android	Build Android APK	2026-07-31T19:47:23.2287050Z [1m[92m   Compiling[0m futures-core v0.3.33
build-android	Build Android APK	2026-07-31T19:47:23.3257294Z [1m[92m   Compiling[0m icu_normalizer v2.2.0
build-android	Build Android APK	2026-07-31T19:47:23.6232739Z [1m[92m   Compiling[0m bytes v1.12.1
build-android	Build Android APK	2026-07-31T19:47:23.7246961Z [1m[92m   Compiling[0m icu_properties v2.2.0
build-android	Build Android APK	2026-07-31T19:47:24.6247278Z [1m[92m   Compiling[0m http v1.5.0
build-android	Build Android APK	2026-07-31T19:47:24.7247171Z [1m[92m   Compiling[0m pin-project-lite v0.2.17
build-android	Build Android APK	2026-07-31T19:47:24.7266731Z [1m[92m   Compiling[0m thiserror v1.0.69
build-android	Build Android APK	2026-07-31T19:47:24.8231696Z [1m[92m   Compiling[0m idna_adapter v1.2.2
build-android	Build Android APK	2026-07-31T19:47:24.9232477Z [1m[92m   Compiling[0m zmij v1.0.23
build-android	Build Android APK	2026-07-31T19:47:24.9239674Z [1m[92m   Compiling[0m parking_lot_core v0.9.12
build-android	Build Android APK	2026-07-31T19:47:24.9270565Z [1m[92m   Compiling[0m new_debug_unreachable v1.0.6
build-android	Build Android APK	2026-07-31T19:47:24.9296639Z [1m[92m   Compiling[0m scopeguard v1.2.0
build-android	Build Android APK	2026-07-31T19:47:25.0266915Z [1m[92m   Compiling[0m lock_api v0.4.14
build-android	Build Android APK	2026-07-31T19:47:25.2247151Z [1m[92m   Compiling[0m serde_json v1.0.151
build-android	Build Android APK	2026-07-31T19:47:25.2276747Z [1m[92m   Compiling[0m jni-sys v0.3.1
build-android	Build Android APK	2026-07-31T19:47:25.2278101Z [1m[92m   Compiling[0m jni-sys v0.4.1
build-android	Build Android APK	2026-07-31T19:47:25.5231361Z [1m[92m   Compiling[0m idna v1.1.0
build-android	Build Android APK	2026-07-31T19:47:25.6247076Z [1m[92m   Compiling[0m form_urlencoded v1.2.2
build-android	Build Android APK	2026-07-31T19:47:25.8237178Z [1m[92m   Compiling[0m aho-corasick v1.1.4
build-android	Build Android APK	2026-07-31T19:47:25.8266659Z [1m[92m   Compiling[0m regex-syntax v0.8.11
build-android	Build Android APK	2026-07-31T19:47:26.7247088Z [1m[92m   Compiling[0m precomputed-hash v0.1.1
build-android	Build Android APK	2026-07-31T19:47:26.7286519Z [1m[92m   Compiling[0m bitflags v2.13.1
build-android	Build Android APK	2026-07-31T19:47:27.0231138Z [1m[92m   Compiling[0m url v2.5.8
build-android	Build Android APK	2026-07-31T19:47:27.9231084Z [1m[92m   Compiling[0m regex-automata v0.4.16
build-android	Build Android APK	2026-07-31T19:47:29.9237280Z [1m[92m   Compiling[0m parking_lot v0.12.5
build-android	Build Android APK	2026-07-31T19:47:31.0247159Z [1m[92m   Compiling[0m generic-array v0.14.7
build-android	Build Android APK	2026-07-31T19:47:31.0276451Z [1m[92m   Compiling[0m socket2 v0.6.5
build-android	Build Android APK	2026-07-31T19:47:31.9231265Z [1m[92m   Compiling[0m mio v1.2.2
build-android	Build Android APK	2026-07-31T19:47:32.5245537Z [1m[92m   Compiling[0m deranged v0.5.8
build-android	Build Android APK	2026-07-31T19:47:33.1236876Z [1m[92m   Compiling[0m base64 v0.22.1
build-android	Build Android APK	2026-07-31T19:47:33.6236897Z [1m[92m   Compiling[0m powerfmt v0.2.0
build-android	Build Android APK	2026-07-31T19:47:33.7257227Z [1m[92m   Compiling[0m typenum v1.20.1
build-android	Build Android APK	2026-07-31T19:47:33.8236862Z [1m[92m   Compiling[0m num-conv v0.2.2
build-android	Build Android APK	2026-07-31T19:47:33.9247050Z [1m[92m   Compiling[0m once_cell v1.21.4
build-android	Build Android APK	2026-07-31T19:47:34.1231558Z [1m[92m   Compiling[0m time-core v0.1.9
build-android	Build Android APK	2026-07-31T19:47:34.3247008Z [1m[92m   Compiling[0m num_threads v0.1.7
build-android	Build Android APK	2026-07-31T19:47:34.5231317Z [1m[92m   Compiling[0m time v0.3.54
build-android	Build Android APK	2026-07-31T19:47:34.6246824Z [1m[92m   Compiling[0m tokio v1.53.1
build-android	Build Android APK	2026-07-31T19:47:35.0231361Z [1m[92m   Compiling[0m regex v1.13.1
build-android	Build Android APK	2026-07-31T19:47:36.6256971Z [1m[92m   Compiling[0m string_cache v0.9.0
build-android	Build Android APK	2026-07-31T19:47:36.8236799Z [1m[92m   Compiling[0m typeid v1.0.3
build-android	Build Android APK	2026-07-31T19:47:36.8266239Z [1m[92m   Compiling[0m web_atoms v0.2.5
build-android	Build Android APK	2026-07-31T19:47:37.2252165Z [1m[92m   Compiling[0m dtoa v1.0.11
build-android	Build Android APK	2026-07-31T19:47:37.3231662Z [1m[92m   Compiling[0m alloc-no-stdlib v2.0.4
build-android	Build Android APK	2026-07-31T19:47:37.4240200Z [1m[92m   Compiling[0m unic-common v0.9.0
build-android	Build Android APK	2026-07-31T19:47:37.5231076Z [1m[92m   Compiling[0m unic-char-range v0.9.0
build-android	Build Android APK	2026-07-31T19:47:37.5276674Z [1m[92m   Compiling[0m unic-char-property v0.9.0
build-android	Build Android APK	2026-07-31T19:47:37.6231586Z [1m[92m   Compiling[0m unic-ucd-version v0.9.0
build-android	Build Android APK	2026-07-31T19:47:37.7257186Z [1m[92m   Compiling[0m alloc-stdlib v0.2.4
build-android	Build Android APK	2026-07-31T19:47:37.7277556Z [1m[92m   Compiling[0m dtoa-short v0.3.5
build-android	Build Android APK	2026-07-31T19:47:37.9237102Z [1m[92m   Compiling[0m crossbeam-utils v0.8.22
build-android	Build Android APK	2026-07-31T19:47:38.0258376Z [1m[92m   Compiling[0m http-body v1.1.0
build-android	Build Android APK	2026-07-31T19:47:38.1246891Z [1m[92m   Compiling[0m tendril v0.5.1
build-android	Build Android APK	2026-07-31T19:47:38.4247003Z [1m[92m   Compiling[0m combine v4.6.7
build-android	Build Android APK	2026-07-31T19:47:38.6249093Z [1m[92m   Compiling[0m uuid v1.24.0
build-android	Build Android APK	2026-07-31T19:47:39.2287078Z [1m[92m   Compiling[0m erased-serde v0.4.10
build-android	Build Android APK	2026-07-31T19:47:39.2316458Z [1m[92m   Compiling[0m thiserror v2.0.19
build-android	Build Android APK	2026-07-31T19:47:39.3247139Z [1m[92m   Compiling[0m equivalent v1.0.2
build-android	Build Android APK	2026-07-31T19:47:39.3268443Z [1m[92m   Compiling[0m hashbrown v0.17.1
build-android	Build Android APK	2026-07-31T19:47:40.0246987Z [1m[92m   Compiling[0m slab v0.4.12
build-android	Build Android APK	2026-07-31T19:47:40.2247135Z [1m[92m   Compiling[0m winnow v1.0.4
build-android	Build Android APK	2026-07-31T19:47:40.6248805Z [1m[92m   Compiling[0m futures-task v0.3.33
build-android	Build Android APK	2026-07-31T19:47:40.7267180Z [1m[92m   Compiling[0m raw-window-handle v0.6.2
build-android	Build Android APK	2026-07-31T19:47:41.0246892Z [1m[92m   Compiling[0m cesu8 v1.1.0
build-android	Build Android APK	2026-07-31T19:47:41.2266962Z [1m[92m   Compiling[0m byteorder v1.5.0
build-android	Build Android APK	2026-07-31T19:47:41.4231453Z [1m[92m   Compiling[0m fnv v1.0.7
build-android	Build Android APK	2026-07-31T19:47:41.4256530Z [1m[92m   Compiling[0m cfb v0.7.3
build-android	Build Android APK	2026-07-31T19:47:42.0231209Z [1m[92m   Compiling[0m futures-util v0.3.33
build-android	Build Android APK	2026-07-31T19:47:43.0231175Z [1m[92m   Compiling[0m jni v0.21.1
build-android	Build Android APK	2026-07-31T19:47:43.2245710Z [1m[92m   Compiling[0m toml_parser v1.1.3+spec-1.1.0
build-android	Build Android APK	2026-07-31T19:47:43.9256934Z [1m[92m   Compiling[0m indexmap v2.14.0
build-android	Build Android APK	2026-07-31T19:47:44.8231956Z [1m[92m   Compiling[0m httparse v1.10.1
build-android	Build Android APK	2026-07-31T19:47:44.8256762Z [1m[92m   Compiling[0m cookie v0.18.1
build-android	Build Android APK	2026-07-31T19:47:44.9259439Z [1m[92m   Compiling[0m markup5ever v0.38.0
build-android	Build Android APK	2026-07-31T19:47:45.2231784Z [1m[92m   Compiling[0m num_enum v0.7.6
build-android	Build Android APK	2026-07-31T19:47:45.5231134Z [1m[92m   Compiling[0m cssparser v0.36.0
build-android	Build Android APK	2026-07-31T19:47:45.9251253Z [1m[92m   Compiling[0m brotli-decompressor v5.0.3
build-android	Build Android APK	2026-07-31T19:47:47.0242699Z [1m[92m   Compiling[0m unic-ucd-ident v0.9.0
build-android	Build Android APK	2026-07-31T19:47:47.2277187Z [1m[92m   Compiling[0m block-buffer v0.10.4
build-android	Build Android APK	2026-07-31T19:47:47.3247123Z [1m[92m   Compiling[0m crypto-common v0.1.7
build-android	Build Android APK	2026-07-31T19:47:47.4246915Z [1m[92m   Compiling[0m jsonptr v0.6.3
build-android	Build Android APK	2026-07-31T19:47:47.8236827Z [1m[92m   Compiling[0m ndk-sys v0.6.0+11769913
build-android	Build Android APK	2026-07-31T19:47:48.5257155Z [1m[92m   Compiling[0m dpi v0.1.2
build-android	Build Android APK	2026-07-31T19:47:48.8237046Z [1m[92m   Compiling[0m toml_datetime v1.1.1+spec-1.1.0
build-android	Build Android APK	2026-07-31T19:47:48.8266723Z [1m[92m   Compiling[0m serde_spanned v1.1.1
build-android	Build Android APK	2026-07-31T19:47:48.8296547Z [1m[92m   Compiling[0m quick-xml v0.41.0
build-android	Build Android APK	2026-07-31T19:47:48.9257133Z [1m[92m   Compiling[0m anyhow v1.0.104
build-android	Build Android APK	2026-07-31T19:47:49.0257034Z [1m[92m   Compiling[0m derive_more v2.1.1
build-android	Build Android APK	2026-07-31T19:47:49.1231711Z [1m[92m   Compiling[0m selectors v0.36.1
build-android	Build Android APK	2026-07-31T19:47:49.1257250Z [1m[92m   Compiling[0m servo_arc v0.4.3
build-android	Build Android APK	2026-07-31T19:47:49.2235666Z [1m[92m   Compiling[0m same-file v1.0.6
build-android	Build Android APK	2026-07-31T19:47:49.2253950Z [1m[92m   Compiling[0m tower-service v0.3.3
build-android	Build Android APK	2026-07-31T19:47:49.3247238Z [1m[92m   Compiling[0m rustc-hash v2.1.3
build-android	Build Android APK	2026-07-31T19:47:49.3276418Z [1m[92m   Compiling[0m try-lock v0.2.5
build-android	Build Android APK	2026-07-31T19:47:49.3277365Z [1m[92m   Compiling[0m bit-vec v0.8.0
build-android	Build Android APK	2026-07-31T19:47:49.4230814Z [1m[92m   Compiling[0m toml_writer v1.1.2+spec-1.1.0
build-android	Build Android APK	2026-07-31T19:47:49.6231273Z [1m[92m   Compiling[0m bit-set v0.8.0
build-android	Build Android APK	2026-07-31T19:47:49.6256385Z [1m[92m   Compiling[0m toml v1.1.4+spec-1.1.0
build-android	Build Android APK	2026-07-31T19:47:49.7257082Z [1m[92m   Compiling[0m plist v1.10.0
build-android	Build Android APK	2026-07-31T19:47:51.3230989Z [1m[92m   Compiling[0m want v0.3.1
build-android	Build Android APK	2026-07-31T19:47:51.7247169Z [1m[92m   Compiling[0m walkdir v2.5.0
build-android	Build Android APK	2026-07-31T19:47:53.1257048Z [1m[92m   Compiling[0m ndk v0.9.0
build-android	Build Android APK	2026-07-31T19:47:53.2239151Z [1m[92m   Compiling[0m json-patch v3.0.1
build-android	Build Android APK	2026-07-31T19:47:54.3258350Z [1m[92m   Compiling[0m digest v0.10.7
build-android	Build Android APK	2026-07-31T19:47:54.4231630Z [1m[92m   Compiling[0m urlpattern v0.3.0
build-android	Build Android APK	2026-07-31T19:47:54.7256877Z [1m[92m   Compiling[0m brotli v8.0.4
build-android	Build Android APK	2026-07-31T19:47:55.1230893Z [1m[92m   Compiling[0m crossbeam-channel v0.5.16
build-android	Build Android APK	2026-07-31T19:47:55.9247308Z [1m[92m   Compiling[0m serde-untagged v0.1.9
build-android	Build Android APK	2026-07-31T19:47:56.2231062Z [1m[92m   Compiling[0m html5ever v0.38.0
build-android	Build Android APK	2026-07-31T19:47:58.6257615Z [1m[92m   Compiling[0m infer v0.19.0
build-android	Build Android APK	2026-07-31T19:47:59.1247032Z [1m[92m   Compiling[0m tracing-core v0.1.36
build-android	Build Android APK	2026-07-31T19:47:59.8247252Z [1m[92m   Compiling[0m futures-channel v0.3.33
build-android	Build Android APK	2026-07-31T19:48:00.0252114Z [1m[92m   Compiling[0m sync_wrapper v1.0.2
build-android	Build Android APK	2026-07-31T19:48:00.0276572Z [1m[92m   Compiling[0m serde_with v3.21.0
build-android	Build Android APK	2026-07-31T19:48:00.1231329Z [1m[92m   Compiling[0m ctor v0.8.0
build-android	Build Android APK	2026-07-31T19:48:00.1246672Z [1m[92m   Compiling[0m atomic-waker v1.1.2
build-android	Build Android APK	2026-07-31T19:48:00.1276469Z [1m[92m   Compiling[0m glob v0.3.4
build-android	Build Android APK	2026-07-31T19:48:00.2231067Z [1m[92m   Compiling[0m tower-layer v0.3.3
build-android	Build Android APK	2026-07-31T19:48:00.2246501Z [1m[92m   Compiling[0m semver v1.0.28
build-android	Build Android APK	2026-07-31T19:48:00.3231247Z [1m[92m   Compiling[0m foldhash v0.2.0
build-android	Build Android APK	2026-07-31T19:48:00.6267144Z [1m[92m   Compiling[0m dunce v1.0.5
build-android	Build Android APK	2026-07-31T19:48:00.7247029Z [1m[92m   Compiling[0m dom_query v0.27.0
build-android	Build Android APK	2026-07-31T19:48:00.9231233Z [1m[92m   Compiling[0m tower v0.5.3
build-android	Build Android APK	2026-07-31T19:48:01.2231339Z [1m[92m   Compiling[0m tauri-runtime v2.11.3
build-android	Build Android APK	2026-07-31T19:48:01.2256782Z [1m[92m   Compiling[0m hyper v1.11.0
build-android	Build Android APK	2026-07-31T19:48:01.5247272Z [1m[92m   Compiling[0m wry v0.55.1
build-android	Build Android APK	2026-07-31T19:48:01.5277061Z [1m[92m   Compiling[0m tracing v0.1.44
build-android	Build Android APK	2026-07-31T19:48:01.9258906Z [1m[92m   Compiling[0m tauri v2.11.5
build-android	Build Android APK	2026-07-31T19:48:01.9275659Z [1m[92m   Compiling[0m sha2 v0.10.9
build-android	Build Android APK	2026-07-31T19:48:02.4240739Z [1m[92m   Compiling[0m tauri-utils v2.9.3
build-android	Build Android APK	2026-07-31T19:48:03.0247492Z [1m[92m   Compiling[0m futures-sink v0.3.33
build-android	Build Android APK	2026-07-31T19:48:03.1247622Z [1m[92m   Compiling[0m option-ext v0.2.0
build-android	Build Android APK	2026-07-31T19:48:03.1276860Z [1m[92m   Compiling[0m ipnet v2.12.0
build-android	Build Android APK	2026-07-31T19:48:04.5230874Z [1m[92m   Compiling[0m hyper-util v0.1.20
build-android	Build Android APK	2026-07-31T19:48:04.8257092Z [1m[92m   Compiling[0m dirs-sys v0.5.0
build-android	Build Android APK	2026-07-31T19:48:05.3247202Z [1m[92m   Compiling[0m tokio-util v0.7.19
build-android	Build Android APK	2026-07-31T19:48:06.2258980Z [1m[92m   Compiling[0m getrandom v0.3.4
build-android	Build Android APK	2026-07-31T19:48:06.2316720Z [1m[92m   Compiling[0m tauri-runtime-wry v2.11.4
build-android	Build Android APK	2026-07-31T19:48:07.4231031Z [1m[92m   Compiling[0m tower-http v0.6.11
build-android	Build Android APK	2026-07-31T19:48:08.0258820Z [1m[92m   Compiling[0m tao v0.35.3
build-android	Build Android APK	2026-07-31T19:48:08.8247198Z [1m[92m   Compiling[0m http-body-util v0.1.4
build-android	Build Android APK	2026-07-31T19:48:09.6247407Z [1m[92m   Compiling[0m serialize-to-javascript v0.1.2
build-android	Build Android APK	2026-07-31T19:48:11.3231458Z [1m[92m   Compiling[0m reqwest v0.13.4
build-android	Build Android APK	2026-07-31T19:48:15.7236966Z [1m[92m   Compiling[0m tauri-plugin-log v2.9.0
build-android	Build Android APK	2026-07-31T19:48:15.9247226Z [1m[92m   Compiling[0m dirs v6.0.0
build-android	Build Android APK	2026-07-31T19:48:16.0247224Z [1m[92m   Compiling[0m env_filter v0.1.4
build-android	Build Android APK	2026-07-31T19:48:17.2277325Z [1m[92m   Compiling[0m android_log-sys v0.3.2
build-android	Build Android APK	2026-07-31T19:48:17.2278794Z [1m[92m   Compiling[0m heck v0.5.0
build-android	Build Android APK	2026-07-31T19:48:18.2257141Z [1m[92m   Compiling[0m mime v0.3.17
build-android	Build Android APK	2026-07-31T19:48:19.7230463Z [1m[92m   Compiling[0m android_logger v0.15.1
build-android	Build Android APK	2026-07-31T19:48:20.2230732Z [1m[92m   Compiling[0m fern v0.7.1
build-android	Build Android APK	2026-07-31T19:48:21.9231536Z [1m[92m   Compiling[0m app v0.1.0 (/home/runner/work/BoraPlayer/BoraPlayer/src-tauri)
build-android	Build Android APK	2026-07-31T19:48:51.4230798Z [1m[92m    Finished[0m `release` profile [optimized] target(s) in 1m 31s
build-android	Build Android APK	2026-07-31T19:48:51.5232343Z [1m[32m        Info[0m symlinking lib "/home/runner/work/BoraPlayer/BoraPlayer/src-tauri/target/armv7-linux-androideabi/release/libapp_lib.so" in jniLibs dir "/home/runner/work/BoraPlayer/BoraPlayer/src-tauri/gen/android/app/src/main/jniLibs/armeabi-v7a"
build-android	Build Android APK	2026-07-31T19:48:51.5234320Z [1m[32m        Info[0m "/home/runner/work/BoraPlayer/BoraPlayer/src-tauri/target/armv7-linux-androideabi/release/libapp_lib.so" requires shared lib "liblog.so"
build-android	Build Android APK	2026-07-31T19:48:51.5237017Z [1m[32m        Info[0m "/home/runner/work/BoraPlayer/BoraPlayer/src-tauri/target/armv7-linux-androideabi/release/libapp_lib.so" requires shared lib "libandroid.so"
build-android	Build Android APK	2026-07-31T19:48:51.5239540Z [1m[32m        Info[0m "/home/runner/work/BoraPlayer/BoraPlayer/src-tauri/target/armv7-linux-androideabi/release/libapp_lib.so" requires shared lib "libdl.so"
build-android	Build Android APK	2026-07-31T19:48:51.5241857Z [1m[32m        Info[0m "/home/runner/work/BoraPlayer/BoraPlayer/src-tauri/target/armv7-linux-androideabi/release/libapp_lib.so" requires shared lib "libm.so"
build-android	Build Android APK	2026-07-31T19:48:51.5244251Z [1m[32m        Info[0m "/home/runner/work/BoraPlayer/BoraPlayer/src-tauri/target/armv7-linux-androideabi/release/libapp_lib.so" requires shared lib "libc.so"
build-android	Build Android APK	2026-07-31T19:48:51.7072835Z         Info connection; remote_addr=127.0.0.1:51690 conn_id=2
build-android	Build Android APK	2026-07-31T19:48:51.7229672Z 
build-android	Build Android APK	2026-07-31T19:48:51.7230185Z > tauri
build-android	Build Android APK	2026-07-31T19:48:51.7230710Z > tauri android android-studio-script --release --target i686
build-android	Build Android APK	2026-07-31T19:48:51.7231047Z 
build-android	Build Android APK	2026-07-31T19:48:51.8231430Z [1m[32m        Info[0m Using installed NDK: /usr/local/lib/android/sdk/ndk/29.0.14206865
build-android	Build Android APK	2026-07-31T19:48:52.1267145Z [1m[92m   Compiling[0m serde_core v1.0.229
build-android	Build Android APK	2026-07-31T19:48:52.1296507Z [1m[92m   Compiling[0m libc v0.2.189
build-android	Build Android APK	2026-07-31T19:48:52.1317429Z [1m[92m   Compiling[0m serde v1.0.229
build-android	Build Android APK	2026-07-31T19:48:52.1338029Z [1m[92m   Compiling[0m stable_deref_trait v1.2.1
build-android	Build Android APK	2026-07-31T19:48:52.1389847Z [1m[92m   Compiling[0m smallvec v1.15.2
build-android	Build Android APK	2026-07-31T19:48:52.1426819Z [1m[92m   Compiling[0m zerofrom v0.1.8
build-android	Build Android APK	2026-07-31T19:48:52.2247074Z [1m[92m   Compiling[0m memchr v2.8.3
build-android	Build Android APK	2026-07-31T19:48:52.3239079Z [1m[92m   Compiling[0m yoke v0.8.3
build-android	Build Android APK	2026-07-31T19:48:52.5230839Z [1m[92m   Compiling[0m itoa v1.0.18
build-android	Build Android APK	2026-07-31T19:48:52.6257053Z [1m[92m   Compiling[0m zerovec v0.11.6
build-android	Build Android APK	2026-07-31T19:48:52.7258198Z [1m[92m   Compiling[0m log v0.4.33
build-android	Build Android APK	2026-07-31T19:48:52.8247071Z [1m[92m   Compiling[0m cfg-if v1.0.4
build-android	Build Android APK	2026-07-31T19:48:52.9257168Z [1m[92m   Compiling[0m litemap v0.8.2
build-android	Build Android APK	2026-07-31T19:48:53.0247258Z [1m[92m   Compiling[0m writeable v0.6.3
build-android	Build Android APK	2026-07-31T19:48:53.1236029Z [1m[92m   Compiling[0m zerotrie v0.2.4
build-android	Build Android APK	2026-07-31T19:48:53.3231274Z [1m[92m   Compiling[0m tinystr v0.8.3
build-android	Build Android APK	2026-07-31T19:48:53.3256469Z [1m[92m   Compiling[0m potential_utf v0.1.5
build-android	Build Android APK	2026-07-31T19:48:53.4236597Z [1m[92m   Compiling[0m utf8_iter v1.0.4
build-android	Build Android APK	2026-07-31T19:48:53.4237535Z [1m[92m   Compiling[0m icu_locale_core v2.2.0
build-android	Build Android APK	2026-07-31T19:48:53.5230909Z [1m[92m   Compiling[0m siphasher v1.0.3
build-android	Build Android APK	2026-07-31T19:48:53.6231682Z [1m[92m   Compiling[0m icu_collections v2.2.0
build-android	Build Android APK	2026-07-31T19:48:53.7263789Z [1m[92m   Compiling[0m phf_shared v0.13.1
build-android	Build Android APK	2026-07-31T19:48:54.0230643Z [1m[92m   Compiling[0m icu_properties_data v2.2.0
build-android	Build Android APK	2026-07-31T19:48:54.0231774Z [1m[92m   Compiling[0m icu_normalizer_data v2.2.0
build-android	Build Android APK	2026-07-31T19:48:54.2248551Z [1m[92m   Compiling[0m phf v0.13.1
build-android	Build Android APK	2026-07-31T19:48:54.3231737Z [1m[92m   Compiling[0m percent-encoding v2.3.2
build-android	Build Android APK	2026-07-31T19:48:54.3256751Z [1m[92m   Compiling[0m futures-core v0.3.33
build-android	Build Android APK	2026-07-31T19:48:54.4237056Z [1m[92m   Compiling[0m icu_provider v2.2.0
build-android	Build Android APK	2026-07-31T19:48:54.6257267Z [1m[92m   Compiling[0m pin-project-lite v0.2.17
build-android	Build Android APK	2026-07-31T19:48:54.7280451Z [1m[92m   Compiling[0m icu_normalizer v2.2.0
build-android	Build Android APK	2026-07-31T19:48:55.0231068Z [1m[92m   Compiling[0m icu_properties v2.2.0
build-android	Build Android APK	2026-07-31T19:48:55.2236874Z [1m[92m   Compiling[0m bytes v1.12.1
build-android	Build Android APK	2026-07-31T19:48:56.1250733Z [1m[92m   Compiling[0m http v1.5.0
build-android	Build Android APK	2026-07-31T19:48:56.2237270Z [1m[92m   Compiling[0m idna_adapter v1.2.2
build-android	Build Android APK	2026-07-31T19:48:56.3257143Z [1m[92m   Compiling[0m thiserror v1.0.69
build-android	Build Android APK	2026-07-31T19:48:56.3316682Z [1m[92m   Compiling[0m zmij v1.0.23
build-android	Build Android APK	2026-07-31T19:48:56.3326713Z [1m[92m   Compiling[0m parking_lot_core v0.9.12
build-android	Build Android APK	2026-07-31T19:48:56.3327616Z [1m[92m   Compiling[0m scopeguard v1.2.0
build-android	Build Android APK	2026-07-31T19:48:56.4280015Z [1m[92m   Compiling[0m new_debug_unreachable v1.0.6
build-android	Build Android APK	2026-07-31T19:48:56.5267142Z [1m[92m   Compiling[0m serde_json v1.0.151
build-android	Build Android APK	2026-07-31T19:48:56.5288242Z [1m[92m   Compiling[0m jni-sys v0.3.1
build-android	Build Android APK	2026-07-31T19:48:56.5326366Z [1m[92m   Compiling[0m lock_api v0.4.14
build-android	Build Android APK	2026-07-31T19:48:56.6231767Z [1m[92m   Compiling[0m jni-sys v0.4.1
build-android	Build Android APK	2026-07-31T19:48:56.9257000Z [1m[92m   Compiling[0m idna v1.1.0
build-android	Build Android APK	2026-07-31T19:48:57.0257081Z [1m[92m   Compiling[0m form_urlencoded v1.2.2
build-android	Build Android APK	2026-07-31T19:48:57.2247973Z [1m[92m   Compiling[0m aho-corasick v1.1.4
build-android	Build Android APK	2026-07-31T19:48:57.2276717Z [1m[92m   Compiling[0m regex-syntax v0.8.11
build-android	Build Android APK	2026-07-31T19:48:58.2257262Z [1m[92m   Compiling[0m bitflags v2.13.1
build-android	Build Android APK	2026-07-31T19:48:58.5243276Z [1m[92m   Compiling[0m precomputed-hash v0.1.1
build-android	Build Android APK	2026-07-31T19:48:58.6236816Z [1m[92m   Compiling[0m url v2.5.8
build-android	Build Android APK	2026-07-31T19:48:59.5230898Z [1m[92m   Compiling[0m regex-automata v0.4.16
build-android	Build Android APK	2026-07-31T19:49:01.5230823Z [1m[92m   Compiling[0m parking_lot v0.12.5
build-android	Build Android APK	2026-07-31T19:49:02.6231034Z [1m[92m   Compiling[0m generic-array v0.14.7
build-android	Build Android APK	2026-07-31T19:49:02.6256751Z [1m[92m   Compiling[0m socket2 v0.6.5
build-android	Build Android APK	2026-07-31T19:49:03.5247116Z [1m[92m   Compiling[0m mio v1.2.2
build-android	Build Android APK	2026-07-31T19:49:04.3247243Z [1m[92m   Compiling[0m num-conv v0.2.2
build-android	Build Android APK	2026-07-31T19:49:04.4247176Z [1m[92m   Compiling[0m powerfmt v0.2.0
build-android	Build Android APK	2026-07-31T19:49:04.6257215Z [1m[92m   Compiling[0m num_threads v0.1.7
build-android	Build Android APK	2026-07-31T19:49:04.8257129Z [1m[92m   Compiling[0m base64 v0.22.1
build-android	Build Android APK	2026-07-31T19:49:04.8316857Z [1m[92m   Compiling[0m typenum v1.20.1
build-android	Build Android APK	2026-07-31T19:49:05.3247099Z [1m[92m   Compiling[0m deranged v0.5.8
build-android	Build Android APK	2026-07-31T19:49:05.6254587Z [1m[92m   Compiling[0m time-core v0.1.9
build-android	Build Android APK	2026-07-31T19:49:05.8257140Z [1m[92m   Compiling[0m once_cell v1.21.4
build-android	Build Android APK	2026-07-31T19:49:06.5230614Z [1m[92m   Compiling[0m tokio v1.53.1
build-android	Build Android APK	2026-07-31T19:49:06.6232076Z [1m[92m   Compiling[0m time v0.3.54
build-android	Build Android APK	2026-07-31T19:49:06.6256961Z [1m[92m   Compiling[0m regex v1.13.1
build-android	Build Android APK	2026-07-31T19:49:08.3247048Z [1m[92m   Compiling[0m string_cache v0.9.0
build-android	Build Android APK	2026-07-31T19:49:08.5257183Z [1m[92m   Compiling[0m typeid v1.0.3
build-android	Build Android APK	2026-07-31T19:49:08.5280604Z [1m[92m   Compiling[0m web_atoms v0.2.5
build-android	Build Android APK	2026-07-31T19:49:08.9230422Z [1m[92m   Compiling[0m dtoa v1.0.11
build-android	Build Android APK	2026-07-31T19:49:09.0230515Z [1m[92m   Compiling[0m alloc-no-stdlib v2.0.4
build-android	Build Android APK	2026-07-31T19:49:09.1237323Z [1m[92m   Compiling[0m unic-common v0.9.0
build-android	Build Android APK	2026-07-31T19:49:09.1267062Z [1m[92m   Compiling[0m unic-char-range v0.9.0
build-android	Build Android APK	2026-07-31T19:49:09.2230971Z [1m[92m   Compiling[0m unic-char-property v0.9.0
build-android	Build Android APK	2026-07-31T19:49:09.3247951Z [1m[92m   Compiling[0m unic-ucd-version v0.9.0
build-android	Build Android APK	2026-07-31T19:49:09.3277250Z [1m[92m   Compiling[0m alloc-stdlib v0.2.4
build-android	Build Android APK	2026-07-31T19:49:09.4230702Z [1m[92m   Compiling[0m crossbeam-utils v0.8.22
build-android	Build Android APK	2026-07-31T19:49:09.4252046Z [1m[92m   Compiling[0m dtoa-short v0.3.5
build-android	Build Android APK	2026-07-31T19:49:10.4237731Z [1m[92m   Compiling[0m http-body v1.1.0
build-android	Build Android APK	2026-07-31T19:49:10.4256870Z [1m[92m   Compiling[0m tendril v0.5.1
build-android	Build Android APK	2026-07-31T19:49:10.5247195Z [1m[92m   Compiling[0m combine v4.6.7
build-android	Build Android APK	2026-07-31T19:49:10.7230615Z [1m[92m   Compiling[0m uuid v1.24.0
build-android	Build Android APK	2026-07-31T19:49:11.4247120Z [1m[92m   Compiling[0m thiserror v2.0.19
build-android	Build Android APK	2026-07-31T19:49:11.4276552Z [1m[92m   Compiling[0m erased-serde v0.4.10
build-android	Build Android APK	2026-07-31T19:49:11.5231054Z [1m[92m   Compiling[0m futures-task v0.3.33
build-android	Build Android APK	2026-07-31T19:49:11.6230282Z [1m[92m   Compiling[0m winnow v1.0.4
build-android	Build Android APK	2026-07-31T19:49:12.0230808Z [1m[92m   Compiling[0m fnv v1.0.7
build-android	Build Android APK	2026-07-31T19:49:12.1257022Z [1m[92m   Compiling[0m byteorder v1.5.0
build-android	Build Android APK	2026-07-31T19:49:12.3231169Z [1m[92m   Compiling[0m equivalent v1.0.2
build-android	Build Android APK	2026-07-31T19:49:12.4255126Z [1m[92m   Compiling[0m cesu8 v1.1.0
build-android	Build Android APK	2026-07-31T19:49:12.6246963Z [1m[92m   Compiling[0m slab v0.4.12
build-android	Build Android APK	2026-07-31T19:49:12.7247177Z [1m[92m   Compiling[0m hashbrown v0.17.1
build-android	Build Android APK	2026-07-31T19:49:13.5237243Z [1m[92m   Compiling[0m raw-window-handle v0.6.2
build-android	Build Android APK	2026-07-31T19:49:13.7239091Z [1m[92m   Compiling[0m indexmap v2.14.0
build-android	Build Android APK	2026-07-31T19:49:14.6257146Z [1m[92m   Compiling[0m futures-util v0.3.33
build-android	Build Android APK	2026-07-31T19:49:14.7257307Z [1m[92m   Compiling[0m cfb v0.7.3
build-android	Build Android APK	2026-07-31T19:49:15.3230954Z [1m[92m   Compiling[0m jni v0.21.1
build-android	Build Android APK	2026-07-31T19:49:16.5247239Z [1m[92m   Compiling[0m httparse v1.10.1
build-android	Build Android APK	2026-07-31T19:49:16.6230602Z [1m[92m   Compiling[0m toml_parser v1.1.3+spec-1.1.0
build-android	Build Android APK	2026-07-31T19:49:16.7230958Z [1m[92m   Compiling[0m cookie v0.18.1
build-android	Build Android APK	2026-07-31T19:49:17.5257083Z [1m[92m   Compiling[0m markup5ever v0.38.0
build-android	Build Android APK	2026-07-31T19:49:17.8237085Z [1m[92m   Compiling[0m num_enum v0.7.6
build-android	Build Android APK	2026-07-31T19:49:17.9247356Z [1m[92m   Compiling[0m cssparser v0.36.0
build-android	Build Android APK	2026-07-31T19:49:18.9256996Z [1m[92m   Compiling[0m brotli-decompressor v5.0.3
build-android	Build Android APK	2026-07-31T19:49:19.5230876Z [1m[92m   Compiling[0m unic-ucd-ident v0.9.0
build-android	Build Android APK	2026-07-31T19:49:19.7247166Z [1m[92m   Compiling[0m crypto-common v0.1.7
build-android	Build Android APK	2026-07-31T19:49:19.8237017Z [1m[92m   Compiling[0m block-buffer v0.10.4
build-android	Build Android APK	2026-07-31T19:49:19.9237140Z [1m[92m   Compiling[0m jsonptr v0.6.3
build-android	Build Android APK	2026-07-31T19:49:20.1257415Z [1m[92m   Compiling[0m ndk-sys v0.6.0+11769913
build-android	Build Android APK	2026-07-31T19:49:21.0236883Z [1m[92m   Compiling[0m dpi v0.1.2
build-android	Build Android APK	2026-07-31T19:49:21.2256215Z [1m[92m   Compiling[0m toml_datetime v1.1.1+spec-1.1.0
build-android	Build Android APK	2026-07-31T19:49:21.3230819Z [1m[92m   Compiling[0m serde_spanned v1.1.1
build-android	Build Android APK	2026-07-31T19:49:21.3256642Z [1m[92m   Compiling[0m anyhow v1.0.104
build-android	Build Android APK	2026-07-31T19:49:21.4247174Z [1m[92m   Compiling[0m quick-xml v0.41.0
build-android	Build Android APK	2026-07-31T19:49:21.4277000Z [1m[92m   Compiling[0m derive_more v2.1.1
build-android	Build Android APK	2026-07-31T19:49:21.5230786Z [1m[92m   Compiling[0m selectors v0.36.1
build-android	Build Android APK	2026-07-31T19:49:21.5256714Z [1m[92m   Compiling[0m servo_arc v0.4.3
build-android	Build Android APK	2026-07-31T19:49:21.6247221Z [1m[92m   Compiling[0m rustc-hash v2.1.3
build-android	Build Android APK	2026-07-31T19:49:21.6264121Z [1m[92m   Compiling[0m tower-service v0.3.3
build-android	Build Android APK	2026-07-31T19:49:21.7247501Z [1m[92m   Compiling[0m bit-vec v0.8.0
build-android	Build Android APK	2026-07-31T19:49:21.7277071Z [1m[92m   Compiling[0m toml_writer v1.1.2+spec-1.1.0
build-android	Build Android APK	2026-07-31T19:49:21.9267387Z [1m[92m   Compiling[0m same-file v1.0.6
build-android	Build Android APK	2026-07-31T19:49:21.9297179Z [1m[92m   Compiling[0m try-lock v0.2.5
build-android	Build Android APK	2026-07-31T19:49:22.0256904Z [1m[92m   Compiling[0m walkdir v2.5.0
build-android	Build Android APK	2026-07-31T19:49:22.1387229Z [1m[92m   Compiling[0m want v0.3.1
build-android	Build Android APK	2026-07-31T19:49:22.2253070Z [1m[92m   Compiling[0m bit-set v0.8.0
build-android	Build Android APK	2026-07-31T19:49:22.3258977Z [1m[92m   Compiling[0m plist v1.10.0
build-android	Build Android APK	2026-07-31T19:49:22.8230767Z [1m[92m   Compiling[0m toml v1.1.4+spec-1.1.0
build-android	Build Android APK	2026-07-31T19:49:25.2247173Z [1m[92m   Compiling[0m ndk v0.9.0
build-android	Build Android APK	2026-07-31T19:49:26.3257134Z [1m[92m   Compiling[0m json-patch v3.0.1
build-android	Build Android APK	2026-07-31T19:49:26.6230884Z [1m[92m   Compiling[0m digest v0.10.7
build-android	Build Android APK	2026-07-31T19:49:26.8256989Z [1m[92m   Compiling[0m brotli v8.0.4
build-android	Build Android APK	2026-07-31T19:49:28.4256912Z [1m[92m   Compiling[0m urlpattern v0.3.0
build-android	Build Android APK	2026-07-31T19:49:28.5258523Z [1m[92m   Compiling[0m crossbeam-channel v0.5.16
build-android	Build Android APK	2026-07-31T19:49:29.2257298Z [1m[92m   Compiling[0m html5ever v0.38.0
build-android	Build Android APK	2026-07-31T19:49:29.5237121Z [1m[92m   Compiling[0m serde-untagged v0.1.9
build-android	Build Android APK	2026-07-31T19:49:31.4230718Z [1m[92m   Compiling[0m infer v0.19.0
build-android	Build Android APK	2026-07-31T19:49:32.4235748Z [1m[92m   Compiling[0m tracing-core v0.1.36
build-android	Build Android APK	2026-07-31T19:49:32.5257794Z [1m[92m   Compiling[0m serde_with v3.21.0
build-android	Build Android APK	2026-07-31T19:49:32.9256422Z [1m[92m   Compiling[0m futures-channel v0.3.33
build-android	Build Android APK	2026-07-31T19:49:33.1255449Z [1m[92m   Compiling[0m sync_wrapper v1.0.2
build-android	Build Android APK	2026-07-31T19:49:33.2232111Z [1m[92m   Compiling[0m ctor v0.8.0
build-android	Build Android APK	2026-07-31T19:49:33.2257300Z [1m[92m   Compiling[0m glob v0.3.4
build-android	Build Android APK	2026-07-31T19:49:33.2287133Z [1m[92m   Compiling[0m atomic-waker v1.1.2
build-android	Build Android APK	2026-07-31T19:49:33.3234243Z [1m[92m   Compiling[0m cpufeatures v0.2.17
build-android	Build Android APK	2026-07-31T19:49:33.3246946Z [1m[92m   Compiling[0m semver v1.0.28
build-android	Build Android APK	2026-07-31T19:49:33.6250066Z [1m[92m   Compiling[0m foldhash v0.2.0
build-android	Build Android APK	2026-07-31T19:49:33.8247284Z [1m[92m   Compiling[0m dunce v1.0.5
build-android	Build Android APK	2026-07-31T19:49:33.9257256Z [1m[92m   Compiling[0m tower-layer v0.3.3
build-android	Build Android APK	2026-07-31T19:49:34.0237556Z [1m[92m   Compiling[0m tower v0.5.3
build-android	Build Android APK	2026-07-31T19:49:34.1257143Z [1m[92m   Compiling[0m dom_query v0.27.0
build-android	Build Android APK	2026-07-31T19:49:34.3237019Z [1m[92m   Compiling[0m sha2 v0.10.9
build-android	Build Android APK	2026-07-31T19:49:34.6247207Z [1m[92m   Compiling[0m tauri-runtime v2.11.3
build-android	Build Android APK	2026-07-31T19:49:34.6276647Z [1m[92m   Compiling[0m hyper v1.11.0
build-android	Build Android APK	2026-07-31T19:49:34.9230935Z [1m[92m   Compiling[0m tauri-utils v2.9.3
build-android	Build Android APK	2026-07-31T19:49:36.3247255Z [1m[92m   Compiling[0m wry v0.55.1
build-android	Build Android APK	2026-07-31T19:49:36.3257024Z [1m[92m   Compiling[0m tracing v0.1.44
build-android	Build Android APK	2026-07-31T19:49:36.6267064Z [1m[92m   Compiling[0m tauri v2.11.5
build-android	Build Android APK	2026-07-31T19:49:36.7257262Z [1m[92m   Compiling[0m option-ext v0.2.0
build-android	Build Android APK	2026-07-31T19:49:36.7286631Z [1m[92m   Compiling[0m ipnet v2.12.0
build-android	Build Android APK	2026-07-31T19:49:38.1236973Z [1m[92m   Compiling[0m futures-sink v0.3.33
build-android	Build Android APK	2026-07-31T19:49:38.2247256Z [1m[92m   Compiling[0m tauri-runtime-wry v2.11.4
build-android	Build Android APK	2026-07-31T19:49:38.2266728Z [1m[92m   Compiling[0m tokio-util v0.7.19
build-android	Build Android APK	2026-07-31T19:49:38.4230965Z [1m[92m   Compiling[0m getrandom v0.3.4
build-android	Build Android APK	2026-07-31T19:49:38.4256833Z [1m[92m   Compiling[0m hyper-util v0.1.20
build-android	Build Android APK	2026-07-31T19:49:39.1257244Z [1m[92m   Compiling[0m dirs-sys v0.5.0
build-android	Build Android APK	2026-07-31T19:49:41.4230784Z [1m[92m   Compiling[0m tower-http v0.6.11
build-android	Build Android APK	2026-07-31T19:49:42.5230578Z [1m[92m   Compiling[0m tao v0.35.3
build-android	Build Android APK	2026-07-31T19:49:42.6230788Z [1m[92m   Compiling[0m http-body-util v0.1.4
build-android	Build Android APK	2026-07-31T19:49:42.8241657Z [1m[92m   Compiling[0m serialize-to-javascript v0.1.2
build-android	Build Android APK	2026-07-31T19:49:43.0231118Z [1m[92m   Compiling[0m reqwest v0.13.4
build-android	Build Android APK	2026-07-31T19:49:51.9257227Z [1m[92m   Compiling[0m tauri-plugin-log v2.9.0
build-android	Build Android APK	2026-07-31T19:49:52.0230643Z [1m[92m   Compiling[0m dirs v6.0.0
build-android	Build Android APK	2026-07-31T19:49:52.2230544Z [1m[92m   Compiling[0m env_filter v0.1.4
build-android	Build Android APK	2026-07-31T19:49:53.4267229Z [1m[92m   Compiling[0m android_log-sys v0.3.2
build-android	Build Android APK	2026-07-31T19:49:53.5256953Z [1m[92m   Compiling[0m heck v0.5.0
build-android	Build Android APK	2026-07-31T19:49:53.5286614Z [1m[92m   Compiling[0m mime v0.3.17
build-android	Build Android APK	2026-07-31T19:49:54.5230650Z [1m[92m   Compiling[0m android_logger v0.15.1
build-android	Build Android APK	2026-07-31T19:49:55.1268150Z [1m[92m   Compiling[0m fern v0.7.1
build-android	Build Android APK	2026-07-31T19:49:55.3246156Z [1m[92m   Compiling[0m app v0.1.0 (/home/runner/work/BoraPlayer/BoraPlayer/src-tauri)
build-android	Build Android APK	2026-07-31T19:50:25.7230145Z [1m[92m    Finished[0m `release` profile [optimized] target(s) in 1m 33s
build-android	Build Android APK	2026-07-31T19:50:25.7231937Z [1m[32m        Info[0m symlinking lib "/home/runner/work/BoraPlayer/BoraPlayer/src-tauri/target/i686-linux-android/release/libapp_lib.so" in jniLibs dir "/home/runner/work/BoraPlayer/BoraPlayer/src-tauri/gen/android/app/src/main/jniLibs/x86"
build-android	Build Android APK	2026-07-31T19:50:25.8231056Z [1m[32m        Info[0m "/home/runner/work/BoraPlayer/BoraPlayer/src-tauri/target/i686-linux-android/release/libapp_lib.so" requires shared lib "liblog.so"
build-android	Build Android APK	2026-07-31T19:50:25.8233532Z [1m[32m        Info[0m "/home/runner/work/BoraPlayer/BoraPlayer/src-tauri/target/i686-linux-android/release/libapp_lib.so" requires shared lib "libandroid.so"
build-android	Build Android APK	2026-07-31T19:50:25.8236493Z [1m[32m        Info[0m "/home/runner/work/BoraPlayer/BoraPlayer/src-tauri/target/i686-linux-android/release/libapp_lib.so" requires shared lib "libdl.so"
build-android	Build Android APK	2026-07-31T19:50:25.8238282Z [1m[32m        Info[0m "/home/runner/work/BoraPlayer/BoraPlayer/src-tauri/target/i686-linux-android/release/libapp_lib.so" requires shared lib "libm.so"
build-android	Build Android APK	2026-07-31T19:50:25.8240616Z [1m[32m        Info[0m "/home/runner/work/BoraPlayer/BoraPlayer/src-tauri/target/i686-linux-android/release/libapp_lib.so" requires shared lib "libc.so"
build-android	Build Android APK	2026-07-31T19:50:25.9229661Z 
build-android	Build Android APK	2026-07-31T19:50:25.9230329Z > tauri
build-android	Build Android APK	2026-07-31T19:50:25.9231140Z > tauri android android-studio-script --release --target x86_64
build-android	Build Android APK	2026-07-31T19:50:25.9231441Z 
build-android	Build Android APK	2026-07-31T19:50:25.9494709Z         Info connection; remote_addr=127.0.0.1:47526 conn_id=3
build-android	Build Android APK	2026-07-31T19:50:26.0230949Z [1m[32m        Info[0m Using installed NDK: /usr/local/lib/android/sdk/ndk/29.0.14206865
build-android	Build Android APK	2026-07-31T19:50:26.3257209Z [1m[92m   Compiling[0m serde_core v1.0.229
build-android	Build Android APK	2026-07-31T19:50:26.3266875Z [1m[92m   Compiling[0m libc v0.2.189
build-android	Build Android APK	2026-07-31T19:50:26.3267806Z [1m[92m   Compiling[0m serde v1.0.229
build-android	Build Android APK	2026-07-31T19:50:26.3268857Z [1m[92m   Compiling[0m stable_deref_trait v1.2.1
build-android	Build Android APK	2026-07-31T19:50:26.3296307Z [1m[92m   Compiling[0m smallvec v1.15.2
build-android	Build Android APK	2026-07-31T19:50:26.4247189Z [1m[92m   Compiling[0m zerofrom v0.1.8
build-android	Build Android APK	2026-07-31T19:50:26.5257030Z [1m[92m   Compiling[0m memchr v2.8.3
build-android	Build Android APK	2026-07-31T19:50:26.5286465Z [1m[92m   Compiling[0m yoke v0.8.3
build-android	Build Android APK	2026-07-31T19:50:26.7230439Z [1m[92m   Compiling[0m itoa v1.0.18
build-android	Build Android APK	2026-07-31T19:50:26.9257094Z [1m[92m   Compiling[0m zerovec v0.11.6
build-android	Build Android APK	2026-07-31T19:50:26.9317050Z [1m[92m   Compiling[0m log v0.4.33
build-android	Build Android APK	2026-07-31T19:50:27.3257290Z [1m[92m   Compiling[0m writeable v0.6.3
build-android	Build Android APK	2026-07-31T19:50:27.5237298Z [1m[92m   Compiling[0m cfg-if v1.0.4
build-android	Build Android APK	2026-07-31T19:50:27.6257198Z [1m[92m   Compiling[0m tinystr v0.8.3
build-android	Build Android APK	2026-07-31T19:50:27.6258824Z [1m[92m   Compiling[0m litemap v0.8.2
build-android	Build Android APK	2026-07-31T19:50:27.8257466Z [1m[92m   Compiling[0m icu_locale_core v2.2.0
build-android	Build Android APK	2026-07-31T19:50:27.8286974Z [1m[92m   Compiling[0m potential_utf v0.1.5
build-android	Build Android APK	2026-07-31T19:50:27.8316885Z [1m[92m   Compiling[0m zerotrie v0.2.4
build-android	Build Android APK	2026-07-31T19:50:27.9257407Z [1m[92m   Compiling[0m siphasher v1.0.3
build-android	Build Android APK	2026-07-31T19:50:28.1257055Z [1m[92m   Compiling[0m utf8_iter v1.0.4
build-android	Build Android APK	2026-07-31T19:50:28.2257235Z [1m[92m   Compiling[0m icu_collections v2.2.0
build-android	Build Android APK	2026-07-31T19:50:28.3230738Z [1m[92m   Compiling[0m phf_shared v0.13.1
build-android	Build Android APK	2026-07-31T19:50:28.6237306Z [1m[92m   Compiling[0m icu_normalizer_data v2.2.0
build-android	Build Android APK	2026-07-31T19:50:28.6267018Z [1m[92m   Compiling[0m icu_properties_data v2.2.0
build-android	Build Android APK	2026-07-31T19:50:28.8230665Z [1m[92m   Compiling[0m phf v0.13.1
build-android	Build Android APK	2026-07-31T19:50:29.0247531Z [1m[92m   Compiling[0m icu_provider v2.2.0
build-android	Build Android APK	2026-07-31T19:50:29.0248873Z [1m[92m   Compiling[0m futures-core v0.3.33
build-android	Build Android APK	2026-07-31T19:50:29.1248431Z [1m[92m   Compiling[0m percent-encoding v2.3.2
build-android	Build Android APK	2026-07-31T19:50:29.3237401Z [1m[92m   Compiling[0m icu_properties v2.2.0
build-android	Build Android APK	2026-07-31T19:50:29.5247215Z [1m[92m   Compiling[0m bytes v1.12.1
build-android	Build Android APK	2026-07-31T19:50:29.6277644Z [1m[92m   Compiling[0m icu_normalizer v2.2.0
build-android	Build Android APK	2026-07-31T19:50:30.6244948Z [1m[92m   Compiling[0m http v1.5.0
build-android	Build Android APK	2026-07-31T19:50:30.9230386Z [1m[92m   Compiling[0m pin-project-lite v0.2.17
build-android	Build Android APK	2026-07-31T19:50:31.0257308Z [1m[92m   Compiling[0m idna_adapter v1.2.2
build-android	Build Android APK	2026-07-31T19:50:31.0286681Z [1m[92m   Compiling[0m thiserror v1.0.69
build-android	Build Android APK	2026-07-31T19:50:31.1231109Z [1m[92m   Compiling[0m zmij v1.0.23
build-android	Build Android APK	2026-07-31T19:50:31.1257039Z [1m[92m   Compiling[0m parking_lot_core v0.9.12
build-android	Build Android APK	2026-07-31T19:50:31.1284885Z [1m[92m   Compiling[0m new_debug_unreachable v1.0.6
build-android	Build Android APK	2026-07-31T19:50:31.1297600Z [1m[92m   Compiling[0m scopeguard v1.2.0
build-android	Build Android APK	2026-07-31T19:50:31.2230773Z [1m[92m   Compiling[0m serde_json v1.0.151
build-android	Build Android APK	2026-07-31T19:50:31.2256872Z [1m[92m   Compiling[0m jni-sys v0.3.1
build-android	Build Android APK	2026-07-31T19:50:31.2286664Z [1m[92m   Compiling[0m lock_api v0.4.14
build-android	Build Android APK	2026-07-31T19:50:31.2316230Z [1m[92m   Compiling[0m jni-sys v0.4.1
build-android	Build Android APK	2026-07-31T19:50:31.5230587Z [1m[92m   Compiling[0m idna v1.1.0
build-android	Build Android APK	2026-07-31T19:50:31.5256720Z [1m[92m   Compiling[0m form_urlencoded v1.2.2
build-android	Build Android APK	2026-07-31T19:50:31.7247229Z [1m[92m   Compiling[0m aho-corasick v1.1.4
build-android	Build Android APK	2026-07-31T19:50:31.8257244Z [1m[92m   Compiling[0m precomputed-hash v0.1.1
build-android	Build Android APK	2026-07-31T19:50:31.8307151Z [1m[92m   Compiling[0m bitflags v2.13.1
build-android	Build Android APK	2026-07-31T19:50:32.1231149Z [1m[92m   Compiling[0m regex-syntax v0.8.11
build-android	Build Android APK	2026-07-31T19:50:32.7230592Z [1m[92m   Compiling[0m url v2.5.8
build-android	Build Android APK	2026-07-31T19:50:34.0247124Z [1m[92m   Compiling[0m parking_lot v0.12.5
build-android	Build Android APK	2026-07-31T19:50:35.0257089Z [1m[92m   Compiling[0m regex-automata v0.4.16
build-android	Build Android APK	2026-07-31T19:50:38.6230577Z [1m[92m   Compiling[0m generic-array v0.14.7
build-android	Build Android APK	2026-07-31T19:50:38.6256920Z [1m[92m   Compiling[0m mio v1.2.2
build-android	Build Android APK	2026-07-31T19:50:38.9273477Z [1m[92m   Compiling[0m socket2 v0.6.5
build-android	Build Android APK	2026-07-31T19:50:39.3247232Z [1m[92m   Compiling[0m time-core v0.1.9
build-android	Build Android APK	2026-07-31T19:50:39.4231531Z [1m[92m   Compiling[0m typenum v1.20.1
build-android	Build Android APK	2026-07-31T19:50:39.9256999Z [1m[92m   Compiling[0m deranged v0.5.8
build-android	Build Android APK	2026-07-31T19:50:40.2253222Z [1m[92m   Compiling[0m num-conv v0.2.2
build-android	Build Android APK	2026-07-31T19:50:40.3257126Z [1m[92m   Compiling[0m once_cell v1.21.4
build-android	Build Android APK	2026-07-31T19:50:40.5257224Z [1m[92m   Compiling[0m base64 v0.22.1
build-android	Build Android APK	2026-07-31T19:50:41.0241529Z [1m[92m   Compiling[0m powerfmt v0.2.0
build-android	Build Android APK	2026-07-31T19:50:41.1230445Z [1m[92m   Compiling[0m num_threads v0.1.7
build-android	Build Android APK	2026-07-31T19:50:41.2230421Z [1m[92m   Compiling[0m time v0.3.54
build-android	Build Android APK	2026-07-31T19:50:41.3236866Z [1m[92m   Compiling[0m tokio v1.53.1
build-android	Build Android APK	2026-07-31T19:50:41.8236984Z [1m[92m   Compiling[0m regex v1.13.1
build-android	Build Android APK	2026-07-31T19:50:43.2237356Z [1m[92m   Compiling[0m string_cache v0.9.0
build-android	Build Android APK	2026-07-31T19:50:43.4230597Z [1m[92m   Compiling[0m typeid v1.0.3
build-android	Build Android APK	2026-07-31T19:50:43.4266643Z [1m[92m   Compiling[0m web_atoms v0.2.5
build-android	Build Android APK	2026-07-31T19:50:43.8252322Z [1m[92m   Compiling[0m alloc-no-stdlib v2.0.4
build-android	Build Android APK	2026-07-31T19:50:43.9257119Z [1m[92m   Compiling[0m dtoa v1.0.11
build-android	Build Android APK	2026-07-31T19:50:44.0237040Z [1m[92m   Compiling[0m unic-common v0.9.0
build-android	Build Android APK	2026-07-31T19:50:44.1237308Z [1m[92m   Compiling[0m unic-char-range v0.9.0
build-android	Build Android APK	2026-07-31T19:50:44.1286856Z [1m[92m   Compiling[0m unic-char-property v0.9.0
build-android	Build Android APK	2026-07-31T19:50:44.2257192Z [1m[92m   Compiling[0m crossbeam-utils v0.8.22
build-android	Build Android APK	2026-07-31T19:50:44.2286991Z [1m[92m   Compiling[0m unic-ucd-version v0.9.0
build-android	Build Android APK	2026-07-31T19:50:44.3230557Z [1m[92m   Compiling[0m dtoa-short v0.3.5
build-android	Build Android APK	2026-07-31T19:50:44.4249351Z [1m[92m   Compiling[0m alloc-stdlib v0.2.4
build-android	Build Android APK	2026-07-31T19:50:44.9230420Z [1m[92m   Compiling[0m http-body v1.1.0
build-android	Build Android APK	2026-07-31T19:50:45.0230637Z [1m[92m   Compiling[0m tendril v0.5.1
build-android	Build Android APK	2026-07-31T19:50:45.2257205Z [1m[92m   Compiling[0m combine v4.6.7
build-android	Build Android APK	2026-07-31T19:50:45.3251923Z [1m[92m   Compiling[0m uuid v1.24.0
build-android	Build Android APK	2026-07-31T19:50:45.9247242Z [1m[92m   Compiling[0m erased-serde v0.4.10
build-android	Build Android APK	2026-07-31T19:50:45.9276758Z [1m[92m   Compiling[0m thiserror v2.0.19
build-android	Build Android APK	2026-07-31T19:50:45.9306587Z [1m[92m   Compiling[0m winnow v1.0.4
build-android	Build Android APK	2026-07-31T19:50:46.3257162Z [1m[92m   Compiling[0m cesu8 v1.1.0
build-android	Build Android APK	2026-07-31T19:50:46.6230575Z [1m[92m   Compiling[0m hashbrown v0.17.1
build-android	Build Android APK	2026-07-31T19:50:47.3230250Z [1m[92m   Compiling[0m equivalent v1.0.2
build-android	Build Android APK	2026-07-31T19:50:47.3231568Z [1m[92m   Compiling[0m fnv v1.0.7
build-android	Build Android APK	2026-07-31T19:50:47.4257200Z [1m[92m   Compiling[0m raw-window-handle v0.6.2
build-android	Build Android APK	2026-07-31T19:50:47.6230679Z [1m[92m   Compiling[0m futures-task v0.3.33
build-android	Build Android APK	2026-07-31T19:50:47.7230504Z [1m[92m   Compiling[0m byteorder v1.5.0
build-android	Build Android APK	2026-07-31T19:50:48.0233839Z [1m[92m   Compiling[0m slab v0.4.12
build-android	Build Android APK	2026-07-31T19:50:48.1237153Z [1m[92m   Compiling[0m futures-util v0.3.33
build-android	Build Android APK	2026-07-31T19:50:48.9257001Z [1m[92m   Compiling[0m cfb v0.7.3
build-android	Build Android APK	2026-07-31T19:50:49.9230722Z [1m[92m   Compiling[0m jni v0.21.1
build-android	Build Android APK	2026-07-31T19:50:50.1256915Z [1m[92m   Compiling[0m httparse v1.10.1
build-android	Build Android APK	2026-07-31T19:50:50.1286478Z [1m[92m   Compiling[0m indexmap v2.14.0
build-android	Build Android APK	2026-07-31T19:50:50.7247285Z [1m[92m   Compiling[0m toml_parser v1.1.3+spec-1.1.0
build-android	Build Android APK	2026-07-31T19:50:51.0257232Z [1m[92m   Compiling[0m cookie v0.18.1
build-android	Build Android APK	2026-07-31T19:50:51.7236650Z [1m[92m   Compiling[0m markup5ever v0.38.0
build-android	Build Android APK	2026-07-31T19:50:52.0237087Z [1m[92m   Compiling[0m num_enum v0.7.6
build-android	Build Android APK	2026-07-31T19:50:52.1258460Z [1m[92m   Compiling[0m brotli-decompressor v5.0.3
build-android	Build Android APK	2026-07-31T19:50:52.2237131Z [1m[92m   Compiling[0m cssparser v0.36.0
build-android	Build Android APK	2026-07-31T19:50:53.8230767Z [1m[92m   Compiling[0m unic-ucd-ident v0.9.0
build-android	Build Android APK	2026-07-31T19:50:54.1287203Z [1m[92m   Compiling[0m crypto-common v0.1.7
build-android	Build Android APK	2026-07-31T19:50:54.1317053Z [1m[92m   Compiling[0m block-buffer v0.10.4
build-android	Build Android APK	2026-07-31T19:50:54.2236874Z [1m[92m   Compiling[0m jsonptr v0.6.3
build-android	Build Android APK	2026-07-31T19:50:54.5247076Z [1m[92m   Compiling[0m ndk-sys v0.6.0+11769913
build-android	Build Android APK	2026-07-31T19:50:55.3229548Z [1m[92m   Compiling[0m dpi v0.1.2
build-android	Build Android APK	2026-07-31T19:50:55.5231790Z [1m[92m   Compiling[0m toml_datetime v1.1.1+spec-1.1.0
build-android	Build Android APK	2026-07-31T19:50:55.6238395Z [1m[92m   Compiling[0m serde_spanned v1.1.1
build-android	Build Android APK	2026-07-31T19:50:55.7246988Z [1m[92m   Compiling[0m quick-xml v0.41.0
build-android	Build Android APK	2026-07-31T19:50:55.7254149Z [1m[92m   Compiling[0m anyhow v1.0.104
build-android	Build Android APK	2026-07-31T19:50:55.8236962Z [1m[92m   Compiling[0m derive_more v2.1.1
build-android	Build Android APK	2026-07-31T19:50:55.8257010Z [1m[92m   Compiling[0m selectors v0.36.1
build-android	Build Android APK	2026-07-31T19:50:55.8258828Z [1m[92m   Compiling[0m servo_arc v0.4.3
build-android	Build Android APK	2026-07-31T19:50:56.0248525Z [1m[92m   Compiling[0m try-lock v0.2.5
build-android	Build Android APK	2026-07-31T19:50:56.0281685Z [1m[92m   Compiling[0m tower-service v0.3.3
build-android	Build Android APK	2026-07-31T19:50:56.0307081Z [1m[92m   Compiling[0m same-file v1.0.6
build-android	Build Android APK	2026-07-31T19:50:56.0358959Z [1m[92m   Compiling[0m rustc-hash v2.1.3
build-android	Build Android APK	2026-07-31T19:50:56.1247149Z [1m[92m   Compiling[0m toml_writer v1.1.2+spec-1.1.0
build-android	Build Android APK	2026-07-31T19:50:56.1248771Z [1m[92m   Compiling[0m bit-vec v0.8.0
build-android	Build Android APK	2026-07-31T19:50:56.3236916Z [1m[92m   Compiling[0m toml v1.1.4+spec-1.1.0
build-android	Build Android APK	2026-07-31T19:50:56.4257187Z [1m[92m   Compiling[0m bit-set v0.8.0
build-android	Build Android APK	2026-07-31T19:50:56.5230951Z [1m[92m   Compiling[0m plist v1.10.0
build-android	Build Android APK	2026-07-31T19:50:58.2257266Z [1m[92m   Compiling[0m walkdir v2.5.0
build-android	Build Android APK	2026-07-31T19:50:58.3246933Z [1m[92m   Compiling[0m want v0.3.1
build-android	Build Android APK	2026-07-31T19:50:58.9247166Z [1m[92m   Compiling[0m ndk v0.9.0
build-android	Build Android APK	2026-07-31T19:50:59.1236276Z [1m[92m   Compiling[0m json-patch v3.0.1
build-android	Build Android APK	2026-07-31T19:51:00.1257055Z [1m[92m   Compiling[0m crossbeam-channel v0.5.16
build-android	Build Android APK	2026-07-31T19:51:00.2230496Z [1m[92m   Compiling[0m digest v0.10.7
build-android	Build Android APK	2026-07-31T19:51:00.4237311Z [1m[92m   Compiling[0m urlpattern v0.3.0
build-android	Build Android APK	2026-07-31T19:51:00.8256961Z [1m[92m   Compiling[0m brotli v8.0.4
build-android	Build Android APK	2026-07-31T19:51:01.0247251Z [1m[92m   Compiling[0m html5ever v0.38.0
build-android	Build Android APK	2026-07-31T19:51:01.6240025Z [1m[92m   Compiling[0m serde-untagged v0.1.9
build-android	Build Android APK	2026-07-31T19:51:03.1246928Z [1m[92m   Compiling[0m infer v0.19.0
build-android	Build Android APK	2026-07-31T19:51:04.3246976Z [1m[92m   Compiling[0m tracing-core v0.1.36
build-android	Build Android APK	2026-07-31T19:51:04.5297293Z [1m[92m   Compiling[0m futures-channel v0.3.33
build-android	Build Android APK	2026-07-31T19:51:04.7230524Z [1m[92m   Compiling[0m sync_wrapper v1.0.2
build-android	Build Android APK	2026-07-31T19:51:04.8257040Z [1m[92m   Compiling[0m serde_with v3.21.0
build-android	Build Android APK	2026-07-31T19:51:05.1230270Z [1m[92m   Compiling[0m ctor v0.8.0
build-android	Build Android APK	2026-07-31T19:51:05.2230690Z [1m[92m   Compiling[0m atomic-waker v1.1.2
build-android	Build Android APK	2026-07-31T19:51:05.2255928Z [1m[92m   Compiling[0m foldhash v0.2.0
build-android	Build Android APK	2026-07-31T19:51:05.4256994Z [1m[92m   Compiling[0m semver v1.0.28
build-android	Build Android APK	2026-07-31T19:51:05.5257218Z [1m[92m   Compiling[0m cpufeatures v0.2.17
build-android	Build Android APK	2026-07-31T19:51:05.5286667Z [1m[92m   Compiling[0m glob v0.3.4
build-android	Build Android APK	2026-07-31T19:51:06.0247272Z [1m[92m   Compiling[0m tower-layer v0.3.3
build-android	Build Android APK	2026-07-31T19:51:06.2247615Z [1m[92m   Compiling[0m dunce v1.0.5
build-android	Build Android APK	2026-07-31T19:51:06.3238874Z [1m[92m   Compiling[0m tauri-runtime v2.11.3
build-android	Build Android APK	2026-07-31T19:51:06.3266985Z [1m[92m   Compiling[0m tower v0.5.3
build-android	Build Android APK	2026-07-31T19:51:06.3296581Z [1m[92m   Compiling[0m wry v0.55.1
build-android	Build Android APK	2026-07-31T19:51:06.3327003Z [1m[92m   Compiling[0m sha2 v0.10.9
build-android	Build Android APK	2026-07-31T19:51:06.5230460Z [1m[92m   Compiling[0m dom_query v0.27.0
build-android	Build Android APK	2026-07-31T19:51:06.9257243Z [1m[92m   Compiling[0m hyper v1.11.0
build-android	Build Android APK	2026-07-31T19:51:07.2247197Z [1m[92m   Compiling[0m tauri-utils v2.9.3
build-android	Build Android APK	2026-07-31T19:51:08.1231792Z [1m[92m   Compiling[0m tracing v0.1.44
build-android	Build Android APK	2026-07-31T19:51:08.4247060Z [1m[92m   Compiling[0m tauri v2.11.5
build-android	Build Android APK	2026-07-31T19:51:08.5230939Z [1m[92m   Compiling[0m option-ext v0.2.0
build-android	Build Android APK	2026-07-31T19:51:08.6236382Z [1m[92m   Compiling[0m ipnet v2.12.0
build-android	Build Android APK	2026-07-31T19:51:09.9230664Z [1m[92m   Compiling[0m futures-sink v0.3.33
build-android	Build Android APK	2026-07-31T19:51:09.9256867Z [1m[92m   Compiling[0m tokio-util v0.7.19
build-android	Build Android APK	2026-07-31T19:51:10.4237130Z [1m[92m   Compiling[0m tauri-runtime-wry v2.11.4
build-android	Build Android APK	2026-07-31T19:51:10.4246540Z [1m[92m   Compiling[0m hyper-util v0.1.20
build-android	Build Android APK	2026-07-31T19:51:10.8257052Z [1m[92m   Compiling[0m dirs-sys v0.5.0
build-android	Build Android APK	2026-07-31T19:51:11.2239071Z [1m[92m   Compiling[0m getrandom v0.3.4
build-android	Build Android APK	2026-07-31T19:51:13.3230559Z [1m[92m   Compiling[0m tower-http v0.6.11
build-android	Build Android APK	2026-07-31T19:51:14.4246980Z [1m[92m   Compiling[0m tao v0.35.3
build-android	Build Android APK	2026-07-31T19:51:14.5230739Z [1m[92m   Compiling[0m http-body-util v0.1.4
build-android	Build Android APK	2026-07-31T19:51:14.7230619Z [1m[92m   Compiling[0m serialize-to-javascript v0.1.2
build-android	Build Android APK	2026-07-31T19:51:14.9257012Z [1m[92m   Compiling[0m reqwest v0.13.4
build-android	Build Android APK	2026-07-31T19:51:23.4247011Z [1m[92m   Compiling[0m tauri-plugin-log v2.9.0
build-android	Build Android APK	2026-07-31T19:51:23.6230689Z [1m[92m   Compiling[0m dirs v6.0.0
build-android	Build Android APK	2026-07-31T19:51:23.7236971Z [1m[92m   Compiling[0m env_filter v0.1.4
build-android	Build Android APK	2026-07-31T19:51:24.2230616Z [1m[92m   Compiling[0m android_log-sys v0.3.2
build-android	Build Android APK	2026-07-31T19:51:24.3230335Z [1m[92m   Compiling[0m mime v0.3.17
build-android	Build Android APK	2026-07-31T19:51:24.7234418Z [1m[92m   Compiling[0m heck v0.5.0
build-android	Build Android APK	2026-07-31T19:51:24.8257690Z [1m[92m   Compiling[0m android_logger v0.15.1
build-android	Build Android APK	2026-07-31T19:51:25.7230381Z [1m[92m   Compiling[0m fern v0.7.1
build-android	Build Android APK	2026-07-31T19:51:26.2240038Z [1m[92m   Compiling[0m app v0.1.0 (/home/runner/work/BoraPlayer/BoraPlayer/src-tauri)
build-android	Build Android APK	2026-07-31T19:51:55.0230807Z [1m[92m    Finished[0m `release` profile [optimized] target(s) in 1m 28s
build-android	Build Android APK	2026-07-31T19:51:55.0233820Z [1m[32m        Info[0m symlinking lib "/home/runner/work/BoraPlayer/BoraPlayer/src-tauri/target/x86_64-linux-android/release/libapp_lib.so" in jniLibs dir "/home/runner/work/BoraPlayer/BoraPlayer/src-tauri/gen/android/app/src/main/jniLibs/x86_64"
build-android	Build Android APK	2026-07-31T19:51:55.0237004Z [1m[32m        Info[0m "/home/runner/work/BoraPlayer/BoraPlayer/src-tauri/target/x86_64-linux-android/release/libapp_lib.so" requires shared lib "liblog.so"
build-android	Build Android APK	2026-07-31T19:51:55.0239444Z [1m[32m        Info[0m "/home/runner/work/BoraPlayer/BoraPlayer/src-tauri/target/x86_64-linux-android/release/libapp_lib.so" requires shared lib "libandroid.so"
build-android	Build Android APK	2026-07-31T19:51:55.0241860Z [1m[32m        Info[0m "/home/runner/work/BoraPlayer/BoraPlayer/src-tauri/target/x86_64-linux-android/release/libapp_lib.so" requires shared lib "libdl.so"
build-android	Build Android APK	2026-07-31T19:51:55.0244225Z [1m[32m        Info[0m "/home/runner/work/BoraPlayer/BoraPlayer/src-tauri/target/x86_64-linux-android/release/libapp_lib.so" requires shared lib "libm.so"
build-android	Build Android APK	2026-07-31T19:51:55.0246780Z [1m[32m        Info[0m "/home/runner/work/BoraPlayer/BoraPlayer/src-tauri/target/x86_64-linux-android/release/libapp_lib.so" requires shared lib "libc.so"
build-android	Build Android APK	2026-07-31T19:52:28.8249197Z w: file:///home/runner/.cargo/registry/src/index.crates.io-1949cf8c6b5b557f/tauri-2.11.5/mobile/android/src/main/java/app/tauri/AppPlugin.kt:35:37 'onBackPressed(): Unit' is deprecated. Deprecated in Java
build-android	Build Android APK	2026-07-31T19:52:28.8257929Z w: file:///home/runner/.cargo/registry/src/index.crates.io-1949cf8c6b5b557f/tauri-2.11.5/mobile/android/src/main/java/app/tauri/plugin/Plugin.kt:107:5 'onDestroy(): Unit' is deprecated. use onDestroy(activity: AppCompatActivity) instead
build-android	Build Android APK	2026-07-31T19:52:28.8261790Z w: file:///home/runner/.cargo/registry/src/index.crates.io-1949cf8c6b5b557f/tauri-2.11.5/mobile/android/src/main/java/app/tauri/plugin/Plugin.kt:112:5 'onRestart(): Unit' is deprecated. use onRestart(activity: AppCompatActivity) instead
build-android	Build Android APK	2026-07-31T19:52:28.8265748Z w: file:///home/runner/.cargo/registry/src/index.crates.io-1949cf8c6b5b557f/tauri-2.11.5/mobile/android/src/main/java/app/tauri/plugin/PluginMethodData.kt:11:23 Parameter 'methodDecorator' is never used
build-android	Build Android APK	2026-07-31T19:52:37.4238860Z w: file:///home/runner/work/BoraPlayer/BoraPlayer/src-tauri/gen/android/app/src/main/java/com/boraplayer/desktop/generated/RustWebView.kt:26:18 'setter for databaseEnabled: Boolean' is deprecated. Deprecated in Java
build-android	Build Android APK	2026-07-31T19:52:37.4242669Z w: file:///home/runner/work/BoraPlayer/BoraPlayer/src-tauri/gen/android/app/src/main/java/com/boraplayer/desktop/generated/WryActivity.kt:69:46 'onBackPressed(): Unit' is deprecated. This method has been deprecated in favor of using the
build-android	Build Android APK	2026-07-31T19:52:37.4244916Z       {@link OnBackPressedDispatcher} via {@link #getOnBackPressedDispatcher()}.
build-android	Build Android APK	2026-07-31T19:52:37.4246241Z       The OnBackPressedDispatcher controls how back button events are dispatched
build-android	Build Android APK	2026-07-31T19:52:37.4247174Z       to one or more {@link OnBackPressedCallback} objects.
build-android	Build Android APK	2026-07-31T19:53:43.1233641Z 
build-android	Build Android APK	2026-07-31T19:53:43.1289352Z [Incubating] Problems report is available at: file:///home/runner/work/BoraPlayer/BoraPlayer/src-tauri/gen/android/build/reports/problems/problems-report.html
build-android	Build Android APK	2026-07-31T19:53:43.1290352Z 
build-android	Build Android APK	2026-07-31T19:53:43.1291144Z Deprecated Gradle features were used in this build, making it incompatible with Gradle 9.0.
build-android	Build Android APK	2026-07-31T19:53:43.1314754Z 
build-android	Build Android APK	2026-07-31T19:53:43.1386317Z You can use '--warning-mode all' to show the individual deprecation warnings and determine if they come from your own scripts or plugins.
build-android	Build Android APK	2026-07-31T19:53:43.1398176Z 
build-android	Build Android APK	2026-07-31T19:53:43.1402255Z For more on this, please refer to https://docs.gradle.org/8.14.3/userguide/command_line_interface.html#sec:command_line_warnings in the Gradle documentation.
build-android	Build Android APK	2026-07-31T19:53:45.6895639Z 
build-android	Build Android APK	2026-07-31T19:53:45.6915114Z > tauri
build-android	Build Android APK	2026-07-31T19:53:45.6916571Z > tauri android android-studio-script --release --target aarch64
build-android	Build Android APK	2026-07-31T19:53:45.6917252Z 
build-android	Build Android APK	2026-07-31T19:53:45.7741491Z         Info connection; remote_addr=127.0.0.1:47148 conn_id=4
build-android	Build Android APK	2026-07-31T19:53:45.8893500Z [1m[32m        Info[0m Using installed NDK: /usr/local/lib/android/sdk/ndk/29.0.14206865
build-android	Build Android APK	2026-07-31T19:53:46.1890340Z [1m[92m    Finished[0m `release` profile [optimized] target(s) in 0.29s
build-android	Build Android APK	2026-07-31T19:53:46.2908384Z [1m[32m        Info[0m symlinking lib "/home/runner/work/BoraPlayer/BoraPlayer/src-tauri/target/aarch64-linux-android/release/libapp_lib.so" in jniLibs dir "/home/runner/work/BoraPlayer/BoraPlayer/src-tauri/gen/android/app/src/main/jniLibs/arm64-v8a"
build-android	Build Android APK	2026-07-31T19:53:46.2912024Z [1m[32m        Info[0m "/home/runner/work/BoraPlayer/BoraPlayer/src-tauri/target/aarch64-linux-android/release/libapp_lib.so" requires shared lib "liblog.so"
build-android	Build Android APK	2026-07-31T19:53:46.2915008Z [1m[32m        Info[0m "/home/runner/work/BoraPlayer/BoraPlayer/src-tauri/target/aarch64-linux-android/release/libapp_lib.so" requires shared lib "libandroid.so"
build-android	Build Android APK	2026-07-31T19:53:46.2917965Z [1m[32m        Info[0m "/home/runner/work/BoraPlayer/BoraPlayer/src-tauri/target/aarch64-linux-android/release/libapp_lib.so" requires shared lib "libdl.so"
build-android	Build Android APK	2026-07-31T19:53:46.2920826Z [1m[32m        Info[0m "/home/runner/work/BoraPlayer/BoraPlayer/src-tauri/target/aarch64-linux-android/release/libapp_lib.so" requires shared lib "libm.so"
build-android	Build Android APK	2026-07-31T19:53:46.2923581Z [1m[32m        Info[0m "/home/runner/work/BoraPlayer/BoraPlayer/src-tauri/target/aarch64-linux-android/release/libapp_lib.so" requires shared lib "libc.so"
build-android	Build Android APK	2026-07-31T19:53:46.3889163Z 
build-android	Build Android APK	2026-07-31T19:53:46.3889962Z > tauri
build-android	Build Android APK	2026-07-31T19:53:46.3890773Z > tauri android android-studio-script --release --target armv7
build-android	Build Android APK	2026-07-31T19:53:46.3891258Z 
build-android	Build Android APK	2026-07-31T19:53:46.4599937Z         Info connection; remote_addr=127.0.0.1:47150 conn_id=5
build-android	Build Android APK	2026-07-31T19:53:46.5889911Z [1m[32m        Info[0m Using installed NDK: /usr/local/lib/android/sdk/ndk/29.0.14206865
build-android	Build Android APK	2026-07-31T19:53:46.7890821Z [1m[92m   Compiling[0m app v0.1.0 (/home/runner/work/BoraPlayer/BoraPlayer/src-tauri)
build-android	Build Android APK	2026-07-31T19:54:08.9889449Z [1m[92m    Finished[0m `release` profile [optimized] target(s) in 22.38s
build-android	Build Android APK	2026-07-31T19:54:08.9912903Z [1m[32m        Info[0m symlinking lib "/home/runner/work/BoraPlayer/BoraPlayer/src-tauri/target/armv7-linux-androideabi/release/libapp_lib.so" in jniLibs dir "/home/runner/work/BoraPlayer/BoraPlayer/src-tauri/gen/android/app/src/main/jniLibs/armeabi-v7a"
build-android	Build Android APK	2026-07-31T19:54:08.9915531Z [1m[32m        Info[0m "/home/runner/work/BoraPlayer/BoraPlayer/src-tauri/target/armv7-linux-androideabi/release/libapp_lib.so" requires shared lib "liblog.so"
build-android	Build Android APK	2026-07-31T19:54:08.9917044Z [1m[32m        Info[0m "/home/runner/work/BoraPlayer/BoraPlayer/src-tauri/target/armv7-linux-androideabi/release/libapp_lib.so" requires shared lib "libandroid.so"
build-android	Build Android APK	2026-07-31T19:54:08.9918473Z [1m[32m        Info[0m "/home/runner/work/BoraPlayer/BoraPlayer/src-tauri/target/armv7-linux-androideabi/release/libapp_lib.so" requires shared lib "libdl.so"
build-android	Build Android APK	2026-07-31T19:54:08.9919904Z [1m[32m        Info[0m "/home/runner/work/BoraPlayer/BoraPlayer/src-tauri/target/armv7-linux-androideabi/release/libapp_lib.so" requires shared lib "libm.so"
build-android	Build Android APK	2026-07-31T19:54:08.9921341Z [1m[32m        Info[0m "/home/runner/work/BoraPlayer/BoraPlayer/src-tauri/target/armv7-linux-androideabi/release/libapp_lib.so" requires shared lib "libc.so"
build-android	Build Android APK	2026-07-31T19:54:09.1887746Z 
build-android	Build Android APK	2026-07-31T19:54:09.1888864Z > tauri
build-android	Build Android APK	2026-07-31T19:54:09.1889685Z > tauri android android-studio-script --release --target i686
build-android	Build Android APK	2026-07-31T19:54:09.1890134Z 
build-android	Build Android APK	2026-07-31T19:54:09.2247616Z         Info connection; remote_addr=127.0.0.1:39244 conn_id=6
build-android	Build Android APK	2026-07-31T19:54:09.2889215Z [1m[32m        Info[0m Using installed NDK: /usr/local/lib/android/sdk/ndk/29.0.14206865
build-android	Build Android APK	2026-07-31T19:54:09.5896002Z [1m[92m   Compiling[0m app v0.1.0 (/home/runner/work/BoraPlayer/BoraPlayer/src-tauri)
build-android	Build Android APK	2026-07-31T19:54:29.0888629Z [1m[92m    Finished[0m `release` profile [optimized] target(s) in 19.73s
build-android	Build Android APK	2026-07-31T19:54:29.1890948Z [1m[32m        Info[0m symlinking lib "/home/runner/work/BoraPlayer/BoraPlayer/src-tauri/target/i686-linux-android/release/libapp_lib.so" in jniLibs dir "/home/runner/work/BoraPlayer/BoraPlayer/src-tauri/gen/android/app/src/main/jniLibs/x86"
build-android	Build Android APK	2026-07-31T19:54:29.1894293Z [1m[32m        Info[0m "/home/runner/work/BoraPlayer/BoraPlayer/src-tauri/target/i686-linux-android/release/libapp_lib.so" requires shared lib "liblog.so"
build-android	Build Android APK	2026-07-31T19:54:29.1897095Z [1m[32m        Info[0m "/home/runner/work/BoraPlayer/BoraPlayer/src-tauri/target/i686-linux-android/release/libapp_lib.so" requires shared lib "libandroid.so"
build-android	Build Android APK	2026-07-31T19:54:29.1900110Z [1m[32m        Info[0m "/home/runner/work/BoraPlayer/BoraPlayer/src-tauri/target/i686-linux-android/release/libapp_lib.so" requires shared lib "libdl.so"
build-android	Build Android APK	2026-07-31T19:54:29.1901885Z [1m[32m        Info[0m "/home/runner/work/BoraPlayer/BoraPlayer/src-tauri/target/i686-linux-android/release/libapp_lib.so" requires shared lib "libm.so"
build-android	Build Android APK	2026-07-31T19:54:29.1903376Z [1m[32m        Info[0m "/home/runner/work/BoraPlayer/BoraPlayer/src-tauri/target/i686-linux-android/release/libapp_lib.so" requires shared lib "libc.so"
build-android	Build Android APK	2026-07-31T19:54:29.2887606Z 
build-android	Build Android APK	2026-07-31T19:54:29.2889370Z > tauri
build-android	Build Android APK	2026-07-31T19:54:29.2890207Z > tauri android android-studio-script --release --target x86_64
build-android	Build Android APK	2026-07-31T19:54:29.2890678Z 
build-android	Build Android APK	2026-07-31T19:54:29.3399477Z         Info connection; remote_addr=127.0.0.1:36210 conn_id=7
build-android	Build Android APK	2026-07-31T19:54:29.3888905Z [1m[32m        Info[0m Using installed NDK: /usr/local/lib/android/sdk/ndk/29.0.14206865
build-android	Build Android APK	2026-07-31T19:54:29.6888749Z [1m[92m   Compiling[0m app v0.1.0 (/home/runner/work/BoraPlayer/BoraPlayer/src-tauri)
build-android	Build Android APK	2026-07-31T19:54:48.7888594Z [1m[92m    Finished[0m `release` profile [optimized] target(s) in 19.33s
build-android	Build Android APK	2026-07-31T19:54:48.8890401Z [1m[32m        Info[0m symlinking lib "/home/runner/work/BoraPlayer/BoraPlayer/src-tauri/target/x86_64-linux-android/release/libapp_lib.so" in jniLibs dir "/home/runner/work/BoraPlayer/BoraPlayer/src-tauri/gen/android/app/src/main/jniLibs/x86_64"
build-android	Build Android APK	2026-07-31T19:54:48.8893149Z [1m[32m        Info[0m "/home/runner/work/BoraPlayer/BoraPlayer/src-tauri/target/x86_64-linux-android/release/libapp_lib.so" requires shared lib "liblog.so"
build-android	Build Android APK	2026-07-31T19:54:48.8915110Z [1m[32m        Info[0m "/home/runner/work/BoraPlayer/BoraPlayer/src-tauri/target/x86_64-linux-android/release/libapp_lib.so" requires shared lib "libandroid.so"
build-android	Build Android APK	2026-07-31T19:54:48.8917819Z [1m[32m        Info[0m "/home/runner/work/BoraPlayer/BoraPlayer/src-tauri/target/x86_64-linux-android/release/libapp_lib.so" requires shared lib "libdl.so"
build-android	Build Android APK	2026-07-31T19:54:48.8920274Z [1m[32m        Info[0m "/home/runner/work/BoraPlayer/BoraPlayer/src-tauri/target/x86_64-linux-android/release/libapp_lib.so" requires shared lib "libm.so"
build-android	Build Android APK	2026-07-31T19:54:48.8922654Z [1m[32m        Info[0m "/home/runner/work/BoraPlayer/BoraPlayer/src-tauri/target/x86_64-linux-android/release/libapp_lib.so" requires shared lib "libc.so"
build-android	Build Android APK	2026-07-31T19:54:52.0826305Z 
build-android	Build Android APK	2026-07-31T19:54:52.0858054Z [Incubating] Problems report is available at: file:///home/runner/work/BoraPlayer/BoraPlayer/src-tauri/gen/android/build/reports/problems/problems-report.html
build-android	Build Android APK	2026-07-31T19:54:52.0861194Z 
build-android	Build Android APK	2026-07-31T19:54:52.0900257Z Deprecated Gradle features were used in this build, making it incompatible with Gradle 9.0.
build-android	Build Android APK	2026-07-31T19:54:52.0936576Z 
build-android	Build Android APK	2026-07-31T19:54:52.0958012Z You can use '--warning-mode all' to show the individual deprecation warnings and determine if they come from your own scripts or plugins.
build-android	Build Android APK	2026-07-31T19:54:52.0986780Z 
build-android	Build Android APK	2026-07-31T19:54:52.1014366Z     Finished 1 APK at:
build-android	Build Android APK	2026-07-31T19:54:52.1016929Z For more on this, please refer to https://docs.gradle.org/8.14.3/userguide/command_line_interface.html#sec:command_line_warnings in the Gradle documentation.
build-android	Build Android APK	2026-07-31T19:54:52.1020252Z         /home/runner/work/BoraPlayer/BoraPlayer/src-tauri/gen/android/app/build/outputs/apk/universal/release/app-universal-release-unsigned.apk
build-android	Build Android APK	2026-07-31T19:54:52.1021525Z 
build-android	Build Android APK	2026-07-31T19:54:52.1021925Z     Finished 1 AAB at:
build-android	Build Android APK	2026-07-31T19:54:52.1023435Z         /home/runner/work/BoraPlayer/BoraPlayer/src-tauri/gen/android/app/build/outputs/bundle/universalRelease/app-universal-release.aab
build-android	Build Android APK	2026-07-31T19:54:52.1024610Z 
build-android	Upload artifacts	﻿2026-07-31T19:54:52.1296206Z Node 20 is being deprecated. This workflow is running with Node 24 by default. If you need to temporarily use Node 20, you can set the ACTIONS_ALLOW_USE_UNSECURE_NODE_VERSION=true environment variable. For more information see: https://github.blog/changelog/2025-09-19-deprecation-of-node-20-on-github-actions-runners/
build-android	Upload artifacts	2026-07-31T19:54:52.1298396Z ##[group]Run actions/upload-artifact@v4
build-android	Upload artifacts	2026-07-31T19:54:52.1298854Z with:
build-android	Upload artifacts	2026-07-31T19:54:52.1299156Z   name: boraplayer-android
build-android	Upload artifacts	2026-07-31T19:54:52.1299569Z   path: src-tauri/gen/android/app/build/outputs/**
build-android	Upload artifacts	2026-07-31T19:54:52.1300062Z   if-no-files-found: warn
build-android	Upload artifacts	2026-07-31T19:54:52.1300434Z   compression-level: 6
build-android	Upload artifacts	2026-07-31T19:54:52.1300753Z   overwrite: false
build-android	Upload artifacts	2026-07-31T19:54:52.1301082Z   include-hidden-files: false
build-android	Upload artifacts	2026-07-31T19:54:52.1301429Z env:
build-android	Upload artifacts	2026-07-31T19:54:52.1301716Z   CARGO_HOME: /home/runner/.cargo
build-android	Upload artifacts	2026-07-31T19:54:52.1302100Z   CARGO_INCREMENTAL: 0
build-android	Upload artifacts	2026-07-31T19:54:52.1302432Z   CARGO_TERM_COLOR: always
build-android	Upload artifacts	2026-07-31T19:54:52.1302954Z   JAVA_HOME: /opt/hostedtoolcache/Java_Temurin-Hotspot_jdk/17.0.19-10/x64
build-android	Upload artifacts	2026-07-31T19:54:52.1303849Z   JAVA_HOME_17_X64: /opt/hostedtoolcache/Java_Temurin-Hotspot_jdk/17.0.19-10/x64
build-android	Upload artifacts	2026-07-31T19:54:52.1304496Z   ANDROID_HOME: /usr/local/lib/android/sdk
build-android	Upload artifacts	2026-07-31T19:54:52.1304959Z   ANDROID_SDK_ROOT: /usr/local/lib/android/sdk
build-android	Upload artifacts	2026-07-31T19:54:52.1305638Z ##[endgroup]
build-android	Upload artifacts	2026-07-31T19:54:52.3370344Z (node:19346) [DEP0040] DeprecationWarning: The `punycode` module is deprecated. Please use a userland alternative instead.
build-android	Upload artifacts	2026-07-31T19:54:52.3372085Z (Use `node --trace-deprecation ...` to show where the warning was created)
build-android	Upload artifacts	2026-07-31T19:54:52.3564298Z With the provided path, there will be 11 files uploaded
build-android	Upload artifacts	2026-07-31T19:54:52.3565830Z Artifact name is valid!
build-android	Upload artifacts	2026-07-31T19:54:52.3566565Z Root directory input is valid!
build-android	Upload artifacts	2026-07-31T19:54:52.6329829Z Beginning upload of artifact content to blob storage
build-android	Upload artifacts	2026-07-31T19:54:53.2889706Z (node:19346) [DEP0169] DeprecationWarning: `url.parse()` behavior is not standardized and prone to errors that have security implications. Use the WHATWG URL API instead. CVEs are not issued for `url.parse()` vulnerabilities.
build-android	Upload artifacts	2026-07-31T19:54:54.0657222Z Uploaded bytes 8388608
build-android	Upload artifacts	2026-07-31T19:54:54.3286108Z Uploaded bytes 16777216
build-android	Upload artifacts	2026-07-31T19:54:54.5144452Z Uploaded bytes 25165824
build-android	Upload artifacts	2026-07-31T19:54:54.6286615Z Uploaded bytes 27563945
build-android	Upload artifacts	2026-07-31T19:54:54.6933320Z Finished uploading artifact content to blob storage!
build-android	Upload artifacts	2026-07-31T19:54:54.6934321Z SHA256 digest of uploaded artifact zip is c1099fdb2d2f91eef90d24659588459daa0ef9c6118ca85ec52296e1191ab4b0
build-android	Upload artifacts	2026-07-31T19:54:54.6935999Z Finalizing artifact upload
build-android	Upload artifacts	2026-07-31T19:54:54.9096965Z Artifact boraplayer-android.zip successfully finalized. Artifact ID 8805091621
build-android	Upload artifacts	2026-07-31T19:54:54.9098600Z Artifact boraplayer-android has been successfully uploaded! Final size is 27563945 bytes. Artifact ID is 8805091621
build-android	Upload artifacts	2026-07-31T19:54:54.9103888Z Artifact download URL: https://github.com/sudo0bora/BoraPlayer/actions/runs/30660067574/artifacts/8805091621
build-android	Post Setup Java (JDK)	﻿2026-07-31T19:54:54.9341425Z Node 20 is being deprecated. This workflow is running with Node 24 by default. If you need to temporarily use Node 20, you can set the ACTIONS_ALLOW_USE_UNSECURE_NODE_VERSION=true environment variable. For more information see: https://github.blog/changelog/2025-09-19-deprecation-of-node-20-on-github-actions-runners/
build-android	Post Setup Java (JDK)	2026-07-31T19:54:54.9342863Z Post job cleanup.
build-android	Post Setup Java (JDK)	2026-07-31T19:54:55.0798590Z (node:19358) [DEP0040] DeprecationWarning: The `punycode` module is deprecated. Please use a userland alternative instead.
build-android	Post Setup Java (JDK)	2026-07-31T19:54:55.0799544Z (Use `node --trace-deprecation ...` to show where the warning was created)
build-android	Post Setup Node.js	﻿2026-07-31T19:54:55.0962355Z Node 20 is being deprecated. This workflow is running with Node 24 by default. If you need to temporarily use Node 20, you can set the ACTIONS_ALLOW_USE_UNSECURE_NODE_VERSION=true environment variable. For more information see: https://github.blog/changelog/2025-09-19-deprecation-of-node-20-on-github-actions-runners/
build-android	Post Setup Node.js	2026-07-31T19:54:55.0963547Z Post job cleanup.
build-android	Post Setup Node.js	2026-07-31T19:54:55.2310778Z (node:19367) [DEP0040] DeprecationWarning: The `punycode` module is deprecated. Please use a userland alternative instead.
build-android	Post Setup Node.js	2026-07-31T19:54:55.2312352Z (Use `node --trace-deprecation ...` to show where the warning was created)
build-android	Post Setup Node.js	2026-07-31T19:54:55.2544391Z [command]/usr/bin/tar --posix -cf cache.tzst --exclude cache.tzst -P -C /home/runner/work/BoraPlayer/BoraPlayer --files-from manifest.txt --use-compress-program zstdmt
build-android	Post Setup Node.js	2026-07-31T19:54:55.4990301Z Failed to save: Unable to reserve cache with key node-cache-Linux-x64-npm-c8e80d0812daf71951473a9e7adb664a9c1de07c743d886625b6082795fc50fe, another job may be creating this cache.
build-android	Post Run actions/checkout@v4	﻿2026-07-31T19:54:55.5128700Z Node 20 is being deprecated. This workflow is running with Node 24 by default. If you need to temporarily use Node 20, you can set the ACTIONS_ALLOW_USE_UNSECURE_NODE_VERSION=true environment variable. For more information see: https://github.blog/changelog/2025-09-19-deprecation-of-node-20-on-github-actions-runners/
build-android	Post Run actions/checkout@v4	2026-07-31T19:54:55.5129932Z Post job cleanup.
build-android	Post Run actions/checkout@v4	2026-07-31T19:54:55.6111143Z [command]/usr/bin/git version
build-android	Post Run actions/checkout@v4	2026-07-31T19:54:55.6158682Z git version 2.54.0
build-android	Post Run actions/checkout@v4	2026-07-31T19:54:55.6204559Z Temporarily overriding HOME='/home/runner/work/_temp/ee633d37-a188-49fb-83fe-116f5a24294a' before making global git config changes
build-android	Post Run actions/checkout@v4	2026-07-31T19:54:55.6209923Z Adding repository directory to the temporary git global config as a safe directory
build-android	Post Run actions/checkout@v4	2026-07-31T19:54:55.6211877Z [command]/usr/bin/git config --global --add safe.directory /home/runner/work/BoraPlayer/BoraPlayer
build-android	Post Run actions/checkout@v4	2026-07-31T19:54:55.6273779Z [command]/usr/bin/git config --local --name-only --get-regexp core\.sshCommand
build-android	Post Run actions/checkout@v4	2026-07-31T19:54:55.6330155Z [command]/usr/bin/git submodule foreach --recursive sh -c "git config --local --name-only --get-regexp 'core\.sshCommand' && git config --local --unset-all 'core.sshCommand' || :"
build-android	Post Run actions/checkout@v4	2026-07-31T19:54:55.6649586Z [command]/usr/bin/git config --local --name-only --get-regexp http\.https\:\/\/github\.com\/\.extraheader
build-android	Post Run actions/checkout@v4	2026-07-31T19:54:55.6678909Z http.https://github.com/.extraheader
build-android	Post Run actions/checkout@v4	2026-07-31T19:54:55.6691893Z [command]/usr/bin/git config --local --unset-all http.https://github.com/.extraheader
build-android	Post Run actions/checkout@v4	2026-07-31T19:54:55.6731655Z [command]/usr/bin/git submodule foreach --recursive sh -c "git config --local --name-only --get-regexp 'http\.https\:\/\/github\.com\/\.extraheader' && git config --local --unset-all 'http.https://github.com/.extraheader' || :"
build-android	Post Run actions/checkout@v4	2026-07-31T19:54:55.7047106Z [command]/usr/bin/git config --local --name-only --get-regexp ^includeIf\.gitdir:
build-android	Post Run actions/checkout@v4	2026-07-31T19:54:55.7096607Z [command]/usr/bin/git submodule foreach --recursive git config --local --show-origin --name-only --get-regexp remote.origin.url
build-android	Complete job	﻿2026-07-31T19:54:55.7532838Z Cleaning up orphan processes
build-android	Complete job	2026-07-31T19:54:55.7900547Z Terminate orphan process: pid (10334) (java)
build-android	Complete job	2026-07-31T19:54:55.7936285Z Terminate orphan process: pid (10484) (java)
build-android	Complete job	2026-07-31T19:54:55.7980178Z Terminate orphan process: pid (18678) (java)
build-android	Complete job	2026-07-31T19:54:55.8011771Z ##[warning]Node.js 20 is deprecated. The following actions target Node.js 20 but are being forced to run on Node.js 24: actions/checkout@v4, actions/setup-java@v4, actions/setup-node@v4, actions/upload-artifact@v4, android-actions/setup-android@v3. For more information see: https://github.blog/changelog/2025-09-19-deprecation-of-node-20-on-github-actions-runners/
build-desktop (windows-latest)	Set up job	﻿2026-07-31T19:41:40.7281118Z Current runner version: '2.336.0'
build-desktop (windows-latest)	Set up job	2026-07-31T19:41:40.7326281Z ##[group]Runner Image Provisioner
build-desktop (windows-latest)	Set up job	2026-07-31T19:41:40.7327136Z Hosted Compute Agent
build-desktop (windows-latest)	Set up job	2026-07-31T19:41:40.7327696Z Version: 20260707.563
build-desktop (windows-latest)	Set up job	2026-07-31T19:41:40.7328371Z Commit: 02667638d2b423fbc733a8e32a88b44996a3ba6e
build-desktop (windows-latest)	Set up job	2026-07-31T19:41:40.7329315Z Build Date: 2026-07-07T19:33:50Z
build-desktop (windows-latest)	Set up job	2026-07-31T19:41:40.7330424Z Worker ID: {8fee0452-3cfc-4b9f-a593-7d3fe53f4564}
build-desktop (windows-latest)	Set up job	2026-07-31T19:41:40.7331124Z Azure Region: westus
build-desktop (windows-latest)	Set up job	2026-07-31T19:41:40.7331676Z ##[endgroup]
build-desktop (windows-latest)	Set up job	2026-07-31T19:41:40.7333389Z ##[group]Operating System
build-desktop (windows-latest)	Set up job	2026-07-31T19:41:40.7334023Z Microsoft Windows Server 2025
build-desktop (windows-latest)	Set up job	2026-07-31T19:41:40.7334605Z 10.0.26100
build-desktop (windows-latest)	Set up job	2026-07-31T19:41:40.7335081Z Datacenter
build-desktop (windows-latest)	Set up job	2026-07-31T19:41:40.7335555Z ##[endgroup]
build-desktop (windows-latest)	Set up job	2026-07-31T19:41:40.7336054Z ##[group]Runner Image
build-desktop (windows-latest)	Set up job	2026-07-31T19:41:40.7336618Z Image: windows-2025-vs2026
build-desktop (windows-latest)	Set up job	2026-07-31T19:41:40.7337192Z Version: 20260728.188.1
build-desktop (windows-latest)	Set up job	2026-07-31T19:41:40.7338241Z Included Software: https://github.com/actions/runner-images/blob/win25-vs2026/20260728.188/images/windows/Windows2025-VS2026-Readme.md
build-desktop (windows-latest)	Set up job	2026-07-31T19:41:40.7340252Z Image Release: https://github.com/actions/runner-images/releases/tag/win25-vs2026%2F20260728.188
build-desktop (windows-latest)	Set up job	2026-07-31T19:41:40.7341196Z ##[endgroup]
build-desktop (windows-latest)	Set up job	2026-07-31T19:41:40.7344322Z ##[group]GITHUB_TOKEN Permissions
build-desktop (windows-latest)	Set up job	2026-07-31T19:41:40.7346281Z Actions: write
build-desktop (windows-latest)	Set up job	2026-07-31T19:41:40.7346868Z ArtifactMetadata: write
build-desktop (windows-latest)	Set up job	2026-07-31T19:41:40.7347476Z Attestations: write
build-desktop (windows-latest)	Set up job	2026-07-31T19:41:40.7348030Z Checks: write
build-desktop (windows-latest)	Set up job	2026-07-31T19:41:40.7348521Z CodeQuality: write
build-desktop (windows-latest)	Set up job	2026-07-31T19:41:40.7349054Z Contents: write
build-desktop (windows-latest)	Set up job	2026-07-31T19:41:40.7350004Z CopilotRequests: write
build-desktop (windows-latest)	Set up job	2026-07-31T19:41:40.7350902Z Deployments: write
build-desktop (windows-latest)	Set up job	2026-07-31T19:41:40.7351411Z Discussions: write
build-desktop (windows-latest)	Set up job	2026-07-31T19:41:40.7351909Z Drives: write
build-desktop (windows-latest)	Set up job	2026-07-31T19:41:40.7352390Z Issues: write
build-desktop (windows-latest)	Set up job	2026-07-31T19:41:40.7352892Z Metadata: read
build-desktop (windows-latest)	Set up job	2026-07-31T19:41:40.7353445Z Models: read
build-desktop (windows-latest)	Set up job	2026-07-31T19:41:40.7353939Z Packages: write
build-desktop (windows-latest)	Set up job	2026-07-31T19:41:40.7354408Z Pages: write
build-desktop (windows-latest)	Set up job	2026-07-31T19:41:40.7354932Z PullRequests: write
build-desktop (windows-latest)	Set up job	2026-07-31T19:41:40.7355443Z RepositoryProjects: write
build-desktop (windows-latest)	Set up job	2026-07-31T19:41:40.7356019Z SecurityEvents: write
build-desktop (windows-latest)	Set up job	2026-07-31T19:41:40.7356551Z Statuses: write
build-desktop (windows-latest)	Set up job	2026-07-31T19:41:40.7357051Z VulnerabilityAlerts: read
build-desktop (windows-latest)	Set up job	2026-07-31T19:41:40.7357639Z ##[endgroup]
build-desktop (windows-latest)	Set up job	2026-07-31T19:41:40.7359771Z Secret source: Actions
build-desktop (windows-latest)	Set up job	2026-07-31T19:41:40.7360757Z Prepare workflow directory
build-desktop (windows-latest)	Set up job	2026-07-31T19:41:40.7715960Z Prepare all required actions
build-desktop (windows-latest)	Set up job	2026-07-31T19:41:40.7776959Z Getting action download info
build-desktop (windows-latest)	Set up job	2026-07-31T19:41:41.1345053Z Download action repository 'actions/checkout@v4' (SHA:11d5960a326750d5838078e36cf38b85af677262)
build-desktop (windows-latest)	Set up job	2026-07-31T19:41:41.2599786Z Download action repository 'actions/setup-node@v4' (SHA:49933ea5288caeca8642d1e84afbd3f7d6820020)
build-desktop (windows-latest)	Set up job	2026-07-31T19:41:41.5251152Z Download action repository 'dtolnay/rust-toolchain@stable' (SHA:4cda84d5c5c54efe2404f9d843567869ab1699d4)
build-desktop (windows-latest)	Set up job	2026-07-31T19:41:41.7406408Z Download action repository 'tauri-apps/tauri-action@v0.5.2' (SHA:efcf29f3275be7c39922887eede87441f012b79b)
build-desktop (windows-latest)	Set up job	2026-07-31T19:41:42.0891094Z Download action repository 'actions/upload-artifact@v4' (SHA:ea165f8d65b6e75b540449e92b4886f43607fa02)
build-desktop (windows-latest)	Set up job	2026-07-31T19:41:42.5099200Z Complete job name: build-desktop (windows-latest)
build-desktop (windows-latest)	Run actions/checkout@v4	﻿2026-07-31T19:41:42.6586392Z Node 20 is being deprecated. This workflow is running with Node 24 by default. If you need to temporarily use Node 20, you can set the ACTIONS_ALLOW_USE_UNSECURE_NODE_VERSION=true environment variable. For more information see: https://github.blog/changelog/2025-09-19-deprecation-of-node-20-on-github-actions-runners/
build-desktop (windows-latest)	Run actions/checkout@v4	2026-07-31T19:41:42.6597004Z ##[group]Run actions/checkout@v4
build-desktop (windows-latest)	Run actions/checkout@v4	2026-07-31T19:41:42.6598174Z with:
build-desktop (windows-latest)	Run actions/checkout@v4	2026-07-31T19:41:42.6598976Z   repository: sudo0bora/BoraPlayer
build-desktop (windows-latest)	Run actions/checkout@v4	2026-07-31T19:41:42.6606438Z   token: ***
build-desktop (windows-latest)	Run actions/checkout@v4	2026-07-31T19:41:42.6607242Z   ssh-strict: true
build-desktop (windows-latest)	Run actions/checkout@v4	2026-07-31T19:41:42.6608048Z   ssh-user: git
build-desktop (windows-latest)	Run actions/checkout@v4	2026-07-31T19:41:42.6608867Z   persist-credentials: true
build-desktop (windows-latest)	Run actions/checkout@v4	2026-07-31T19:41:42.6609767Z   clean: true
build-desktop (windows-latest)	Run actions/checkout@v4	2026-07-31T19:41:42.6610580Z   sparse-checkout-cone-mode: true
build-desktop (windows-latest)	Run actions/checkout@v4	2026-07-31T19:41:42.6613277Z   fetch-depth: 1
build-desktop (windows-latest)	Run actions/checkout@v4	2026-07-31T19:41:42.6614099Z   fetch-tags: false
build-desktop (windows-latest)	Run actions/checkout@v4	2026-07-31T19:41:42.6614926Z   show-progress: true
build-desktop (windows-latest)	Run actions/checkout@v4	2026-07-31T19:41:42.6615749Z   lfs: false
build-desktop (windows-latest)	Run actions/checkout@v4	2026-07-31T19:41:42.6616510Z   submodules: false
build-desktop (windows-latest)	Run actions/checkout@v4	2026-07-31T19:41:42.6617381Z   set-safe-directory: true
build-desktop (windows-latest)	Run actions/checkout@v4	2026-07-31T19:41:42.6618305Z   allow-unsafe-pr-checkout: false
build-desktop (windows-latest)	Run actions/checkout@v4	2026-07-31T19:41:42.6619605Z ##[endgroup]
build-desktop (windows-latest)	Run actions/checkout@v4	2026-07-31T19:41:42.8147366Z Syncing repository: sudo0bora/BoraPlayer
build-desktop (windows-latest)	Run actions/checkout@v4	2026-07-31T19:41:42.8151950Z ##[group]Getting Git version info
build-desktop (windows-latest)	Run actions/checkout@v4	2026-07-31T19:41:42.8155094Z Working directory is 'D:\a\BoraPlayer\BoraPlayer'
build-desktop (windows-latest)	Run actions/checkout@v4	2026-07-31T19:41:42.9212288Z [command]"C:\Program Files\Git\bin\git.exe" version
build-desktop (windows-latest)	Run actions/checkout@v4	2026-07-31T19:41:43.3001197Z git version 2.55.0.windows.3
build-desktop (windows-latest)	Run actions/checkout@v4	2026-07-31T19:41:43.3050646Z ##[endgroup]
build-desktop (windows-latest)	Run actions/checkout@v4	2026-07-31T19:41:43.3071840Z Temporarily overriding HOME='D:\a\_temp\279fa75d-e8f2-4ab1-8630-7c8c8d405247' before making global git config changes
build-desktop (windows-latest)	Run actions/checkout@v4	2026-07-31T19:41:43.3076519Z Adding repository directory to the temporary git global config as a safe directory
build-desktop (windows-latest)	Run actions/checkout@v4	2026-07-31T19:41:43.3085474Z [command]"C:\Program Files\Git\bin\git.exe" config --global --add safe.directory D:\a\BoraPlayer\BoraPlayer
build-desktop (windows-latest)	Run actions/checkout@v4	2026-07-31T19:41:43.3672392Z Deleting the contents of 'D:\a\BoraPlayer\BoraPlayer'
build-desktop (windows-latest)	Run actions/checkout@v4	2026-07-31T19:41:43.3678336Z ##[group]Initializing the repository
build-desktop (windows-latest)	Run actions/checkout@v4	2026-07-31T19:41:43.3686334Z [command]"C:\Program Files\Git\bin\git.exe" init D:\a\BoraPlayer\BoraPlayer
build-desktop (windows-latest)	Run actions/checkout@v4	2026-07-31T19:41:43.4594778Z Initialized empty Git repository in D:/a/BoraPlayer/BoraPlayer/.git/
build-desktop (windows-latest)	Run actions/checkout@v4	2026-07-31T19:41:43.4632698Z [command]"C:\Program Files\Git\bin\git.exe" remote add origin https://github.com/sudo0bora/BoraPlayer
build-desktop (windows-latest)	Run actions/checkout@v4	2026-07-31T19:41:43.5178711Z ##[endgroup]
build-desktop (windows-latest)	Run actions/checkout@v4	2026-07-31T19:41:43.5179962Z ##[group]Disabling automatic garbage collection
build-desktop (windows-latest)	Run actions/checkout@v4	2026-07-31T19:41:43.5187161Z [command]"C:\Program Files\Git\bin\git.exe" config --local gc.auto 0
build-desktop (windows-latest)	Run actions/checkout@v4	2026-07-31T19:41:43.5544755Z ##[endgroup]
build-desktop (windows-latest)	Run actions/checkout@v4	2026-07-31T19:41:43.5546761Z ##[group]Setting up auth
build-desktop (windows-latest)	Run actions/checkout@v4	2026-07-31T19:41:43.5556488Z [command]"C:\Program Files\Git\bin\git.exe" config --local --name-only --get-regexp core\.sshCommand
build-desktop (windows-latest)	Run actions/checkout@v4	2026-07-31T19:41:43.5830622Z [command]"C:\Program Files\Git\bin\git.exe" submodule foreach --recursive "sh -c \"git config --local --name-only --get-regexp 'core\.sshCommand' && git config --local --unset-all 'core.sshCommand' || :\""
build-desktop (windows-latest)	Run actions/checkout@v4	2026-07-31T19:41:45.0833837Z [command]"C:\Program Files\Git\bin\git.exe" config --local --name-only --get-regexp http\.https\:\/\/github\.com\/\.extraheader
build-desktop (windows-latest)	Run actions/checkout@v4	2026-07-31T19:41:45.1110688Z [command]"C:\Program Files\Git\bin\git.exe" submodule foreach --recursive "sh -c \"git config --local --name-only --get-regexp 'http\.https\:\/\/github\.com\/\.extraheader' && git config --local --unset-all 'http.https://github.com/.extraheader' || :\""
build-desktop (windows-latest)	Run actions/checkout@v4	2026-07-31T19:41:45.6284338Z [command]"C:\Program Files\Git\bin\git.exe" config --local --name-only --get-regexp ^includeIf\.gitdir:
build-desktop (windows-latest)	Run actions/checkout@v4	2026-07-31T19:41:45.6564166Z [command]"C:\Program Files\Git\bin\git.exe" submodule foreach --recursive "git config --local --show-origin --name-only --get-regexp remote.origin.url"
build-desktop (windows-latest)	Run actions/checkout@v4	2026-07-31T19:41:46.1522039Z [command]"C:\Program Files\Git\bin\git.exe" config --local http.https://github.com/.extraheader "AUTHORIZATION: basic ***"
build-desktop (windows-latest)	Run actions/checkout@v4	2026-07-31T19:41:46.1811735Z ##[endgroup]
build-desktop (windows-latest)	Run actions/checkout@v4	2026-07-31T19:41:46.1812587Z ##[group]Fetching the repository
build-desktop (windows-latest)	Run actions/checkout@v4	2026-07-31T19:41:46.1825031Z [command]"C:\Program Files\Git\bin\git.exe" -c protocol.version=2 fetch --no-tags --prune --no-recurse-submodules --depth=1 origin +2c6b0b49d20e33ac5210a3d5c47a911e08324ad2:refs/tags/v1.0.14
build-desktop (windows-latest)	Run actions/checkout@v4	2026-07-31T19:41:48.8054555Z From https://github.com/sudo0bora/BoraPlayer
build-desktop (windows-latest)	Run actions/checkout@v4	2026-07-31T19:41:48.8055182Z  * [new ref]         2c6b0b49d20e33ac5210a3d5c47a911e08324ad2 -> v1.0.14
build-desktop (windows-latest)	Run actions/checkout@v4	2026-07-31T19:41:48.8092559Z ##[endgroup]
build-desktop (windows-latest)	Run actions/checkout@v4	2026-07-31T19:41:48.8093612Z ##[group]Determining the checkout info
build-desktop (windows-latest)	Run actions/checkout@v4	2026-07-31T19:41:48.8095851Z ##[endgroup]
build-desktop (windows-latest)	Run actions/checkout@v4	2026-07-31T19:41:48.8105708Z [command]"C:\Program Files\Git\bin\git.exe" sparse-checkout disable
build-desktop (windows-latest)	Run actions/checkout@v4	2026-07-31T19:41:48.8512885Z [command]"C:\Program Files\Git\bin\git.exe" config --local --unset-all extensions.worktreeConfig
build-desktop (windows-latest)	Run actions/checkout@v4	2026-07-31T19:41:48.8781881Z ##[group]Checking out the ref
build-desktop (windows-latest)	Run actions/checkout@v4	2026-07-31T19:41:48.8788917Z [command]"C:\Program Files\Git\bin\git.exe" checkout --progress --force refs/tags/v1.0.14
build-desktop (windows-latest)	Run actions/checkout@v4	2026-07-31T19:41:49.2264259Z Note: switching to 'refs/tags/v1.0.14'.
build-desktop (windows-latest)	Run actions/checkout@v4	2026-07-31T19:41:49.2264626Z 
build-desktop (windows-latest)	Run actions/checkout@v4	2026-07-31T19:41:49.2264846Z You are in 'detached HEAD' state. You can look around, make experimental
build-desktop (windows-latest)	Run actions/checkout@v4	2026-07-31T19:41:49.2265360Z changes and commit them, and you can discard any commits you make in this
build-desktop (windows-latest)	Run actions/checkout@v4	2026-07-31T19:41:49.2266265Z state without impacting any branches by switching back to a branch.
build-desktop (windows-latest)	Run actions/checkout@v4	2026-07-31T19:41:49.2266774Z 
build-desktop (windows-latest)	Run actions/checkout@v4	2026-07-31T19:41:49.2267143Z If you want to create a new branch to retain commits you create, you may
build-desktop (windows-latest)	Run actions/checkout@v4	2026-07-31T19:41:49.2267852Z do so (now or later) by using -c with the switch command. Example:
build-desktop (windows-latest)	Run actions/checkout@v4	2026-07-31T19:41:49.2268105Z 
build-desktop (windows-latest)	Run actions/checkout@v4	2026-07-31T19:41:49.2268210Z   git switch -c <new-branch-name>
build-desktop (windows-latest)	Run actions/checkout@v4	2026-07-31T19:41:49.2268456Z 
build-desktop (windows-latest)	Run actions/checkout@v4	2026-07-31T19:41:49.2268557Z Or undo this operation with:
build-desktop (windows-latest)	Run actions/checkout@v4	2026-07-31T19:41:49.2268766Z 
build-desktop (windows-latest)	Run actions/checkout@v4	2026-07-31T19:41:49.2268870Z   git switch -
build-desktop (windows-latest)	Run actions/checkout@v4	2026-07-31T19:41:49.2268988Z 
build-desktop (windows-latest)	Run actions/checkout@v4	2026-07-31T19:41:49.2269193Z Turn off this advice by setting config variable advice.detachedHead to false
build-desktop (windows-latest)	Run actions/checkout@v4	2026-07-31T19:41:49.2269569Z 
build-desktop (windows-latest)	Run actions/checkout@v4	2026-07-31T19:41:49.2269785Z HEAD is now at 2c6b0b4 Patch Xcode pbxproj for ad-hoc signing as requested
build-desktop (windows-latest)	Run actions/checkout@v4	2026-07-31T19:41:49.2450558Z ##[endgroup]
build-desktop (windows-latest)	Run actions/checkout@v4	2026-07-31T19:41:49.2848745Z [command]"C:\Program Files\Git\bin\git.exe" log -1 --format=%H
build-desktop (windows-latest)	Run actions/checkout@v4	2026-07-31T19:41:49.3092302Z 2c6b0b49d20e33ac5210a3d5c47a911e08324ad2
build-desktop (windows-latest)	Setup Node.js	﻿2026-07-31T19:41:49.3566796Z Node 20 is being deprecated. This workflow is running with Node 24 by default. If you need to temporarily use Node 20, you can set the ACTIONS_ALLOW_USE_UNSECURE_NODE_VERSION=true environment variable. For more information see: https://github.blog/changelog/2025-09-19-deprecation-of-node-20-on-github-actions-runners/
build-desktop (windows-latest)	Setup Node.js	2026-07-31T19:41:49.3568739Z ##[group]Run actions/setup-node@v4
build-desktop (windows-latest)	Setup Node.js	2026-07-31T19:41:49.3568996Z with:
build-desktop (windows-latest)	Setup Node.js	2026-07-31T19:41:49.3569178Z   node-version: 20
build-desktop (windows-latest)	Setup Node.js	2026-07-31T19:41:49.3569356Z   cache: npm
build-desktop (windows-latest)	Setup Node.js	2026-07-31T19:41:49.3569522Z   always-auth: false
build-desktop (windows-latest)	Setup Node.js	2026-07-31T19:41:49.3569706Z   check-latest: false
build-desktop (windows-latest)	Setup Node.js	2026-07-31T19:41:49.3572059Z   token: ***
build-desktop (windows-latest)	Setup Node.js	2026-07-31T19:41:49.3572235Z ##[endgroup]
build-desktop (windows-latest)	Setup Node.js	2026-07-31T19:41:49.5303541Z Attempting to download 20...
build-desktop (windows-latest)	Setup Node.js	2026-07-31T19:41:49.5499227Z (node:7144) [DEP0040] DeprecationWarning: The `punycode` module is deprecated. Please use a userland alternative instead.
build-desktop (windows-latest)	Setup Node.js	2026-07-31T19:41:49.5499955Z (Use `node --trace-deprecation ...` to show where the warning was created)
build-desktop (windows-latest)	Setup Node.js	2026-07-31T19:41:50.2505039Z Acquiring 20.20.2 - x64 from https://github.com/actions/node-versions/releases/download/20.20.2-23521894959/node-20.20.2-win32-x64.7z
build-desktop (windows-latest)	Setup Node.js	2026-07-31T19:41:50.6418858Z Extracting ...
build-desktop (windows-latest)	Setup Node.js	2026-07-31T19:41:52.8260711Z Adding to the cache ...
build-desktop (windows-latest)	Setup Node.js	2026-07-31T19:41:56.4387433Z ##[group]Environment details
build-desktop (windows-latest)	Setup Node.js	2026-07-31T19:41:57.6067343Z node: v20.20.2
build-desktop (windows-latest)	Setup Node.js	2026-07-31T19:41:57.6067831Z npm: 10.8.2
build-desktop (windows-latest)	Setup Node.js	2026-07-31T19:41:57.6068375Z yarn: 1.22.22
build-desktop (windows-latest)	Setup Node.js	2026-07-31T19:41:57.6068794Z ##[endgroup]
build-desktop (windows-latest)	Setup Node.js	2026-07-31T19:41:57.6824554Z [command]C:\Windows\system32\cmd.exe /D /S /C "C:\hostedtoolcache\windows\node\20.20.2\x64\npm.cmd config get cache"
build-desktop (windows-latest)	Setup Node.js	2026-07-31T19:41:57.9917272Z C:\npm\cache
build-desktop (windows-latest)	Setup Node.js	2026-07-31T19:41:58.3681501Z npm cache is not found
build-desktop (windows-latest)	Install Rust stable	﻿2026-07-31T19:41:58.4103021Z ##[group]Run dtolnay/rust-toolchain@stable
build-desktop (windows-latest)	Install Rust stable	2026-07-31T19:41:58.4103357Z with:
build-desktop (windows-latest)	Install Rust stable	2026-07-31T19:41:58.4103526Z   toolchain: stable
build-desktop (windows-latest)	Install Rust stable	2026-07-31T19:41:58.4103710Z ##[endgroup]
build-desktop (windows-latest)	Install Rust stable	2026-07-31T19:41:58.4193058Z ##[start-action display=Run : parse toolchain version;id=__dtolnay_rust-toolchain.parse]
build-desktop (windows-latest)	Install Rust stable	2026-07-31T19:41:58.4334297Z ##[group]Run : parse toolchain version
build-desktop (windows-latest)	Install Rust stable	2026-07-31T19:41:58.4334637Z [36;1m: parse toolchain version[0m
build-desktop (windows-latest)	Install Rust stable	2026-07-31T19:41:58.4334898Z [36;1mif [[ -z $toolchain ]]; then[0m
build-desktop (windows-latest)	Install Rust stable	2026-07-31T19:41:58.4335394Z [36;1m  # GitHub does not enforce `required: true` inputs itself. https://github.com/actions/runner/issues/1070[0m
build-desktop (windows-latest)	Install Rust stable	2026-07-31T19:41:58.4336172Z [36;1m  echo "'toolchain' is a required input" >&2[0m
build-desktop (windows-latest)	Install Rust stable	2026-07-31T19:41:58.4336447Z [36;1m  exit 1[0m
build-desktop (windows-latest)	Install Rust stable	2026-07-31T19:41:58.4336751Z [36;1melif [[ $toolchain =~ ^stable' '[0-9]+' '(year|month|week|day)s?' 'ago$ ]]; then[0m
build-desktop (windows-latest)	Install Rust stable	2026-07-31T19:41:58.4337138Z [36;1m  if [[ Windows == macOS ]]; then[0m
build-desktop (windows-latest)	Install Rust stable	2026-07-31T19:41:58.4337641Z [36;1m    echo "toolchain=1.$((($(date -v-$(sed 's/stable \([0-9]*\) \(.\).*/\1\2/' <<< $toolchain) +%s)/60/60/24-16569)/7/6))" >> $GITHUB_OUTPUT[0m
build-desktop (windows-latest)	Install Rust stable	2026-07-31T19:41:58.4338167Z [36;1m  else[0m
build-desktop (windows-latest)	Install Rust stable	2026-07-31T19:41:58.4338536Z [36;1m    echo "toolchain=1.$((($(date --date "${toolchain#stable }" +%s)/60/60/24-16569)/7/6))" >> $GITHUB_OUTPUT[0m
build-desktop (windows-latest)	Install Rust stable	2026-07-31T19:41:58.4338959Z [36;1m  fi[0m
build-desktop (windows-latest)	Install Rust stable	2026-07-31T19:41:58.4339223Z [36;1melif [[ $toolchain =~ ^stable' 'minus' '[0-9]+' 'releases?$ ]]; then[0m
build-desktop (windows-latest)	Install Rust stable	2026-07-31T19:41:58.4339723Z [36;1m  echo "toolchain=1.$((($(date +%s)/60/60/24-16569)/7/6-${toolchain//[^0-9]/}))" >> $GITHUB_OUTPUT[0m
build-desktop (windows-latest)	Install Rust stable	2026-07-31T19:41:58.4340156Z [36;1melif [[ $toolchain =~ ^1\.[0-9]+$ ]]; then[0m
build-desktop (windows-latest)	Install Rust stable	2026-07-31T19:41:58.4340652Z [36;1m  echo "toolchain=1.$((i=${toolchain#1.}, c=($(date +%s)/60/60/24-16569)/7/6, i+9*i*(10*i<=c)+90*i*(100*i<=c)))" >> $GITHUB_OUTPUT[0m
build-desktop (windows-latest)	Install Rust stable	2026-07-31T19:41:58.4341139Z [36;1melse[0m
build-desktop (windows-latest)	Install Rust stable	2026-07-31T19:41:58.4341357Z [36;1m  echo "toolchain=$toolchain" >> $GITHUB_OUTPUT[0m
build-desktop (windows-latest)	Install Rust stable	2026-07-31T19:41:58.4341630Z [36;1mfi[0m
build-desktop (windows-latest)	Install Rust stable	2026-07-31T19:41:58.4362833Z shell: C:\Program Files\Git\bin\bash.EXE --noprofile --norc -e -o pipefail {0}
build-desktop (windows-latest)	Install Rust stable	2026-07-31T19:41:58.4363221Z env:
build-desktop (windows-latest)	Install Rust stable	2026-07-31T19:41:58.4363380Z   toolchain: stable
build-desktop (windows-latest)	Install Rust stable	2026-07-31T19:41:58.4363556Z ##[endgroup]
build-desktop (windows-latest)	Install Rust stable	2026-07-31T19:41:58.6395617Z ##[end-action id=__dtolnay_rust-toolchain.parse;outcome=success;conclusion=success;duration_ms=220]
build-desktop (windows-latest)	Install Rust stable	2026-07-31T19:41:58.6404026Z ##[start-action display=Run : construct rustup command line;id=__dtolnay_rust-toolchain.flags]
build-desktop (windows-latest)	Install Rust stable	2026-07-31T19:41:58.6521672Z ##[group]Run : construct rustup command line
build-desktop (windows-latest)	Install Rust stable	2026-07-31T19:41:58.6522456Z [36;1m: construct rustup command line[0m
build-desktop (windows-latest)	Install Rust stable	2026-07-31T19:41:58.6522897Z [36;1mecho "targets=$(for t in ${targets//,/ }; do echo -n ' --target' $t; done)" >> $GITHUB_OUTPUT[0m
build-desktop (windows-latest)	Install Rust stable	2026-07-31T19:41:58.6523506Z [36;1mecho "components=$(for c in ${components//,/ }; do echo -n ' --component' $c; done)" >> $GITHUB_OUTPUT[0m
build-desktop (windows-latest)	Install Rust stable	2026-07-31T19:41:58.6523964Z [36;1mecho "downgrade=" >> $GITHUB_OUTPUT[0m
build-desktop (windows-latest)	Install Rust stable	2026-07-31T19:41:58.6538941Z shell: C:\Program Files\Git\bin\bash.EXE --noprofile --norc -e -o pipefail {0}
build-desktop (windows-latest)	Install Rust stable	2026-07-31T19:41:58.6539317Z env:
build-desktop (windows-latest)	Install Rust stable	2026-07-31T19:41:58.6539473Z   targets: 
build-desktop (windows-latest)	Install Rust stable	2026-07-31T19:41:58.6539629Z   components: 
build-desktop (windows-latest)	Install Rust stable	2026-07-31T19:41:58.6539795Z ##[endgroup]
build-desktop (windows-latest)	Install Rust stable	2026-07-31T19:41:58.7180359Z ##[end-action id=__dtolnay_rust-toolchain.flags;outcome=success;conclusion=success;duration_ms=77]
build-desktop (windows-latest)	Install Rust stable	2026-07-31T19:41:58.7184499Z ##[start-action display=Run : set $CARGO_HOME;id=__dtolnay_rust-toolchain.__run]
build-desktop (windows-latest)	Install Rust stable	2026-07-31T19:41:58.7304381Z ##[group]Run : set $CARGO_HOME
build-desktop (windows-latest)	Install Rust stable	2026-07-31T19:41:58.7304636Z [36;1m: set $CARGO_HOME[0m
build-desktop (windows-latest)	Install Rust stable	2026-07-31T19:41:58.7304980Z [36;1mecho CARGO_HOME=${CARGO_HOME:-"$USERPROFILE\.cargo"} >> $GITHUB_ENV[0m
build-desktop (windows-latest)	Install Rust stable	2026-07-31T19:41:58.7320868Z shell: C:\Program Files\Git\bin\bash.EXE --noprofile --norc -e -o pipefail {0}
build-desktop (windows-latest)	Install Rust stable	2026-07-31T19:41:58.7321251Z ##[endgroup]
build-desktop (windows-latest)	Install Rust stable	2026-07-31T19:41:58.7701725Z ##[end-action id=__dtolnay_rust-toolchain.__run;outcome=success;conclusion=success;duration_ms=51]
build-desktop (windows-latest)	Install Rust stable	2026-07-31T19:41:58.7705737Z ##[start-action display=Run : install rustup if needed;id=__dtolnay_rust-toolchain.__run_2]
build-desktop (windows-latest)	Install Rust stable	2026-07-31T19:41:58.7714712Z ##[end-action id=__dtolnay_rust-toolchain.__run_2;outcome=skipped;conclusion=skipped;duration_ms=0]
build-desktop (windows-latest)	Install Rust stable	2026-07-31T19:41:58.7718279Z ##[start-action display=Run : install rustup if needed on windows;id=__dtolnay_rust-toolchain.__run_3]
build-desktop (windows-latest)	Install Rust stable	2026-07-31T19:41:58.7842353Z ##[group]Run : install rustup if needed on windows
build-desktop (windows-latest)	Install Rust stable	2026-07-31T19:41:58.7842694Z [36;1m: install rustup if needed on windows[0m
build-desktop (windows-latest)	Install Rust stable	2026-07-31T19:41:58.7842988Z [36;1mif ! command -v rustup &>/dev/null; then[0m
build-desktop (windows-latest)	Install Rust stable	2026-07-31T19:41:58.7843894Z [36;1m  curl --proto '=https' --tlsv1.2 --retry 10 --retry-connrefused --location --silent --show-error --fail https://win.rustup.rs/x86_64 --output 'D:\a\_temp\rustup-init.exe'[0m
build-desktop (windows-latest)	Install Rust stable	2026-07-31T19:41:58.7844759Z [36;1m  'D:\a\_temp\rustup-init.exe' --default-toolchain none --no-modify-path -y[0m
build-desktop (windows-latest)	Install Rust stable	2026-07-31T19:41:58.7845174Z [36;1m  echo "$CARGO_HOME\bin" >> $GITHUB_PATH[0m
build-desktop (windows-latest)	Install Rust stable	2026-07-31T19:41:58.7845431Z [36;1mfi[0m
build-desktop (windows-latest)	Install Rust stable	2026-07-31T19:41:58.7861590Z shell: C:\Program Files\Git\bin\bash.EXE --noprofile --norc -e -o pipefail {0}
build-desktop (windows-latest)	Install Rust stable	2026-07-31T19:41:58.7861962Z env:
build-desktop (windows-latest)	Install Rust stable	2026-07-31T19:41:58.7862140Z   CARGO_HOME: C:\Users\runneradmin\.cargo
build-desktop (windows-latest)	Install Rust stable	2026-07-31T19:41:58.7862380Z ##[endgroup]
build-desktop (windows-latest)	Install Rust stable	2026-07-31T19:41:58.8462903Z ##[end-action id=__dtolnay_rust-toolchain.__run_3;outcome=success;conclusion=success;duration_ms=74]
build-desktop (windows-latest)	Install Rust stable	2026-07-31T19:41:58.8466923Z ##[start-action display=rustup toolchain install stable;id=__dtolnay_rust-toolchain.__run_4]
build-desktop (windows-latest)	Install Rust stable	2026-07-31T19:41:58.8584901Z ##[group]Run rustup toolchain install stable --profile minimal --no-self-update
build-desktop (windows-latest)	Install Rust stable	2026-07-31T19:41:58.8585858Z [36;1mrustup toolchain install stable --profile minimal --no-self-update[0m
build-desktop (windows-latest)	Install Rust stable	2026-07-31T19:41:58.8600771Z shell: C:\Program Files\Git\bin\bash.EXE --noprofile --norc -e -o pipefail {0}
build-desktop (windows-latest)	Install Rust stable	2026-07-31T19:41:58.8601143Z env:
build-desktop (windows-latest)	Install Rust stable	2026-07-31T19:41:58.8601324Z   CARGO_HOME: C:\Users\runneradmin\.cargo
build-desktop (windows-latest)	Install Rust stable	2026-07-31T19:41:58.8601589Z   RUSTUP_PERMIT_COPY_RENAME: 1
build-desktop (windows-latest)	Install Rust stable	2026-07-31T19:41:58.8601797Z ##[endgroup]
build-desktop (windows-latest)	Install Rust stable	2026-07-31T19:42:02.1696784Z info: syncing channel updates for stable-x86_64-pc-windows-msvc
build-desktop (windows-latest)	Install Rust stable	2026-07-31T19:42:02.6096560Z 
build-desktop (windows-latest)	Install Rust stable	2026-07-31T19:42:02.6296819Z   stable-x86_64-pc-windows-msvc unchanged - rustc 1.97.1 (8bab26f4f 2026-07-14)
build-desktop (windows-latest)	Install Rust stable	2026-07-31T19:42:02.6297532Z 
build-desktop (windows-latest)	Install Rust stable	2026-07-31T19:42:02.6575184Z ##[end-action id=__dtolnay_rust-toolchain.__run_4;outcome=success;conclusion=success;duration_ms=3810]
build-desktop (windows-latest)	Install Rust stable	2026-07-31T19:42:02.6580367Z ##[start-action display=Run rustup default stable;id=__dtolnay_rust-toolchain.__run_5]
build-desktop (windows-latest)	Install Rust stable	2026-07-31T19:42:02.6699827Z ##[group]Run rustup default stable
build-desktop (windows-latest)	Install Rust stable	2026-07-31T19:42:02.6700099Z [36;1mrustup default stable[0m
build-desktop (windows-latest)	Install Rust stable	2026-07-31T19:42:02.6715694Z shell: C:\Program Files\Git\bin\bash.EXE --noprofile --norc -e -o pipefail {0}
build-desktop (windows-latest)	Install Rust stable	2026-07-31T19:42:02.6716084Z env:
build-desktop (windows-latest)	Install Rust stable	2026-07-31T19:42:02.6716263Z   CARGO_HOME: C:\Users\runneradmin\.cargo
build-desktop (windows-latest)	Install Rust stable	2026-07-31T19:42:02.6716504Z ##[endgroup]
build-desktop (windows-latest)	Install Rust stable	2026-07-31T19:42:02.7426884Z info: using existing install for stable-x86_64-pc-windows-msvc
build-desktop (windows-latest)	Install Rust stable	2026-07-31T19:42:02.7527608Z info: default toolchain set to stable-x86_64-pc-windows-msvc
build-desktop (windows-latest)	Install Rust stable	2026-07-31T19:42:02.7528017Z 
build-desktop (windows-latest)	Install Rust stable	2026-07-31T19:42:02.7715651Z   stable-x86_64-pc-windows-msvc unchanged - rustc 1.97.1 (8bab26f4f 2026-07-14)
build-desktop (windows-latest)	Install Rust stable	2026-07-31T19:42:02.7716077Z 
build-desktop (windows-latest)	Install Rust stable	2026-07-31T19:42:02.7785674Z ##[end-action id=__dtolnay_rust-toolchain.__run_5;outcome=success;conclusion=success;duration_ms=120]
build-desktop (windows-latest)	Install Rust stable	2026-07-31T19:42:02.7789887Z ##[start-action display=Run : create cachekey;id=__dtolnay_rust-toolchain.rustc-version]
build-desktop (windows-latest)	Install Rust stable	2026-07-31T19:42:02.7906048Z ##[group]Run : create cachekey
build-desktop (windows-latest)	Install Rust stable	2026-07-31T19:42:02.7906318Z [36;1m: create cachekey[0m
build-desktop (windows-latest)	Install Rust stable	2026-07-31T19:42:02.7906800Z [36;1mDATE=$(rustc +stable --version --verbose | sed -ne 's/^commit-date: \(20[0-9][0-9]\)-\([01][0-9]\)-\([0-3][0-9]\)$/\1\2\3/p')[0m
build-desktop (windows-latest)	Install Rust stable	2026-07-31T19:42:02.7907422Z [36;1mHASH=$(rustc +stable --version --verbose | sed -ne 's/^commit-hash: //p')[0m
build-desktop (windows-latest)	Install Rust stable	2026-07-31T19:42:02.7907888Z [36;1mecho "cachekey=$(echo $DATE$HASH | head -c12)" >> $GITHUB_OUTPUT[0m
build-desktop (windows-latest)	Install Rust stable	2026-07-31T19:42:02.7924076Z shell: C:\Program Files\Git\bin\bash.EXE --noprofile --norc -e -o pipefail {0}
build-desktop (windows-latest)	Install Rust stable	2026-07-31T19:42:02.7924448Z env:
build-desktop (windows-latest)	Install Rust stable	2026-07-31T19:42:02.7924625Z   CARGO_HOME: C:\Users\runneradmin\.cargo
build-desktop (windows-latest)	Install Rust stable	2026-07-31T19:42:02.7924861Z ##[endgroup]
build-desktop (windows-latest)	Install Rust stable	2026-07-31T19:42:03.6520345Z ##[end-action id=__dtolnay_rust-toolchain.rustc-version;outcome=success;conclusion=success;duration_ms=872]
build-desktop (windows-latest)	Install Rust stable	2026-07-31T19:42:03.6522824Z ##[start-action display=Run : disable incremental compilation;id=__dtolnay_rust-toolchain.__run_6]
build-desktop (windows-latest)	Install Rust stable	2026-07-31T19:42:03.6645082Z ##[group]Run : disable incremental compilation
build-desktop (windows-latest)	Install Rust stable	2026-07-31T19:42:03.6646127Z [36;1m: disable incremental compilation[0m
build-desktop (windows-latest)	Install Rust stable	2026-07-31T19:42:03.6646427Z [36;1mif [ -z "${CARGO_INCREMENTAL+set}" ]; then[0m
build-desktop (windows-latest)	Install Rust stable	2026-07-31T19:42:03.6646729Z [36;1m  echo CARGO_INCREMENTAL=0 >> $GITHUB_ENV[0m
build-desktop (windows-latest)	Install Rust stable	2026-07-31T19:42:03.6646976Z [36;1mfi[0m
build-desktop (windows-latest)	Install Rust stable	2026-07-31T19:42:03.6661285Z shell: C:\Program Files\Git\bin\bash.EXE --noprofile --norc -e -o pipefail {0}
build-desktop (windows-latest)	Install Rust stable	2026-07-31T19:42:03.6661671Z env:
build-desktop (windows-latest)	Install Rust stable	2026-07-31T19:42:03.6661944Z   CARGO_HOME: C:\Users\runneradmin\.cargo
build-desktop (windows-latest)	Install Rust stable	2026-07-31T19:42:03.6662358Z ##[endgroup]
build-desktop (windows-latest)	Install Rust stable	2026-07-31T19:42:03.7044269Z ##[end-action id=__dtolnay_rust-toolchain.__run_6;outcome=success;conclusion=success;duration_ms=52]
build-desktop (windows-latest)	Install Rust stable	2026-07-31T19:42:03.7046319Z ##[start-action display=Run : enable colors in Cargo output;id=__dtolnay_rust-toolchain.__run_7]
build-desktop (windows-latest)	Install Rust stable	2026-07-31T19:42:03.7175674Z ##[group]Run : enable colors in Cargo output
build-desktop (windows-latest)	Install Rust stable	2026-07-31T19:42:03.7176186Z [36;1m: enable colors in Cargo output[0m
build-desktop (windows-latest)	Install Rust stable	2026-07-31T19:42:03.7176663Z [36;1mif [ -z "${CARGO_TERM_COLOR+set}" ]; then[0m
build-desktop (windows-latest)	Install Rust stable	2026-07-31T19:42:03.7177201Z [36;1m  echo CARGO_TERM_COLOR=always >> $GITHUB_ENV[0m
build-desktop (windows-latest)	Install Rust stable	2026-07-31T19:42:03.7177652Z [36;1mfi[0m
build-desktop (windows-latest)	Install Rust stable	2026-07-31T19:42:03.7194833Z shell: C:\Program Files\Git\bin\bash.EXE --noprofile --norc -e -o pipefail {0}
build-desktop (windows-latest)	Install Rust stable	2026-07-31T19:42:03.7195222Z env:
build-desktop (windows-latest)	Install Rust stable	2026-07-31T19:42:03.7195407Z   CARGO_HOME: C:\Users\runneradmin\.cargo
build-desktop (windows-latest)	Install Rust stable	2026-07-31T19:42:03.7195663Z   CARGO_INCREMENTAL: 0
build-desktop (windows-latest)	Install Rust stable	2026-07-31T19:42:03.7195850Z ##[endgroup]
build-desktop (windows-latest)	Install Rust stable	2026-07-31T19:42:03.7568490Z ##[end-action id=__dtolnay_rust-toolchain.__run_7;outcome=success;conclusion=success;duration_ms=52]
build-desktop (windows-latest)	Install Rust stable	2026-07-31T19:42:03.7572402Z ##[start-action display=Run : enable Cargo sparse registry;id=__dtolnay_rust-toolchain.__run_8]
build-desktop (windows-latest)	Install Rust stable	2026-07-31T19:42:03.7700321Z ##[group]Run : enable Cargo sparse registry
build-desktop (windows-latest)	Install Rust stable	2026-07-31T19:42:03.7700636Z [36;1m: enable Cargo sparse registry[0m
build-desktop (windows-latest)	Install Rust stable	2026-07-31T19:42:03.7700977Z [36;1m# implemented in 1.66, stabilized in 1.68, made default in 1.70[0m
build-desktop (windows-latest)	Install Rust stable	2026-07-31T19:42:03.7701637Z [36;1mif [ -z "${CARGO_REGISTRIES_CRATES_IO_PROTOCOL+set}" -o -f "D:\a\_temp"/.implicit_cargo_registries_crates_io_protocol ]; then[0m
build-desktop (windows-latest)	Install Rust stable	2026-07-31T19:42:03.7702297Z [36;1m  if rustc +stable --version --verbose | grep -q '^release: 1\.6[89]\.'; then[0m
build-desktop (windows-latest)	Install Rust stable	2026-07-31T19:42:03.7702789Z [36;1m    touch "D:\a\_temp"/.implicit_cargo_registries_crates_io_protocol || true[0m
build-desktop (windows-latest)	Install Rust stable	2026-07-31T19:42:03.7703259Z [36;1m    echo CARGO_REGISTRIES_CRATES_IO_PROTOCOL=sparse >> $GITHUB_ENV[0m
build-desktop (windows-latest)	Install Rust stable	2026-07-31T19:42:03.7703736Z [36;1m  elif rustc +stable --version --verbose | grep -q '^release: 1\.6[67]\.'; then[0m
build-desktop (windows-latest)	Install Rust stable	2026-07-31T19:42:03.7704229Z [36;1m    touch "D:\a\_temp"/.implicit_cargo_registries_crates_io_protocol || true[0m
build-desktop (windows-latest)	Install Rust stable	2026-07-31T19:42:03.7704674Z [36;1m    echo CARGO_REGISTRIES_CRATES_IO_PROTOCOL=git >> $GITHUB_ENV[0m
build-desktop (windows-latest)	Install Rust stable	2026-07-31T19:42:03.7704999Z [36;1m  fi[0m
build-desktop (windows-latest)	Install Rust stable	2026-07-31T19:42:03.7705160Z [36;1mfi[0m
build-desktop (windows-latest)	Install Rust stable	2026-07-31T19:42:03.7720747Z shell: C:\Program Files\Git\bin\bash.EXE --noprofile --norc -e -o pipefail {0}
build-desktop (windows-latest)	Install Rust stable	2026-07-31T19:42:03.7721130Z env:
build-desktop (windows-latest)	Install Rust stable	2026-07-31T19:42:03.7721311Z   CARGO_HOME: C:\Users\runneradmin\.cargo
build-desktop (windows-latest)	Install Rust stable	2026-07-31T19:42:03.7721557Z   CARGO_INCREMENTAL: 0
build-desktop (windows-latest)	Install Rust stable	2026-07-31T19:42:03.7721757Z   CARGO_TERM_COLOR: always
build-desktop (windows-latest)	Install Rust stable	2026-07-31T19:42:03.7721950Z ##[endgroup]
build-desktop (windows-latest)	Install Rust stable	2026-07-31T19:42:04.0128178Z ##[end-action id=__dtolnay_rust-toolchain.__run_8;outcome=success;conclusion=success;duration_ms=255]
build-desktop (windows-latest)	Install Rust stable	2026-07-31T19:42:04.0132967Z ##[start-action display=Run : work around spurious network errors in curl 8.0;id=__dtolnay_rust-toolchain.__run_9]
build-desktop (windows-latest)	Install Rust stable	2026-07-31T19:42:04.0271097Z ##[group]Run : work around spurious network errors in curl 8.0
build-desktop (windows-latest)	Install Rust stable	2026-07-31T19:42:04.0271774Z [36;1m: work around spurious network errors in curl 8.0[0m
build-desktop (windows-latest)	Install Rust stable	2026-07-31T19:42:04.0272709Z [36;1m# https://rust-lang.zulipchat.com/#narrow/stream/246057-t-cargo/topic/timeout.20investigation[0m
build-desktop (windows-latest)	Install Rust stable	2026-07-31T19:42:04.0273803Z [36;1mif rustc +stable --version --verbose | grep -q '^release: 1\.7[01]\.'; then[0m
build-desktop (windows-latest)	Install Rust stable	2026-07-31T19:42:04.0274583Z [36;1m  echo CARGO_HTTP_MULTIPLEXING=false >> $GITHUB_ENV[0m
build-desktop (windows-latest)	Install Rust stable	2026-07-31T19:42:04.0275366Z [36;1mfi[0m
build-desktop (windows-latest)	Install Rust stable	2026-07-31T19:42:04.0298634Z shell: C:\Program Files\Git\bin\bash.EXE --noprofile --norc -e -o pipefail {0}
build-desktop (windows-latest)	Install Rust stable	2026-07-31T19:42:04.0299286Z env:
build-desktop (windows-latest)	Install Rust stable	2026-07-31T19:42:04.0299580Z   CARGO_HOME: C:\Users\runneradmin\.cargo
build-desktop (windows-latest)	Install Rust stable	2026-07-31T19:42:04.0300008Z   CARGO_INCREMENTAL: 0
build-desktop (windows-latest)	Install Rust stable	2026-07-31T19:42:04.0300341Z   CARGO_TERM_COLOR: always
build-desktop (windows-latest)	Install Rust stable	2026-07-31T19:42:04.0300690Z ##[endgroup]
build-desktop (windows-latest)	Install Rust stable	2026-07-31T19:42:04.1367164Z ##[end-action id=__dtolnay_rust-toolchain.__run_9;outcome=success;conclusion=success;duration_ms=123]
build-desktop (windows-latest)	Install Rust stable	2026-07-31T19:42:04.1371377Z ##[start-action display=Run rustc +stable --version --verbose;id=__dtolnay_rust-toolchain.__run_10]
build-desktop (windows-latest)	Install Rust stable	2026-07-31T19:42:04.1494203Z ##[group]Run rustc +stable --version --verbose
build-desktop (windows-latest)	Install Rust stable	2026-07-31T19:42:04.1494510Z [36;1mrustc +stable --version --verbose[0m
build-desktop (windows-latest)	Install Rust stable	2026-07-31T19:42:04.1509337Z shell: C:\Program Files\Git\bin\bash.EXE --noprofile --norc -e -o pipefail {0}
build-desktop (windows-latest)	Install Rust stable	2026-07-31T19:42:04.1509714Z env:
build-desktop (windows-latest)	Install Rust stable	2026-07-31T19:42:04.1509907Z   CARGO_HOME: C:\Users\runneradmin\.cargo
build-desktop (windows-latest)	Install Rust stable	2026-07-31T19:42:04.1510156Z   CARGO_INCREMENTAL: 0
build-desktop (windows-latest)	Install Rust stable	2026-07-31T19:42:04.1510348Z   CARGO_TERM_COLOR: always
build-desktop (windows-latest)	Install Rust stable	2026-07-31T19:42:04.1510541Z ##[endgroup]
build-desktop (windows-latest)	Install Rust stable	2026-07-31T19:42:04.2331146Z rustc 1.97.1 (8bab26f4f 2026-07-14)
build-desktop (windows-latest)	Install Rust stable	2026-07-31T19:42:04.2331709Z binary: rustc
build-desktop (windows-latest)	Install Rust stable	2026-07-31T19:42:04.2332208Z commit-hash: 8bab26f4f68e0e26f0bb7960be334d5b520ea452
build-desktop (windows-latest)	Install Rust stable	2026-07-31T19:42:04.2332787Z commit-date: 2026-07-14
build-desktop (windows-latest)	Install Rust stable	2026-07-31T19:42:04.2333212Z host: x86_64-pc-windows-msvc
build-desktop (windows-latest)	Install Rust stable	2026-07-31T19:42:04.2333604Z release: 1.97.1
build-desktop (windows-latest)	Install Rust stable	2026-07-31T19:42:04.2333959Z LLVM version: 22.1.6
build-desktop (windows-latest)	Install Rust stable	2026-07-31T19:42:04.2441734Z ##[end-action id=__dtolnay_rust-toolchain.__run_10;outcome=success;conclusion=success;duration_ms=106]
build-desktop (windows-latest)	Install frontend dependencies	﻿2026-07-31T19:42:04.2602924Z ##[group]Run npm install
build-desktop (windows-latest)	Install frontend dependencies	2026-07-31T19:42:04.2603224Z [36;1mnpm install[0m
build-desktop (windows-latest)	Install frontend dependencies	2026-07-31T19:42:04.3228074Z shell: C:\Program Files\PowerShell\7\pwsh.EXE -command ". '{0}'"
build-desktop (windows-latest)	Install frontend dependencies	2026-07-31T19:42:04.3228506Z env:
build-desktop (windows-latest)	Install frontend dependencies	2026-07-31T19:42:04.3228743Z   CARGO_HOME: C:\Users\runneradmin\.cargo
build-desktop (windows-latest)	Install frontend dependencies	2026-07-31T19:42:04.3229064Z   CARGO_INCREMENTAL: 0
build-desktop (windows-latest)	Install frontend dependencies	2026-07-31T19:42:04.3229313Z   CARGO_TERM_COLOR: always
build-desktop (windows-latest)	Install frontend dependencies	2026-07-31T19:42:04.3229561Z ##[endgroup]
build-desktop (windows-latest)	Install frontend dependencies	2026-07-31T19:42:05.7611854Z 
build-desktop (windows-latest)	Install frontend dependencies	2026-07-31T19:42:05.7612507Z added 1 package, changed 1 package, and audited 5 packages in 886ms
build-desktop (windows-latest)	Install frontend dependencies	2026-07-31T19:42:05.7613312Z 
build-desktop (windows-latest)	Install frontend dependencies	2026-07-31T19:42:05.7614367Z 1 package is looking for funding
build-desktop (windows-latest)	Install frontend dependencies	2026-07-31T19:42:05.7615249Z   run `npm fund` for details
build-desktop (windows-latest)	Install frontend dependencies	2026-07-31T19:42:05.7623407Z 
build-desktop (windows-latest)	Install frontend dependencies	2026-07-31T19:42:05.7623626Z found 0 vulnerabilities
build-desktop (windows-latest)	Build Tauri Desktop	﻿2026-07-31T19:42:05.9183288Z Node 20 is being deprecated. This workflow is running with Node 24 by default. If you need to temporarily use Node 20, you can set the ACTIONS_ALLOW_USE_UNSECURE_NODE_VERSION=true environment variable. For more information see: https://github.blog/changelog/2025-09-19-deprecation-of-node-20-on-github-actions-runners/
build-desktop (windows-latest)	Build Tauri Desktop	2026-07-31T19:42:05.9184675Z ##[group]Run tauri-apps/tauri-action@v0.5.2
build-desktop (windows-latest)	Build Tauri Desktop	2026-07-31T19:42:05.9184930Z with:
build-desktop (windows-latest)	Build Tauri Desktop	2026-07-31T19:42:05.9185118Z   releaseDraft: false
build-desktop (windows-latest)	Build Tauri Desktop	2026-07-31T19:42:05.9185308Z   prerelease: false
build-desktop (windows-latest)	Build Tauri Desktop	2026-07-31T19:42:05.9185497Z   projectPath: .
build-desktop (windows-latest)	Build Tauri Desktop	2026-07-31T19:42:05.9185677Z   includeDebug: false
build-desktop (windows-latest)	Build Tauri Desktop	2026-07-31T19:42:05.9185866Z   includeRelease: true
build-desktop (windows-latest)	Build Tauri Desktop	2026-07-31T19:42:05.9186064Z   includeUpdaterJson: true
build-desktop (windows-latest)	Build Tauri Desktop	2026-07-31T19:42:05.9186286Z   updaterJsonKeepUniversal: false
build-desktop (windows-latest)	Build Tauri Desktop	2026-07-31T19:42:05.9186501Z env:
build-desktop (windows-latest)	Build Tauri Desktop	2026-07-31T19:42:05.9186669Z   CARGO_HOME: C:\Users\runneradmin\.cargo
build-desktop (windows-latest)	Build Tauri Desktop	2026-07-31T19:42:05.9186911Z   CARGO_INCREMENTAL: 0
build-desktop (windows-latest)	Build Tauri Desktop	2026-07-31T19:42:05.9187100Z   CARGO_TERM_COLOR: always
build-desktop (windows-latest)	Build Tauri Desktop	2026-07-31T19:42:05.9189770Z   GITHUB_TOKEN: ***
build-desktop (windows-latest)	Build Tauri Desktop	2026-07-31T19:42:05.9189966Z ##[endgroup]
build-desktop (windows-latest)	Build Tauri Desktop	2026-07-31T19:42:06.0717830Z running npm [ 'run', 'tauri', 'build' ]
build-desktop (windows-latest)	Build Tauri Desktop	2026-07-31T19:42:06.4055442Z 
build-desktop (windows-latest)	Build Tauri Desktop	2026-07-31T19:42:06.4055945Z > tauri
build-desktop (windows-latest)	Build Tauri Desktop	2026-07-31T19:42:06.4056325Z > tauri build
build-desktop (windows-latest)	Build Tauri Desktop	2026-07-31T19:42:06.4056537Z 
build-desktop (windows-latest)	Build Tauri Desktop	2026-07-31T19:42:09.2800790Z         Info Looking up installed tauri packages to check mismatched versions...
build-desktop (windows-latest)	Build Tauri Desktop	2026-07-31T19:42:11.2627185Z [1m[92m    Updating[0m crates.io index
build-desktop (windows-latest)	Build Tauri Desktop	2026-07-31T19:42:12.9802016Z [1m[92m     Locking[0m 425 packages to latest compatible versions
build-desktop (windows-latest)	Build Tauri Desktop	2026-07-31T19:42:12.9941617Z [1m[92m      Adding[0m generic-array v0.14.7 [1m[93m(available: v0.14.9)[0m
build-desktop (windows-latest)	Build Tauri Desktop	2026-07-31T19:42:13.0387135Z [1m[92m      Adding[0m toml v0.8.2 [1m[93m(available: v0.8.23)[0m
build-desktop (windows-latest)	Build Tauri Desktop	2026-07-31T19:42:13.0392635Z [1m[92m      Adding[0m toml_datetime v0.6.3 [1m[93m(available: v0.6.11)[0m
build-desktop (windows-latest)	Build Tauri Desktop	2026-07-31T19:42:13.0401724Z [1m[92m      Adding[0m toml_edit v0.20.2 [1m[93m(available: v0.20.7)[0m
build-desktop (windows-latest)	Build Tauri Desktop	2026-07-31T19:42:13.0849056Z [1m[92m Downloading[0m crates ...
build-desktop (windows-latest)	Build Tauri Desktop	2026-07-31T19:42:13.1486653Z [1m[92m  Downloaded[0m ref-cast-impl v1.0.26
build-desktop (windows-latest)	Build Tauri Desktop	2026-07-31T19:42:13.1983594Z [1m[92m  Downloaded[0m adler2 v2.0.1
build-desktop (windows-latest)	Build Tauri Desktop	2026-07-31T19:42:13.2145221Z [1m[92m  Downloaded[0m ident_case v1.0.1
build-desktop (windows-latest)	Build Tauri Desktop	2026-07-31T19:42:13.2301380Z [1m[92m  Downloaded[0m serde-untagged v0.1.9
build-desktop (windows-latest)	Build Tauri Desktop	2026-07-31T19:42:13.2555359Z [1m[92m  Downloaded[0m windows-future v0.2.1
build-desktop (windows-latest)	Build Tauri Desktop	2026-07-31T19:42:13.2856453Z [1m[92m  Downloaded[0m simd-adler32 v0.3.10
build-desktop (windows-latest)	Build Tauri Desktop	2026-07-31T19:42:13.3157469Z [1m[92m  Downloaded[0m zerovec v0.11.6
build-desktop (windows-latest)	Build Tauri Desktop	2026-07-31T19:42:13.3885150Z [1m[92m  Downloaded[0m idna v1.1.0
build-desktop (windows-latest)	Build Tauri Desktop	2026-07-31T19:42:13.4302772Z [1m[92m  Downloaded[0m indexmap v2.14.0
build-desktop (windows-latest)	Build Tauri Desktop	2026-07-31T19:42:13.5210386Z [1m[92m  Downloaded[0m windows-link v0.2.1
build-desktop (windows-latest)	Build Tauri Desktop	2026-07-31T19:42:13.5761780Z [1m[92m  Downloaded[0m schemars v1.2.2
build-desktop (windows-latest)	Build Tauri Desktop	2026-07-31T19:42:14.5590814Z [1m[92m  Downloaded[0m regex v1.13.1
build-desktop (windows-latest)	Build Tauri Desktop	2026-07-31T19:42:14.7243672Z [1m[92m  Downloaded[0m png v0.17.16
build-desktop (windows-latest)	Build Tauri Desktop	2026-07-31T19:42:14.7708327Z [1m[92m  Downloaded[0m litemap v0.8.2
build-desktop (windows-latest)	Build Tauri Desktop	2026-07-31T19:42:14.7978451Z [1m[92m  Downloaded[0m lock_api v0.4.14
build-desktop (windows-latest)	Build Tauri Desktop	2026-07-31T19:42:14.8116335Z [1m[92m  Downloaded[0m regex-syntax v0.8.11
build-desktop (windows-latest)	Build Tauri Desktop	2026-07-31T19:42:14.8912422Z [1m[92m  Downloaded[0m markup5ever v0.38.0
build-desktop (windows-latest)	Build Tauri Desktop	2026-07-31T19:42:14.9139298Z [1m[92m  Downloaded[0m mime v0.3.17
build-desktop (windows-latest)	Build Tauri Desktop	2026-07-31T19:42:14.9406537Z [1m[92m  Downloaded[0m muda v0.19.3
build-desktop (windows-latest)	Build Tauri Desktop	2026-07-31T19:42:14.9975012Z [1m[92m  Downloaded[0m idna_adapter v1.2.2
build-desktop (windows-latest)	Build Tauri Desktop	2026-07-31T19:42:15.0059832Z [1m[92m  Downloaded[0m miniz_oxide v0.8.9
build-desktop (windows-latest)	Build Tauri Desktop	2026-07-31T19:42:15.1104116Z [1m[92m  Downloaded[0m infer v0.19.0
build-desktop (windows-latest)	Build Tauri Desktop	2026-07-31T19:42:15.7031969Z [1m[92m  Downloaded[0m num-traits v0.2.19
build-desktop (windows-latest)	Build Tauri Desktop	2026-07-31T19:42:15.8337246Z [1m[92m  Downloaded[0m icu_normalizer v2.2.0
build-desktop (windows-latest)	Build Tauri Desktop	2026-07-31T19:42:15.9016457Z [1m[92m  Downloaded[0m indexmap v1.9.3
build-desktop (windows-latest)	Build Tauri Desktop	2026-07-31T19:42:16.0260535Z [1m[92m  Downloaded[0m itoa v1.0.18
build-desktop (windows-latest)	Build Tauri Desktop	2026-07-31T19:42:16.0981826Z [1m[92m  Downloaded[0m jsonptr v0.6.3
build-desktop (windows-latest)	Build Tauri Desktop	2026-07-31T19:42:16.1379180Z [1m[92m  Downloaded[0m regex-automata v0.4.16
build-desktop (windows-latest)	Build Tauri Desktop	2026-07-31T19:42:16.2543016Z [1m[92m  Downloaded[0m icu_properties_data v2.2.0
build-desktop (windows-latest)	Build Tauri Desktop	2026-07-31T19:42:16.4113212Z [1m[92m  Downloaded[0m potential_utf v0.1.5
build-desktop (windows-latest)	Build Tauri Desktop	2026-07-31T19:42:16.4240059Z [1m[92m  Downloaded[0m windows-threading v0.1.0
build-desktop (windows-latest)	Build Tauri Desktop	2026-07-31T19:42:16.4456434Z [1m[92m  Downloaded[0m icu_properties v2.2.0
build-desktop (windows-latest)	Build Tauri Desktop	2026-07-31T19:42:16.4715438Z [1m[92m  Downloaded[0m icu_normalizer_data v2.2.0
build-desktop (windows-latest)	Build Tauri Desktop	2026-07-31T19:42:16.5147838Z [1m[92m  Downloaded[0m mio v1.2.2
build-desktop (windows-latest)	Build Tauri Desktop	2026-07-31T19:42:17.2634808Z [1m[92m  Downloaded[0m new_debug_unreachable v1.0.6
build-desktop (windows-latest)	Build Tauri Desktop	2026-07-31T19:42:17.2742317Z [1m[92m  Downloaded[0m phf_macros v0.13.1
build-desktop (windows-latest)	Build Tauri Desktop	2026-07-31T19:42:17.2828191Z [1m[92m  Downloaded[0m plist v1.10.0
build-desktop (windows-latest)	Build Tauri Desktop	2026-07-31T19:42:17.3299531Z [1m[92m  Downloaded[0m raw-window-handle v0.6.2
build-desktop (windows-latest)	Build Tauri Desktop	2026-07-31T19:42:17.3474232Z [1m[92m  Downloaded[0m url v2.5.8
build-desktop (windows-latest)	Build Tauri Desktop	2026-07-31T19:42:17.3708828Z [1m[92m  Downloaded[0m windows-targets v0.52.6
build-desktop (windows-latest)	Build Tauri Desktop	2026-07-31T19:42:17.3787523Z [1m[92m  Downloaded[0m bitflags v1.3.2
build-desktop (windows-latest)	Build Tauri Desktop	2026-07-31T19:42:17.4243656Z [1m[92m  Downloaded[0m once_cell v1.21.4
build-desktop (windows-latest)	Build Tauri Desktop	2026-07-31T19:42:17.4496340Z [1m[92m  Downloaded[0m percent-encoding v2.3.2
build-desktop (windows-latest)	Build Tauri Desktop	2026-07-31T19:42:17.4577785Z [1m[92m  Downloaded[0m proc-macro2 v1.0.107
build-desktop (windows-latest)	Build Tauri Desktop	2026-07-31T19:42:17.4929694Z [1m[92m  Downloaded[0m serde_derive_internals v0.29.1
build-desktop (windows-latest)	Build Tauri Desktop	2026-07-31T19:42:17.5067341Z [1m[92m  Downloaded[0m toml v1.1.4+spec-1.1.0
build-desktop (windows-latest)	Build Tauri Desktop	2026-07-31T19:42:17.5501080Z [1m[92m  Downloaded[0m block-buffer v0.10.4
build-desktop (windows-latest)	Build Tauri Desktop	2026-07-31T19:42:17.5600158Z [1m[92m  Downloaded[0m byteorder v1.5.0
build-desktop (windows-latest)	Build Tauri Desktop	2026-07-31T19:42:17.5768901Z [1m[92m  Downloaded[0m stable_deref_trait v1.2.1
build-desktop (windows-latest)	Build Tauri Desktop	2026-07-31T19:42:17.5854006Z [1m[92m  Downloaded[0m zerofrom v0.1.8
build-desktop (windows-latest)	Build Tauri Desktop	2026-07-31T19:42:17.5940693Z [1m[92m  Downloaded[0m yoke v0.8.3
build-desktop (windows-latest)	Build Tauri Desktop	2026-07-31T19:42:18.0577789Z [1m[92m  Downloaded[0m bitflags v2.13.1
build-desktop (windows-latest)	Build Tauri Desktop	2026-07-31T19:42:18.1065514Z [1m[92m  Downloaded[0m sha2 v0.10.9
build-desktop (windows-latest)	Build Tauri Desktop	2026-07-31T19:42:18.1559760Z [1m[92m  Downloaded[0m windows-strings v0.4.2
build-desktop (windows-latest)	Build Tauri Desktop	2026-07-31T19:42:18.1727085Z [1m[92m  Downloaded[0m json-patch v3.0.1
build-desktop (windows-latest)	Build Tauri Desktop	2026-07-31T19:42:18.1996013Z [1m[92m  Downloaded[0m schemars_derive v0.8.22
build-desktop (windows-latest)	Build Tauri Desktop	2026-07-31T19:42:18.2206094Z [1m[92m  Downloaded[0m serialize-to-javascript v0.1.2
build-desktop (windows-latest)	Build Tauri Desktop	2026-07-31T19:42:18.2309057Z [1m[92m  Downloaded[0m socket2 v0.6.5
build-desktop (windows-latest)	Build Tauri Desktop	2026-07-31T19:42:18.2428349Z [1m[92m  Downloaded[0m cargo_metadata v0.19.2
build-desktop (windows-latest)	Build Tauri Desktop	2026-07-31T19:42:18.2647015Z [1m[92m  Downloaded[0m cargo_toml v0.22.3
build-desktop (windows-latest)	Build Tauri Desktop	2026-07-31T19:42:18.2801365Z [1m[92m  Downloaded[0m cc v1.4.0
build-desktop (windows-latest)	Build Tauri Desktop	2026-07-31T19:42:18.3118818Z [1m[92m  Downloaded[0m option-ext v0.2.0
build-desktop (windows-latest)	Build Tauri Desktop	2026-07-31T19:42:18.3217858Z [1m[92m  Downloaded[0m softbuffer v0.4.8
build-desktop (windows-latest)	Build Tauri Desktop	2026-07-31T19:42:18.5342320Z [1m[92m  Downloaded[0m strsim v0.11.1
build-desktop (windows-latest)	Build Tauri Desktop	2026-07-31T19:42:18.5498800Z [1m[92m  Downloaded[0m time-core v0.1.9
build-desktop (windows-latest)	Build Tauri Desktop	2026-07-31T19:42:18.5591638Z [1m[92m  Downloaded[0m time-macros v0.2.32
build-desktop (windows-latest)	Build Tauri Desktop	2026-07-31T19:42:18.5835076Z [1m[92m  Downloaded[0m rustc-hash v2.1.3
build-desktop (windows-latest)	Build Tauri Desktop	2026-07-31T19:42:18.6004055Z [1m[92m  Downloaded[0m windows-interface v0.59.3
build-desktop (windows-latest)	Build Tauri Desktop	2026-07-31T19:42:18.6087795Z [1m[92m  Downloaded[0m scopeguard v1.2.0
build-desktop (windows-latest)	Build Tauri Desktop	2026-07-31T19:42:18.6208164Z [1m[92m  Downloaded[0m syn v2.0.119
build-desktop (windows-latest)	Build Tauri Desktop	2026-07-31T19:42:18.7269256Z [1m[92m  Downloaded[0m synstructure v0.13.2
build-desktop (windows-latest)	Build Tauri Desktop	2026-07-31T19:42:18.7402836Z [1m[92m  Downloaded[0m tauri-codegen v2.6.3
build-desktop (windows-latest)	Build Tauri Desktop	2026-07-31T19:42:18.7518133Z [1m[92m  Downloaded[0m tauri-winres v0.3.6
build-desktop (windows-latest)	Build Tauri Desktop	2026-07-31T19:42:18.7716847Z [1m[92m  Downloaded[0m winapi-util v0.1.11
build-desktop (windows-latest)	Build Tauri Desktop	2026-07-31T19:42:18.7843230Z [1m[92m  Downloaded[0m zerotrie v0.2.4
build-desktop (windows-latest)	Build Tauri Desktop	2026-07-31T19:42:18.8155537Z [1m[92m  Downloaded[0m zerovec-derive v0.11.3
build-desktop (windows-latest)	Build Tauri Desktop	2026-07-31T19:42:18.8286762Z [1m[92m  Downloaded[0m alloc-stdlib v0.2.4
build-desktop (windows-latest)	Build Tauri Desktop	2026-07-31T19:42:18.8409767Z [1m[92m  Downloaded[0m dtoa-short v0.3.5
build-desktop (windows-latest)	Build Tauri Desktop	2026-07-31T19:42:18.8477477Z [1m[92m  Downloaded[0m toml v0.9.12+spec-1.1.0
build-desktop (windows-latest)	Build Tauri Desktop	2026-07-31T19:42:18.8830297Z [1m[92m  Downloaded[0m dunce v1.0.5
build-desktop (windows-latest)	Build Tauri Desktop	2026-07-31T19:42:18.8908545Z [1m[92m  Downloaded[0m serde_with v3.21.0
build-desktop (windows-latest)	Build Tauri Desktop	2026-07-31T19:42:19.0195538Z [1m[92m  Downloaded[0m toml_writer v1.1.2+spec-1.1.0
build-desktop (windows-latest)	Build Tauri Desktop	2026-07-31T19:42:19.0306795Z [1m[92m  Downloaded[0m uuid v1.24.0
build-desktop (windows-latest)	Build Tauri Desktop	2026-07-31T19:42:19.0560667Z [1m[92m  Downloaded[0m fnv v1.0.7
build-desktop (windows-latest)	Build Tauri Desktop	2026-07-31T19:42:19.0638407Z [1m[92m  Downloaded[0m serde v1.0.229
build-desktop (windows-latest)	Build Tauri Desktop	2026-07-31T19:42:19.0898716Z [1m[92m  Downloaded[0m tauri-runtime-wry v2.11.4
build-desktop (windows-latest)	Build Tauri Desktop	2026-07-31T19:42:19.1127070Z [1m[92m  Downloaded[0m vswhom v0.1.0
build-desktop (windows-latest)	Build Tauri Desktop	2026-07-31T19:42:19.1238860Z [1m[92m  Downloaded[0m typenum v1.20.1
build-desktop (windows-latest)	Build Tauri Desktop	2026-07-31T19:42:19.1452424Z [1m[92m  Downloaded[0m windows-core v0.61.2
build-desktop (windows-latest)	Build Tauri Desktop	2026-07-31T19:42:19.1762206Z [1m[92m  Downloaded[0m unicode-ident v1.0.24
build-desktop (windows-latest)	Build Tauri Desktop	2026-07-31T19:42:19.1995229Z [1m[92m  Downloaded[0m selectors v0.36.1
build-desktop (windows-latest)	Build Tauri Desktop	2026-07-31T19:42:19.2149956Z [1m[92m  Downloaded[0m unic-char-range v0.9.0
build-desktop (windows-latest)	Build Tauri Desktop	2026-07-31T19:42:19.2287072Z [1m[92m  Downloaded[0m tauri v2.11.5
build-desktop (windows-latest)	Build Tauri Desktop	2026-07-31T19:42:19.3546998Z [1m[92m  Downloaded[0m zmij v1.0.23
build-desktop (windows-latest)	Build Tauri Desktop	2026-07-31T19:42:19.3683542Z [1m[92m  Downloaded[0m siphasher v1.0.3
build-desktop (windows-latest)	Build Tauri Desktop	2026-07-31T19:42:19.3796122Z [1m[92m  Downloaded[0m web_atoms v0.2.5
build-desktop (windows-latest)	Build Tauri Desktop	2026-07-31T19:42:19.3883760Z [1m[92m  Downloaded[0m thiserror v2.0.19
build-desktop (windows-latest)	Build Tauri Desktop	2026-07-31T19:42:19.4644517Z [1m[92m  Downloaded[0m toml_datetime v0.7.5+spec-1.1.0
build-desktop (windows-latest)	Build Tauri Desktop	2026-07-31T19:42:19.4736170Z [1m[92m  Downloaded[0m tokio v1.53.1
build-desktop (windows-latest)	Build Tauri Desktop	2026-07-31T19:42:20.4370381Z [1m[92m  Downloaded[0m cookie v0.18.1
build-desktop (windows-latest)	Build Tauri Desktop	2026-07-31T19:42:20.4563647Z [1m[92m  Downloaded[0m hashbrown v0.12.3
build-desktop (windows-latest)	Build Tauri Desktop	2026-07-31T19:42:20.4894376Z [1m[92m  Downloaded[0m darling_core v0.23.0
build-desktop (windows-latest)	Build Tauri Desktop	2026-07-31T19:42:20.5414799Z [1m[92m  Downloaded[0m serde_spanned v1.1.1
build-desktop (windows-latest)	Build Tauri Desktop	2026-07-31T19:42:20.5502130Z [1m[92m  Downloaded[0m crossbeam-utils v0.8.22
build-desktop (windows-latest)	Build Tauri Desktop	2026-07-31T19:42:20.5790988Z [1m[92m  Downloaded[0m serialize-to-javascript-impl v0.1.2
build-desktop (windows-latest)	Build Tauri Desktop	2026-07-31T19:42:20.5858293Z [1m[92m  Downloaded[0m cssparser v0.36.0
build-desktop (windows-latest)	Build Tauri Desktop	2026-07-31T19:42:20.6040817Z [1m[92m  Downloaded[0m flate2 v1.1.9
build-desktop (windows-latest)	Build Tauri Desktop	2026-07-31T19:42:20.6520899Z [1m[92m  Downloaded[0m dirs v6.0.0
build-desktop (windows-latest)	Build Tauri Desktop	2026-07-31T19:42:20.6631904Z [1m[92m  Downloaded[0m icu_provider v2.2.0
build-desktop (windows-latest)	Build Tauri Desktop	2026-07-31T19:42:20.6847476Z [1m[92m  Downloaded[0m phf_codegen v0.13.1
build-desktop (windows-latest)	Build Tauri Desktop	2026-07-31T19:42:20.6935728Z [1m[92m  Downloaded[0m precomputed-hash v0.1.1
build-desktop (windows-latest)	Build Tauri Desktop	2026-07-31T19:42:20.7093228Z [1m[92m  Downloaded[0m winreg v0.55.0
build-desktop (windows-latest)	Build Tauri Desktop	2026-07-31T19:42:20.7374367Z [1m[92m  Downloaded[0m fern v0.7.1
build-desktop (windows-latest)	Build Tauri Desktop	2026-07-31T19:42:20.7652198Z [1m[92m  Downloaded[0m serde_json v1.0.151
build-desktop (windows-latest)	Build Tauri Desktop	2026-07-31T19:42:20.8347262Z [1m[92m  Downloaded[0m hashbrown v0.17.1
build-desktop (windows-latest)	Build Tauri Desktop	2026-07-31T19:42:20.8732388Z [1m[92m  Downloaded[0m tray-icon v0.24.2
build-desktop (windows-latest)	Build Tauri Desktop	2026-07-31T19:42:20.8909185Z [1m[92m  Downloaded[0m unic-char-property v0.9.0
build-desktop (windows-latest)	Build Tauri Desktop	2026-07-31T19:42:20.9050390Z [1m[92m  Downloaded[0m windows-link v0.1.3
build-desktop (windows-latest)	Build Tauri Desktop	2026-07-31T19:42:20.9124374Z [1m[92m  Downloaded[0m tinystr v0.8.3
build-desktop (windows-latest)	Build Tauri Desktop	2026-07-31T19:42:20.9296250Z [1m[92m  Downloaded[0m crypto-common v0.1.7
build-desktop (windows-latest)	Build Tauri Desktop	2026-07-31T19:42:20.9394867Z [1m[92m  Downloaded[0m form_urlencoded v1.2.2
build-desktop (windows-latest)	Build Tauri Desktop	2026-07-31T19:42:20.9464199Z [1m[92m  Downloaded[0m num-conv v0.2.2
build-desktop (windows-latest)	Build Tauri Desktop	2026-07-31T19:42:20.9538285Z [1m[92m  Downloaded[0m parking_lot v0.12.5
build-desktop (windows-latest)	Build Tauri Desktop	2026-07-31T19:42:20.9741312Z [1m[92m  Downloaded[0m serde_core v1.0.229
build-desktop (windows-latest)	Build Tauri Desktop	2026-07-31T19:42:20.9990383Z [1m[92m  Downloaded[0m tauri-runtime v2.11.3
build-desktop (windows-latest)	Build Tauri Desktop	2026-07-31T19:42:21.0094582Z [1m[92m  Downloaded[0m walkdir v2.5.0
build-desktop (windows-latest)	Build Tauri Desktop	2026-07-31T19:42:21.0239853Z [1m[92m  Downloaded[0m cfg-if v1.0.4
build-desktop (windows-latest)	Build Tauri Desktop	2026-07-31T19:42:21.0353223Z [1m[92m  Downloaded[0m serde_with_macros v3.21.0
build-desktop (windows-latest)	Build Tauri Desktop	2026-07-31T19:42:21.0510430Z [1m[92m  Downloaded[0m schemars v0.8.22
build-desktop (windows-latest)	Build Tauri Desktop	2026-07-31T19:42:21.5501349Z [1m[92m  Downloaded[0m time v0.3.54
build-desktop (windows-latest)	Build Tauri Desktop	2026-07-31T19:42:21.6862518Z [1m[92m  Downloaded[0m dtor-proc-macro v0.0.6
build-desktop (windows-latest)	Build Tauri Desktop	2026-07-31T19:42:21.6939750Z [1m[92m  Downloaded[0m getrandom v0.4.3
build-desktop (windows-latest)	Build Tauri Desktop	2026-07-31T19:42:21.7277081Z [1m[92m  Downloaded[0m writeable v0.6.3
build-desktop (windows-latest)	Build Tauri Desktop	2026-07-31T19:42:21.7443804Z [1m[92m  Downloaded[0m cssparser-macros v0.6.1
build-desktop (windows-latest)	Build Tauri Desktop	2026-07-31T19:42:21.7500484Z [1m[92m  Downloaded[0m fastrand v2.5.0
build-desktop (windows-latest)	Build Tauri Desktop	2026-07-31T19:42:21.7613863Z [1m[92m  Downloaded[0m log v0.4.33
build-desktop (windows-latest)	Build Tauri Desktop	2026-07-31T19:42:21.7809077Z [1m[92m  Downloaded[0m servo_arc v0.4.3
build-desktop (windows-latest)	Build Tauri Desktop	2026-07-31T19:42:21.7890880Z [1m[92m  Downloaded[0m thiserror-impl v2.0.19
build-desktop (windows-latest)	Build Tauri Desktop	2026-07-31T19:42:21.8032487Z [1m[92m  Downloaded[0m utf8_iter v1.0.4
build-desktop (windows-latest)	Build Tauri Desktop	2026-07-31T19:42:21.8128910Z [1m[92m  Downloaded[0m darling v0.23.0
build-desktop (windows-latest)	Build Tauri Desktop	2026-07-31T19:42:21.8735385Z [1m[92m  Downloaded[0m derive_more v2.1.1
build-desktop (windows-latest)	Build Tauri Desktop	2026-07-31T19:42:22.0151232Z [1m[92m  Downloaded[0m generic-array v0.14.7
build-desktop (windows-latest)	Build Tauri Desktop	2026-07-31T19:42:22.0278825Z [1m[92m  Downloaded[0m windows-collections v0.2.0
build-desktop (windows-latest)	Build Tauri Desktop	2026-07-31T19:42:22.0398062Z [1m[92m  Downloaded[0m base64 v0.22.1
build-desktop (windows-latest)	Build Tauri Desktop	2026-07-31T19:42:22.0685967Z [1m[92m  Downloaded[0m tauri-plugin v2.6.3
build-desktop (windows-latest)	Build Tauri Desktop	2026-07-31T19:42:22.0768928Z [1m[92m  Downloaded[0m hex v0.4.3
build-desktop (windows-latest)	Build Tauri Desktop	2026-07-31T19:42:22.0899986Z [1m[92m  Downloaded[0m parking_lot_core v0.9.12
build-desktop (windows-latest)	Build Tauri Desktop	2026-07-31T19:42:22.1095325Z [1m[92m  Downloaded[0m serde_derive v1.0.229
build-desktop (windows-latest)	Build Tauri Desktop	2026-07-31T19:42:22.1370011Z [1m[92m  Downloaded[0m tinyvec_macros v0.1.1
build-desktop (windows-latest)	Build Tauri Desktop	2026-07-31T19:42:22.1443841Z [1m[92m  Downloaded[0m unic-common v0.9.0
build-desktop (windows-latest)	Build Tauri Desktop	2026-07-31T19:42:22.1546694Z [1m[92m  Downloaded[0m urlpattern v0.3.0
build-desktop (windows-latest)	Build Tauri Desktop	2026-07-31T19:42:22.1762622Z [1m[92m  Downloaded[0m rustc_version v0.4.1
build-desktop (windows-latest)	Build Tauri Desktop	2026-07-31T19:42:22.1869061Z [1m[92m  Downloaded[0m tauri-utils v2.9.3
build-desktop (windows-latest)	Build Tauri Desktop	2026-07-31T19:42:22.2138658Z [1m[92m  Downloaded[0m equivalent v1.0.2
build-desktop (windows-latest)	Build Tauri Desktop	2026-07-31T19:42:22.2226607Z [1m[92m  Downloaded[0m glob v0.3.4
build-desktop (windows-latest)	Build Tauri Desktop	2026-07-31T19:42:22.2341851Z [1m[92m  Downloaded[0m typeid v1.0.3
build-desktop (windows-latest)	Build Tauri Desktop	2026-07-31T19:42:22.2447591Z [1m[92m  Downloaded[0m cfb v0.7.3
build-desktop (windows-latest)	Build Tauri Desktop	2026-07-31T19:42:22.2771562Z [1m[92m  Downloaded[0m keyboard-types v0.7.0
build-desktop (windows-latest)	Build Tauri Desktop	2026-07-31T19:42:22.2910504Z [1m[92m  Downloaded[0m smallvec v1.15.2
build-desktop (windows-latest)	Build Tauri Desktop	2026-07-31T19:42:22.3008762Z [1m[92m  Downloaded[0m string_cache v0.9.0
build-desktop (windows-latest)	Build Tauri Desktop	2026-07-31T19:42:22.3186255Z [1m[92m  Downloaded[0m cargo-platform v0.1.9
build-desktop (windows-latest)	Build Tauri Desktop	2026-07-31T19:42:22.3299191Z [1m[92m  Downloaded[0m unic-ucd-ident v0.9.0
build-desktop (windows-latest)	Build Tauri Desktop	2026-07-31T19:42:22.3462314Z [1m[92m  Downloaded[0m quick-xml v0.41.0
build-desktop (windows-latest)	Build Tauri Desktop	2026-07-31T19:42:22.3841543Z [1m[92m  Downloaded[0m shlex v2.0.1
build-desktop (windows-latest)	Build Tauri Desktop	2026-07-31T19:42:22.3944103Z [1m[92m  Downloaded[0m tauri-build v2.6.3
build-desktop (windows-latest)	Build Tauri Desktop	2026-07-31T19:42:22.4073393Z [1m[92m  Downloaded[0m toml_datetime v1.1.1+spec-1.1.0
build-desktop (windows-latest)	Build Tauri Desktop	2026-07-31T19:42:22.4830074Z [1m[92m  Downloaded[0m http v1.5.0
build-desktop (windows-latest)	Build Tauri Desktop	2026-07-31T19:42:22.7539726Z [1m[92m  Downloaded[0m icu_locale_core v2.2.0
build-desktop (windows-latest)	Build Tauri Desktop	2026-07-31T19:42:22.8190696Z [1m[92m  Downloaded[0m schemars v0.9.0
build-desktop (windows-latest)	Build Tauri Desktop	2026-07-31T19:42:22.9705467Z [1m[92m  Downloaded[0m string_cache_codegen v0.6.1
build-desktop (windows-latest)	Build Tauri Desktop	2026-07-31T19:42:22.9770722Z [1m[92m  Downloaded[0m tao v0.35.3
build-desktop (windows-latest)	Build Tauri Desktop	2026-07-31T19:42:23.0647937Z [1m[92m  Downloaded[0m tauri-plugin-log v2.9.0
build-desktop (windows-latest)	Build Tauri Desktop	2026-07-31T19:42:23.0846519Z [1m[92m  Downloaded[0m tracing-core v0.1.36
build-desktop (windows-latest)	Build Tauri Desktop	2026-07-31T19:42:23.1086915Z [1m[92m  Downloaded[0m webview2-com v0.38.2
build-desktop (windows-latest)	Build Tauri Desktop	2026-07-31T19:42:23.1187898Z [1m[92m  Downloaded[0m windows-result v0.3.4
build-desktop (windows-latest)	Build Tauri Desktop	2026-07-31T19:42:23.1339039Z [1m[92m  Downloaded[0m bit-set v0.8.0
build-desktop (windows-latest)	Build Tauri Desktop	2026-07-31T19:42:23.1441655Z [1m[92m  Downloaded[0m phf v0.13.1
build-desktop (windows-latest)	Build Tauri Desktop	2026-07-31T19:42:23.1551096Z [1m[92m  Downloaded[0m serde_repr v0.1.21
build-desktop (windows-latest)	Build Tauri Desktop	2026-07-31T19:42:23.1747175Z [1m[92m  Downloaded[0m tinyvec v1.12.0
build-desktop (windows-latest)	Build Tauri Desktop	2026-07-31T19:42:23.1941965Z [1m[92m  Downloaded[0m winnow v1.0.4
build-desktop (windows-latest)	Build Tauri Desktop	2026-07-31T19:42:23.2724402Z [1m[92m  Downloaded[0m alloc-no-stdlib v2.0.4
build-desktop (windows-latest)	Build Tauri Desktop	2026-07-31T19:42:23.2922291Z [1m[92m  Downloaded[0m windows-numerics v0.2.0
build-desktop (windows-latest)	Build Tauri Desktop	2026-07-31T19:42:23.3039533Z [1m[92m  Downloaded[0m yoke-derive v0.8.2
build-desktop (windows-latest)	Build Tauri Desktop	2026-07-31T19:42:23.3128782Z [1m[92m  Downloaded[0m bs58 v0.5.1
build-desktop (windows-latest)	Build Tauri Desktop	2026-07-31T19:42:23.3299864Z [1m[92m  Downloaded[0m tauri-macros v2.6.3
build-desktop (windows-latest)	Build Tauri Desktop	2026-07-31T19:42:23.3415148Z [1m[92m  Downloaded[0m zerofrom-derive v0.1.7
build-desktop (windows-latest)	Build Tauri Desktop	2026-07-31T19:42:23.3496853Z [1m[92m  Downloaded[0m anyhow v1.0.104
build-desktop (windows-latest)	Build Tauri Desktop	2026-07-31T19:42:23.3885049Z [1m[92m  Downloaded[0m phf_shared v0.13.1
build-desktop (windows-latest)	Build Tauri Desktop	2026-07-31T19:42:23.3979496Z [1m[92m  Downloaded[0m thiserror v1.0.69
build-desktop (windows-latest)	Build Tauri Desktop	2026-07-31T19:42:23.4679119Z [1m[92m  Downloaded[0m vswhom-sys v0.1.3
build-desktop (windows-latest)	Build Tauri Desktop	2026-07-31T19:42:23.4792419Z [1m[92m  Downloaded[0m webview2-com-macros v0.8.1
build-desktop (windows-latest)	Build Tauri Desktop	2026-07-31T19:42:23.4859253Z [1m[92m  Downloaded[0m darling_macro v0.23.0
build-desktop (windows-latest)	Build Tauri Desktop	2026-07-31T19:42:23.4955916Z [1m[92m  Downloaded[0m syn v3.0.3
build-desktop (windows-latest)	Build Tauri Desktop	2026-07-31T19:42:23.5723954Z [1m[92m  Downloaded[0m version_check v0.9.5
build-desktop (windows-latest)	Build Tauri Desktop	2026-07-31T19:42:23.5829405Z [1m[92m  Downloaded[0m powerfmt v0.2.0
build-desktop (windows-latest)	Build Tauri Desktop	2026-07-31T19:42:23.5932191Z [1m[92m  Downloaded[0m thiserror-impl v1.0.69
build-desktop (windows-latest)	Build Tauri Desktop	2026-07-31T19:42:23.6056677Z [1m[92m  Downloaded[0m bytes v1.12.1
build-desktop (windows-latest)	Build Tauri Desktop	2026-07-31T19:42:23.6375148Z [1m[92m  Downloaded[0m pin-project-lite v0.2.17
build-desktop (windows-latest)	Build Tauri Desktop	2026-07-31T19:42:23.7005518Z [1m[92m  Downloaded[0m digest v0.10.7
build-desktop (windows-latest)	Build Tauri Desktop	2026-07-31T19:42:23.7164044Z [1m[92m  Downloaded[0m libc v0.2.189
build-desktop (windows-latest)	Build Tauri Desktop	2026-07-31T19:42:24.4515940Z [1m[92m  Downloaded[0m same-file v1.0.6
build-desktop (windows-latest)	Build Tauri Desktop	2026-07-31T19:42:24.4635790Z [1m[92m  Downloaded[0m semver v1.0.28
build-desktop (windows-latest)	Build Tauri Desktop	2026-07-31T19:42:24.4854126Z [1m[92m  Downloaded[0m unic-ucd-version v0.9.0
build-desktop (windows-latest)	Build Tauri Desktop	2026-07-31T19:42:24.4938328Z [1m[92m  Downloaded[0m windows-implement v0.60.2
build-desktop (windows-latest)	Build Tauri Desktop	2026-07-31T19:42:24.5023929Z [1m[92m  Downloaded[0m windows_x86_64_msvc v0.52.6
build-desktop (windows-latest)	Build Tauri Desktop	2026-07-31T19:42:24.5228799Z [1m[92m  Downloaded[0m phf_generator v0.13.1
build-desktop (windows-latest)	Build Tauri Desktop	2026-07-31T19:42:24.5325603Z [1m[92m  Downloaded[0m unicode-segmentation v1.13.3
build-desktop (windows-latest)	Build Tauri Desktop	2026-07-31T19:42:24.5496329Z [1m[92m  Downloaded[0m autocfg v1.5.1
build-desktop (windows-latest)	Build Tauri Desktop	2026-07-31T19:42:24.5671931Z [1m[92m  Downloaded[0m crossbeam-channel v0.5.16
build-desktop (windows-latest)	Build Tauri Desktop	2026-07-31T19:42:24.5996968Z [1m[92m  Downloaded[0m tendril v0.5.1
build-desktop (windows-latest)	Build Tauri Desktop	2026-07-31T19:42:24.6174619Z [1m[92m  Downloaded[0m toml_parser v1.1.3+spec-1.1.0
build-desktop (windows-latest)	Build Tauri Desktop	2026-07-31T19:42:24.6346787Z [1m[92m  Downloaded[0m tracing v0.1.44
build-desktop (windows-latest)	Build Tauri Desktop	2026-07-31T19:42:24.7094946Z [1m[92m  Downloaded[0m dirs-sys v0.5.0
build-desktop (windows-latest)	Build Tauri Desktop	2026-07-31T19:42:24.7189984Z [1m[92m  Downloaded[0m embed-resource v3.0.11
build-desktop (windows-latest)	Build Tauri Desktop	2026-07-31T19:42:24.7352342Z [1m[92m  Downloaded[0m quote v1.0.47
build-desktop (windows-latest)	Build Tauri Desktop	2026-07-31T19:42:24.7611486Z [1m[92m  Downloaded[0m wry v0.55.1
build-desktop (windows-latest)	Build Tauri Desktop	2026-07-31T19:42:24.8245832Z [1m[92m  Downloaded[0m aho-corasick v1.1.4
build-desktop (windows-latest)	Build Tauri Desktop	2026-07-31T19:42:24.8606164Z [1m[92m  Downloaded[0m brotli-decompressor v5.0.3
build-desktop (windows-latest)	Build Tauri Desktop	2026-07-31T19:42:24.8918581Z [1m[92m  Downloaded[0m displaydoc v0.2.7
build-desktop (windows-latest)	Build Tauri Desktop	2026-07-31T19:42:24.9114799Z [1m[92m  Downloaded[0m camino v1.2.5
build-desktop (windows-latest)	Build Tauri Desktop	2026-07-31T19:42:24.9228856Z [1m[92m  Downloaded[0m cpufeatures v0.2.17
build-desktop (windows-latest)	Build Tauri Desktop	2026-07-31T19:42:24.9343099Z [1m[92m  Downloaded[0m foldhash v0.2.0
build-desktop (windows-latest)	Build Tauri Desktop	2026-07-31T19:42:24.9442604Z [1m[92m  Downloaded[0m erased-serde v0.4.10
build-desktop (windows-latest)	Build Tauri Desktop	2026-07-31T19:42:24.9669208Z [1m[92m  Downloaded[0m ctor v0.8.0
build-desktop (windows-latest)	Build Tauri Desktop	2026-07-31T19:42:24.9757600Z [1m[92m  Downloaded[0m chrono v0.4.45
build-desktop (windows-latest)	Build Tauri Desktop	2026-07-31T19:42:25.0186138Z [1m[92m  Downloaded[0m ref-cast v1.0.26
build-desktop (windows-latest)	Build Tauri Desktop	2026-07-31T19:42:25.0537885Z [1m[92m  Downloaded[0m dyn-clone v1.0.20
build-desktop (windows-latest)	Build Tauri Desktop	2026-07-31T19:42:25.0686432Z [1m[92m  Downloaded[0m windows-version v0.1.7
build-desktop (windows-latest)	Build Tauri Desktop	2026-07-31T19:42:25.0771098Z [1m[92m  Downloaded[0m ctor-proc-macro v0.0.7
build-desktop (windows-latest)	Build Tauri Desktop	2026-07-31T19:42:25.0844341Z [1m[92m  Downloaded[0m fdeflate v0.3.7
build-desktop (windows-latest)	Build Tauri Desktop	2026-07-31T19:42:25.1015820Z [1m[92m  Downloaded[0m winnow v0.7.15
build-desktop (windows-latest)	Build Tauri Desktop	2026-07-31T19:42:25.6823955Z [1m[92m  Downloaded[0m bit-vec v0.8.0
build-desktop (windows-latest)	Build Tauri Desktop	2026-07-31T19:42:25.6947160Z [1m[92m  Downloaded[0m getrandom v0.3.4
build-desktop (windows-latest)	Build Tauri Desktop	2026-07-31T19:42:25.7272257Z [1m[92m  Downloaded[0m dtoa v1.0.11
build-desktop (windows-latest)	Build Tauri Desktop	2026-07-31T19:42:25.7395455Z [1m[92m  Downloaded[0m dtor v0.3.0
build-desktop (windows-latest)	Build Tauri Desktop	2026-07-31T19:42:25.7485162Z [1m[92m  Downloaded[0m heck v0.5.0
build-desktop (windows-latest)	Build Tauri Desktop	2026-07-31T19:42:25.7612046Z [1m[92m  Downloaded[0m dpi v0.1.2
build-desktop (windows-latest)	Build Tauri Desktop	2026-07-31T19:42:25.7698786Z [1m[92m  Downloaded[0m find-msvc-tools v0.1.9
build-desktop (windows-latest)	Build Tauri Desktop	2026-07-31T19:42:25.7870141Z [1m[92m  Downloaded[0m crc32fast v1.5.0
build-desktop (windows-latest)	Build Tauri Desktop	2026-07-31T19:42:25.8015715Z [1m[92m  Downloaded[0m ico v0.5.0
build-desktop (windows-latest)	Build Tauri Desktop	2026-07-31T19:42:25.8294149Z [1m[92m  Downloaded[0m derive_more-impl v2.1.1
build-desktop (windows-latest)	Build Tauri Desktop	2026-07-31T19:42:25.8731549Z [1m[92m  Downloaded[0m dom_query v0.27.0
build-desktop (windows-latest)	Build Tauri Desktop	2026-07-31T19:42:25.9161045Z [1m[92m  Downloaded[0m html5ever v0.38.0
build-desktop (windows-latest)	Build Tauri Desktop	2026-07-31T19:42:25.9505927Z [1m[92m  Downloaded[0m memchr v2.8.3
build-desktop (windows-latest)	Build Tauri Desktop	2026-07-31T19:42:25.9921449Z [1m[92m  Downloaded[0m deranged v0.5.8
build-desktop (windows-latest)	Build Tauri Desktop	2026-07-31T19:42:26.0008999Z [1m[92m  Downloaded[0m icu_collections v2.2.0
build-desktop (windows-latest)	Build Tauri Desktop	2026-07-31T19:42:26.0606177Z [1m[92m  Downloaded[0m window-vibrancy v0.6.0
build-desktop (windows-latest)	Build Tauri Desktop	2026-07-31T19:42:26.0926679Z [1m[92m  Downloaded[0m brotli v8.0.4
build-desktop (windows-latest)	Build Tauri Desktop	2026-07-31T19:42:26.1690029Z [1m[92m  Downloaded[0m windows-sys v0.59.0
build-desktop (windows-latest)	Build Tauri Desktop	2026-07-31T19:42:27.1103582Z [1m[92m  Downloaded[0m windows v0.61.3
build-desktop (windows-latest)	Build Tauri Desktop	2026-07-31T19:42:28.7767240Z [1m[92m  Downloaded[0m windows-sys v0.61.2
build-desktop (windows-latest)	Build Tauri Desktop	2026-07-31T19:42:29.0804073Z [1m[92m  Downloaded[0m webview2-com-sys v0.38.2
build-desktop (windows-latest)	Build Tauri Desktop	2026-07-31T19:42:30.2299171Z [1m[92m   Compiling[0m proc-macro2 v1.0.107
build-desktop (windows-latest)	Build Tauri Desktop	2026-07-31T19:42:30.2302784Z [1m[92m   Compiling[0m unicode-ident v1.0.24
build-desktop (windows-latest)	Build Tauri Desktop	2026-07-31T19:42:30.2303581Z [1m[92m   Compiling[0m quote v1.0.47
build-desktop (windows-latest)	Build Tauri Desktop	2026-07-31T19:42:30.2304346Z [1m[92m   Compiling[0m serde_core v1.0.229
build-desktop (windows-latest)	Build Tauri Desktop	2026-07-31T19:42:38.1892427Z [1m[92m   Compiling[0m siphasher v1.0.3
build-desktop (windows-latest)	Build Tauri Desktop	2026-07-31T19:42:38.9238709Z [1m[92m   Compiling[0m phf_shared v0.13.1
build-desktop (windows-latest)	Build Tauri Desktop	2026-07-31T19:42:39.4820763Z [1m[92m   Compiling[0m cfg-if v1.0.4
build-desktop (windows-latest)	Build Tauri Desktop	2026-07-31T19:42:39.5507241Z [1m[92m   Compiling[0m icu_properties_data v2.2.0
build-desktop (windows-latest)	Build Tauri Desktop	2026-07-31T19:42:40.6824570Z [1m[92m   Compiling[0m icu_normalizer_data v2.2.0
build-desktop (windows-latest)	Build Tauri Desktop	2026-07-31T19:42:40.7547010Z [1m[92m   Compiling[0m fastrand v2.5.0
build-desktop (windows-latest)	Build Tauri Desktop	2026-07-31T19:42:40.9157998Z [1m[92m   Compiling[0m stable_deref_trait v1.2.1
build-desktop (windows-latest)	Build Tauri Desktop	2026-07-31T19:42:41.1228254Z [1m[92m   Compiling[0m phf_generator v0.13.1
build-desktop (windows-latest)	Build Tauri Desktop	2026-07-31T19:42:41.4113326Z [1m[92m   Compiling[0m zmij v1.0.23
build-desktop (windows-latest)	Build Tauri Desktop	2026-07-31T19:42:41.8454114Z [1m[92m   Compiling[0m smallvec v1.15.2
build-desktop (windows-latest)	Build Tauri Desktop	2026-07-31T19:42:42.2544080Z [1m[92m   Compiling[0m thiserror v2.0.19
build-desktop (windows-latest)	Build Tauri Desktop	2026-07-31T19:42:42.6634314Z [1m[92m   Compiling[0m parking_lot_core v0.9.12
build-desktop (windows-latest)	Build Tauri Desktop	2026-07-31T19:42:43.5596847Z [1m[92m   Compiling[0m syn v2.0.119
build-desktop (windows-latest)	Build Tauri Desktop	2026-07-31T19:42:43.5792259Z [1m[92m   Compiling[0m syn v3.0.3
build-desktop (windows-latest)	Build Tauri Desktop	2026-07-31T19:42:44.7264909Z [1m[92m   Compiling[0m windows-link v0.2.1
build-desktop (windows-latest)	Build Tauri Desktop	2026-07-31T19:42:44.7974785Z [1m[92m   Compiling[0m serde v1.0.229
build-desktop (windows-latest)	Build Tauri Desktop	2026-07-31T19:42:45.1978118Z [1m[92m   Compiling[0m typeid v1.0.3
build-desktop (windows-latest)	Build Tauri Desktop	2026-07-31T19:42:45.4907334Z [1m[92m   Compiling[0m memchr v2.8.3
build-desktop (windows-latest)	Build Tauri Desktop	2026-07-31T19:42:47.0270481Z [1m[92m   Compiling[0m num-conv v0.2.2
build-desktop (windows-latest)	Build Tauri Desktop	2026-07-31T19:42:47.0997531Z [1m[92m   Compiling[0m displaydoc v0.2.7
build-desktop (windows-latest)	Build Tauri Desktop	2026-07-31T19:42:47.2053475Z [1m[92m   Compiling[0m serde_derive v1.0.229
build-desktop (windows-latest)	Build Tauri Desktop	2026-07-31T19:42:47.6486267Z [1m[92m   Compiling[0m thiserror-impl v2.0.19
build-desktop (windows-latest)	Build Tauri Desktop	2026-07-31T19:42:48.3499426Z [1m[92m   Compiling[0m synstructure v0.13.2
build-desktop (windows-latest)	Build Tauri Desktop	2026-07-31T19:42:49.2368489Z [1m[92m   Compiling[0m time-core v0.1.9
build-desktop (windows-latest)	Build Tauri Desktop	2026-07-31T19:42:49.5610061Z [1m[92m   Compiling[0m phf_codegen v0.13.1
build-desktop (windows-latest)	Build Tauri Desktop	2026-07-31T19:42:49.6479748Z [1m[92m   Compiling[0m itoa v1.0.18
build-desktop (windows-latest)	Build Tauri Desktop	2026-07-31T19:42:49.6869825Z [1m[92m   Compiling[0m litemap v0.8.2
build-desktop (windows-latest)	Build Tauri Desktop	2026-07-31T19:42:49.8864979Z [1m[92m   Compiling[0m thiserror v1.0.69
build-desktop (windows-latest)	Build Tauri Desktop	2026-07-31T19:42:49.9523507Z [1m[92m   Compiling[0m strsim v0.11.1
build-desktop (windows-latest)	Build Tauri Desktop	2026-07-31T19:42:50.2267131Z [1m[92m   Compiling[0m ident_case v1.0.1
build-desktop (windows-latest)	Build Tauri Desktop	2026-07-31T19:42:50.3619577Z [1m[92m   Compiling[0m erased-serde v0.4.10
build-desktop (windows-latest)	Build Tauri Desktop	2026-07-31T19:42:50.3872977Z [1m[92m   Compiling[0m writeable v0.6.3
build-desktop (windows-latest)	Build Tauri Desktop	2026-07-31T19:42:50.6373488Z [1m[92m   Compiling[0m darling_core v0.23.0
build-desktop (windows-latest)	Build Tauri Desktop	2026-07-31T19:42:50.7451557Z [1m[92m   Compiling[0m utf8_iter v1.0.4
build-desktop (windows-latest)	Build Tauri Desktop	2026-07-31T19:42:50.9777465Z [1m[92m   Compiling[0m anyhow v1.0.104
build-desktop (windows-latest)	Build Tauri Desktop	2026-07-31T19:42:51.2002460Z [1m[92m   Compiling[0m zerofrom-derive v0.1.7
build-desktop (windows-latest)	Build Tauri Desktop	2026-07-31T19:42:51.3449639Z [1m[92m   Compiling[0m yoke-derive v0.8.2
build-desktop (windows-latest)	Build Tauri Desktop	2026-07-31T19:42:52.0976899Z [1m[92m   Compiling[0m zerovec-derive v0.11.3
build-desktop (windows-latest)	Build Tauri Desktop	2026-07-31T19:42:53.1091734Z [1m[92m   Compiling[0m phf_macros v0.13.1
build-desktop (windows-latest)	Build Tauri Desktop	2026-07-31T19:42:53.3330414Z [1m[92m   Compiling[0m zerofrom v0.1.8
build-desktop (windows-latest)	Build Tauri Desktop	2026-07-31T19:42:53.4727965Z [1m[92m   Compiling[0m yoke v0.8.3
build-desktop (windows-latest)	Build Tauri Desktop	2026-07-31T19:42:53.8592752Z [1m[92m   Compiling[0m zerovec v0.11.6
build-desktop (windows-latest)	Build Tauri Desktop	2026-07-31T19:42:54.2836740Z [1m[92m   Compiling[0m zerotrie v0.2.4
build-desktop (windows-latest)	Build Tauri Desktop	2026-07-31T19:42:54.6844277Z [1m[92m   Compiling[0m thiserror-impl v1.0.69
build-desktop (windows-latest)	Build Tauri Desktop	2026-07-31T19:42:54.7742937Z [1m[92m   Compiling[0m tinystr v0.8.3
build-desktop (windows-latest)	Build Tauri Desktop	2026-07-31T19:42:54.7949426Z [1m[92m   Compiling[0m potential_utf v0.1.5
build-desktop (windows-latest)	Build Tauri Desktop	2026-07-31T19:42:54.9733035Z [1m[92m   Compiling[0m icu_collections v2.2.0
build-desktop (windows-latest)	Build Tauri Desktop	2026-07-31T19:42:55.0768923Z [1m[92m   Compiling[0m icu_locale_core v2.2.0
build-desktop (windows-latest)	Build Tauri Desktop	2026-07-31T19:42:55.4599941Z [1m[92m   Compiling[0m darling_macro v0.23.0
build-desktop (windows-latest)	Build Tauri Desktop	2026-07-31T19:42:55.8753085Z [1m[92m   Compiling[0m new_debug_unreachable v1.0.6
build-desktop (windows-latest)	Build Tauri Desktop	2026-07-31T19:42:55.9385161Z [1m[92m   Compiling[0m scopeguard v1.2.0
build-desktop (windows-latest)	Build Tauri Desktop	2026-07-31T19:42:55.9689920Z [1m[92m   Compiling[0m windows_x86_64_msvc v0.52.6
build-desktop (windows-latest)	Build Tauri Desktop	2026-07-31T19:42:56.0186094Z [1m[92m   Compiling[0m lock_api v0.4.14
build-desktop (windows-latest)	Build Tauri Desktop	2026-07-31T19:42:56.2003657Z [1m[92m   Compiling[0m darling v0.23.0
build-desktop (windows-latest)	Build Tauri Desktop	2026-07-31T19:42:56.3274716Z [1m[92m   Compiling[0m phf v0.13.1
build-desktop (windows-latest)	Build Tauri Desktop	2026-07-31T19:42:56.5592663Z [1m[92m   Compiling[0m icu_provider v2.2.0
build-desktop (windows-latest)	Build Tauri Desktop	2026-07-31T19:42:56.7440196Z [1m[92m   Compiling[0m string_cache_codegen v0.6.1
build-desktop (windows-latest)	Build Tauri Desktop	2026-07-31T19:42:56.9989322Z [1m[92m   Compiling[0m serde_json v1.0.151
build-desktop (windows-latest)	Build Tauri Desktop	2026-07-31T19:42:57.0263462Z [1m[92m   Compiling[0m precomputed-hash v0.1.1
build-desktop (windows-latest)	Build Tauri Desktop	2026-07-31T19:42:57.1204597Z [1m[92m   Compiling[0m winnow v1.0.4
build-desktop (windows-latest)	Build Tauri Desktop	2026-07-31T19:42:57.1790289Z [1m[92m   Compiling[0m getrandom v0.4.3
build-desktop (windows-latest)	Build Tauri Desktop	2026-07-31T19:42:57.3731011Z [1m[92m   Compiling[0m web_atoms v0.2.5
build-desktop (windows-latest)	Build Tauri Desktop	2026-07-31T19:42:57.4528341Z [1m[92m   Compiling[0m parking_lot v0.12.5
build-desktop (windows-latest)	Build Tauri Desktop	2026-07-31T19:42:57.6358498Z [1m[92m   Compiling[0m toml_parser v1.1.3+spec-1.1.0
build-desktop (windows-latest)	Build Tauri Desktop	2026-07-31T19:42:57.8080487Z [1m[92m   Compiling[0m icu_normalizer v2.2.0
build-desktop (windows-latest)	Build Tauri Desktop	2026-07-31T19:42:58.0540581Z [1m[92m   Compiling[0m icu_properties v2.2.0
build-desktop (windows-latest)	Build Tauri Desktop	2026-07-31T19:42:58.1233895Z [1m[92m   Compiling[0m serde_with_macros v3.21.0
build-desktop (windows-latest)	Build Tauri Desktop	2026-07-31T19:42:58.6143956Z [1m[92m   Compiling[0m windows-sys v0.61.2
build-desktop (windows-latest)	Build Tauri Desktop	2026-07-31T19:42:58.6550091Z [1m[92m   Compiling[0m serde_spanned v1.1.1
build-desktop (windows-latest)	Build Tauri Desktop	2026-07-31T19:42:58.7985471Z [1m[92m   Compiling[0m ctor-proc-macro v0.0.7
build-desktop (windows-latest)	Build Tauri Desktop	2026-07-31T19:42:59.5655282Z [1m[92m   Compiling[0m toml_writer v1.1.2+spec-1.1.0
build-desktop (windows-latest)	Build Tauri Desktop	2026-07-31T19:42:59.6953268Z [1m[92m   Compiling[0m libc v0.2.189
build-desktop (windows-latest)	Build Tauri Desktop	2026-07-31T19:42:59.8474756Z [1m[92m   Compiling[0m idna_adapter v1.2.2
build-desktop (windows-latest)	Build Tauri Desktop	2026-07-31T19:43:00.1336607Z [1m[92m   Compiling[0m string_cache v0.9.0
build-desktop (windows-latest)	Build Tauri Desktop	2026-07-31T19:43:00.5189862Z [1m[92m   Compiling[0m semver v1.0.28
build-desktop (windows-latest)	Build Tauri Desktop	2026-07-31T19:43:00.9550831Z [1m[92m   Compiling[0m version_check v0.9.5
build-desktop (windows-latest)	Build Tauri Desktop	2026-07-31T19:43:01.3760780Z [1m[92m   Compiling[0m autocfg v1.5.1
build-desktop (windows-latest)	Build Tauri Desktop	2026-07-31T19:43:01.5260019Z [1m[92m   Compiling[0m dtoa v1.0.11
build-desktop (windows-latest)	Build Tauri Desktop	2026-07-31T19:43:01.6734916Z [1m[92m   Compiling[0m log v0.4.33
build-desktop (windows-latest)	Build Tauri Desktop	2026-07-31T19:43:01.8934897Z [1m[92m   Compiling[0m percent-encoding v2.3.2
build-desktop (windows-latest)	Build Tauri Desktop	2026-07-31T19:43:01.9379546Z [1m[92m   Compiling[0m indexmap v1.9.3
build-desktop (windows-latest)	Build Tauri Desktop	2026-07-31T19:43:01.9645774Z [1m[92m   Compiling[0m dtoa-short v0.3.5
build-desktop (windows-latest)	Build Tauri Desktop	2026-07-31T19:43:02.1095588Z [1m[92m   Compiling[0m form_urlencoded v1.2.2
build-desktop (windows-latest)	Build Tauri Desktop	2026-07-31T19:43:02.1408329Z [1m[92m   Compiling[0m uuid v1.24.0
build-desktop (windows-latest)	Build Tauri Desktop	2026-07-31T19:43:02.2858854Z [1m[92m   Compiling[0m idna v1.1.0
build-desktop (windows-latest)	Build Tauri Desktop	2026-07-31T19:43:02.7239724Z [1m[92m   Compiling[0m tendril v0.5.1
build-desktop (windows-latest)	Build Tauri Desktop	2026-07-31T19:43:03.1145682Z [1m[92m   Compiling[0m derive_more-impl v2.1.1
build-desktop (windows-latest)	Build Tauri Desktop	2026-07-31T19:43:03.2517641Z [1m[92m   Compiling[0m cssparser-macros v0.6.1
build-desktop (windows-latest)	Build Tauri Desktop	2026-07-31T19:43:03.2829161Z [1m[92m   Compiling[0m selectors v0.36.1
build-desktop (windows-latest)	Build Tauri Desktop	2026-07-31T19:43:03.3183185Z [1m[92m   Compiling[0m aho-corasick v1.1.4
build-desktop (windows-latest)	Build Tauri Desktop	2026-07-31T19:43:03.7749006Z [1m[92m   Compiling[0m toml_datetime v1.1.1+spec-1.1.0
build-desktop (windows-latest)	Build Tauri Desktop	2026-07-31T19:43:03.8136020Z [1m[92m   Compiling[0m regex-syntax v0.8.11
build-desktop (windows-latest)	Build Tauri Desktop	2026-07-31T19:43:04.1817954Z [1m[92m   Compiling[0m unic-char-range v0.9.0
build-desktop (windows-latest)	Build Tauri Desktop	2026-07-31T19:43:04.2878333Z [1m[92m   Compiling[0m camino v1.2.5
build-desktop (windows-latest)	Build Tauri Desktop	2026-07-31T19:43:04.6146665Z [1m[92m   Compiling[0m unic-common v0.9.0
build-desktop (windows-latest)	Build Tauri Desktop	2026-07-31T19:43:04.6477952Z [1m[92m   Compiling[0m windows-link v0.1.3
build-desktop (windows-latest)	Build Tauri Desktop	2026-07-31T19:43:04.7057938Z [1m[92m   Compiling[0m alloc-no-stdlib v2.0.4
build-desktop (windows-latest)	Build Tauri Desktop	2026-07-31T19:43:04.7203511Z [1m[92m   Compiling[0m byteorder v1.5.0
build-desktop (windows-latest)	Build Tauri Desktop	2026-07-31T19:43:04.8153659Z [1m[92m   Compiling[0m alloc-stdlib v0.2.4
build-desktop (windows-latest)	Build Tauri Desktop	2026-07-31T19:43:04.9287665Z [1m[92m   Compiling[0m unic-ucd-version v0.9.0
build-desktop (windows-latest)	Build Tauri Desktop	2026-07-31T19:43:04.9996808Z [1m[92m   Compiling[0m derive_more v2.1.1
build-desktop (windows-latest)	Build Tauri Desktop	2026-07-31T19:43:05.0299641Z [1m[92m   Compiling[0m unic-char-property v0.9.0
build-desktop (windows-latest)	Build Tauri Desktop	2026-07-31T19:43:05.1071219Z [1m[92m   Compiling[0m toml v1.1.4+spec-1.1.0
build-desktop (windows-latest)	Build Tauri Desktop	2026-07-31T19:43:05.2706407Z [1m[92m   Compiling[0m cssparser v0.36.0
build-desktop (windows-latest)	Build Tauri Desktop	2026-07-31T19:43:06.3739069Z [1m[92m   Compiling[0m regex-automata v0.4.16
build-desktop (windows-latest)	Build Tauri Desktop	2026-07-31T19:43:06.4395618Z [1m[92m   Compiling[0m markup5ever v0.38.0
build-desktop (windows-latest)	Build Tauri Desktop	2026-07-31T19:43:06.7433202Z [1m[92m   Compiling[0m url v2.5.8
build-desktop (windows-latest)	Build Tauri Desktop	2026-07-31T19:43:07.4884254Z [1m[92m   Compiling[0m winapi-util v0.1.11
build-desktop (windows-latest)	Build Tauri Desktop	2026-07-31T19:43:07.8896986Z [1m[92m   Compiling[0m serde_derive_internals v0.29.1
build-desktop (windows-latest)	Build Tauri Desktop	2026-07-31T19:43:07.9685087Z [1m[92m   Compiling[0m servo_arc v0.4.3
build-desktop (windows-latest)	Build Tauri Desktop	2026-07-31T19:43:07.9787886Z [1m[92m   Compiling[0m schemars v0.8.22
build-desktop (windows-latest)	Build Tauri Desktop	2026-07-31T19:43:08.1688538Z [1m[92m   Compiling[0m deranged v0.5.8
build-desktop (windows-latest)	Build Tauri Desktop	2026-07-31T19:43:09.4399280Z [1m[92m   Compiling[0m hashbrown v0.17.1
build-desktop (windows-latest)	Build Tauri Desktop	2026-07-31T19:43:09.8785457Z [1m[92m   Compiling[0m bit-vec v0.8.0
build-desktop (windows-latest)	Build Tauri Desktop	2026-07-31T19:43:10.1697181Z [1m[92m   Compiling[0m bitflags v2.13.1
build-desktop (windows-latest)	Build Tauri Desktop	2026-07-31T19:43:10.3021907Z [1m[92m   Compiling[0m equivalent v1.0.2
build-desktop (windows-latest)	Build Tauri Desktop	2026-07-31T19:43:10.3679155Z [1m[92m   Compiling[0m fnv v1.0.7
build-desktop (windows-latest)	Build Tauri Desktop	2026-07-31T19:43:10.4113556Z [1m[92m   Compiling[0m rustc-hash v2.1.3
build-desktop (windows-latest)	Build Tauri Desktop	2026-07-31T19:43:10.4431466Z [1m[92m   Compiling[0m powerfmt v0.2.0
build-desktop (windows-latest)	Build Tauri Desktop	2026-07-31T19:43:10.5179578Z [1m[92m   Compiling[0m shlex v2.0.1
build-desktop (windows-latest)	Build Tauri Desktop	2026-07-31T19:43:10.6584932Z [1m[92m   Compiling[0m hashbrown v0.12.3
build-desktop (windows-latest)	Build Tauri Desktop	2026-07-31T19:43:10.7188487Z [1m[92m   Compiling[0m find-msvc-tools v0.1.9
build-desktop (windows-latest)	Build Tauri Desktop	2026-07-31T19:43:11.0410351Z [1m[92m   Compiling[0m time v0.3.54
build-desktop (windows-latest)	Build Tauri Desktop	2026-07-31T19:43:11.6377158Z [1m[92m   Compiling[0m cc v1.4.0
build-desktop (windows-latest)	Build Tauri Desktop	2026-07-31T19:43:11.9874795Z [1m[92m   Compiling[0m cfb v0.7.3
build-desktop (windows-latest)	Build Tauri Desktop	2026-07-31T19:43:13.0489590Z [1m[92m   Compiling[0m indexmap v2.14.0
build-desktop (windows-latest)	Build Tauri Desktop	2026-07-31T19:43:13.5652952Z [1m[92m   Compiling[0m bit-set v0.8.0
build-desktop (windows-latest)	Build Tauri Desktop	2026-07-31T19:43:13.7340956Z [1m[92m   Compiling[0m schemars_derive v0.8.22
build-desktop (windows-latest)	Build Tauri Desktop	2026-07-31T19:43:13.8518019Z [1m[92m   Compiling[0m regex v1.13.1
build-desktop (windows-latest)	Build Tauri Desktop	2026-07-31T19:43:14.4787722Z [1m[92m   Compiling[0m same-file v1.0.6
build-desktop (windows-latest)	Build Tauri Desktop	2026-07-31T19:43:14.6173716Z [1m[92m   Compiling[0m html5ever v0.38.0
build-desktop (windows-latest)	Build Tauri Desktop	2026-07-31T19:43:14.6276825Z [1m[92m   Compiling[0m unic-ucd-ident v0.9.0
build-desktop (windows-latest)	Build Tauri Desktop	2026-07-31T19:43:14.9343390Z [1m[92m   Compiling[0m brotli-decompressor v5.0.3
build-desktop (windows-latest)	Build Tauri Desktop	2026-07-31T19:43:15.6049879Z [1m[92m   Compiling[0m jsonptr v0.6.3
build-desktop (windows-latest)	Build Tauri Desktop	2026-07-31T19:43:15.7893369Z [1m[92m   Compiling[0m cargo-platform v0.1.9
build-desktop (windows-latest)	Build Tauri Desktop	2026-07-31T19:43:16.0483484Z [1m[92m   Compiling[0m quick-xml v0.41.0
build-desktop (windows-latest)	Build Tauri Desktop	2026-07-31T19:43:16.0806818Z [1m[92m   Compiling[0m foldhash v0.2.0
build-desktop (windows-latest)	Build Tauri Desktop	2026-07-31T19:43:16.2272882Z [1m[92m   Compiling[0m dunce v1.0.5
build-desktop (windows-latest)	Build Tauri Desktop	2026-07-31T19:43:16.3176684Z [1m[92m   Compiling[0m base64 v0.22.1
build-desktop (windows-latest)	Build Tauri Desktop	2026-07-31T19:43:16.4864849Z [1m[92m   Compiling[0m dyn-clone v1.0.20
build-desktop (windows-latest)	Build Tauri Desktop	2026-07-31T19:43:16.6089333Z [1m[92m   Compiling[0m bytes v1.12.1
build-desktop (windows-latest)	Build Tauri Desktop	2026-07-31T19:43:17.5639590Z [1m[92m   Compiling[0m http v1.5.0
build-desktop (windows-latest)	Build Tauri Desktop	2026-07-31T19:43:17.5755483Z [1m[92m   Compiling[0m plist v1.10.0
build-desktop (windows-latest)	Build Tauri Desktop	2026-07-31T19:43:18.9020439Z [1m[92m   Compiling[0m dom_query v0.27.0
build-desktop (windows-latest)	Build Tauri Desktop	2026-07-31T19:43:19.0228188Z [1m[92m   Compiling[0m brotli v8.0.4
build-desktop (windows-latest)	Build Tauri Desktop	2026-07-31T19:43:19.5587397Z [1m[92m   Compiling[0m cargo_metadata v0.19.2
build-desktop (windows-latest)	Build Tauri Desktop	2026-07-31T19:43:21.4922267Z [1m[92m   Compiling[0m json-patch v3.0.1
build-desktop (windows-latest)	Build Tauri Desktop	2026-07-31T19:43:21.9494093Z [1m[92m   Compiling[0m urlpattern v0.3.0
build-desktop (windows-latest)	Build Tauri Desktop	2026-07-31T19:43:22.1774768Z [1m[92m   Compiling[0m serde-untagged v0.1.9
build-desktop (windows-latest)	Build Tauri Desktop	2026-07-31T19:43:22.4886742Z [1m[92m   Compiling[0m walkdir v2.5.0
build-desktop (windows-latest)	Build Tauri Desktop	2026-07-31T19:43:22.8138843Z [1m[92m   Compiling[0m vswhom-sys v0.1.3
build-desktop (windows-latest)	Build Tauri Desktop	2026-07-31T19:43:22.9336697Z [1m[92m   Compiling[0m infer v0.19.0
build-desktop (windows-latest)	Build Tauri Desktop	2026-07-31T19:43:23.1047697Z [1m[92m   Compiling[0m windows-result v0.3.4
build-desktop (windows-latest)	Build Tauri Desktop	2026-07-31T19:43:23.6001505Z [1m[92m   Compiling[0m windows-strings v0.4.2
build-desktop (windows-latest)	Build Tauri Desktop	2026-07-31T19:43:23.7038281Z [1m[92m   Compiling[0m serde_with v3.21.0
build-desktop (windows-latest)	Build Tauri Desktop	2026-07-31T19:43:23.8033559Z [1m[92m   Compiling[0m ctor v0.8.0
build-desktop (windows-latest)	Build Tauri Desktop	2026-07-31T19:43:23.8929536Z [1m[92m   Compiling[0m windows-interface v0.59.3
build-desktop (windows-latest)	Build Tauri Desktop	2026-07-31T19:43:24.5685757Z [1m[92m   Compiling[0m windows-implement v0.60.2
build-desktop (windows-latest)	Build Tauri Desktop	2026-07-31T19:43:24.6045983Z [1m[92m   Compiling[0m glob v0.3.4
build-desktop (windows-latest)	Build Tauri Desktop	2026-07-31T19:43:25.6108260Z [1m[92m   Compiling[0m windows-core v0.61.2
build-desktop (windows-latest)	Build Tauri Desktop	2026-07-31T19:43:26.5060254Z [1m[92m   Compiling[0m tauri-utils v2.9.3
build-desktop (windows-latest)	Build Tauri Desktop	2026-07-31T19:43:26.7698098Z [1m[92m   Compiling[0m windows-targets v0.52.6
build-desktop (windows-latest)	Build Tauri Desktop	2026-07-31T19:43:27.1334642Z [1m[92m   Compiling[0m windows-sys v0.59.0
build-desktop (windows-latest)	Build Tauri Desktop	2026-07-31T19:43:31.4642539Z [1m[92m   Compiling[0m winreg v0.55.0
build-desktop (windows-latest)	Build Tauri Desktop	2026-07-31T19:43:31.6710946Z [1m[92m   Compiling[0m vswhom v0.1.0
build-desktop (windows-latest)	Build Tauri Desktop	2026-07-31T19:43:32.2877192Z [1m[92m   Compiling[0m windows-threading v0.1.0
build-desktop (windows-latest)	Build Tauri Desktop	2026-07-31T19:43:32.4216162Z [1m[92m   Compiling[0m generic-array v0.14.7
build-desktop (windows-latest)	Build Tauri Desktop	2026-07-31T19:43:32.6820291Z [1m[92m   Compiling[0m rustc_version v0.4.1
build-desktop (windows-latest)	Build Tauri Desktop	2026-07-31T19:43:33.0528313Z [1m[92m   Compiling[0m toml_datetime v0.7.5+spec-1.1.0
build-desktop (windows-latest)	Build Tauri Desktop	2026-07-31T19:43:33.4654132Z [1m[92m   Compiling[0m winnow v0.7.15
build-desktop (windows-latest)	Build Tauri Desktop	2026-07-31T19:43:34.5474682Z [1m[92m   Compiling[0m option-ext v0.2.0
build-desktop (windows-latest)	Build Tauri Desktop	2026-07-31T19:43:34.6249465Z [1m[92m   Compiling[0m dirs-sys v0.5.0
build-desktop (windows-latest)	Build Tauri Desktop	2026-07-31T19:43:35.1989683Z [1m[92m   Compiling[0m embed-resource v3.0.11
build-desktop (windows-latest)	Build Tauri Desktop	2026-07-31T19:43:35.5312331Z [1m[92m   Compiling[0m windows-future v0.2.1
build-desktop (windows-latest)	Build Tauri Desktop	2026-07-31T19:43:35.6300424Z [1m[92m   Compiling[0m windows-numerics v0.2.0
build-desktop (windows-latest)	Build Tauri Desktop	2026-07-31T19:43:35.9271207Z [1m[92m   Compiling[0m toml v0.9.12+spec-1.1.0
build-desktop (windows-latest)	Build Tauri Desktop	2026-07-31T19:43:35.9409783Z [1m[92m   Compiling[0m windows-collections v0.2.0
build-desktop (windows-latest)	Build Tauri Desktop	2026-07-31T19:43:36.0738856Z [1m[92m   Compiling[0m time-macros v0.2.32
build-desktop (windows-latest)	Build Tauri Desktop	2026-07-31T19:43:36.6704715Z [1m[92m   Compiling[0m simd-adler32 v0.3.10
build-desktop (windows-latest)	Build Tauri Desktop	2026-07-31T19:43:37.2255704Z [1m[92m   Compiling[0m typenum v1.20.1
build-desktop (windows-latest)	Build Tauri Desktop	2026-07-31T19:43:38.1138847Z [1m[92m   Compiling[0m crc32fast v1.5.0
build-desktop (windows-latest)	Build Tauri Desktop	2026-07-31T19:43:38.4420351Z [1m[92m   Compiling[0m heck v0.5.0
build-desktop (windows-latest)	Build Tauri Desktop	2026-07-31T19:43:39.1017287Z [1m[92m   Compiling[0m cargo_toml v0.22.3
build-desktop (windows-latest)	Build Tauri Desktop	2026-07-31T19:43:39.8525816Z [1m[92m   Compiling[0m windows v0.61.3
build-desktop (windows-latest)	Build Tauri Desktop	2026-07-31T19:43:44.6669479Z [1m[92m   Compiling[0m tauri-winres v0.3.6
build-desktop (windows-latest)	Build Tauri Desktop	2026-07-31T19:43:50.6994858Z [1m[92m   Compiling[0m dirs v6.0.0
build-desktop (windows-latest)	Build Tauri Desktop	2026-07-31T19:43:51.3639280Z [1m[92m   Compiling[0m webview2-com-sys v0.38.2
build-desktop (windows-latest)	Build Tauri Desktop	2026-07-31T19:43:52.7611673Z [1m[92m   Compiling[0m raw-window-handle v0.6.2
build-desktop (windows-latest)	Build Tauri Desktop	2026-07-31T19:43:53.3308793Z [1m[92m   Compiling[0m adler2 v2.0.1
build-desktop (windows-latest)	Build Tauri Desktop	2026-07-31T19:43:53.4446395Z [1m[92m   Compiling[0m crossbeam-utils v0.8.22
build-desktop (windows-latest)	Build Tauri Desktop	2026-07-31T19:44:03.1649057Z [1m[92m   Compiling[0m miniz_oxide v0.8.9
build-desktop (windows-latest)	Build Tauri Desktop	2026-07-31T19:44:04.6835006Z [1m[92m   Compiling[0m tauri-build v2.6.3
build-desktop (windows-latest)	Build Tauri Desktop	2026-07-31T19:44:09.1441897Z [1m[92m   Compiling[0m dpi v0.1.2
build-desktop (windows-latest)	Build Tauri Desktop	2026-07-31T19:44:09.6831623Z [1m[92m   Compiling[0m cookie v0.18.1
build-desktop (windows-latest)	Build Tauri Desktop	2026-07-31T19:44:18.0950637Z [1m[92m   Compiling[0m flate2 v1.1.9
build-desktop (windows-latest)	Build Tauri Desktop	2026-07-31T19:44:24.7512728Z [1m[92m   Compiling[0m block-buffer v0.10.4
build-desktop (windows-latest)	Build Tauri Desktop	2026-07-31T19:44:24.8864589Z [1m[92m   Compiling[0m crypto-common v0.1.7
build-desktop (windows-latest)	Build Tauri Desktop	2026-07-31T19:44:24.9961289Z [1m[92m   Compiling[0m fdeflate v0.3.7
build-desktop (windows-latest)	Build Tauri Desktop	2026-07-31T19:44:25.7513806Z [1m[92m   Compiling[0m windows-version v0.1.7
build-desktop (windows-latest)	Build Tauri Desktop	2026-07-31T19:44:26.0181761Z [1m[92m   Compiling[0m webview2-com-macros v0.8.1
build-desktop (windows-latest)	Build Tauri Desktop	2026-07-31T19:44:29.9426350Z [1m[92m   Compiling[0m once_cell v1.21.4
build-desktop (windows-latest)	Build Tauri Desktop	2026-07-31T19:44:30.2519906Z [1m[92m   Compiling[0m unicode-segmentation v1.13.3
build-desktop (windows-latest)	Build Tauri Desktop	2026-07-31T19:44:31.2876922Z [1m[92m   Compiling[0m pin-project-lite v0.2.17
build-desktop (windows-latest)	Build Tauri Desktop	2026-07-31T19:44:31.3722078Z [1m[92m   Compiling[0m bitflags v1.3.2
build-desktop (windows-latest)	Build Tauri Desktop	2026-07-31T19:44:31.4663311Z [1m[92m   Compiling[0m png v0.17.16
build-desktop (windows-latest)	Build Tauri Desktop	2026-07-31T19:44:36.2123886Z [1m[92m   Compiling[0m webview2-com v0.38.2
build-desktop (windows-latest)	Build Tauri Desktop	2026-07-31T19:44:40.2573613Z [1m[92m   Compiling[0m digest v0.10.7
build-desktop (windows-latest)	Build Tauri Desktop	2026-07-31T19:44:44.4879665Z [1m[92m   Compiling[0m crossbeam-channel v0.5.16
build-desktop (windows-latest)	Build Tauri Desktop	2026-07-31T19:44:50.4900886Z [1m[92m   Compiling[0m tauri v2.11.5
build-desktop (windows-latest)	Build Tauri Desktop	2026-07-31T19:44:52.1567309Z [1m[92m   Compiling[0m tauri-runtime v2.11.3
build-desktop (windows-latest)	Build Tauri Desktop	2026-07-31T19:44:52.4422906Z [1m[92m   Compiling[0m tracing-core v0.1.36
build-desktop (windows-latest)	Build Tauri Desktop	2026-07-31T19:44:52.9098049Z [1m[92m   Compiling[0m wry v0.55.1
build-desktop (windows-latest)	Build Tauri Desktop	2026-07-31T19:44:53.3596047Z [1m[92m   Compiling[0m cpufeatures v0.2.17
build-desktop (windows-latest)	Build Tauri Desktop	2026-07-31T19:44:53.8936605Z [1m[92m   Compiling[0m sha2 v0.10.9
build-desktop (windows-latest)	Build Tauri Desktop	2026-07-31T19:44:54.5108495Z [1m[92m   Compiling[0m tracing v0.1.44
build-desktop (windows-latest)	Build Tauri Desktop	2026-07-31T19:44:54.9913731Z [1m[92m   Compiling[0m ico v0.5.0
build-desktop (windows-latest)	Build Tauri Desktop	2026-07-31T19:44:55.6323154Z [1m[92m   Compiling[0m tauri-plugin v2.6.3
build-desktop (windows-latest)	Build Tauri Desktop	2026-07-31T19:44:55.9544263Z [1m[92m   Compiling[0m tauri-runtime-wry v2.11.4
build-desktop (windows-latest)	Build Tauri Desktop	2026-07-31T19:44:56.2275073Z [1m[92m   Compiling[0m getrandom v0.3.4
build-desktop (windows-latest)	Build Tauri Desktop	2026-07-31T19:44:56.2479081Z [1m[92m   Compiling[0m tauri-plugin-log v2.9.0
build-desktop (windows-latest)	Build Tauri Desktop	2026-07-31T19:44:56.8524952Z [1m[92m   Compiling[0m tauri-codegen v2.6.3
build-desktop (windows-latest)	Build Tauri Desktop	2026-07-31T19:44:56.9588579Z [1m[92m   Compiling[0m tao v0.35.3
build-desktop (windows-latest)	Build Tauri Desktop	2026-07-31T19:44:59.1372679Z [1m[92m   Compiling[0m softbuffer v0.4.8
build-desktop (windows-latest)	Build Tauri Desktop	2026-07-31T19:45:02.4736814Z [1m[92m   Compiling[0m keyboard-types v0.7.0
build-desktop (windows-latest)	Build Tauri Desktop	2026-07-31T19:45:05.8398870Z [1m[92m   Compiling[0m serialize-to-javascript-impl v0.1.2
build-desktop (windows-latest)	Build Tauri Desktop	2026-07-31T19:45:06.3447308Z [1m[92m   Compiling[0m serialize-to-javascript v0.1.2
build-desktop (windows-latest)	Build Tauri Desktop	2026-07-31T19:45:07.3203917Z [1m[92m   Compiling[0m muda v0.19.3
build-desktop (windows-latest)	Build Tauri Desktop	2026-07-31T19:45:07.7751562Z [1m[92m   Compiling[0m tauri-macros v2.6.3
build-desktop (windows-latest)	Build Tauri Desktop	2026-07-31T19:45:10.1363586Z [1m[92m   Compiling[0m window-vibrancy v0.6.0
build-desktop (windows-latest)	Build Tauri Desktop	2026-07-31T19:45:10.7181107Z [1m[92m   Compiling[0m tokio v1.53.1
build-desktop (windows-latest)	Build Tauri Desktop	2026-07-31T19:45:10.9503347Z [1m[92m   Compiling[0m serde_repr v0.1.21
build-desktop (windows-latest)	Build Tauri Desktop	2026-07-31T19:45:11.5936701Z [1m[92m   Compiling[0m mime v0.3.17
build-desktop (windows-latest)	Build Tauri Desktop	2026-07-31T19:45:15.1970431Z [1m[92m   Compiling[0m fern v0.7.1
build-desktop (windows-latest)	Build Tauri Desktop	2026-07-31T19:45:18.8051706Z [1m[92m   Compiling[0m app v0.1.0 (D:\a\BoraPlayer\BoraPlayer\src-tauri)
build-desktop (windows-latest)	Build Tauri Desktop	2026-07-31T19:46:56.9563294Z [1m[92m    Finished[0m `release` profile [optimized] target(s) in 4m 46s
build-desktop (windows-latest)	Build Tauri Desktop	2026-07-31T19:46:57.0942607Z        Built application at: D:\a\BoraPlayer\BoraPlayer\src-tauri\target\release\app.exe
build-desktop (windows-latest)	Build Tauri Desktop	2026-07-31T19:46:57.1263087Z Looking for artifacts in:
build-desktop (windows-latest)	Build Tauri Desktop	2026-07-31T19:46:57.1264189Z D:\a\BoraPlayer\BoraPlayer\src-tauri\target\release\bundle\msi\BoraPlayer_1.0.0_x64_en-US.msi
build-desktop (windows-latest)	Build Tauri Desktop	2026-07-31T19:46:57.1265871Z D:\a\BoraPlayer\BoraPlayer\src-tauri\target\release\bundle\msi\BoraPlayer_1.0.0_x64_en-US.msi.zip
build-desktop (windows-latest)	Build Tauri Desktop	2026-07-31T19:46:57.1267363Z D:\a\BoraPlayer\BoraPlayer\src-tauri\target\release\bundle\msi\BoraPlayer_1.0.0_x64_en-US.msi.zip.sig
build-desktop (windows-latest)	Build Tauri Desktop	2026-07-31T19:46:57.1268802Z D:\a\BoraPlayer\BoraPlayer\src-tauri\target\release\bundle\nsis\BoraPlayer_1.0.0_x64-setup.exe
build-desktop (windows-latest)	Build Tauri Desktop	2026-07-31T19:46:57.1270281Z D:\a\BoraPlayer\BoraPlayer\src-tauri\target\release\bundle\nsis\BoraPlayer_1.0.0_x64-setup.nsis.zip
build-desktop (windows-latest)	Build Tauri Desktop	2026-07-31T19:46:57.1271909Z D:\a\BoraPlayer\BoraPlayer\src-tauri\target\release\bundle\nsis\BoraPlayer_1.0.0_x64-setup.nsis.zip.sig
build-desktop (windows-latest)	Build Tauri Desktop	2026-07-31T19:46:57.1272885Z No artifacts were found. The action was not configured to upload artifacts, therefore this is not handled as an error.
build-desktop (windows-latest)	Upload artifacts	﻿2026-07-31T19:46:57.1586225Z Node 20 is being deprecated. This workflow is running with Node 24 by default. If you need to temporarily use Node 20, you can set the ACTIONS_ALLOW_USE_UNSECURE_NODE_VERSION=true environment variable. For more information see: https://github.blog/changelog/2025-09-19-deprecation-of-node-20-on-github-actions-runners/
build-desktop (windows-latest)	Upload artifacts	2026-07-31T19:46:57.1587753Z ##[group]Run actions/upload-artifact@v4
build-desktop (windows-latest)	Upload artifacts	2026-07-31T19:46:57.1588124Z with:
build-desktop (windows-latest)	Upload artifacts	2026-07-31T19:46:57.1588804Z   name: boraplayer-desktop-windows-latest
build-desktop (windows-latest)	Upload artifacts	2026-07-31T19:46:57.1589194Z   path: src-tauri/target/release/bundle/**
build-desktop (windows-latest)	Upload artifacts	2026-07-31T19:46:57.1589526Z   if-no-files-found: warn
build-desktop (windows-latest)	Upload artifacts	2026-07-31T19:46:57.1589798Z   compression-level: 6
build-desktop (windows-latest)	Upload artifacts	2026-07-31T19:46:57.1590063Z   overwrite: false
build-desktop (windows-latest)	Upload artifacts	2026-07-31T19:46:57.1590325Z   include-hidden-files: false
build-desktop (windows-latest)	Upload artifacts	2026-07-31T19:46:57.1590594Z env:
build-desktop (windows-latest)	Upload artifacts	2026-07-31T19:46:57.1590836Z   CARGO_HOME: C:\Users\runneradmin\.cargo
build-desktop (windows-latest)	Upload artifacts	2026-07-31T19:46:57.1591148Z   CARGO_INCREMENTAL: 0
build-desktop (windows-latest)	Upload artifacts	2026-07-31T19:46:57.1591411Z   CARGO_TERM_COLOR: always
build-desktop (windows-latest)	Upload artifacts	2026-07-31T19:46:57.1591749Z ##[endgroup]
build-desktop (windows-latest)	Upload artifacts	2026-07-31T19:46:57.3662759Z (node:1160) [DEP0040] DeprecationWarning: The `punycode` module is deprecated. Please use a userland alternative instead.
build-desktop (windows-latest)	Upload artifacts	2026-07-31T19:46:57.3664311Z (Use `node --trace-deprecation ...` to show where the warning was created)
build-desktop (windows-latest)	Upload artifacts	2026-07-31T19:46:57.3733528Z ##[warning]No files were found with the provided path: src-tauri/target/release/bundle/**. No artifacts will be uploaded.
build-desktop (windows-latest)	Post Setup Node.js	﻿2026-07-31T19:46:57.4067385Z Node 20 is being deprecated. This workflow is running with Node 24 by default. If you need to temporarily use Node 20, you can set the ACTIONS_ALLOW_USE_UNSECURE_NODE_VERSION=true environment variable. For more information see: https://github.blog/changelog/2025-09-19-deprecation-of-node-20-on-github-actions-runners/
build-desktop (windows-latest)	Post Setup Node.js	2026-07-31T19:46:57.4068828Z Post job cleanup.
build-desktop (windows-latest)	Post Setup Node.js	2026-07-31T19:46:57.5480122Z (node:7720) [DEP0040] DeprecationWarning: The `punycode` module is deprecated. Please use a userland alternative instead.
build-desktop (windows-latest)	Post Setup Node.js	2026-07-31T19:46:57.5481114Z (Use `node --trace-deprecation ...` to show where the warning was created)
build-desktop (windows-latest)	Post Setup Node.js	2026-07-31T19:46:57.6719920Z [command]"C:\Program Files\Git\usr\bin\tar.exe" --posix -cf cache.tzst --exclude cache.tzst -P -C D:/a/BoraPlayer/BoraPlayer --files-from manifest.txt --force-local --use-compress-program "zstd -T0"
build-desktop (windows-latest)	Post Setup Node.js	2026-07-31T19:46:58.8704514Z (node:7720) [DEP0169] DeprecationWarning: `url.parse()` behavior is not standardized and prone to errors that have security implications. Use the WHATWG URL API instead. CVEs are not issued for `url.parse()` vulnerabilities.
build-desktop (windows-latest)	Post Setup Node.js	2026-07-31T19:46:59.8622036Z Sent 4063232 of 7596434 (53.5%), 3.9 MBs/sec
build-desktop (windows-latest)	Post Setup Node.js	2026-07-31T19:47:00.2184567Z Sent 7596434 of 7596434 (100.0%), 5.3 MBs/sec
build-desktop (windows-latest)	Post Setup Node.js	2026-07-31T19:47:00.5068190Z Cache saved with the key: node-cache-Windows-x64-npm-75d59a8ac091e2f9cd9f26e23bddb0a6dc3e21513ba50db990bb91888b55e6ef
build-desktop (windows-latest)	Post Run actions/checkout@v4	﻿2026-07-31T19:47:00.5359913Z Node 20 is being deprecated. This workflow is running with Node 24 by default. If you need to temporarily use Node 20, you can set the ACTIONS_ALLOW_USE_UNSECURE_NODE_VERSION=true environment variable. For more information see: https://github.blog/changelog/2025-09-19-deprecation-of-node-20-on-github-actions-runners/
build-desktop (windows-latest)	Post Run actions/checkout@v4	2026-07-31T19:47:00.5361722Z Post job cleanup.
build-desktop (windows-latest)	Post Run actions/checkout@v4	2026-07-31T19:47:00.7337357Z [command]"C:\Program Files\Git\bin\git.exe" version
build-desktop (windows-latest)	Post Run actions/checkout@v4	2026-07-31T19:47:00.7667197Z git version 2.55.0.windows.3
build-desktop (windows-latest)	Post Run actions/checkout@v4	2026-07-31T19:47:00.7735127Z Temporarily overriding HOME='D:\a\_temp\a372e912-d9cd-4b36-affc-64ca7cd6e004' before making global git config changes
build-desktop (windows-latest)	Post Run actions/checkout@v4	2026-07-31T19:47:00.7736716Z Adding repository directory to the temporary git global config as a safe directory
build-desktop (windows-latest)	Post Run actions/checkout@v4	2026-07-31T19:47:00.7745385Z [command]"C:\Program Files\Git\bin\git.exe" config --global --add safe.directory D:\a\BoraPlayer\BoraPlayer
build-desktop (windows-latest)	Post Run actions/checkout@v4	2026-07-31T19:47:00.8031459Z [command]"C:\Program Files\Git\bin\git.exe" config --local --name-only --get-regexp core\.sshCommand
build-desktop (windows-latest)	Post Run actions/checkout@v4	2026-07-31T19:47:00.8313807Z [command]"C:\Program Files\Git\bin\git.exe" submodule foreach --recursive "sh -c \"git config --local --name-only --get-regexp 'core\.sshCommand' && git config --local --unset-all 'core.sshCommand' || :\""
build-desktop (windows-latest)	Post Run actions/checkout@v4	2026-07-31T19:47:01.3583939Z [command]"C:\Program Files\Git\bin\git.exe" config --local --name-only --get-regexp http\.https\:\/\/github\.com\/\.extraheader
build-desktop (windows-latest)	Post Run actions/checkout@v4	2026-07-31T19:47:01.3824754Z http.https://github.com/.extraheader
build-desktop (windows-latest)	Post Run actions/checkout@v4	2026-07-31T19:47:01.3864165Z [command]"C:\Program Files\Git\bin\git.exe" config --local --unset-all http.https://github.com/.extraheader
build-desktop (windows-latest)	Post Run actions/checkout@v4	2026-07-31T19:47:01.4137179Z [command]"C:\Program Files\Git\bin\git.exe" submodule foreach --recursive "sh -c \"git config --local --name-only --get-regexp 'http\.https\:\/\/github\.com\/\.extraheader' && git config --local --unset-all 'http.https://github.com/.extraheader' || :\""
build-desktop (windows-latest)	Post Run actions/checkout@v4	2026-07-31T19:47:01.8987745Z [command]"C:\Program Files\Git\bin\git.exe" config --local --name-only --get-regexp ^includeIf\.gitdir:
build-desktop (windows-latest)	Post Run actions/checkout@v4	2026-07-31T19:47:01.9264686Z [command]"C:\Program Files\Git\bin\git.exe" submodule foreach --recursive "git config --local --show-origin --name-only --get-regexp remote.origin.url"
build-desktop (windows-latest)	Complete job	﻿2026-07-31T19:47:02.4865281Z Cleaning up orphan processes
build-desktop (windows-latest)	Complete job	2026-07-31T19:47:02.5154292Z Terminate orphan process: pid (4224) (vctip)
build-desktop (windows-latest)	Complete job	2026-07-31T19:47:02.5413904Z ##[warning]Node.js 20 is deprecated. The following actions target Node.js 20 but are being forced to run on Node.js 24: actions/checkout@v4, actions/setup-node@v4, actions/upload-artifact@v4, tauri-apps/tauri-action@v0.5.2. For more information see: https://github.blog/changelog/2025-09-19-deprecation-of-node-20-on-github-actions-runners/
build-desktop (ubuntu-22.04)	Set up job	﻿2026-07-31T19:41:47.0097754Z Current runner version: '2.336.0'
build-desktop (ubuntu-22.04)	Set up job	2026-07-31T19:41:47.0125344Z ##[group]Runner Image Provisioner
build-desktop (ubuntu-22.04)	Set up job	2026-07-31T19:41:47.0126296Z Hosted Compute Agent
build-desktop (ubuntu-22.04)	Set up job	2026-07-31T19:41:47.0127002Z Version: 20260707.563
build-desktop (ubuntu-22.04)	Set up job	2026-07-31T19:41:47.0127739Z Commit: 02667638d2b423fbc733a8e32a88b44996a3ba6e
build-desktop (ubuntu-22.04)	Set up job	2026-07-31T19:41:47.0128482Z Build Date: 2026-07-07T19:33:50Z
build-desktop (ubuntu-22.04)	Set up job	2026-07-31T19:41:47.0129535Z Worker ID: {60e3e970-9c47-4681-bc44-5d79d8471e07}
build-desktop (ubuntu-22.04)	Set up job	2026-07-31T19:41:47.0130287Z Azure Region: westus
build-desktop (ubuntu-22.04)	Set up job	2026-07-31T19:41:47.0130856Z ##[endgroup]
build-desktop (ubuntu-22.04)	Set up job	2026-07-31T19:41:47.0132592Z ##[group]Operating System
build-desktop (ubuntu-22.04)	Set up job	2026-07-31T19:41:47.0133295Z Ubuntu
build-desktop (ubuntu-22.04)	Set up job	2026-07-31T19:41:47.0133914Z 22.04.5
build-desktop (ubuntu-22.04)	Set up job	2026-07-31T19:41:47.0134463Z LTS
build-desktop (ubuntu-22.04)	Set up job	2026-07-31T19:41:47.0135000Z ##[endgroup]
build-desktop (ubuntu-22.04)	Set up job	2026-07-31T19:41:47.0135643Z ##[group]Runner Image
build-desktop (ubuntu-22.04)	Set up job	2026-07-31T19:41:47.0136249Z Image: ubuntu-22.04
build-desktop (ubuntu-22.04)	Set up job	2026-07-31T19:41:47.0136825Z Version: 20260720.234.2
build-desktop (ubuntu-22.04)	Set up job	2026-07-31T19:41:47.0137964Z Included Software: https://github.com/actions/runner-images/blob/ubuntu22/20260720.234/images/ubuntu/Ubuntu2204-Readme.md
build-desktop (ubuntu-22.04)	Set up job	2026-07-31T19:41:47.0140013Z Image Release: https://github.com/actions/runner-images/releases/tag/ubuntu22%2F20260720.234
build-desktop (ubuntu-22.04)	Set up job	2026-07-31T19:41:47.0141025Z ##[endgroup]
build-desktop (ubuntu-22.04)	Set up job	2026-07-31T19:41:47.0144150Z ##[group]GITHUB_TOKEN Permissions
build-desktop (ubuntu-22.04)	Set up job	2026-07-31T19:41:47.0146836Z Actions: write
build-desktop (ubuntu-22.04)	Set up job	2026-07-31T19:41:47.0147520Z ArtifactMetadata: write
build-desktop (ubuntu-22.04)	Set up job	2026-07-31T19:41:47.0148275Z Attestations: write
build-desktop (ubuntu-22.04)	Set up job	2026-07-31T19:41:47.0149328Z Checks: write
build-desktop (ubuntu-22.04)	Set up job	2026-07-31T19:41:47.0150498Z CodeQuality: write
build-desktop (ubuntu-22.04)	Set up job	2026-07-31T19:41:47.0151152Z Contents: write
build-desktop (ubuntu-22.04)	Set up job	2026-07-31T19:41:47.0151760Z CopilotRequests: write
build-desktop (ubuntu-22.04)	Set up job	2026-07-31T19:41:47.0152418Z Deployments: write
build-desktop (ubuntu-22.04)	Set up job	2026-07-31T19:41:47.0153005Z Discussions: write
build-desktop (ubuntu-22.04)	Set up job	2026-07-31T19:41:47.0153568Z Drives: write
build-desktop (ubuntu-22.04)	Set up job	2026-07-31T19:41:47.0154179Z Issues: write
build-desktop (ubuntu-22.04)	Set up job	2026-07-31T19:41:47.0154745Z Metadata: read
build-desktop (ubuntu-22.04)	Set up job	2026-07-31T19:41:47.0155476Z Models: read
build-desktop (ubuntu-22.04)	Set up job	2026-07-31T19:41:47.0156065Z Packages: write
build-desktop (ubuntu-22.04)	Set up job	2026-07-31T19:41:47.0156637Z Pages: write
build-desktop (ubuntu-22.04)	Set up job	2026-07-31T19:41:47.0157267Z PullRequests: write
build-desktop (ubuntu-22.04)	Set up job	2026-07-31T19:41:47.0157877Z RepositoryProjects: write
build-desktop (ubuntu-22.04)	Set up job	2026-07-31T19:41:47.0158520Z SecurityEvents: write
build-desktop (ubuntu-22.04)	Set up job	2026-07-31T19:41:47.0159619Z Statuses: write
build-desktop (ubuntu-22.04)	Set up job	2026-07-31T19:41:47.0160244Z VulnerabilityAlerts: read
build-desktop (ubuntu-22.04)	Set up job	2026-07-31T19:41:47.0160896Z ##[endgroup]
build-desktop (ubuntu-22.04)	Set up job	2026-07-31T19:41:47.0163247Z Secret source: Actions
build-desktop (ubuntu-22.04)	Set up job	2026-07-31T19:41:47.0164630Z Prepare workflow directory
build-desktop (ubuntu-22.04)	Set up job	2026-07-31T19:41:47.0585955Z Prepare all required actions
build-desktop (ubuntu-22.04)	Set up job	2026-07-31T19:41:47.0658651Z Getting action download info
build-desktop (ubuntu-22.04)	Set up job	2026-07-31T19:41:47.4042689Z Download action repository 'actions/checkout@v4' (SHA:11d5960a326750d5838078e36cf38b85af677262)
build-desktop (ubuntu-22.04)	Set up job	2026-07-31T19:41:47.8280499Z Download action repository 'actions/setup-node@v4' (SHA:49933ea5288caeca8642d1e84afbd3f7d6820020)
build-desktop (ubuntu-22.04)	Set up job	2026-07-31T19:41:47.9723826Z Download action repository 'dtolnay/rust-toolchain@stable' (SHA:4cda84d5c5c54efe2404f9d843567869ab1699d4)
build-desktop (ubuntu-22.04)	Set up job	2026-07-31T19:41:48.1447828Z Download action repository 'tauri-apps/tauri-action@v0.5.2' (SHA:efcf29f3275be7c39922887eede87441f012b79b)
build-desktop (ubuntu-22.04)	Set up job	2026-07-31T19:41:48.5137317Z Download action repository 'actions/upload-artifact@v4' (SHA:ea165f8d65b6e75b540449e92b4886f43607fa02)
build-desktop (ubuntu-22.04)	Set up job	2026-07-31T19:41:48.8616659Z Complete job name: build-desktop (ubuntu-22.04)
build-desktop (ubuntu-22.04)	Run actions/checkout@v4	﻿2026-07-31T19:41:49.0138572Z Node 20 is being deprecated. This workflow is running with Node 24 by default. If you need to temporarily use Node 20, you can set the ACTIONS_ALLOW_USE_UNSECURE_NODE_VERSION=true environment variable. For more information see: https://github.blog/changelog/2025-09-19-deprecation-of-node-20-on-github-actions-runners/
build-desktop (ubuntu-22.04)	Run actions/checkout@v4	2026-07-31T19:41:49.0150177Z ##[group]Run actions/checkout@v4
build-desktop (ubuntu-22.04)	Run actions/checkout@v4	2026-07-31T19:41:49.0151146Z with:
build-desktop (ubuntu-22.04)	Run actions/checkout@v4	2026-07-31T19:41:49.0151717Z   repository: sudo0bora/BoraPlayer
build-desktop (ubuntu-22.04)	Run actions/checkout@v4	2026-07-31T19:41:49.0160619Z   token: ***
build-desktop (ubuntu-22.04)	Run actions/checkout@v4	2026-07-31T19:41:49.0161183Z   ssh-strict: true
build-desktop (ubuntu-22.04)	Run actions/checkout@v4	2026-07-31T19:41:49.0161738Z   ssh-user: git
build-desktop (ubuntu-22.04)	Run actions/checkout@v4	2026-07-31T19:41:49.0162315Z   persist-credentials: true
build-desktop (ubuntu-22.04)	Run actions/checkout@v4	2026-07-31T19:41:49.0162973Z   clean: true
build-desktop (ubuntu-22.04)	Run actions/checkout@v4	2026-07-31T19:41:49.0163533Z   sparse-checkout-cone-mode: true
build-desktop (ubuntu-22.04)	Run actions/checkout@v4	2026-07-31T19:41:49.0164243Z   fetch-depth: 1
build-desktop (ubuntu-22.04)	Run actions/checkout@v4	2026-07-31T19:41:49.0164786Z   fetch-tags: false
build-desktop (ubuntu-22.04)	Run actions/checkout@v4	2026-07-31T19:41:49.0165745Z   show-progress: true
build-desktop (ubuntu-22.04)	Run actions/checkout@v4	2026-07-31T19:41:49.0166341Z   lfs: false
build-desktop (ubuntu-22.04)	Run actions/checkout@v4	2026-07-31T19:41:49.0166847Z   submodules: false
build-desktop (ubuntu-22.04)	Run actions/checkout@v4	2026-07-31T19:41:49.0167483Z   set-safe-directory: true
build-desktop (ubuntu-22.04)	Run actions/checkout@v4	2026-07-31T19:41:49.0168166Z   allow-unsafe-pr-checkout: false
build-desktop (ubuntu-22.04)	Run actions/checkout@v4	2026-07-31T19:41:49.0169600Z ##[endgroup]
build-desktop (ubuntu-22.04)	Run actions/checkout@v4	2026-07-31T19:41:49.1359590Z Syncing repository: sudo0bora/BoraPlayer
build-desktop (ubuntu-22.04)	Run actions/checkout@v4	2026-07-31T19:41:49.1363101Z ##[group]Getting Git version info
build-desktop (ubuntu-22.04)	Run actions/checkout@v4	2026-07-31T19:41:49.1364804Z Working directory is '/home/runner/work/BoraPlayer/BoraPlayer'
build-desktop (ubuntu-22.04)	Run actions/checkout@v4	2026-07-31T19:41:49.1367357Z [command]/usr/bin/git version
build-desktop (ubuntu-22.04)	Run actions/checkout@v4	2026-07-31T19:41:49.4491070Z git version 2.54.0
build-desktop (ubuntu-22.04)	Run actions/checkout@v4	2026-07-31T19:41:49.4524622Z ##[endgroup]
build-desktop (ubuntu-22.04)	Run actions/checkout@v4	2026-07-31T19:41:49.4612447Z Temporarily overriding HOME='/home/runner/work/_temp/f2d173cd-d7b1-42ea-a972-438a0796af99' before making global git config changes
build-desktop (ubuntu-22.04)	Run actions/checkout@v4	2026-07-31T19:41:49.4616588Z Adding repository directory to the temporary git global config as a safe directory
build-desktop (ubuntu-22.04)	Run actions/checkout@v4	2026-07-31T19:41:49.4620121Z [command]/usr/bin/git config --global --add safe.directory /home/runner/work/BoraPlayer/BoraPlayer
build-desktop (ubuntu-22.04)	Run actions/checkout@v4	2026-07-31T19:41:49.4626600Z Deleting the contents of '/home/runner/work/BoraPlayer/BoraPlayer'
build-desktop (ubuntu-22.04)	Run actions/checkout@v4	2026-07-31T19:41:49.4628438Z ##[group]Initializing the repository
build-desktop (ubuntu-22.04)	Run actions/checkout@v4	2026-07-31T19:41:49.4629969Z [command]/usr/bin/git init /home/runner/work/BoraPlayer/BoraPlayer
build-desktop (ubuntu-22.04)	Run actions/checkout@v4	2026-07-31T19:41:49.4714391Z hint: Using 'master' as the name for the initial branch. This default branch name
build-desktop (ubuntu-22.04)	Run actions/checkout@v4	2026-07-31T19:41:49.4716811Z hint: will change to "main" in Git 3.0. To configure the initial branch name
build-desktop (ubuntu-22.04)	Run actions/checkout@v4	2026-07-31T19:41:49.4719214Z hint: to use in all of your new repositories, which will suppress this warning,
build-desktop (ubuntu-22.04)	Run actions/checkout@v4	2026-07-31T19:41:49.4720539Z hint: call:
build-desktop (ubuntu-22.04)	Run actions/checkout@v4	2026-07-31T19:41:49.4721041Z hint:
build-desktop (ubuntu-22.04)	Run actions/checkout@v4	2026-07-31T19:41:49.4721747Z hint: 	git config --global init.defaultBranch <name>
build-desktop (ubuntu-22.04)	Run actions/checkout@v4	2026-07-31T19:41:49.4722632Z hint:
build-desktop (ubuntu-22.04)	Run actions/checkout@v4	2026-07-31T19:41:49.4723433Z hint: Names commonly chosen instead of 'master' are 'main', 'trunk' and
build-desktop (ubuntu-22.04)	Run actions/checkout@v4	2026-07-31T19:41:49.4725355Z hint: 'development'. The just-created branch can be renamed via this command:
build-desktop (ubuntu-22.04)	Run actions/checkout@v4	2026-07-31T19:41:49.4726905Z hint:
build-desktop (ubuntu-22.04)	Run actions/checkout@v4	2026-07-31T19:41:49.4727481Z hint: 	git branch -m <name>
build-desktop (ubuntu-22.04)	Run actions/checkout@v4	2026-07-31T19:41:49.4728108Z hint:
build-desktop (ubuntu-22.04)	Run actions/checkout@v4	2026-07-31T19:41:49.4729422Z hint: Disable this message with "git config set advice.defaultBranchName false"
build-desktop (ubuntu-22.04)	Run actions/checkout@v4	2026-07-31T19:41:49.4731250Z Initialized empty Git repository in /home/runner/work/BoraPlayer/BoraPlayer/.git/
build-desktop (ubuntu-22.04)	Run actions/checkout@v4	2026-07-31T19:41:49.4733927Z [command]/usr/bin/git remote add origin https://github.com/sudo0bora/BoraPlayer
build-desktop (ubuntu-22.04)	Run actions/checkout@v4	2026-07-31T19:41:49.4775908Z ##[endgroup]
build-desktop (ubuntu-22.04)	Run actions/checkout@v4	2026-07-31T19:41:49.4777616Z ##[group]Disabling automatic garbage collection
build-desktop (ubuntu-22.04)	Run actions/checkout@v4	2026-07-31T19:41:49.4779538Z [command]/usr/bin/git config --local gc.auto 0
build-desktop (ubuntu-22.04)	Run actions/checkout@v4	2026-07-31T19:41:49.4818483Z ##[endgroup]
build-desktop (ubuntu-22.04)	Run actions/checkout@v4	2026-07-31T19:41:49.4819809Z ##[group]Setting up auth
build-desktop (ubuntu-22.04)	Run actions/checkout@v4	2026-07-31T19:41:49.4825942Z [command]/usr/bin/git config --local --name-only --get-regexp core\.sshCommand
build-desktop (ubuntu-22.04)	Run actions/checkout@v4	2026-07-31T19:41:49.4865873Z [command]/usr/bin/git submodule foreach --recursive sh -c "git config --local --name-only --get-regexp 'core\.sshCommand' && git config --local --unset-all 'core.sshCommand' || :"
build-desktop (ubuntu-22.04)	Run actions/checkout@v4	2026-07-31T19:41:49.5287211Z [command]/usr/bin/git config --local --name-only --get-regexp http\.https\:\/\/github\.com\/\.extraheader
build-desktop (ubuntu-22.04)	Run actions/checkout@v4	2026-07-31T19:41:49.5326812Z [command]/usr/bin/git submodule foreach --recursive sh -c "git config --local --name-only --get-regexp 'http\.https\:\/\/github\.com\/\.extraheader' && git config --local --unset-all 'http.https://github.com/.extraheader' || :"
build-desktop (ubuntu-22.04)	Run actions/checkout@v4	2026-07-31T19:41:49.5588435Z [command]/usr/bin/git config --local --name-only --get-regexp ^includeIf\.gitdir:
build-desktop (ubuntu-22.04)	Run actions/checkout@v4	2026-07-31T19:41:49.5629205Z [command]/usr/bin/git submodule foreach --recursive git config --local --show-origin --name-only --get-regexp remote.origin.url
build-desktop (ubuntu-22.04)	Run actions/checkout@v4	2026-07-31T19:41:49.5890780Z [command]/usr/bin/git config --local http.https://github.com/.extraheader AUTHORIZATION: basic ***
build-desktop (ubuntu-22.04)	Run actions/checkout@v4	2026-07-31T19:41:49.5934635Z ##[endgroup]
build-desktop (ubuntu-22.04)	Run actions/checkout@v4	2026-07-31T19:41:49.5935954Z ##[group]Fetching the repository
build-desktop (ubuntu-22.04)	Run actions/checkout@v4	2026-07-31T19:41:49.5946462Z [command]/usr/bin/git -c protocol.version=2 fetch --no-tags --prune --no-recurse-submodules --depth=1 origin +2c6b0b49d20e33ac5210a3d5c47a911e08324ad2:refs/tags/v1.0.14
build-desktop (ubuntu-22.04)	Run actions/checkout@v4	2026-07-31T19:41:51.4322069Z From https://github.com/sudo0bora/BoraPlayer
build-desktop (ubuntu-22.04)	Run actions/checkout@v4	2026-07-31T19:41:51.4324005Z  * [new ref]         2c6b0b49d20e33ac5210a3d5c47a911e08324ad2 -> v1.0.14
build-desktop (ubuntu-22.04)	Run actions/checkout@v4	2026-07-31T19:41:51.4354587Z ##[endgroup]
build-desktop (ubuntu-22.04)	Run actions/checkout@v4	2026-07-31T19:41:51.4355412Z ##[group]Determining the checkout info
build-desktop (ubuntu-22.04)	Run actions/checkout@v4	2026-07-31T19:41:51.4357231Z ##[endgroup]
build-desktop (ubuntu-22.04)	Run actions/checkout@v4	2026-07-31T19:41:51.4363272Z [command]/usr/bin/git sparse-checkout disable
build-desktop (ubuntu-22.04)	Run actions/checkout@v4	2026-07-31T19:41:51.4414561Z [command]/usr/bin/git config --local --unset-all extensions.worktreeConfig
build-desktop (ubuntu-22.04)	Run actions/checkout@v4	2026-07-31T19:41:51.4450414Z ##[group]Checking out the ref
build-desktop (ubuntu-22.04)	Run actions/checkout@v4	2026-07-31T19:41:51.4455016Z [command]/usr/bin/git checkout --progress --force refs/tags/v1.0.14
build-desktop (ubuntu-22.04)	Run actions/checkout@v4	2026-07-31T19:41:51.6538667Z Note: switching to 'refs/tags/v1.0.14'.
build-desktop (ubuntu-22.04)	Run actions/checkout@v4	2026-07-31T19:41:51.6539601Z 
build-desktop (ubuntu-22.04)	Run actions/checkout@v4	2026-07-31T19:41:51.6540032Z You are in 'detached HEAD' state. You can look around, make experimental
build-desktop (ubuntu-22.04)	Run actions/checkout@v4	2026-07-31T19:41:51.6541036Z changes and commit them, and you can discard any commits you make in this
build-desktop (ubuntu-22.04)	Run actions/checkout@v4	2026-07-31T19:41:51.6541883Z state without impacting any branches by switching back to a branch.
build-desktop (ubuntu-22.04)	Run actions/checkout@v4	2026-07-31T19:41:51.6542313Z 
build-desktop (ubuntu-22.04)	Run actions/checkout@v4	2026-07-31T19:41:51.6542610Z If you want to create a new branch to retain commits you create, you may
build-desktop (ubuntu-22.04)	Run actions/checkout@v4	2026-07-31T19:41:51.6543185Z do so (now or later) by using -c with the switch command. Example:
build-desktop (ubuntu-22.04)	Run actions/checkout@v4	2026-07-31T19:41:51.6543506Z 
build-desktop (ubuntu-22.04)	Run actions/checkout@v4	2026-07-31T19:41:51.6543666Z   git switch -c <new-branch-name>
build-desktop (ubuntu-22.04)	Run actions/checkout@v4	2026-07-31T19:41:51.6543891Z 
build-desktop (ubuntu-22.04)	Run actions/checkout@v4	2026-07-31T19:41:51.6544052Z Or undo this operation with:
build-desktop (ubuntu-22.04)	Run actions/checkout@v4	2026-07-31T19:41:51.6544260Z 
build-desktop (ubuntu-22.04)	Run actions/checkout@v4	2026-07-31T19:41:51.6544413Z   git switch -
build-desktop (ubuntu-22.04)	Run actions/checkout@v4	2026-07-31T19:41:51.6544745Z 
build-desktop (ubuntu-22.04)	Run actions/checkout@v4	2026-07-31T19:41:51.6545223Z Turn off this advice by setting config variable advice.detachedHead to false
build-desktop (ubuntu-22.04)	Run actions/checkout@v4	2026-07-31T19:41:51.6545915Z 
build-desktop (ubuntu-22.04)	Run actions/checkout@v4	2026-07-31T19:41:51.6546309Z HEAD is now at 2c6b0b4 Patch Xcode pbxproj for ad-hoc signing as requested
build-desktop (ubuntu-22.04)	Run actions/checkout@v4	2026-07-31T19:41:51.6547689Z ##[endgroup]
build-desktop (ubuntu-22.04)	Run actions/checkout@v4	2026-07-31T19:41:51.6594110Z [command]/usr/bin/git log -1 --format=%H
build-desktop (ubuntu-22.04)	Run actions/checkout@v4	2026-07-31T19:41:51.6624563Z 2c6b0b49d20e33ac5210a3d5c47a911e08324ad2
build-desktop (ubuntu-22.04)	Setup Node.js	﻿2026-07-31T19:41:51.6930809Z Node 20 is being deprecated. This workflow is running with Node 24 by default. If you need to temporarily use Node 20, you can set the ACTIONS_ALLOW_USE_UNSECURE_NODE_VERSION=true environment variable. For more information see: https://github.blog/changelog/2025-09-19-deprecation-of-node-20-on-github-actions-runners/
build-desktop (ubuntu-22.04)	Setup Node.js	2026-07-31T19:41:51.6932972Z ##[group]Run actions/setup-node@v4
build-desktop (ubuntu-22.04)	Setup Node.js	2026-07-31T19:41:51.6933339Z with:
build-desktop (ubuntu-22.04)	Setup Node.js	2026-07-31T19:41:51.6933627Z   node-version: 20
build-desktop (ubuntu-22.04)	Setup Node.js	2026-07-31T19:41:51.6933910Z   cache: npm
build-desktop (ubuntu-22.04)	Setup Node.js	2026-07-31T19:41:51.6934185Z   always-auth: false
build-desktop (ubuntu-22.04)	Setup Node.js	2026-07-31T19:41:51.6934482Z   check-latest: false
build-desktop (ubuntu-22.04)	Setup Node.js	2026-07-31T19:41:51.6937496Z   token: ***
build-desktop (ubuntu-22.04)	Setup Node.js	2026-07-31T19:41:51.6937790Z ##[endgroup]
build-desktop (ubuntu-22.04)	Setup Node.js	2026-07-31T19:41:51.8471898Z Attempting to download 20...
build-desktop (ubuntu-22.04)	Setup Node.js	2026-07-31T19:41:51.8583424Z (node:2115) [DEP0040] DeprecationWarning: The `punycode` module is deprecated. Please use a userland alternative instead.
build-desktop (ubuntu-22.04)	Setup Node.js	2026-07-31T19:41:51.8585247Z (Use `node --trace-deprecation ...` to show where the warning was created)
build-desktop (ubuntu-22.04)	Setup Node.js	2026-07-31T19:41:52.5105527Z Acquiring 20.20.2 - x64 from https://github.com/actions/node-versions/releases/download/20.20.2-23521894959/node-20.20.2-linux-x64.tar.gz
build-desktop (ubuntu-22.04)	Setup Node.js	2026-07-31T19:41:52.9515450Z Extracting ...
build-desktop (ubuntu-22.04)	Setup Node.js	2026-07-31T19:41:52.9659671Z [command]/usr/bin/tar xz --strip 1 --warning=no-unknown-keyword --overwrite -C /home/runner/work/_temp/8351abef-8fb6-4eb7-97d1-4a87aacc70b5 -f /home/runner/work/_temp/596ba220-5c58-4deb-b55a-a6776ed6473b
build-desktop (ubuntu-22.04)	Setup Node.js	2026-07-31T19:41:53.9785121Z Adding to the cache ...
build-desktop (ubuntu-22.04)	Setup Node.js	2026-07-31T19:41:55.9416352Z ##[group]Environment details
build-desktop (ubuntu-22.04)	Setup Node.js	2026-07-31T19:41:56.3626875Z node: v20.20.2
build-desktop (ubuntu-22.04)	Setup Node.js	2026-07-31T19:41:56.3627360Z npm: 10.8.2
build-desktop (ubuntu-22.04)	Setup Node.js	2026-07-31T19:41:56.3627663Z yarn: 1.22.22
build-desktop (ubuntu-22.04)	Setup Node.js	2026-07-31T19:41:56.3628322Z ##[endgroup]
build-desktop (ubuntu-22.04)	Setup Node.js	2026-07-31T19:41:56.3650094Z [command]/opt/hostedtoolcache/node/20.20.2/x64/bin/npm config get cache
build-desktop (ubuntu-22.04)	Setup Node.js	2026-07-31T19:41:56.4750957Z /home/runner/.npm
build-desktop (ubuntu-22.04)	Setup Node.js	2026-07-31T19:41:56.7407054Z npm cache is not found
build-desktop (ubuntu-22.04)	Install Rust stable	﻿2026-07-31T19:41:56.7694267Z ##[group]Run dtolnay/rust-toolchain@stable
build-desktop (ubuntu-22.04)	Install Rust stable	2026-07-31T19:41:56.7694617Z with:
build-desktop (ubuntu-22.04)	Install Rust stable	2026-07-31T19:41:56.7694808Z   toolchain: stable
build-desktop (ubuntu-22.04)	Install Rust stable	2026-07-31T19:41:56.7695010Z ##[endgroup]
build-desktop (ubuntu-22.04)	Install Rust stable	2026-07-31T19:41:56.7794503Z ##[start-action display=Run : parse toolchain version;id=__dtolnay_rust-toolchain.parse]
build-desktop (ubuntu-22.04)	Install Rust stable	2026-07-31T19:41:56.7833226Z ##[group]Run : parse toolchain version
build-desktop (ubuntu-22.04)	Install Rust stable	2026-07-31T19:41:56.7833622Z [36;1m: parse toolchain version[0m
build-desktop (ubuntu-22.04)	Install Rust stable	2026-07-31T19:41:56.7833905Z [36;1mif [[ -z $toolchain ]]; then[0m
build-desktop (ubuntu-22.04)	Install Rust stable	2026-07-31T19:41:56.7834423Z [36;1m  # GitHub does not enforce `required: true` inputs itself. https://github.com/actions/runner/issues/1070[0m
build-desktop (ubuntu-22.04)	Install Rust stable	2026-07-31T19:41:56.7834985Z [36;1m  echo "'toolchain' is a required input" >&2[0m
build-desktop (ubuntu-22.04)	Install Rust stable	2026-07-31T19:41:56.7835274Z [36;1m  exit 1[0m
build-desktop (ubuntu-22.04)	Install Rust stable	2026-07-31T19:41:56.7835599Z [36;1melif [[ $toolchain =~ ^stable' '[0-9]+' '(year|month|week|day)s?' 'ago$ ]]; then[0m
build-desktop (ubuntu-22.04)	Install Rust stable	2026-07-31T19:41:56.7836005Z [36;1m  if [[ Linux == macOS ]]; then[0m
build-desktop (ubuntu-22.04)	Install Rust stable	2026-07-31T19:41:56.7836514Z [36;1m    echo "toolchain=1.$((($(date -v-$(sed 's/stable \([0-9]*\) \(.\).*/\1\2/' <<< $toolchain) +%s)/60/60/24-16569)/7/6))" >> $GITHUB_OUTPUT[0m
build-desktop (ubuntu-22.04)	Install Rust stable	2026-07-31T19:41:56.7837090Z [36;1m  else[0m
build-desktop (ubuntu-22.04)	Install Rust stable	2026-07-31T19:41:56.7837475Z [36;1m    echo "toolchain=1.$((($(date --date "${toolchain#stable }" +%s)/60/60/24-16569)/7/6))" >> $GITHUB_OUTPUT[0m
build-desktop (ubuntu-22.04)	Install Rust stable	2026-07-31T19:41:56.7837915Z [36;1m  fi[0m
build-desktop (ubuntu-22.04)	Install Rust stable	2026-07-31T19:41:56.7838200Z [36;1melif [[ $toolchain =~ ^stable' 'minus' '[0-9]+' 'releases?$ ]]; then[0m
build-desktop (ubuntu-22.04)	Install Rust stable	2026-07-31T19:41:56.7838709Z [36;1m  echo "toolchain=1.$((($(date +%s)/60/60/24-16569)/7/6-${toolchain//[^0-9]/}))" >> $GITHUB_OUTPUT[0m
build-desktop (ubuntu-22.04)	Install Rust stable	2026-07-31T19:41:56.7839630Z [36;1melif [[ $toolchain =~ ^1\.[0-9]+$ ]]; then[0m
build-desktop (ubuntu-22.04)	Install Rust stable	2026-07-31T19:41:56.7840143Z [36;1m  echo "toolchain=1.$((i=${toolchain#1.}, c=($(date +%s)/60/60/24-16569)/7/6, i+9*i*(10*i<=c)+90*i*(100*i<=c)))" >> $GITHUB_OUTPUT[0m
build-desktop (ubuntu-22.04)	Install Rust stable	2026-07-31T19:41:56.7840619Z [36;1melse[0m
build-desktop (ubuntu-22.04)	Install Rust stable	2026-07-31T19:41:56.7840851Z [36;1m  echo "toolchain=$toolchain" >> $GITHUB_OUTPUT[0m
build-desktop (ubuntu-22.04)	Install Rust stable	2026-07-31T19:41:56.7841147Z [36;1mfi[0m
build-desktop (ubuntu-22.04)	Install Rust stable	2026-07-31T19:41:56.7971077Z shell: /usr/bin/bash --noprofile --norc -e -o pipefail {0}
build-desktop (ubuntu-22.04)	Install Rust stable	2026-07-31T19:41:56.7971507Z env:
build-desktop (ubuntu-22.04)	Install Rust stable	2026-07-31T19:41:56.7971733Z   toolchain: stable
build-desktop (ubuntu-22.04)	Install Rust stable	2026-07-31T19:41:56.7971966Z ##[endgroup]
build-desktop (ubuntu-22.04)	Install Rust stable	2026-07-31T19:41:56.8122396Z ##[end-action id=__dtolnay_rust-toolchain.parse;outcome=success;conclusion=success;duration_ms=32]
build-desktop (ubuntu-22.04)	Install Rust stable	2026-07-31T19:41:56.8131242Z ##[start-action display=Run : construct rustup command line;id=__dtolnay_rust-toolchain.flags]
build-desktop (ubuntu-22.04)	Install Rust stable	2026-07-31T19:41:56.8149268Z ##[group]Run : construct rustup command line
build-desktop (ubuntu-22.04)	Install Rust stable	2026-07-31T19:41:56.8149620Z [36;1m: construct rustup command line[0m
build-desktop (ubuntu-22.04)	Install Rust stable	2026-07-31T19:41:56.8150068Z [36;1mecho "targets=$(for t in ${targets//,/ }; do echo -n ' --target' $t; done)" >> $GITHUB_OUTPUT[0m
build-desktop (ubuntu-22.04)	Install Rust stable	2026-07-31T19:41:56.8150696Z [36;1mecho "components=$(for c in ${components//,/ }; do echo -n ' --component' $c; done)" >> $GITHUB_OUTPUT[0m
build-desktop (ubuntu-22.04)	Install Rust stable	2026-07-31T19:41:56.8151164Z [36;1mecho "downgrade=" >> $GITHUB_OUTPUT[0m
build-desktop (ubuntu-22.04)	Install Rust stable	2026-07-31T19:41:56.8211486Z shell: /usr/bin/bash --noprofile --norc -e -o pipefail {0}
build-desktop (ubuntu-22.04)	Install Rust stable	2026-07-31T19:41:56.8211859Z env:
build-desktop (ubuntu-22.04)	Install Rust stable	2026-07-31T19:41:56.8212040Z   targets: 
build-desktop (ubuntu-22.04)	Install Rust stable	2026-07-31T19:41:56.8212217Z   components: 
build-desktop (ubuntu-22.04)	Install Rust stable	2026-07-31T19:41:56.8212403Z ##[endgroup]
build-desktop (ubuntu-22.04)	Install Rust stable	2026-07-31T19:41:56.8316566Z ##[end-action id=__dtolnay_rust-toolchain.flags;outcome=success;conclusion=success;duration_ms=18]
build-desktop (ubuntu-22.04)	Install Rust stable	2026-07-31T19:41:56.8321255Z ##[start-action display=Run : set $CARGO_HOME;id=__dtolnay_rust-toolchain.__run]
build-desktop (ubuntu-22.04)	Install Rust stable	2026-07-31T19:41:56.8337615Z ##[group]Run : set $CARGO_HOME
build-desktop (ubuntu-22.04)	Install Rust stable	2026-07-31T19:41:56.8337886Z [36;1m: set $CARGO_HOME[0m
build-desktop (ubuntu-22.04)	Install Rust stable	2026-07-31T19:41:56.8338201Z [36;1mecho CARGO_HOME=${CARGO_HOME:-"$HOME/.cargo"} >> $GITHUB_ENV[0m
build-desktop (ubuntu-22.04)	Install Rust stable	2026-07-31T19:41:56.8399130Z shell: /usr/bin/bash --noprofile --norc -e -o pipefail {0}
build-desktop (ubuntu-22.04)	Install Rust stable	2026-07-31T19:41:56.8399623Z ##[endgroup]
build-desktop (ubuntu-22.04)	Install Rust stable	2026-07-31T19:41:56.8525997Z ##[end-action id=__dtolnay_rust-toolchain.__run;outcome=success;conclusion=success;duration_ms=20]
build-desktop (ubuntu-22.04)	Install Rust stable	2026-07-31T19:41:56.8528412Z ##[start-action display=Run : install rustup if needed;id=__dtolnay_rust-toolchain.__run_2]
build-desktop (ubuntu-22.04)	Install Rust stable	2026-07-31T19:41:56.8551284Z ##[group]Run : install rustup if needed
build-desktop (ubuntu-22.04)	Install Rust stable	2026-07-31T19:41:56.8551606Z [36;1m: install rustup if needed[0m
build-desktop (ubuntu-22.04)	Install Rust stable	2026-07-31T19:41:56.8551893Z [36;1mif ! command -v rustup &>/dev/null; then[0m
build-desktop (ubuntu-22.04)	Install Rust stable	2026-07-31T19:41:56.8552644Z [36;1m  curl --proto '=https' --tlsv1.2 --retry 10 --retry-connrefused --location --silent --show-error --fail https://sh.rustup.rs | sh -s -- --default-toolchain none -y[0m
build-desktop (ubuntu-22.04)	Install Rust stable	2026-07-31T19:41:56.8553410Z [36;1m  echo "$CARGO_HOME/bin" >> $GITHUB_PATH[0m
build-desktop (ubuntu-22.04)	Install Rust stable	2026-07-31T19:41:56.8553682Z [36;1mfi[0m
build-desktop (ubuntu-22.04)	Install Rust stable	2026-07-31T19:41:56.8616688Z shell: /usr/bin/bash --noprofile --norc -e -o pipefail {0}
build-desktop (ubuntu-22.04)	Install Rust stable	2026-07-31T19:41:56.8617031Z env:
build-desktop (ubuntu-22.04)	Install Rust stable	2026-07-31T19:41:56.8617233Z   CARGO_HOME: /home/runner/.cargo
build-desktop (ubuntu-22.04)	Install Rust stable	2026-07-31T19:41:56.8617476Z ##[endgroup]
build-desktop (ubuntu-22.04)	Install Rust stable	2026-07-31T19:41:56.8714778Z ##[end-action id=__dtolnay_rust-toolchain.__run_2;outcome=success;conclusion=success;duration_ms=18]
build-desktop (ubuntu-22.04)	Install Rust stable	2026-07-31T19:41:56.8720322Z ##[start-action display=Run : install rustup if needed on windows;id=__dtolnay_rust-toolchain.__run_3]
build-desktop (ubuntu-22.04)	Install Rust stable	2026-07-31T19:41:56.8726599Z ##[end-action id=__dtolnay_rust-toolchain.__run_3;outcome=skipped;conclusion=skipped;duration_ms=0]
build-desktop (ubuntu-22.04)	Install Rust stable	2026-07-31T19:41:56.8730676Z ##[start-action display=rustup toolchain install stable;id=__dtolnay_rust-toolchain.__run_4]
build-desktop (ubuntu-22.04)	Install Rust stable	2026-07-31T19:41:56.8747566Z ##[group]Run rustup toolchain install stable --profile minimal --no-self-update
build-desktop (ubuntu-22.04)	Install Rust stable	2026-07-31T19:41:56.8748135Z [36;1mrustup toolchain install stable --profile minimal --no-self-update[0m
build-desktop (ubuntu-22.04)	Install Rust stable	2026-07-31T19:41:56.8809744Z shell: /usr/bin/bash --noprofile --norc -e -o pipefail {0}
build-desktop (ubuntu-22.04)	Install Rust stable	2026-07-31T19:41:56.8810103Z env:
build-desktop (ubuntu-22.04)	Install Rust stable	2026-07-31T19:41:56.8810308Z   CARGO_HOME: /home/runner/.cargo
build-desktop (ubuntu-22.04)	Install Rust stable	2026-07-31T19:41:56.8810578Z   RUSTUP_PERMIT_COPY_RENAME: 1
build-desktop (ubuntu-22.04)	Install Rust stable	2026-07-31T19:41:56.8810825Z ##[endgroup]
build-desktop (ubuntu-22.04)	Install Rust stable	2026-07-31T19:41:57.1585660Z info: syncing channel updates for stable-x86_64-unknown-linux-gnu
build-desktop (ubuntu-22.04)	Install Rust stable	2026-07-31T19:41:57.3921308Z 
build-desktop (ubuntu-22.04)	Install Rust stable	2026-07-31T19:41:57.4023864Z   stable-x86_64-unknown-linux-gnu unchanged - rustc 1.97.1 (8bab26f4f 2026-07-14)
build-desktop (ubuntu-22.04)	Install Rust stable	2026-07-31T19:41:57.4024594Z 
build-desktop (ubuntu-22.04)	Install Rust stable	2026-07-31T19:41:57.4069831Z ##[end-action id=__dtolnay_rust-toolchain.__run_4;outcome=success;conclusion=success;duration_ms=533]
build-desktop (ubuntu-22.04)	Install Rust stable	2026-07-31T19:41:57.4073768Z ##[start-action display=Run rustup default stable;id=__dtolnay_rust-toolchain.__run_5]
build-desktop (ubuntu-22.04)	Install Rust stable	2026-07-31T19:41:57.4090627Z ##[group]Run rustup default stable
build-desktop (ubuntu-22.04)	Install Rust stable	2026-07-31T19:41:57.4090912Z [36;1mrustup default stable[0m
build-desktop (ubuntu-22.04)	Install Rust stable	2026-07-31T19:41:57.4153880Z shell: /usr/bin/bash --noprofile --norc -e -o pipefail {0}
build-desktop (ubuntu-22.04)	Install Rust stable	2026-07-31T19:41:57.4154230Z env:
build-desktop (ubuntu-22.04)	Install Rust stable	2026-07-31T19:41:57.4154440Z   CARGO_HOME: /home/runner/.cargo
build-desktop (ubuntu-22.04)	Install Rust stable	2026-07-31T19:41:57.4154691Z ##[endgroup]
build-desktop (ubuntu-22.04)	Install Rust stable	2026-07-31T19:41:57.4304963Z info: using existing install for stable-x86_64-unknown-linux-gnu
build-desktop (ubuntu-22.04)	Install Rust stable	2026-07-31T19:41:57.4310306Z info: default toolchain set to stable-x86_64-unknown-linux-gnu
build-desktop (ubuntu-22.04)	Install Rust stable	2026-07-31T19:41:57.4310842Z 
build-desktop (ubuntu-22.04)	Install Rust stable	2026-07-31T19:41:57.4410136Z   stable-x86_64-unknown-linux-gnu unchanged - rustc 1.97.1 (8bab26f4f 2026-07-14)
build-desktop (ubuntu-22.04)	Install Rust stable	2026-07-31T19:41:57.4410732Z 
build-desktop (ubuntu-22.04)	Install Rust stable	2026-07-31T19:41:57.4428064Z ##[end-action id=__dtolnay_rust-toolchain.__run_5;outcome=success;conclusion=success;duration_ms=35]
build-desktop (ubuntu-22.04)	Install Rust stable	2026-07-31T19:41:57.4432846Z ##[start-action display=Run : create cachekey;id=__dtolnay_rust-toolchain.rustc-version]
build-desktop (ubuntu-22.04)	Install Rust stable	2026-07-31T19:41:57.4449808Z ##[group]Run : create cachekey
build-desktop (ubuntu-22.04)	Install Rust stable	2026-07-31T19:41:57.4450091Z [36;1m: create cachekey[0m
build-desktop (ubuntu-22.04)	Install Rust stable	2026-07-31T19:41:57.4450579Z [36;1mDATE=$(rustc +stable --version --verbose | sed -ne 's/^commit-date: \(20[0-9][0-9]\)-\([01][0-9]\)-\([0-3][0-9]\)$/\1\2\3/p')[0m
build-desktop (ubuntu-22.04)	Install Rust stable	2026-07-31T19:41:57.4451207Z [36;1mHASH=$(rustc +stable --version --verbose | sed -ne 's/^commit-hash: //p')[0m
build-desktop (ubuntu-22.04)	Install Rust stable	2026-07-31T19:41:57.4451683Z [36;1mecho "cachekey=$(echo $DATE$HASH | head -c12)" >> $GITHUB_OUTPUT[0m
build-desktop (ubuntu-22.04)	Install Rust stable	2026-07-31T19:41:57.4514091Z shell: /usr/bin/bash --noprofile --norc -e -o pipefail {0}
build-desktop (ubuntu-22.04)	Install Rust stable	2026-07-31T19:41:57.4514429Z env:
build-desktop (ubuntu-22.04)	Install Rust stable	2026-07-31T19:41:57.4514624Z   CARGO_HOME: /home/runner/.cargo
build-desktop (ubuntu-22.04)	Install Rust stable	2026-07-31T19:41:57.4514866Z ##[endgroup]
build-desktop (ubuntu-22.04)	Install Rust stable	2026-07-31T19:41:57.5629689Z ##[end-action id=__dtolnay_rust-toolchain.rustc-version;outcome=success;conclusion=success;duration_ms=119]
build-desktop (ubuntu-22.04)	Install Rust stable	2026-07-31T19:41:57.5632719Z ##[start-action display=Run : disable incremental compilation;id=__dtolnay_rust-toolchain.__run_6]
build-desktop (ubuntu-22.04)	Install Rust stable	2026-07-31T19:41:57.5650004Z ##[group]Run : disable incremental compilation
build-desktop (ubuntu-22.04)	Install Rust stable	2026-07-31T19:41:57.5650353Z [36;1m: disable incremental compilation[0m
build-desktop (ubuntu-22.04)	Install Rust stable	2026-07-31T19:41:57.5650667Z [36;1mif [ -z "${CARGO_INCREMENTAL+set}" ]; then[0m
build-desktop (ubuntu-22.04)	Install Rust stable	2026-07-31T19:41:57.5650997Z [36;1m  echo CARGO_INCREMENTAL=0 >> $GITHUB_ENV[0m
build-desktop (ubuntu-22.04)	Install Rust stable	2026-07-31T19:41:57.5651269Z [36;1mfi[0m
build-desktop (ubuntu-22.04)	Install Rust stable	2026-07-31T19:41:57.5713082Z shell: /usr/bin/bash --noprofile --norc -e -o pipefail {0}
build-desktop (ubuntu-22.04)	Install Rust stable	2026-07-31T19:41:57.5713437Z env:
build-desktop (ubuntu-22.04)	Install Rust stable	2026-07-31T19:41:57.5713639Z   CARGO_HOME: /home/runner/.cargo
build-desktop (ubuntu-22.04)	Install Rust stable	2026-07-31T19:41:57.5713897Z ##[endgroup]
build-desktop (ubuntu-22.04)	Install Rust stable	2026-07-31T19:41:57.5810847Z ##[end-action id=__dtolnay_rust-toolchain.__run_6;outcome=success;conclusion=success;duration_ms=17]
build-desktop (ubuntu-22.04)	Install Rust stable	2026-07-31T19:41:57.5813246Z ##[start-action display=Run : enable colors in Cargo output;id=__dtolnay_rust-toolchain.__run_7]
build-desktop (ubuntu-22.04)	Install Rust stable	2026-07-31T19:41:57.5829371Z ##[group]Run : enable colors in Cargo output
build-desktop (ubuntu-22.04)	Install Rust stable	2026-07-31T19:41:57.5829702Z [36;1m: enable colors in Cargo output[0m
build-desktop (ubuntu-22.04)	Install Rust stable	2026-07-31T19:41:57.5830012Z [36;1mif [ -z "${CARGO_TERM_COLOR+set}" ]; then[0m
build-desktop (ubuntu-22.04)	Install Rust stable	2026-07-31T19:41:57.5830348Z [36;1m  echo CARGO_TERM_COLOR=always >> $GITHUB_ENV[0m
build-desktop (ubuntu-22.04)	Install Rust stable	2026-07-31T19:41:57.5830633Z [36;1mfi[0m
build-desktop (ubuntu-22.04)	Install Rust stable	2026-07-31T19:41:57.5892251Z shell: /usr/bin/bash --noprofile --norc -e -o pipefail {0}
build-desktop (ubuntu-22.04)	Install Rust stable	2026-07-31T19:41:57.5892602Z env:
build-desktop (ubuntu-22.04)	Install Rust stable	2026-07-31T19:41:57.5892800Z   CARGO_HOME: /home/runner/.cargo
build-desktop (ubuntu-22.04)	Install Rust stable	2026-07-31T19:41:57.5893061Z   CARGO_INCREMENTAL: 0
build-desktop (ubuntu-22.04)	Install Rust stable	2026-07-31T19:41:57.5893276Z ##[endgroup]
build-desktop (ubuntu-22.04)	Install Rust stable	2026-07-31T19:41:57.5990570Z ##[end-action id=__dtolnay_rust-toolchain.__run_7;outcome=success;conclusion=success;duration_ms=17]
build-desktop (ubuntu-22.04)	Install Rust stable	2026-07-31T19:41:57.5995991Z ##[start-action display=Run : enable Cargo sparse registry;id=__dtolnay_rust-toolchain.__run_8]
build-desktop (ubuntu-22.04)	Install Rust stable	2026-07-31T19:41:57.6012773Z ##[group]Run : enable Cargo sparse registry
build-desktop (ubuntu-22.04)	Install Rust stable	2026-07-31T19:41:57.6013104Z [36;1m: enable Cargo sparse registry[0m
build-desktop (ubuntu-22.04)	Install Rust stable	2026-07-31T19:41:57.6013478Z [36;1m# implemented in 1.66, stabilized in 1.68, made default in 1.70[0m
build-desktop (ubuntu-22.04)	Install Rust stable	2026-07-31T19:41:57.6014181Z [36;1mif [ -z "${CARGO_REGISTRIES_CRATES_IO_PROTOCOL+set}" -o -f "/home/runner/work/_temp"/.implicit_cargo_registries_crates_io_protocol ]; then[0m
build-desktop (ubuntu-22.04)	Install Rust stable	2026-07-31T19:41:57.6014885Z [36;1m  if rustc +stable --version --verbose | grep -q '^release: 1\.6[89]\.'; then[0m
build-desktop (ubuntu-22.04)	Install Rust stable	2026-07-31T19:41:57.6015441Z [36;1m    touch "/home/runner/work/_temp"/.implicit_cargo_registries_crates_io_protocol || true[0m
build-desktop (ubuntu-22.04)	Install Rust stable	2026-07-31T19:41:57.6016009Z [36;1m    echo CARGO_REGISTRIES_CRATES_IO_PROTOCOL=sparse >> $GITHUB_ENV[0m
build-desktop (ubuntu-22.04)	Install Rust stable	2026-07-31T19:41:57.6016493Z [36;1m  elif rustc +stable --version --verbose | grep -q '^release: 1\.6[67]\.'; then[0m
build-desktop (ubuntu-22.04)	Install Rust stable	2026-07-31T19:41:57.6017065Z [36;1m    touch "/home/runner/work/_temp"/.implicit_cargo_registries_crates_io_protocol || true[0m
build-desktop (ubuntu-22.04)	Install Rust stable	2026-07-31T19:41:57.6017592Z [36;1m    echo CARGO_REGISTRIES_CRATES_IO_PROTOCOL=git >> $GITHUB_ENV[0m
build-desktop (ubuntu-22.04)	Install Rust stable	2026-07-31T19:41:57.6017933Z [36;1m  fi[0m
build-desktop (ubuntu-22.04)	Install Rust stable	2026-07-31T19:41:57.6018121Z [36;1mfi[0m
build-desktop (ubuntu-22.04)	Install Rust stable	2026-07-31T19:41:57.6080293Z shell: /usr/bin/bash --noprofile --norc -e -o pipefail {0}
build-desktop (ubuntu-22.04)	Install Rust stable	2026-07-31T19:41:57.6080626Z env:
build-desktop (ubuntu-22.04)	Install Rust stable	2026-07-31T19:41:57.6080822Z   CARGO_HOME: /home/runner/.cargo
build-desktop (ubuntu-22.04)	Install Rust stable	2026-07-31T19:41:57.6081071Z   CARGO_INCREMENTAL: 0
build-desktop (ubuntu-22.04)	Install Rust stable	2026-07-31T19:41:57.6081277Z   CARGO_TERM_COLOR: always
build-desktop (ubuntu-22.04)	Install Rust stable	2026-07-31T19:41:57.6081487Z ##[endgroup]
build-desktop (ubuntu-22.04)	Install Rust stable	2026-07-31T19:41:57.6510180Z ##[end-action id=__dtolnay_rust-toolchain.__run_8;outcome=success;conclusion=success;duration_ms=51]
build-desktop (ubuntu-22.04)	Install Rust stable	2026-07-31T19:41:57.6515807Z ##[start-action display=Run : work around spurious network errors in curl 8.0;id=__dtolnay_rust-toolchain.__run_9]
build-desktop (ubuntu-22.04)	Install Rust stable	2026-07-31T19:41:57.6532530Z ##[group]Run : work around spurious network errors in curl 8.0
build-desktop (ubuntu-22.04)	Install Rust stable	2026-07-31T19:41:57.6532961Z [36;1m: work around spurious network errors in curl 8.0[0m
build-desktop (ubuntu-22.04)	Install Rust stable	2026-07-31T19:41:57.6533498Z [36;1m# https://rust-lang.zulipchat.com/#narrow/stream/246057-t-cargo/topic/timeout.20investigation[0m
build-desktop (ubuntu-22.04)	Install Rust stable	2026-07-31T19:41:57.6534095Z [36;1mif rustc +stable --version --verbose | grep -q '^release: 1\.7[01]\.'; then[0m
build-desktop (ubuntu-22.04)	Install Rust stable	2026-07-31T19:41:57.6534879Z [36;1m  echo CARGO_HTTP_MULTIPLEXING=false >> $GITHUB_ENV[0m
build-desktop (ubuntu-22.04)	Install Rust stable	2026-07-31T19:41:57.6535180Z [36;1mfi[0m
build-desktop (ubuntu-22.04)	Install Rust stable	2026-07-31T19:41:57.6596388Z shell: /usr/bin/bash --noprofile --norc -e -o pipefail {0}
build-desktop (ubuntu-22.04)	Install Rust stable	2026-07-31T19:41:57.6596744Z env:
build-desktop (ubuntu-22.04)	Install Rust stable	2026-07-31T19:41:57.6596948Z   CARGO_HOME: /home/runner/.cargo
build-desktop (ubuntu-22.04)	Install Rust stable	2026-07-31T19:41:57.6597219Z   CARGO_INCREMENTAL: 0
build-desktop (ubuntu-22.04)	Install Rust stable	2026-07-31T19:41:57.6597443Z   CARGO_TERM_COLOR: always
build-desktop (ubuntu-22.04)	Install Rust stable	2026-07-31T19:41:57.6597665Z ##[endgroup]
build-desktop (ubuntu-22.04)	Install Rust stable	2026-07-31T19:41:57.6854548Z ##[end-action id=__dtolnay_rust-toolchain.__run_9;outcome=success;conclusion=success;duration_ms=33]
build-desktop (ubuntu-22.04)	Install Rust stable	2026-07-31T19:41:57.6859855Z ##[start-action display=Run rustc +stable --version --verbose;id=__dtolnay_rust-toolchain.__run_10]
build-desktop (ubuntu-22.04)	Install Rust stable	2026-07-31T19:41:57.6876862Z ##[group]Run rustc +stable --version --verbose
build-desktop (ubuntu-22.04)	Install Rust stable	2026-07-31T19:41:57.6877302Z [36;1mrustc +stable --version --verbose[0m
build-desktop (ubuntu-22.04)	Install Rust stable	2026-07-31T19:41:57.6938350Z shell: /usr/bin/bash --noprofile --norc -e -o pipefail {0}
build-desktop (ubuntu-22.04)	Install Rust stable	2026-07-31T19:41:57.6939073Z env:
build-desktop (ubuntu-22.04)	Install Rust stable	2026-07-31T19:41:57.6939410Z   CARGO_HOME: /home/runner/.cargo
build-desktop (ubuntu-22.04)	Install Rust stable	2026-07-31T19:41:57.6939801Z   CARGO_INCREMENTAL: 0
build-desktop (ubuntu-22.04)	Install Rust stable	2026-07-31T19:41:57.6940192Z   CARGO_TERM_COLOR: always
build-desktop (ubuntu-22.04)	Install Rust stable	2026-07-31T19:41:57.6940544Z ##[endgroup]
build-desktop (ubuntu-22.04)	Install Rust stable	2026-07-31T19:41:57.7227772Z rustc 1.97.1 (8bab26f4f 2026-07-14)
build-desktop (ubuntu-22.04)	Install Rust stable	2026-07-31T19:41:57.7228189Z binary: rustc
build-desktop (ubuntu-22.04)	Install Rust stable	2026-07-31T19:41:57.7228541Z commit-hash: 8bab26f4f68e0e26f0bb7960be334d5b520ea452
build-desktop (ubuntu-22.04)	Install Rust stable	2026-07-31T19:41:57.7229198Z commit-date: 2026-07-14
build-desktop (ubuntu-22.04)	Install Rust stable	2026-07-31T19:41:57.7229495Z host: x86_64-unknown-linux-gnu
build-desktop (ubuntu-22.04)	Install Rust stable	2026-07-31T19:41:57.7229809Z release: 1.97.1
build-desktop (ubuntu-22.04)	Install Rust stable	2026-07-31T19:41:57.7230250Z LLVM version: 22.1.6
build-desktop (ubuntu-22.04)	Install Rust stable	2026-07-31T19:41:57.7255481Z ##[end-action id=__dtolnay_rust-toolchain.__run_10;outcome=success;conclusion=success;duration_ms=39]
build-desktop (ubuntu-22.04)	Install Linux Dependencies	﻿2026-07-31T19:41:57.7314056Z ##[group]Run sudo apt-get update
build-desktop (ubuntu-22.04)	Install Linux Dependencies	2026-07-31T19:41:57.7314385Z [36;1msudo apt-get update[0m
build-desktop (ubuntu-22.04)	Install Linux Dependencies	2026-07-31T19:41:57.7315014Z [36;1msudo apt-get install -y libwebkit2gtk-4.1-dev libsoup-3.0-dev libappindicator3-dev librsvg2-dev patchelf build-essential libssl-dev libgtk-3-dev[0m
build-desktop (ubuntu-22.04)	Install Linux Dependencies	2026-07-31T19:41:57.7376190Z shell: /usr/bin/bash -e {0}
build-desktop (ubuntu-22.04)	Install Linux Dependencies	2026-07-31T19:41:57.7376452Z env:
build-desktop (ubuntu-22.04)	Install Linux Dependencies	2026-07-31T19:41:57.7376653Z   CARGO_HOME: /home/runner/.cargo
build-desktop (ubuntu-22.04)	Install Linux Dependencies	2026-07-31T19:41:57.7376918Z   CARGO_INCREMENTAL: 0
build-desktop (ubuntu-22.04)	Install Linux Dependencies	2026-07-31T19:41:57.7377144Z   CARGO_TERM_COLOR: always
build-desktop (ubuntu-22.04)	Install Linux Dependencies	2026-07-31T19:41:57.7377371Z ##[endgroup]
build-desktop (ubuntu-22.04)	Install Linux Dependencies	2026-07-31T19:41:57.8623243Z Get:1 file:/etc/apt/apt-mirrors.txt Mirrorlist [144 B]
build-desktop (ubuntu-22.04)	Install Linux Dependencies	2026-07-31T19:41:57.8981782Z Hit:6 https://packages.microsoft.com/repos/azure-cli jammy InRelease
build-desktop (ubuntu-22.04)	Install Linux Dependencies	2026-07-31T19:41:57.8989781Z Hit:2 http://azure.archive.ubuntu.com/ubuntu jammy InRelease
build-desktop (ubuntu-22.04)	Install Linux Dependencies	2026-07-31T19:41:57.8991349Z Get:7 https://packages.microsoft.com/ubuntu/22.04/prod jammy InRelease [3632 B]
build-desktop (ubuntu-22.04)	Install Linux Dependencies	2026-07-31T19:41:57.9004659Z Get:3 http://azure.archive.ubuntu.com/ubuntu jammy-updates InRelease [128 kB]
build-desktop (ubuntu-22.04)	Install Linux Dependencies	2026-07-31T19:41:57.9130566Z Get:4 http://azure.archive.ubuntu.com/ubuntu jammy-backports InRelease [127 kB]
build-desktop (ubuntu-22.04)	Install Linux Dependencies	2026-07-31T19:41:57.9160288Z Get:5 http://azure.archive.ubuntu.com/ubuntu jammy-security InRelease [129 kB]
build-desktop (ubuntu-22.04)	Install Linux Dependencies	2026-07-31T19:41:58.0032985Z Get:8 https://dl.google.com/linux/chrome-stable/deb stable InRelease [2548 B]
build-desktop (ubuntu-22.04)	Install Linux Dependencies	2026-07-31T19:41:58.1523314Z Get:9 https://packages.microsoft.com/ubuntu/22.04/prod jammy/main amd64 Packages [481 kB]
build-desktop (ubuntu-22.04)	Install Linux Dependencies	2026-07-31T19:41:58.1703100Z Get:10 https://packages.microsoft.com/ubuntu/22.04/prod jammy/main arm64 Packages [287 kB]
build-desktop (ubuntu-22.04)	Install Linux Dependencies	2026-07-31T19:41:58.1747329Z Get:11 https://packages.microsoft.com/ubuntu/22.04/prod jammy/main armhf Packages [21.9 kB]
build-desktop (ubuntu-22.04)	Install Linux Dependencies	2026-07-31T19:41:58.2556504Z Get:12 http://azure.archive.ubuntu.com/ubuntu jammy-updates/main amd64 Packages [3683 kB]
build-desktop (ubuntu-22.04)	Install Linux Dependencies	2026-07-31T19:41:58.2796403Z Get:13 http://azure.archive.ubuntu.com/ubuntu jammy-updates/main Translation-en [552 kB]
build-desktop (ubuntu-22.04)	Install Linux Dependencies	2026-07-31T19:41:58.2835675Z Get:14 http://azure.archive.ubuntu.com/ubuntu jammy-updates/restricted amd64 Packages [6346 kB]
build-desktop (ubuntu-22.04)	Install Linux Dependencies	2026-07-31T19:41:58.3154357Z Get:15 http://azure.archive.ubuntu.com/ubuntu jammy-updates/restricted Translation-en [1215 kB]
build-desktop (ubuntu-22.04)	Install Linux Dependencies	2026-07-31T19:41:58.3240185Z Get:16 http://azure.archive.ubuntu.com/ubuntu jammy-updates/universe amd64 Packages [1279 kB]
build-desktop (ubuntu-22.04)	Install Linux Dependencies	2026-07-31T19:41:58.3330222Z Get:17 http://azure.archive.ubuntu.com/ubuntu jammy-updates/universe Translation-en [322 kB]
build-desktop (ubuntu-22.04)	Install Linux Dependencies	2026-07-31T19:41:58.3363116Z Get:18 http://azure.archive.ubuntu.com/ubuntu jammy-updates/multiverse amd64 Packages [76.5 kB]
build-desktop (ubuntu-22.04)	Install Linux Dependencies	2026-07-31T19:41:58.3385203Z Get:19 http://azure.archive.ubuntu.com/ubuntu jammy-updates/multiverse Translation-en [15.9 kB]
build-desktop (ubuntu-22.04)	Install Linux Dependencies	2026-07-31T19:41:58.4615897Z Get:20 http://azure.archive.ubuntu.com/ubuntu jammy-security/main amd64 Packages [3414 kB]
build-desktop (ubuntu-22.04)	Install Linux Dependencies	2026-07-31T19:41:58.4821214Z Get:21 http://azure.archive.ubuntu.com/ubuntu jammy-security/main Translation-en [482 kB]
build-desktop (ubuntu-22.04)	Install Linux Dependencies	2026-07-31T19:41:58.5270494Z Get:22 http://azure.archive.ubuntu.com/ubuntu jammy-security/restricted amd64 Packages [6110 kB]
build-desktop (ubuntu-22.04)	Install Linux Dependencies	2026-07-31T19:41:58.5558654Z Get:23 http://azure.archive.ubuntu.com/ubuntu jammy-security/restricted Translation-en [1173 kB]
build-desktop (ubuntu-22.04)	Install Linux Dependencies	2026-07-31T19:41:58.5583424Z Get:28 https://dl.google.com/linux/chrome-stable/deb stable/main amd64 Packages [1410 B]
build-desktop (ubuntu-22.04)	Install Linux Dependencies	2026-07-31T19:41:58.5625516Z Get:24 http://azure.archive.ubuntu.com/ubuntu jammy-security/universe amd64 Packages [1046 kB]
build-desktop (ubuntu-22.04)	Install Linux Dependencies	2026-07-31T19:41:58.5682972Z Get:25 http://azure.archive.ubuntu.com/ubuntu jammy-security/universe Translation-en [234 kB]
build-desktop (ubuntu-22.04)	Install Linux Dependencies	2026-07-31T19:41:58.5702740Z Get:26 http://azure.archive.ubuntu.com/ubuntu jammy-security/multiverse amd64 Packages [69.1 kB]
build-desktop (ubuntu-22.04)	Install Linux Dependencies	2026-07-31T19:41:58.5715996Z Get:27 http://azure.archive.ubuntu.com/ubuntu jammy-security/multiverse Translation-en [12.9 kB]
build-desktop (ubuntu-22.04)	Install Linux Dependencies	2026-07-31T19:42:04.0720881Z Fetched 27.2 MB in 3s (8510 kB/s)
build-desktop (ubuntu-22.04)	Install Linux Dependencies	2026-07-31T19:42:05.2736634Z Reading package lists...
build-desktop (ubuntu-22.04)	Install Linux Dependencies	2026-07-31T19:42:05.3384086Z Reading package lists...
build-desktop (ubuntu-22.04)	Install Linux Dependencies	2026-07-31T19:42:05.6346044Z Building dependency tree...
build-desktop (ubuntu-22.04)	Install Linux Dependencies	2026-07-31T19:42:05.6358252Z Reading state information...
build-desktop (ubuntu-22.04)	Install Linux Dependencies	2026-07-31T19:42:05.8876733Z build-essential is already the newest version (12.9ubuntu3).
build-desktop (ubuntu-22.04)	Install Linux Dependencies	2026-07-31T19:42:05.8877563Z build-essential set to manually installed.
build-desktop (ubuntu-22.04)	Install Linux Dependencies	2026-07-31T19:42:05.8878279Z patchelf is already the newest version (0.14.3-1).
build-desktop (ubuntu-22.04)	Install Linux Dependencies	2026-07-31T19:42:05.8879363Z librsvg2-dev is already the newest version (2.52.5+dfsg-3ubuntu0.2).
build-desktop (ubuntu-22.04)	Install Linux Dependencies	2026-07-31T19:42:05.8880137Z librsvg2-dev set to manually installed.
build-desktop (ubuntu-22.04)	Install Linux Dependencies	2026-07-31T19:42:05.8880785Z The following additional packages will be installed:
build-desktop (ubuntu-22.04)	Install Linux Dependencies	2026-07-31T19:42:05.8881595Z   bubblewrap gir1.2-appindicator3-0.1 gir1.2-atk-1.0 gir1.2-atspi-2.0
build-desktop (ubuntu-22.04)	Install Linux Dependencies	2026-07-31T19:42:05.8882523Z   gir1.2-dazzle-1.0 gir1.2-dbusmenu-glib-0.4 gir1.2-gtk-3.0
build-desktop (ubuntu-22.04)	Install Linux Dependencies	2026-07-31T19:42:05.8883563Z   gir1.2-harfbuzz-0.0 gir1.2-json-1.0 gir1.2-pango-1.0 gir1.2-polkit-1.0
build-desktop (ubuntu-22.04)	Install Linux Dependencies	2026-07-31T19:42:05.8884379Z   gir1.2-soup-3.0 gstreamer1.0-gl gstreamer1.0-plugins-base
build-desktop (ubuntu-22.04)	Install Linux Dependencies	2026-07-31T19:42:05.8885177Z   gstreamer1.0-plugins-good gstreamer1.0-x libaa1 libappindicator3-1
build-desktop (ubuntu-22.04)	Install Linux Dependencies	2026-07-31T19:42:05.8886112Z   libasyncns0 libatk-bridge2.0-dev libatk1.0-dev libatspi2.0-dev libavc1394-0
build-desktop (ubuntu-22.04)	Install Linux Dependencies	2026-07-31T19:42:05.8887065Z   libcaca0 libcdparanoia0 libdatrie-dev libdazzle-1.0-0 libdazzle-1.0-dev
build-desktop (ubuntu-22.04)	Install Linux Dependencies	2026-07-31T19:42:05.8890615Z   libdazzle-common libdbus-1-dev libdbus-glib-1-dev libdbus-glib-1-dev-bin
build-desktop (ubuntu-22.04)	Install Linux Dependencies	2026-07-31T19:42:05.8891768Z   libdbusmenu-glib-dev libdv4 libegl-dev libegl-mesa0 libegl1 libegl1-mesa-dev
build-desktop (ubuntu-22.04)	Install Linux Dependencies	2026-07-31T19:42:05.8893014Z   libepoxy-dev libevdev2 libflac8 libfribidi-dev libgl-dev libgles-dev
build-desktop (ubuntu-22.04)	Install Linux Dependencies	2026-07-31T19:42:05.8893926Z   libgles1 libgles2 libglvnd-core-dev libglvnd-dev libglx-dev
build-desktop (ubuntu-22.04)	Install Linux Dependencies	2026-07-31T19:42:05.8894748Z   libgraphene-1.0-0 libgraphite2-dev libgstreamer-gl1.0-0
build-desktop (ubuntu-22.04)	Install Linux Dependencies	2026-07-31T19:42:05.8895460Z   libgstreamer-plugins-base1.0-0 libgstreamer-plugins-good1.0-0
build-desktop (ubuntu-22.04)	Install Linux Dependencies	2026-07-31T19:42:05.8896072Z   libharfbuzz-dev libharfbuzz-gobject0 libharfbuzz-icu0 libhyphen0
build-desktop (ubuntu-22.04)	Install Linux Dependencies	2026-07-31T19:42:05.8896627Z   libiec61883-0 libjack-jackd2-0 libjavascriptcoregtk-4.1-0
build-desktop (ubuntu-22.04)	Install Linux Dependencies	2026-07-31T19:42:05.8897383Z   libjavascriptcoregtk-4.1-dev libjson-glib-dev libmanette-0.2-0 libmp3lame0
build-desktop (ubuntu-22.04)	Install Linux Dependencies	2026-07-31T19:42:05.8898486Z   libmpg123-0 libnghttp2-dev libopengl-dev libopengl0 libopus0 liborc-0.4-0
build-desktop (ubuntu-22.04)	Install Linux Dependencies	2026-07-31T19:42:05.8899711Z   libpango1.0-dev libpangoxft-1.0-0 libpipewire-0.3-0 libpipewire-0.3-common
build-desktop (ubuntu-22.04)	Install Linux Dependencies	2026-07-31T19:42:05.8901114Z   libpipewire-0.3-modules libpolkit-gobject-1-dev libpsl-dev libpulse0
build-desktop (ubuntu-22.04)	Install Linux Dependencies	2026-07-31T19:42:05.8902235Z   libraw1394-11 libsamplerate0 libshout3 libsndfile1 libsoup-3.0-0
build-desktop (ubuntu-22.04)	Install Linux Dependencies	2026-07-31T19:42:05.8902873Z   libsoup-3.0-common libspa-0.2-modules libspeex1 libssl3 libsysprof-4
build-desktop (ubuntu-22.04)	Install Linux Dependencies	2026-07-31T19:42:05.8903468Z   libsysprof-4-dev libsysprof-ui-4 libtag1v5 libtag1v5-vanilla libthai-dev
build-desktop (ubuntu-22.04)	Install Linux Dependencies	2026-07-31T19:42:05.8904193Z   libtheora0 libtwolame0 libv4l-0 libv4lconvert0 libvisual-0.4-0 libvorbisenc2
build-desktop (ubuntu-22.04)	Install Linux Dependencies	2026-07-31T19:42:05.8904801Z   libvpx7 libwavpack1 libwayland-bin libwayland-dev libwebkit2gtk-4.1-0
build-desktop (ubuntu-22.04)	Install Linux Dependencies	2026-07-31T19:42:05.8905393Z   libwebrtc-audio-processing1 libwoff1 libxcomposite-dev libxcursor-dev
build-desktop (ubuntu-22.04)	Install Linux Dependencies	2026-07-31T19:42:05.8905972Z   libxdamage-dev libxfixes-dev libxft-dev libxi-dev libxinerama-dev
build-desktop (ubuntu-22.04)	Install Linux Dependencies	2026-07-31T19:42:05.8906643Z   libxkbcommon-dev libxrandr-dev libxtst-dev libxv1 pango1.0-tools pipewire
build-desktop (ubuntu-22.04)	Install Linux Dependencies	2026-07-31T19:42:05.8907282Z   pipewire-bin pipewire-media-session rtkit wayland-protocols xdg-dbus-proxy
build-desktop (ubuntu-22.04)	Install Linux Dependencies	2026-07-31T19:42:05.8907810Z   xdg-desktop-portal xdg-desktop-portal-gtk
build-desktop (ubuntu-22.04)	Install Linux Dependencies	2026-07-31T19:42:05.8908165Z Suggested packages:
build-desktop (ubuntu-22.04)	Install Linux Dependencies	2026-07-31T19:42:05.8908582Z   gvfs indicator-application libdatrie-doc libdazzle-doc libdazzle-tools
build-desktop (ubuntu-22.04)	Install Linux Dependencies	2026-07-31T19:42:05.8909663Z   libdv-bin oss-compat libgraphite2-utils libvisual-0.4-plugins libgtk-3-doc
build-desktop (ubuntu-22.04)	Install Linux Dependencies	2026-07-31T19:42:05.8910306Z   jackd2 libjson-glib-doc libnghttp2-doc opus-tools libpango1.0-doc pulseaudio
build-desktop (ubuntu-22.04)	Install Linux Dependencies	2026-07-31T19:42:05.8910904Z   libraw1394-doc libsoup-3.0-doc speex libssl-doc libthai-doc libwayland-doc
build-desktop (ubuntu-22.04)	Install Linux Dependencies	2026-07-31T19:42:05.8911460Z   gstreamer1.0-libav gstreamer1.0-plugins-bad gstreamer1.0-alsa graphicsmagick
build-desktop (ubuntu-22.04)	Install Linux Dependencies	2026-07-31T19:42:05.8912054Z   accountsservice evince xdg-desktop-portal-gnome
build-desktop (ubuntu-22.04)	Install Linux Dependencies	2026-07-31T19:42:05.9523673Z The following NEW packages will be installed:
build-desktop (ubuntu-22.04)	Install Linux Dependencies	2026-07-31T19:42:05.9525406Z   bubblewrap gir1.2-appindicator3-0.1 gir1.2-atk-1.0 gir1.2-atspi-2.0
build-desktop (ubuntu-22.04)	Install Linux Dependencies	2026-07-31T19:42:05.9526608Z   gir1.2-dazzle-1.0 gir1.2-dbusmenu-glib-0.4 gir1.2-gtk-3.0
build-desktop (ubuntu-22.04)	Install Linux Dependencies	2026-07-31T19:42:05.9527810Z   gir1.2-harfbuzz-0.0 gir1.2-json-1.0 gir1.2-pango-1.0 gir1.2-polkit-1.0
build-desktop (ubuntu-22.04)	Install Linux Dependencies	2026-07-31T19:42:05.9529324Z   gir1.2-soup-3.0 gstreamer1.0-gl gstreamer1.0-plugins-base
build-desktop (ubuntu-22.04)	Install Linux Dependencies	2026-07-31T19:42:05.9530546Z   gstreamer1.0-plugins-good gstreamer1.0-x libaa1 libappindicator3-1
build-desktop (ubuntu-22.04)	Install Linux Dependencies	2026-07-31T19:42:05.9531673Z   libappindicator3-dev libasyncns0 libatk-bridge2.0-dev libatk1.0-dev
build-desktop (ubuntu-22.04)	Install Linux Dependencies	2026-07-31T19:42:05.9532721Z   libatspi2.0-dev libavc1394-0 libcaca0 libcdparanoia0 libdatrie-dev
build-desktop (ubuntu-22.04)	Install Linux Dependencies	2026-07-31T19:42:05.9533736Z   libdazzle-1.0-0 libdazzle-1.0-dev libdazzle-common libdbus-1-dev
build-desktop (ubuntu-22.04)	Install Linux Dependencies	2026-07-31T19:42:05.9534794Z   libdbus-glib-1-dev libdbus-glib-1-dev-bin libdbusmenu-glib-dev libdv4
build-desktop (ubuntu-22.04)	Install Linux Dependencies	2026-07-31T19:42:05.9535906Z   libegl-dev libegl-mesa0 libegl1 libegl1-mesa-dev libepoxy-dev libevdev2
build-desktop (ubuntu-22.04)	Install Linux Dependencies	2026-07-31T19:42:05.9536969Z   libflac8 libfribidi-dev libgl-dev libgles-dev libgles1 libgles2
build-desktop (ubuntu-22.04)	Install Linux Dependencies	2026-07-31T19:42:05.9538055Z   libglvnd-core-dev libglvnd-dev libglx-dev libgraphene-1.0-0 libgraphite2-dev
build-desktop (ubuntu-22.04)	Install Linux Dependencies	2026-07-31T19:42:05.9539263Z   libgstreamer-gl1.0-0 libgstreamer-plugins-base1.0-0
build-desktop (ubuntu-22.04)	Install Linux Dependencies	2026-07-31T19:42:05.9540156Z   libgstreamer-plugins-good1.0-0 libgtk-3-dev libharfbuzz-dev
build-desktop (ubuntu-22.04)	Install Linux Dependencies	2026-07-31T19:42:05.9541128Z   libharfbuzz-gobject0 libharfbuzz-icu0 libhyphen0 libiec61883-0
build-desktop (ubuntu-22.04)	Install Linux Dependencies	2026-07-31T19:42:05.9542056Z   libjack-jackd2-0 libjavascriptcoregtk-4.1-0 libjavascriptcoregtk-4.1-dev
build-desktop (ubuntu-22.04)	Install Linux Dependencies	2026-07-31T19:42:05.9543014Z   libjson-glib-dev libmanette-0.2-0 libmp3lame0 libmpg123-0 libnghttp2-dev
build-desktop (ubuntu-22.04)	Install Linux Dependencies	2026-07-31T19:42:05.9543883Z   libopengl-dev libopengl0 libopus0 liborc-0.4-0 libpango1.0-dev
build-desktop (ubuntu-22.04)	Install Linux Dependencies	2026-07-31T19:42:05.9544671Z   libpangoxft-1.0-0 libpipewire-0.3-0 libpipewire-0.3-common
build-desktop (ubuntu-22.04)	Install Linux Dependencies	2026-07-31T19:42:05.9545527Z   libpipewire-0.3-modules libpolkit-gobject-1-dev libpsl-dev libpulse0
build-desktop (ubuntu-22.04)	Install Linux Dependencies	2026-07-31T19:42:05.9546049Z   libraw1394-11 libsamplerate0 libshout3 libsndfile1 libsoup-3.0-0
build-desktop (ubuntu-22.04)	Install Linux Dependencies	2026-07-31T19:42:05.9546577Z   libsoup-3.0-common libsoup-3.0-dev libspa-0.2-modules libspeex1 libsysprof-4
build-desktop (ubuntu-22.04)	Install Linux Dependencies	2026-07-31T19:42:05.9547305Z   libsysprof-4-dev libsysprof-ui-4 libtag1v5 libtag1v5-vanilla libthai-dev
build-desktop (ubuntu-22.04)	Install Linux Dependencies	2026-07-31T19:42:05.9548234Z   libtheora0 libtwolame0 libv4l-0 libv4lconvert0 libvisual-0.4-0 libvorbisenc2
build-desktop (ubuntu-22.04)	Install Linux Dependencies	2026-07-31T19:42:05.9549029Z   libvpx7 libwavpack1 libwayland-bin libwayland-dev libwebkit2gtk-4.1-0
build-desktop (ubuntu-22.04)	Install Linux Dependencies	2026-07-31T19:42:05.9549608Z   libwebkit2gtk-4.1-dev libwebrtc-audio-processing1 libwoff1 libxcomposite-dev
build-desktop (ubuntu-22.04)	Install Linux Dependencies	2026-07-31T19:42:05.9550137Z   libxcursor-dev libxdamage-dev libxfixes-dev libxft-dev libxi-dev
build-desktop (ubuntu-22.04)	Install Linux Dependencies	2026-07-31T19:42:05.9550612Z   libxinerama-dev libxkbcommon-dev libxrandr-dev libxtst-dev libxv1
build-desktop (ubuntu-22.04)	Install Linux Dependencies	2026-07-31T19:42:05.9551118Z   pango1.0-tools pipewire pipewire-bin pipewire-media-session rtkit
build-desktop (ubuntu-22.04)	Install Linux Dependencies	2026-07-31T19:42:05.9551658Z   wayland-protocols xdg-dbus-proxy xdg-desktop-portal xdg-desktop-portal-gtk
build-desktop (ubuntu-22.04)	Install Linux Dependencies	2026-07-31T19:42:05.9552757Z The following packages will be upgraded:
build-desktop (ubuntu-22.04)	Install Linux Dependencies	2026-07-31T19:42:05.9559076Z   libssl-dev libssl3
build-desktop (ubuntu-22.04)	Install Linux Dependencies	2026-07-31T19:42:05.9787965Z 2 upgraded, 130 newly installed, 0 to remove and 85 not upgraded.
build-desktop (ubuntu-22.04)	Install Linux Dependencies	2026-07-31T19:42:05.9789119Z Need to get 59.6 MB of archives.
build-desktop (ubuntu-22.04)	Install Linux Dependencies	2026-07-31T19:42:05.9789899Z After this operation, 215 MB of additional disk space will be used.
build-desktop (ubuntu-22.04)	Install Linux Dependencies	2026-07-31T19:42:05.9790734Z Get:1 file:/etc/apt/apt-mirrors.txt Mirrorlist [144 B]
build-desktop (ubuntu-22.04)	Install Linux Dependencies	2026-07-31T19:42:06.0727751Z Get:2 http://azure.archive.ubuntu.com/ubuntu jammy-updates/main amd64 libssl-dev amd64 3.0.2-0ubuntu1.26 [2377 kB]
build-desktop (ubuntu-22.04)	Install Linux Dependencies	2026-07-31T19:42:06.3097959Z Get:3 http://azure.archive.ubuntu.com/ubuntu jammy-updates/main amd64 libssl3 amd64 3.0.2-0ubuntu1.26 [1906 kB]
build-desktop (ubuntu-22.04)	Install Linux Dependencies	2026-07-31T19:42:06.5347435Z Get:4 http://azure.archive.ubuntu.com/ubuntu jammy-updates/main amd64 bubblewrap amd64 0.6.1-1ubuntu0.1 [46.3 kB]
build-desktop (ubuntu-22.04)	Install Linux Dependencies	2026-07-31T19:42:06.6103431Z Get:5 http://azure.archive.ubuntu.com/ubuntu jammy/main amd64 gir1.2-atk-1.0 amd64 2.36.0-3build1 [21.0 kB]
build-desktop (ubuntu-22.04)	Install Linux Dependencies	2026-07-31T19:42:06.6858265Z Get:6 http://azure.archive.ubuntu.com/ubuntu jammy-updates/main amd64 gir1.2-harfbuzz-0.0 amd64 2.7.4-1ubuntu3.2 [31.6 kB]
build-desktop (ubuntu-22.04)	Install Linux Dependencies	2026-07-31T19:42:06.7613382Z Get:7 http://azure.archive.ubuntu.com/ubuntu jammy-updates/main amd64 libpangoxft-1.0-0 amd64 1.50.6+ds-2ubuntu1 [31.0 kB]
build-desktop (ubuntu-22.04)	Install Linux Dependencies	2026-07-31T19:42:06.8373002Z Get:8 http://azure.archive.ubuntu.com/ubuntu jammy-updates/main amd64 gir1.2-pango-1.0 amd64 1.50.6+ds-2ubuntu1 [44.0 kB]
build-desktop (ubuntu-22.04)	Install Linux Dependencies	2026-07-31T19:42:06.9131434Z Get:9 http://azure.archive.ubuntu.com/ubuntu jammy-updates/main amd64 gir1.2-gtk-3.0 amd64 3.24.33-1ubuntu2.2 [240 kB]
build-desktop (ubuntu-22.04)	Install Linux Dependencies	2026-07-31T19:42:06.9907959Z Get:10 http://azure.archive.ubuntu.com/ubuntu jammy/universe amd64 libappindicator3-1 amd64 12.10.1+20.10.20200706.1-0ubuntu1 [23.2 kB]
build-desktop (ubuntu-22.04)	Install Linux Dependencies	2026-07-31T19:42:07.0667863Z Get:11 http://azure.archive.ubuntu.com/ubuntu jammy/universe amd64 gir1.2-appindicator3-0.1 amd64 12.10.1+20.10.20200706.1-0ubuntu1 [3452 B]
build-desktop (ubuntu-22.04)	Install Linux Dependencies	2026-07-31T19:42:07.1419410Z Get:12 http://azure.archive.ubuntu.com/ubuntu jammy/main amd64 gir1.2-atspi-2.0 amd64 2.44.0-3 [18.1 kB]
build-desktop (ubuntu-22.04)	Install Linux Dependencies	2026-07-31T19:42:07.2172383Z Get:13 http://azure.archive.ubuntu.com/ubuntu jammy/main amd64 libdazzle-common all 3.44.0-1 [3400 B]
build-desktop (ubuntu-22.04)	Install Linux Dependencies	2026-07-31T19:42:07.2930094Z Get:14 http://azure.archive.ubuntu.com/ubuntu jammy/main amd64 libdazzle-1.0-0 amd64 3.44.0-1 [356 kB]
build-desktop (ubuntu-22.04)	Install Linux Dependencies	2026-07-31T19:42:07.3706423Z Get:15 http://azure.archive.ubuntu.com/ubuntu jammy/main amd64 gir1.2-dazzle-1.0 amd64 3.44.0-1 [36.7 kB]
build-desktop (ubuntu-22.04)	Install Linux Dependencies	2026-07-31T19:42:07.4464384Z Get:16 http://azure.archive.ubuntu.com/ubuntu jammy/main amd64 gir1.2-dbusmenu-glib-0.4 amd64 16.04.1+18.10.20180917-0ubuntu8 [6624 B]
build-desktop (ubuntu-22.04)	Install Linux Dependencies	2026-07-31T19:42:07.5220386Z Get:17 http://azure.archive.ubuntu.com/ubuntu jammy/main amd64 gir1.2-json-1.0 amd64 1.6.6-1build1 [8874 B]
build-desktop (ubuntu-22.04)	Install Linux Dependencies	2026-07-31T19:42:07.5978587Z Get:18 http://azure.archive.ubuntu.com/ubuntu jammy-updates/main amd64 gir1.2-polkit-1.0 amd64 0.105-33ubuntu0.1 [7768 B]
build-desktop (ubuntu-22.04)	Install Linux Dependencies	2026-07-31T19:42:07.6735971Z Get:19 http://azure.archive.ubuntu.com/ubuntu jammy-updates/universe amd64 libsoup-3.0-common all 3.0.7-0ubuntu1 [62.1 kB]
build-desktop (ubuntu-22.04)	Install Linux Dependencies	2026-07-31T19:42:07.7500769Z Get:20 http://azure.archive.ubuntu.com/ubuntu jammy-updates/universe amd64 libsoup-3.0-0 amd64 3.0.7-0ubuntu1 [278 kB]
build-desktop (ubuntu-22.04)	Install Linux Dependencies	2026-07-31T19:42:07.8268322Z Get:21 http://azure.archive.ubuntu.com/ubuntu jammy-updates/universe amd64 gir1.2-soup-3.0 amd64 3.0.7-0ubuntu1 [21.8 kB]
build-desktop (ubuntu-22.04)	Install Linux Dependencies	2026-07-31T19:42:07.9034818Z Get:22 http://azure.archive.ubuntu.com/ubuntu jammy/main amd64 libgraphene-1.0-0 amd64 1.10.8-1 [48.2 kB]
build-desktop (ubuntu-22.04)	Install Linux Dependencies	2026-07-31T19:42:07.9793582Z Get:23 http://azure.archive.ubuntu.com/ubuntu jammy-updates/main amd64 libegl-mesa0 amd64 23.2.1-1ubuntu3.1~22.04.4 [118 kB]
build-desktop (ubuntu-22.04)	Install Linux Dependencies	2026-07-31T19:42:08.0556834Z Get:24 http://azure.archive.ubuntu.com/ubuntu jammy/main amd64 libegl1 amd64 1.4.0-1 [28.6 kB]
build-desktop (ubuntu-22.04)	Install Linux Dependencies	2026-07-31T19:42:08.1314849Z Get:25 http://azure.archive.ubuntu.com/ubuntu jammy-updates/main amd64 liborc-0.4-0 amd64 1:0.4.32-2ubuntu0.1 [228 kB]
build-desktop (ubuntu-22.04)	Install Linux Dependencies	2026-07-31T19:42:08.2086198Z Get:26 http://azure.archive.ubuntu.com/ubuntu jammy-updates/main amd64 libgstreamer-plugins-base1.0-0 amd64 1.20.1-1ubuntu0.6 [848 kB]
build-desktop (ubuntu-22.04)	Install Linux Dependencies	2026-07-31T19:42:08.3596335Z Get:27 http://azure.archive.ubuntu.com/ubuntu jammy-updates/main amd64 libgstreamer-gl1.0-0 amd64 1.20.1-1ubuntu0.6 [204 kB]
build-desktop (ubuntu-22.04)	Install Linux Dependencies	2026-07-31T19:42:08.4368216Z Get:28 http://azure.archive.ubuntu.com/ubuntu jammy-updates/main amd64 gstreamer1.0-gl amd64 1.20.1-1ubuntu0.6 [125 kB]
build-desktop (ubuntu-22.04)	Install Linux Dependencies	2026-07-31T19:42:08.5130571Z Get:29 http://azure.archive.ubuntu.com/ubuntu jammy/main amd64 libcdparanoia0 amd64 3.10.2+debian-14build2 [49.3 kB]
build-desktop (ubuntu-22.04)	Install Linux Dependencies	2026-07-31T19:42:08.5891342Z Get:30 http://azure.archive.ubuntu.com/ubuntu jammy/main amd64 libopus0 amd64 1.3.1-0.1build2 [203 kB]
build-desktop (ubuntu-22.04)	Install Linux Dependencies	2026-07-31T19:42:08.6660259Z Get:31 http://azure.archive.ubuntu.com/ubuntu jammy/main amd64 libtheora0 amd64 1.1.1+dfsg.1-15ubuntu4 [209 kB]
build-desktop (ubuntu-22.04)	Install Linux Dependencies	2026-07-31T19:42:08.7428452Z Get:32 http://azure.archive.ubuntu.com/ubuntu jammy/main amd64 libvisual-0.4-0 amd64 0.4.0-17build2 [108 kB]
build-desktop (ubuntu-22.04)	Install Linux Dependencies	2026-07-31T19:42:08.8195670Z Get:33 http://azure.archive.ubuntu.com/ubuntu jammy/main amd64 libvorbisenc2 amd64 1.3.7-1build2 [82.6 kB]
build-desktop (ubuntu-22.04)	Install Linux Dependencies	2026-07-31T19:42:08.8955337Z Get:34 http://azure.archive.ubuntu.com/ubuntu jammy-updates/main amd64 gstreamer1.0-plugins-base amd64 1.20.1-1ubuntu0.6 [712 kB]
build-desktop (ubuntu-22.04)	Install Linux Dependencies	2026-07-31T19:42:09.0460366Z Get:35 http://azure.archive.ubuntu.com/ubuntu jammy/main amd64 libaa1 amd64 1.4p5-50build1 [51.9 kB]
build-desktop (ubuntu-22.04)	Install Linux Dependencies	2026-07-31T19:42:09.1219732Z Get:36 http://azure.archive.ubuntu.com/ubuntu jammy/main amd64 libraw1394-11 amd64 2.1.2-2build2 [27.0 kB]
build-desktop (ubuntu-22.04)	Install Linux Dependencies	2026-07-31T19:42:09.1976135Z Get:37 http://azure.archive.ubuntu.com/ubuntu jammy/main amd64 libavc1394-0 amd64 0.5.4-5build2 [17.0 kB]
build-desktop (ubuntu-22.04)	Install Linux Dependencies	2026-07-31T19:42:09.2740720Z Get:38 http://azure.archive.ubuntu.com/ubuntu jammy-updates/main amd64 libcaca0 amd64 0.99.beta19-2.2ubuntu4.2 [224 kB]
build-desktop (ubuntu-22.04)	Install Linux Dependencies	2026-07-31T19:42:09.3515927Z Get:39 http://azure.archive.ubuntu.com/ubuntu jammy/main amd64 libdv4 amd64 1.0.0-14build1 [61.9 kB]
build-desktop (ubuntu-22.04)	Install Linux Dependencies	2026-07-31T19:42:09.4285334Z Get:40 http://azure.archive.ubuntu.com/ubuntu jammy-updates/main amd64 libflac8 amd64 1.3.3-2ubuntu0.2 [111 kB]
build-desktop (ubuntu-22.04)	Install Linux Dependencies	2026-07-31T19:42:09.5051504Z Get:41 http://azure.archive.ubuntu.com/ubuntu jammy-updates/main amd64 libgstreamer-plugins-good1.0-0 amd64 1.20.3-0ubuntu1.7 [30.6 kB]
build-desktop (ubuntu-22.04)	Install Linux Dependencies	2026-07-31T19:42:09.5908214Z Get:42 http://azure.archive.ubuntu.com/ubuntu jammy/main amd64 libiec61883-0 amd64 1.2.0-4build3 [25.9 kB]
build-desktop (ubuntu-22.04)	Install Linux Dependencies	2026-07-31T19:42:09.6662626Z Get:43 http://azure.archive.ubuntu.com/ubuntu jammy/main amd64 libsamplerate0 amd64 0.2.2-1build1 [1359 kB]
build-desktop (ubuntu-22.04)	Install Linux Dependencies	2026-07-31T19:42:09.8208036Z Get:44 http://azure.archive.ubuntu.com/ubuntu jammy/main amd64 libjack-jackd2-0 amd64 1.9.20~dfsg-1 [293 kB]
build-desktop (ubuntu-22.04)	Install Linux Dependencies	2026-07-31T19:42:09.8977697Z Get:45 http://azure.archive.ubuntu.com/ubuntu jammy/main amd64 libmp3lame0 amd64 3.100-3build2 [141 kB]
build-desktop (ubuntu-22.04)	Install Linux Dependencies	2026-07-31T19:42:09.9739800Z Get:46 http://azure.archive.ubuntu.com/ubuntu jammy-updates/main amd64 libmpg123-0 amd64 1.29.3-1ubuntu0.1 [172 kB]
build-desktop (ubuntu-22.04)	Install Linux Dependencies	2026-07-31T19:42:10.0501059Z Get:47 http://azure.archive.ubuntu.com/ubuntu jammy/main amd64 libasyncns0 amd64 0.8-6build2 [12.8 kB]
build-desktop (ubuntu-22.04)	Install Linux Dependencies	2026-07-31T19:42:10.1253773Z Get:48 http://azure.archive.ubuntu.com/ubuntu jammy-updates/main amd64 libsndfile1 amd64 1.0.31-2ubuntu0.2 [196 kB]
build-desktop (ubuntu-22.04)	Install Linux Dependencies	2026-07-31T19:42:10.2019884Z Get:49 http://azure.archive.ubuntu.com/ubuntu jammy-updates/main amd64 libpulse0 amd64 1:15.99.1+dfsg1-1ubuntu2.2 [298 kB]
build-desktop (ubuntu-22.04)	Install Linux Dependencies	2026-07-31T19:42:10.2794031Z Get:50 http://azure.archive.ubuntu.com/ubuntu jammy/main amd64 libspeex1 amd64 1.2~rc1.2-1.1ubuntu3 [57.9 kB]
build-desktop (ubuntu-22.04)	Install Linux Dependencies	2026-07-31T19:42:10.3549643Z Get:51 http://azure.archive.ubuntu.com/ubuntu jammy/main amd64 libshout3 amd64 2.4.5-1build3 [54.5 kB]
build-desktop (ubuntu-22.04)	Install Linux Dependencies	2026-07-31T19:42:10.4313585Z Get:52 http://azure.archive.ubuntu.com/ubuntu jammy/main amd64 libtag1v5-vanilla amd64 1.11.1+dfsg.1-3ubuntu3 [304 kB]
build-desktop (ubuntu-22.04)	Install Linux Dependencies	2026-07-31T19:42:10.5084239Z Get:53 http://azure.archive.ubuntu.com/ubuntu jammy/main amd64 libtag1v5 amd64 1.11.1+dfsg.1-3ubuntu3 [11.5 kB]
build-desktop (ubuntu-22.04)	Install Linux Dependencies	2026-07-31T19:42:10.5932502Z Get:54 http://azure.archive.ubuntu.com/ubuntu jammy/main amd64 libtwolame0 amd64 0.4.0-2build2 [52.5 kB]
build-desktop (ubuntu-22.04)	Install Linux Dependencies	2026-07-31T19:42:10.6686332Z Get:55 http://azure.archive.ubuntu.com/ubuntu jammy/main amd64 libv4lconvert0 amd64 1.22.1-2build1 [82.4 kB]
build-desktop (ubuntu-22.04)	Install Linux Dependencies	2026-07-31T19:42:10.7446824Z Get:56 http://azure.archive.ubuntu.com/ubuntu jammy/main amd64 libv4l-0 amd64 1.22.1-2build1 [44.9 kB]
build-desktop (ubuntu-22.04)	Install Linux Dependencies	2026-07-31T19:42:10.8203301Z Get:57 http://azure.archive.ubuntu.com/ubuntu jammy-updates/main amd64 libvpx7 amd64 1.11.0-2ubuntu2.5 [1078 kB]
build-desktop (ubuntu-22.04)	Install Linux Dependencies	2026-07-31T19:42:10.9792438Z Get:58 http://azure.archive.ubuntu.com/ubuntu jammy/main amd64 libwavpack1 amd64 5.4.0-1build2 [83.7 kB]
build-desktop (ubuntu-22.04)	Install Linux Dependencies	2026-07-31T19:42:11.0553279Z Get:59 http://azure.archive.ubuntu.com/ubuntu jammy-updates/main amd64 gstreamer1.0-plugins-good amd64 1.20.3-0ubuntu1.7 [2006 kB]
build-desktop (ubuntu-22.04)	Install Linux Dependencies	2026-07-31T19:42:11.2811215Z Get:60 http://azure.archive.ubuntu.com/ubuntu jammy/main amd64 libxv1 amd64 2:1.0.11-1build2 [11.2 kB]
build-desktop (ubuntu-22.04)	Install Linux Dependencies	2026-07-31T19:42:11.3565655Z Get:61 http://azure.archive.ubuntu.com/ubuntu jammy-updates/main amd64 gstreamer1.0-x amd64 1.20.1-1ubuntu0.6 [85.1 kB]
build-desktop (ubuntu-22.04)	Install Linux Dependencies	2026-07-31T19:42:11.4324195Z Get:62 http://azure.archive.ubuntu.com/ubuntu jammy-updates/main amd64 libdbus-1-dev amd64 1.12.20-2ubuntu4.1 [188 kB]
build-desktop (ubuntu-22.04)	Install Linux Dependencies	2026-07-31T19:42:11.5089825Z Get:63 http://azure.archive.ubuntu.com/ubuntu jammy/main amd64 libdbus-glib-1-dev-bin amd64 0.112-2build1 [41.9 kB]
build-desktop (ubuntu-22.04)	Install Linux Dependencies	2026-07-31T19:42:11.5849686Z Get:64 http://azure.archive.ubuntu.com/ubuntu jammy/main amd64 libdbus-glib-1-dev amd64 0.112-2build1 [80.6 kB]
build-desktop (ubuntu-22.04)	Install Linux Dependencies	2026-07-31T19:42:11.6611171Z Get:65 http://azure.archive.ubuntu.com/ubuntu jammy/main amd64 libdbusmenu-glib-dev amd64 16.04.1+18.10.20180917-0ubuntu8 [73.8 kB]
build-desktop (ubuntu-22.04)	Install Linux Dependencies	2026-07-31T19:42:11.7372773Z Get:66 http://azure.archive.ubuntu.com/ubuntu jammy/main amd64 libatk1.0-dev amd64 2.36.0-3build1 [96.6 kB]
build-desktop (ubuntu-22.04)	Install Linux Dependencies	2026-07-31T19:42:11.8127182Z Get:67 http://azure.archive.ubuntu.com/ubuntu jammy/main amd64 libxfixes-dev amd64 1:6.0.0-1 [12.2 kB]
build-desktop (ubuntu-22.04)	Install Linux Dependencies	2026-07-31T19:42:11.8890371Z Get:68 http://azure.archive.ubuntu.com/ubuntu jammy/main amd64 libxi-dev amd64 2:1.8-1build1 [193 kB]
build-desktop (ubuntu-22.04)	Install Linux Dependencies	2026-07-31T19:42:11.9702599Z Get:69 http://azure.archive.ubuntu.com/ubuntu jammy/main amd64 libxtst-dev amd64 2:1.2.3-1build4 [16.3 kB]
build-desktop (ubuntu-22.04)	Install Linux Dependencies	2026-07-31T19:42:12.0457039Z Get:70 http://azure.archive.ubuntu.com/ubuntu jammy/main amd64 libatspi2.0-dev amd64 2.44.0-3 [71.5 kB]
build-desktop (ubuntu-22.04)	Install Linux Dependencies	2026-07-31T19:42:12.1218074Z Get:71 http://azure.archive.ubuntu.com/ubuntu jammy/main amd64 libatk-bridge2.0-dev amd64 2.38.0-3 [2954 B]
build-desktop (ubuntu-22.04)	Install Linux Dependencies	2026-07-31T19:42:12.1969575Z Get:72 http://azure.archive.ubuntu.com/ubuntu jammy/main amd64 libglx-dev amd64 1.4.0-1 [14.1 kB]
build-desktop (ubuntu-22.04)	Install Linux Dependencies	2026-07-31T19:42:12.2720499Z Get:73 http://azure.archive.ubuntu.com/ubuntu jammy/main amd64 libgl-dev amd64 1.4.0-1 [101 kB]
build-desktop (ubuntu-22.04)	Install Linux Dependencies	2026-07-31T19:42:12.3477388Z Get:74 http://azure.archive.ubuntu.com/ubuntu jammy/main amd64 libegl-dev amd64 1.4.0-1 [18.0 kB]
build-desktop (ubuntu-22.04)	Install Linux Dependencies	2026-07-31T19:42:12.4236005Z Get:75 http://azure.archive.ubuntu.com/ubuntu jammy/main amd64 libglvnd-core-dev amd64 1.4.0-1 [12.7 kB]
build-desktop (ubuntu-22.04)	Install Linux Dependencies	2026-07-31T19:42:12.4991117Z Get:76 http://azure.archive.ubuntu.com/ubuntu jammy/main amd64 libgles1 amd64 1.4.0-1 [11.5 kB]
build-desktop (ubuntu-22.04)	Install Linux Dependencies	2026-07-31T19:42:12.5758286Z Get:77 http://azure.archive.ubuntu.com/ubuntu jammy/main amd64 libgles2 amd64 1.4.0-1 [18.0 kB]
build-desktop (ubuntu-22.04)	Install Linux Dependencies	2026-07-31T19:42:12.6518533Z Get:78 http://azure.archive.ubuntu.com/ubuntu jammy/main amd64 libgles-dev amd64 1.4.0-1 [49.4 kB]
build-desktop (ubuntu-22.04)	Install Linux Dependencies	2026-07-31T19:42:12.7284122Z Get:79 http://azure.archive.ubuntu.com/ubuntu jammy/main amd64 libopengl0 amd64 1.4.0-1 [36.5 kB]
build-desktop (ubuntu-22.04)	Install Linux Dependencies	2026-07-31T19:42:12.8052981Z Get:80 http://azure.archive.ubuntu.com/ubuntu jammy/main amd64 libopengl-dev amd64 1.4.0-1 [3400 B]
build-desktop (ubuntu-22.04)	Install Linux Dependencies	2026-07-31T19:42:12.8801326Z Get:81 http://azure.archive.ubuntu.com/ubuntu jammy/main amd64 libglvnd-dev amd64 1.4.0-1 [3162 B]
build-desktop (ubuntu-22.04)	Install Linux Dependencies	2026-07-31T19:42:12.9555435Z Get:82 http://azure.archive.ubuntu.com/ubuntu jammy-updates/main amd64 libegl1-mesa-dev amd64 23.2.1-1ubuntu3.1~22.04.4 [11.3 kB]
build-desktop (ubuntu-22.04)	Install Linux Dependencies	2026-07-31T19:42:13.0310385Z Get:83 http://azure.archive.ubuntu.com/ubuntu jammy/main amd64 libepoxy-dev amd64 1.5.10-1 [132 kB]
build-desktop (ubuntu-22.04)	Install Linux Dependencies	2026-07-31T19:42:13.1076222Z Get:84 http://azure.archive.ubuntu.com/ubuntu jammy-updates/main amd64 libfribidi-dev amd64 1.0.8-2ubuntu3.1 [64.8 kB]
build-desktop (ubuntu-22.04)	Install Linux Dependencies	2026-07-31T19:42:13.1834396Z Get:85 http://azure.archive.ubuntu.com/ubuntu jammy-updates/main amd64 libharfbuzz-icu0 amd64 2.7.4-1ubuntu3.2 [5890 B]
build-desktop (ubuntu-22.04)	Install Linux Dependencies	2026-07-31T19:42:13.2588692Z Get:86 http://azure.archive.ubuntu.com/ubuntu jammy-updates/main amd64 libharfbuzz-gobject0 amd64 2.7.4-1ubuntu3.2 [26.0 kB]
build-desktop (ubuntu-22.04)	Install Linux Dependencies	2026-07-31T19:42:13.3343840Z Get:87 http://azure.archive.ubuntu.com/ubuntu jammy-updates/main amd64 libgraphite2-dev amd64 1.3.14-1ubuntu0.1 [14.7 kB]
build-desktop (ubuntu-22.04)	Install Linux Dependencies	2026-07-31T19:42:13.4097752Z Get:88 http://azure.archive.ubuntu.com/ubuntu jammy-updates/main amd64 libharfbuzz-dev amd64 2.7.4-1ubuntu3.2 [554 kB]
build-desktop (ubuntu-22.04)	Install Linux Dependencies	2026-07-31T19:42:13.5587908Z Get:89 http://azure.archive.ubuntu.com/ubuntu jammy/main amd64 libdatrie-dev amd64 0.2.13-2 [19.7 kB]
build-desktop (ubuntu-22.04)	Install Linux Dependencies	2026-07-31T19:42:13.6340482Z Get:90 http://azure.archive.ubuntu.com/ubuntu jammy/main amd64 libthai-dev amd64 0.1.29-1build1 [26.4 kB]
build-desktop (ubuntu-22.04)	Install Linux Dependencies	2026-07-31T19:42:13.7096849Z Get:91 http://azure.archive.ubuntu.com/ubuntu jammy/main amd64 libxft-dev amd64 2.3.4-1 [52.4 kB]
build-desktop (ubuntu-22.04)	Install Linux Dependencies	2026-07-31T19:42:13.7859515Z Get:92 http://azure.archive.ubuntu.com/ubuntu jammy-updates/main amd64 pango1.0-tools amd64 1.50.6+ds-2ubuntu1 [45.8 kB]
build-desktop (ubuntu-22.04)	Install Linux Dependencies	2026-07-31T19:42:13.8622735Z Get:93 http://azure.archive.ubuntu.com/ubuntu jammy-updates/main amd64 libpango1.0-dev amd64 1.50.6+ds-2ubuntu1 [154 kB]
build-desktop (ubuntu-22.04)	Install Linux Dependencies	2026-07-31T19:42:13.9388688Z Get:94 http://azure.archive.ubuntu.com/ubuntu jammy-updates/main amd64 libwayland-bin amd64 1.20.0-1ubuntu0.1 [20.4 kB]
build-desktop (ubuntu-22.04)	Install Linux Dependencies	2026-07-31T19:42:14.0144473Z Get:95 http://azure.archive.ubuntu.com/ubuntu jammy-updates/main amd64 libwayland-dev amd64 1.20.0-1ubuntu0.1 [69.5 kB]
build-desktop (ubuntu-22.04)	Install Linux Dependencies	2026-07-31T19:42:14.0917504Z Get:96 http://azure.archive.ubuntu.com/ubuntu jammy/main amd64 libxcomposite-dev amd64 1:0.4.5-1build2 [9326 B]
build-desktop (ubuntu-22.04)	Install Linux Dependencies	2026-07-31T19:42:14.1674116Z Get:97 http://azure.archive.ubuntu.com/ubuntu jammy/main amd64 libxcursor-dev amd64 1:1.2.0-2build4 [28.2 kB]
build-desktop (ubuntu-22.04)	Install Linux Dependencies	2026-07-31T19:42:14.2429840Z Get:98 http://azure.archive.ubuntu.com/ubuntu jammy/main amd64 libxdamage-dev amd64 1:1.1.5-2build2 [5264 B]
build-desktop (ubuntu-22.04)	Install Linux Dependencies	2026-07-31T19:42:14.3185735Z Get:99 http://azure.archive.ubuntu.com/ubuntu jammy/main amd64 libxinerama-dev amd64 2:1.1.4-3 [8104 B]
build-desktop (ubuntu-22.04)	Install Linux Dependencies	2026-07-31T19:42:14.3949454Z Get:100 http://azure.archive.ubuntu.com/ubuntu jammy/main amd64 libxkbcommon-dev amd64 1.4.0-1 [54.9 kB]
build-desktop (ubuntu-22.04)	Install Linux Dependencies	2026-07-31T19:42:14.4705041Z Get:101 http://azure.archive.ubuntu.com/ubuntu jammy/main amd64 libxrandr-dev amd64 2:1.5.2-1build1 [26.7 kB]
build-desktop (ubuntu-22.04)	Install Linux Dependencies	2026-07-31T19:42:14.5461871Z Get:102 http://azure.archive.ubuntu.com/ubuntu jammy/main amd64 wayland-protocols all 1.25-1 [70.6 kB]
build-desktop (ubuntu-22.04)	Install Linux Dependencies	2026-07-31T19:42:14.6240868Z Get:103 http://azure.archive.ubuntu.com/ubuntu jammy-updates/main amd64 libgtk-3-dev amd64 3.24.33-1ubuntu2.2 [1082 kB]
build-desktop (ubuntu-22.04)	Install Linux Dependencies	2026-07-31T19:42:14.7839246Z Get:104 http://azure.archive.ubuntu.com/ubuntu jammy/universe amd64 libappindicator3-dev amd64 12.10.1+20.10.20200706.1-0ubuntu1 [11.9 kB]
build-desktop (ubuntu-22.04)	Install Linux Dependencies	2026-07-31T19:42:14.8601353Z Get:105 http://azure.archive.ubuntu.com/ubuntu jammy/main amd64 libdazzle-1.0-dev amd64 3.44.0-1 [121 kB]
build-desktop (ubuntu-22.04)	Install Linux Dependencies	2026-07-31T19:42:14.9369153Z Get:106 http://azure.archive.ubuntu.com/ubuntu jammy/main amd64 libhyphen0 amd64 2.8.8-7build2 [28.2 kB]
build-desktop (ubuntu-22.04)	Install Linux Dependencies	2026-07-31T19:42:15.0126191Z Get:107 http://azure.archive.ubuntu.com/ubuntu jammy-updates/main amd64 libjavascriptcoregtk-4.1-0 amd64 2.50.4-0ubuntu0.22.04.1 [9518 kB]
build-desktop (ubuntu-22.04)	Install Linux Dependencies	2026-07-31T19:42:15.6192011Z Get:108 http://azure.archive.ubuntu.com/ubuntu jammy-updates/main amd64 libjavascriptcoregtk-4.1-dev amd64 2.50.4-0ubuntu0.22.04.1 [69.7 kB]
build-desktop (ubuntu-22.04)	Install Linux Dependencies	2026-07-31T19:42:15.6952988Z Get:109 http://azure.archive.ubuntu.com/ubuntu jammy/main amd64 libjson-glib-dev amd64 1.6.6-1build1 [96.7 kB]
build-desktop (ubuntu-22.04)	Install Linux Dependencies	2026-07-31T19:42:15.7751817Z Get:110 http://azure.archive.ubuntu.com/ubuntu jammy/main amd64 libevdev2 amd64 1.12.1+dfsg-1 [39.5 kB]
build-desktop (ubuntu-22.04)	Install Linux Dependencies	2026-07-31T19:42:15.8511125Z Get:111 http://azure.archive.ubuntu.com/ubuntu jammy/main amd64 libmanette-0.2-0 amd64 0.2.6-3build1 [30.4 kB]
build-desktop (ubuntu-22.04)	Install Linux Dependencies	2026-07-31T19:42:15.9266990Z Get:112 http://azure.archive.ubuntu.com/ubuntu jammy-updates/main amd64 libnghttp2-dev amd64 1.43.0-1ubuntu0.4 [117 kB]
build-desktop (ubuntu-22.04)	Install Linux Dependencies	2026-07-31T19:42:16.0038350Z Get:113 http://azure.archive.ubuntu.com/ubuntu jammy/main amd64 libwebrtc-audio-processing1 amd64 0.3.1-0ubuntu5 [291 kB]
build-desktop (ubuntu-22.04)	Install Linux Dependencies	2026-07-31T19:42:16.0850743Z Get:114 http://azure.archive.ubuntu.com/ubuntu jammy-updates/main amd64 libspa-0.2-modules amd64 0.3.48-1ubuntu3.2 [546 kB]
build-desktop (ubuntu-22.04)	Install Linux Dependencies	2026-07-31T19:42:16.2364152Z Get:115 http://azure.archive.ubuntu.com/ubuntu jammy-updates/main amd64 libpipewire-0.3-0 amd64 0.3.48-1ubuntu3.2 [274 kB]
build-desktop (ubuntu-22.04)	Install Linux Dependencies	2026-07-31T19:42:16.3161646Z Get:116 http://azure.archive.ubuntu.com/ubuntu jammy-updates/main amd64 libpipewire-0.3-common all 0.3.48-1ubuntu3.2 [4278 B]
build-desktop (ubuntu-22.04)	Install Linux Dependencies	2026-07-31T19:42:16.3917647Z Get:117 http://azure.archive.ubuntu.com/ubuntu jammy-updates/main amd64 libpipewire-0.3-modules amd64 0.3.48-1ubuntu3.2 [525 kB]
build-desktop (ubuntu-22.04)	Install Linux Dependencies	2026-07-31T19:42:16.5426872Z Get:118 http://azure.archive.ubuntu.com/ubuntu jammy-updates/main amd64 libpolkit-gobject-1-dev amd64 0.105-33ubuntu0.1 [65.4 kB]
build-desktop (ubuntu-22.04)	Install Linux Dependencies	2026-07-31T19:42:16.6189175Z Get:119 http://azure.archive.ubuntu.com/ubuntu jammy/main amd64 libpsl-dev amd64 0.21.0-1.2build2 [77.9 kB]
build-desktop (ubuntu-22.04)	Install Linux Dependencies	2026-07-31T19:42:16.6951328Z Get:120 http://azure.archive.ubuntu.com/ubuntu jammy/universe amd64 libsysprof-4 amd64 3.44.0-1 [136 kB]
build-desktop (ubuntu-22.04)	Install Linux Dependencies	2026-07-31T19:42:16.7729486Z Get:121 http://azure.archive.ubuntu.com/ubuntu jammy/universe amd64 libsysprof-ui-4 amd64 3.44.0-1 [146 kB]
build-desktop (ubuntu-22.04)	Install Linux Dependencies	2026-07-31T19:42:16.8526527Z Get:122 http://azure.archive.ubuntu.com/ubuntu jammy/universe amd64 libsysprof-4-dev amd64 3.44.0-1 [54.7 kB]
build-desktop (ubuntu-22.04)	Install Linux Dependencies	2026-07-31T19:42:16.9289124Z Get:123 http://azure.archive.ubuntu.com/ubuntu jammy-updates/universe amd64 libsoup-3.0-dev amd64 3.0.7-0ubuntu1 [102 kB]
build-desktop (ubuntu-22.04)	Install Linux Dependencies	2026-07-31T19:42:17.0060555Z Get:124 http://azure.archive.ubuntu.com/ubuntu jammy-updates/main amd64 xdg-dbus-proxy amd64 0.1.3-1ubuntu0.1 [24.9 kB]
build-desktop (ubuntu-22.04)	Install Linux Dependencies	2026-07-31T19:42:17.0818526Z Get:125 http://azure.archive.ubuntu.com/ubuntu jammy/main amd64 libwoff1 amd64 1.0.2-1build4 [45.2 kB]
build-desktop (ubuntu-22.04)	Install Linux Dependencies	2026-07-31T19:42:17.1575004Z Get:126 http://azure.archive.ubuntu.com/ubuntu jammy-updates/universe amd64 libwebkit2gtk-4.1-0 amd64 2.50.4-0ubuntu0.22.04.1 [27.3 MB]
build-desktop (ubuntu-22.04)	Install Linux Dependencies	2026-07-31T19:42:18.1428640Z Get:127 http://azure.archive.ubuntu.com/ubuntu jammy-updates/universe amd64 libwebkit2gtk-4.1-dev amd64 2.50.4-0ubuntu0.22.04.1 [288 kB]
build-desktop (ubuntu-22.04)	Install Linux Dependencies	2026-07-31T19:42:18.2241532Z Get:128 http://azure.archive.ubuntu.com/ubuntu jammy-updates/main amd64 pipewire-bin amd64 0.3.48-1ubuntu3.2 [312 kB]
build-desktop (ubuntu-22.04)	Install Linux Dependencies	2026-07-31T19:42:18.3737442Z Get:129 http://azure.archive.ubuntu.com/ubuntu jammy-updates/main amd64 pipewire amd64 0.3.48-1ubuntu3.2 [3978 B]
build-desktop (ubuntu-22.04)	Install Linux Dependencies	2026-07-31T19:42:18.4492811Z Get:130 http://azure.archive.ubuntu.com/ubuntu jammy/main amd64 pipewire-media-session amd64 0.4.1-2ubuntu1 [128 kB]
build-desktop (ubuntu-22.04)	Install Linux Dependencies	2026-07-31T19:42:18.5266569Z Get:131 http://azure.archive.ubuntu.com/ubuntu jammy/main amd64 rtkit amd64 0.13-4build2 [35.1 kB]
build-desktop (ubuntu-22.04)	Install Linux Dependencies	2026-07-31T19:42:18.6027433Z Get:132 http://azure.archive.ubuntu.com/ubuntu jammy-updates/main amd64 xdg-desktop-portal amd64 1.14.4-1ubuntu2~22.04.2 [265 kB]
build-desktop (ubuntu-22.04)	Install Linux Dependencies	2026-07-31T19:42:18.6837039Z Get:133 http://azure.archive.ubuntu.com/ubuntu jammy/main amd64 xdg-desktop-portal-gtk amd64 1.14.0-1build1 [87.4 kB]
build-desktop (ubuntu-22.04)	Install Linux Dependencies	2026-07-31T19:42:19.2307665Z Preconfiguring packages ...
build-desktop (ubuntu-22.04)	Install Linux Dependencies	2026-07-31T19:42:19.2929918Z Fetched 59.6 MB in 13s (4690 kB/s)
build-desktop (ubuntu-22.04)	Install Linux Dependencies	2026-07-31T19:42:19.3589289Z (Reading database ... 
build-desktop (ubuntu-22.04)	Install Linux Dependencies	2026-07-31T19:42:19.3589873Z (Reading database ... 5%
build-desktop (ubuntu-22.04)	Install Linux Dependencies	2026-07-31T19:42:19.3590276Z (Reading database ... 10%
build-desktop (ubuntu-22.04)	Install Linux Dependencies	2026-07-31T19:42:19.3590644Z (Reading database ... 15%
build-desktop (ubuntu-22.04)	Install Linux Dependencies	2026-07-31T19:42:19.3590991Z (Reading database ... 20%
build-desktop (ubuntu-22.04)	Install Linux Dependencies	2026-07-31T19:42:19.3591334Z (Reading database ... 25%
build-desktop (ubuntu-22.04)	Install Linux Dependencies	2026-07-31T19:42:19.3592057Z (Reading database ... 30%
build-desktop (ubuntu-22.04)	Install Linux Dependencies	2026-07-31T19:42:19.3592416Z (Reading database ... 35%
build-desktop (ubuntu-22.04)	Install Linux Dependencies	2026-07-31T19:42:19.3592767Z (Reading database ... 40%
build-desktop (ubuntu-22.04)	Install Linux Dependencies	2026-07-31T19:42:19.3593076Z (Reading database ... 45%
build-desktop (ubuntu-22.04)	Install Linux Dependencies	2026-07-31T19:42:19.3593355Z (Reading database ... 50%
build-desktop (ubuntu-22.04)	Install Linux Dependencies	2026-07-31T19:42:19.4522436Z (Reading database ... 55%
build-desktop (ubuntu-22.04)	Install Linux Dependencies	2026-07-31T19:42:19.4965083Z (Reading database ... 60%
build-desktop (ubuntu-22.04)	Install Linux Dependencies	2026-07-31T19:42:19.5505941Z (Reading database ... 65%
build-desktop (ubuntu-22.04)	Install Linux Dependencies	2026-07-31T19:42:19.6950597Z (Reading database ... 70%
build-desktop (ubuntu-22.04)	Install Linux Dependencies	2026-07-31T19:42:19.8982032Z (Reading database ... 75%
build-desktop (ubuntu-22.04)	Install Linux Dependencies	2026-07-31T19:42:20.0030116Z (Reading database ... 80%
build-desktop (ubuntu-22.04)	Install Linux Dependencies	2026-07-31T19:42:20.1965880Z (Reading database ... 85%
build-desktop (ubuntu-22.04)	Install Linux Dependencies	2026-07-31T19:42:20.4074498Z (Reading database ... 90%
build-desktop (ubuntu-22.04)	Install Linux Dependencies	2026-07-31T19:42:20.5891508Z (Reading database ... 95%
build-desktop (ubuntu-22.04)	Install Linux Dependencies	2026-07-31T19:42:20.5892102Z (Reading database ... 100%
build-desktop (ubuntu-22.04)	Install Linux Dependencies	2026-07-31T19:42:20.5892954Z (Reading database ... 259812 files and directories currently installed.)
build-desktop (ubuntu-22.04)	Install Linux Dependencies	2026-07-31T19:42:20.5951549Z Preparing to unpack .../libssl-dev_3.0.2-0ubuntu1.26_amd64.deb ...
build-desktop (ubuntu-22.04)	Install Linux Dependencies	2026-07-31T19:42:20.5996060Z Unpacking libssl-dev:amd64 (3.0.2-0ubuntu1.26) over (3.0.2-0ubuntu1.25) ...
build-desktop (ubuntu-22.04)	Install Linux Dependencies	2026-07-31T19:42:20.7500556Z Preparing to unpack .../libssl3_3.0.2-0ubuntu1.26_amd64.deb ...
build-desktop (ubuntu-22.04)	Install Linux Dependencies	2026-07-31T19:42:20.7703566Z Unpacking libssl3:amd64 (3.0.2-0ubuntu1.26) over (3.0.2-0ubuntu1.25) ...
build-desktop (ubuntu-22.04)	Install Linux Dependencies	2026-07-31T19:42:20.8419361Z Setting up libssl3:amd64 (3.0.2-0ubuntu1.26) ...
build-desktop (ubuntu-22.04)	Install Linux Dependencies	2026-07-31T19:42:20.9785175Z Selecting previously unselected package bubblewrap.
build-desktop (ubuntu-22.04)	Install Linux Dependencies	2026-07-31T19:42:20.9869380Z (Reading database ... 
build-desktop (ubuntu-22.04)	Install Linux Dependencies	2026-07-31T19:42:20.9869912Z (Reading database ... 5%
build-desktop (ubuntu-22.04)	Install Linux Dependencies	2026-07-31T19:42:20.9870361Z (Reading database ... 10%
build-desktop (ubuntu-22.04)	Install Linux Dependencies	2026-07-31T19:42:20.9870781Z (Reading database ... 15%
build-desktop (ubuntu-22.04)	Install Linux Dependencies	2026-07-31T19:42:20.9871214Z (Reading database ... 20%
build-desktop (ubuntu-22.04)	Install Linux Dependencies	2026-07-31T19:42:20.9871636Z (Reading database ... 25%
build-desktop (ubuntu-22.04)	Install Linux Dependencies	2026-07-31T19:42:20.9873159Z (Reading database ... 30%
build-desktop (ubuntu-22.04)	Install Linux Dependencies	2026-07-31T19:42:20.9873616Z (Reading database ... 35%
build-desktop (ubuntu-22.04)	Install Linux Dependencies	2026-07-31T19:42:20.9874031Z (Reading database ... 40%
build-desktop (ubuntu-22.04)	Install Linux Dependencies	2026-07-31T19:42:20.9874442Z (Reading database ... 45%
build-desktop (ubuntu-22.04)	Install Linux Dependencies	2026-07-31T19:42:20.9874871Z (Reading database ... 50%
build-desktop (ubuntu-22.04)	Install Linux Dependencies	2026-07-31T19:42:20.9909939Z (Reading database ... 55%
build-desktop (ubuntu-22.04)	Install Linux Dependencies	2026-07-31T19:42:20.9948499Z (Reading database ... 60%
build-desktop (ubuntu-22.04)	Install Linux Dependencies	2026-07-31T19:42:21.0068715Z (Reading database ... 65%
build-desktop (ubuntu-22.04)	Install Linux Dependencies	2026-07-31T19:42:21.0110096Z (Reading database ... 70%
build-desktop (ubuntu-22.04)	Install Linux Dependencies	2026-07-31T19:42:21.0276163Z (Reading database ... 75%
build-desktop (ubuntu-22.04)	Install Linux Dependencies	2026-07-31T19:42:21.0351345Z (Reading database ... 80%
build-desktop (ubuntu-22.04)	Install Linux Dependencies	2026-07-31T19:42:21.0582828Z (Reading database ... 85%
build-desktop (ubuntu-22.04)	Install Linux Dependencies	2026-07-31T19:42:21.0851484Z (Reading database ... 90%
build-desktop (ubuntu-22.04)	Install Linux Dependencies	2026-07-31T19:42:21.0977916Z (Reading database ... 95%
build-desktop (ubuntu-22.04)	Install Linux Dependencies	2026-07-31T19:42:21.0978505Z (Reading database ... 100%
build-desktop (ubuntu-22.04)	Install Linux Dependencies	2026-07-31T19:42:21.0979552Z (Reading database ... 259812 files and directories currently installed.)
build-desktop (ubuntu-22.04)	Install Linux Dependencies	2026-07-31T19:42:21.1034602Z Preparing to unpack .../000-bubblewrap_0.6.1-1ubuntu0.1_amd64.deb ...
build-desktop (ubuntu-22.04)	Install Linux Dependencies	2026-07-31T19:42:21.1044671Z Unpacking bubblewrap (0.6.1-1ubuntu0.1) ...
build-desktop (ubuntu-22.04)	Install Linux Dependencies	2026-07-31T19:42:21.1374400Z Selecting previously unselected package gir1.2-atk-1.0:amd64.
build-desktop (ubuntu-22.04)	Install Linux Dependencies	2026-07-31T19:42:21.1571460Z Preparing to unpack .../001-gir1.2-atk-1.0_2.36.0-3build1_amd64.deb ...
build-desktop (ubuntu-22.04)	Install Linux Dependencies	2026-07-31T19:42:21.1582077Z Unpacking gir1.2-atk-1.0:amd64 (2.36.0-3build1) ...
build-desktop (ubuntu-22.04)	Install Linux Dependencies	2026-07-31T19:42:21.1812537Z Selecting previously unselected package gir1.2-harfbuzz-0.0:amd64.
build-desktop (ubuntu-22.04)	Install Linux Dependencies	2026-07-31T19:42:21.2016889Z Preparing to unpack .../002-gir1.2-harfbuzz-0.0_2.7.4-1ubuntu3.2_amd64.deb ...
build-desktop (ubuntu-22.04)	Install Linux Dependencies	2026-07-31T19:42:21.2027350Z Unpacking gir1.2-harfbuzz-0.0:amd64 (2.7.4-1ubuntu3.2) ...
build-desktop (ubuntu-22.04)	Install Linux Dependencies	2026-07-31T19:42:21.2267458Z Selecting previously unselected package libpangoxft-1.0-0:amd64.
build-desktop (ubuntu-22.04)	Install Linux Dependencies	2026-07-31T19:42:21.2466465Z Preparing to unpack .../003-libpangoxft-1.0-0_1.50.6+ds-2ubuntu1_amd64.deb ...
build-desktop (ubuntu-22.04)	Install Linux Dependencies	2026-07-31T19:42:21.2507841Z Unpacking libpangoxft-1.0-0:amd64 (1.50.6+ds-2ubuntu1) ...
build-desktop (ubuntu-22.04)	Install Linux Dependencies	2026-07-31T19:42:21.2738022Z Selecting previously unselected package gir1.2-pango-1.0:amd64.
build-desktop (ubuntu-22.04)	Install Linux Dependencies	2026-07-31T19:42:21.2936146Z Preparing to unpack .../004-gir1.2-pango-1.0_1.50.6+ds-2ubuntu1_amd64.deb ...
build-desktop (ubuntu-22.04)	Install Linux Dependencies	2026-07-31T19:42:21.2944462Z Unpacking gir1.2-pango-1.0:amd64 (1.50.6+ds-2ubuntu1) ...
build-desktop (ubuntu-22.04)	Install Linux Dependencies	2026-07-31T19:42:21.3185839Z Selecting previously unselected package gir1.2-gtk-3.0:amd64.
build-desktop (ubuntu-22.04)	Install Linux Dependencies	2026-07-31T19:42:21.3387543Z Preparing to unpack .../005-gir1.2-gtk-3.0_3.24.33-1ubuntu2.2_amd64.deb ...
build-desktop (ubuntu-22.04)	Install Linux Dependencies	2026-07-31T19:42:21.3396929Z Unpacking gir1.2-gtk-3.0:amd64 (3.24.33-1ubuntu2.2) ...
build-desktop (ubuntu-22.04)	Install Linux Dependencies	2026-07-31T19:42:21.3678533Z Selecting previously unselected package libappindicator3-1.
build-desktop (ubuntu-22.04)	Install Linux Dependencies	2026-07-31T19:42:21.3886980Z Preparing to unpack .../006-libappindicator3-1_12.10.1+20.10.20200706.1-0ubuntu1_amd64.deb ...
build-desktop (ubuntu-22.04)	Install Linux Dependencies	2026-07-31T19:42:21.3898006Z Unpacking libappindicator3-1 (12.10.1+20.10.20200706.1-0ubuntu1) ...
build-desktop (ubuntu-22.04)	Install Linux Dependencies	2026-07-31T19:42:21.4150796Z Selecting previously unselected package gir1.2-appindicator3-0.1.
build-desktop (ubuntu-22.04)	Install Linux Dependencies	2026-07-31T19:42:21.4352632Z Preparing to unpack .../007-gir1.2-appindicator3-0.1_12.10.1+20.10.20200706.1-0ubuntu1_amd64.deb ...
build-desktop (ubuntu-22.04)	Install Linux Dependencies	2026-07-31T19:42:21.4361372Z Unpacking gir1.2-appindicator3-0.1 (12.10.1+20.10.20200706.1-0ubuntu1) ...
build-desktop (ubuntu-22.04)	Install Linux Dependencies	2026-07-31T19:42:21.4586064Z Selecting previously unselected package gir1.2-atspi-2.0:amd64.
build-desktop (ubuntu-22.04)	Install Linux Dependencies	2026-07-31T19:42:21.4789137Z Preparing to unpack .../008-gir1.2-atspi-2.0_2.44.0-3_amd64.deb ...
build-desktop (ubuntu-22.04)	Install Linux Dependencies	2026-07-31T19:42:21.4796705Z Unpacking gir1.2-atspi-2.0:amd64 (2.44.0-3) ...
build-desktop (ubuntu-22.04)	Install Linux Dependencies	2026-07-31T19:42:21.5073851Z Selecting previously unselected package libdazzle-common.
build-desktop (ubuntu-22.04)	Install Linux Dependencies	2026-07-31T19:42:21.5278045Z Preparing to unpack .../009-libdazzle-common_3.44.0-1_all.deb ...
build-desktop (ubuntu-22.04)	Install Linux Dependencies	2026-07-31T19:42:21.5286856Z Unpacking libdazzle-common (3.44.0-1) ...
build-desktop (ubuntu-22.04)	Install Linux Dependencies	2026-07-31T19:42:21.5523701Z Selecting previously unselected package libdazzle-1.0-0:amd64.
build-desktop (ubuntu-22.04)	Install Linux Dependencies	2026-07-31T19:42:21.5728100Z Preparing to unpack .../010-libdazzle-1.0-0_3.44.0-1_amd64.deb ...
build-desktop (ubuntu-22.04)	Install Linux Dependencies	2026-07-31T19:42:21.5738379Z Unpacking libdazzle-1.0-0:amd64 (3.44.0-1) ...
build-desktop (ubuntu-22.04)	Install Linux Dependencies	2026-07-31T19:42:21.6004454Z Selecting previously unselected package gir1.2-dazzle-1.0:amd64.
build-desktop (ubuntu-22.04)	Install Linux Dependencies	2026-07-31T19:42:21.6206951Z Preparing to unpack .../011-gir1.2-dazzle-1.0_3.44.0-1_amd64.deb ...
build-desktop (ubuntu-22.04)	Install Linux Dependencies	2026-07-31T19:42:21.6217071Z Unpacking gir1.2-dazzle-1.0:amd64 (3.44.0-1) ...
build-desktop (ubuntu-22.04)	Install Linux Dependencies	2026-07-31T19:42:21.6495633Z Selecting previously unselected package gir1.2-dbusmenu-glib-0.4:amd64.
build-desktop (ubuntu-22.04)	Install Linux Dependencies	2026-07-31T19:42:21.6697650Z Preparing to unpack .../012-gir1.2-dbusmenu-glib-0.4_16.04.1+18.10.20180917-0ubuntu8_amd64.deb ...
build-desktop (ubuntu-22.04)	Install Linux Dependencies	2026-07-31T19:42:21.6707613Z Unpacking gir1.2-dbusmenu-glib-0.4:amd64 (16.04.1+18.10.20180917-0ubuntu8) ...
build-desktop (ubuntu-22.04)	Install Linux Dependencies	2026-07-31T19:42:21.6930213Z Selecting previously unselected package gir1.2-json-1.0:amd64.
build-desktop (ubuntu-22.04)	Install Linux Dependencies	2026-07-31T19:42:21.7131967Z Preparing to unpack .../013-gir1.2-json-1.0_1.6.6-1build1_amd64.deb ...
build-desktop (ubuntu-22.04)	Install Linux Dependencies	2026-07-31T19:42:21.7140768Z Unpacking gir1.2-json-1.0:amd64 (1.6.6-1build1) ...
build-desktop (ubuntu-22.04)	Install Linux Dependencies	2026-07-31T19:42:21.7362065Z Selecting previously unselected package gir1.2-polkit-1.0.
build-desktop (ubuntu-22.04)	Install Linux Dependencies	2026-07-31T19:42:21.7566594Z Preparing to unpack .../014-gir1.2-polkit-1.0_0.105-33ubuntu0.1_amd64.deb ...
build-desktop (ubuntu-22.04)	Install Linux Dependencies	2026-07-31T19:42:21.7576511Z Unpacking gir1.2-polkit-1.0 (0.105-33ubuntu0.1) ...
build-desktop (ubuntu-22.04)	Install Linux Dependencies	2026-07-31T19:42:21.7795875Z Selecting previously unselected package libsoup-3.0-common.
build-desktop (ubuntu-22.04)	Install Linux Dependencies	2026-07-31T19:42:21.7996361Z Preparing to unpack .../015-libsoup-3.0-common_3.0.7-0ubuntu1_all.deb ...
build-desktop (ubuntu-22.04)	Install Linux Dependencies	2026-07-31T19:42:21.8005944Z Unpacking libsoup-3.0-common (3.0.7-0ubuntu1) ...
build-desktop (ubuntu-22.04)	Install Linux Dependencies	2026-07-31T19:42:21.9730295Z Selecting previously unselected package libsoup-3.0-0:amd64.
build-desktop (ubuntu-22.04)	Install Linux Dependencies	2026-07-31T19:42:21.9935654Z Preparing to unpack .../016-libsoup-3.0-0_3.0.7-0ubuntu1_amd64.deb ...
build-desktop (ubuntu-22.04)	Install Linux Dependencies	2026-07-31T19:42:21.9946233Z Unpacking libsoup-3.0-0:amd64 (3.0.7-0ubuntu1) ...
build-desktop (ubuntu-22.04)	Install Linux Dependencies	2026-07-31T19:42:22.0205153Z Selecting previously unselected package gir1.2-soup-3.0:amd64.
build-desktop (ubuntu-22.04)	Install Linux Dependencies	2026-07-31T19:42:22.0408980Z Preparing to unpack .../017-gir1.2-soup-3.0_3.0.7-0ubuntu1_amd64.deb ...
build-desktop (ubuntu-22.04)	Install Linux Dependencies	2026-07-31T19:42:22.0418121Z Unpacking gir1.2-soup-3.0:amd64 (3.0.7-0ubuntu1) ...
build-desktop (ubuntu-22.04)	Install Linux Dependencies	2026-07-31T19:42:22.0665695Z Selecting previously unselected package libgraphene-1.0-0:amd64.
build-desktop (ubuntu-22.04)	Install Linux Dependencies	2026-07-31T19:42:22.0870019Z Preparing to unpack .../018-libgraphene-1.0-0_1.10.8-1_amd64.deb ...
build-desktop (ubuntu-22.04)	Install Linux Dependencies	2026-07-31T19:42:22.0881532Z Unpacking libgraphene-1.0-0:amd64 (1.10.8-1) ...
build-desktop (ubuntu-22.04)	Install Linux Dependencies	2026-07-31T19:42:22.1134590Z Selecting previously unselected package libegl-mesa0:amd64.
build-desktop (ubuntu-22.04)	Install Linux Dependencies	2026-07-31T19:42:22.1342825Z Preparing to unpack .../019-libegl-mesa0_23.2.1-1ubuntu3.1~22.04.4_amd64.deb ...
build-desktop (ubuntu-22.04)	Install Linux Dependencies	2026-07-31T19:42:22.1352206Z Unpacking libegl-mesa0:amd64 (23.2.1-1ubuntu3.1~22.04.4) ...
build-desktop (ubuntu-22.04)	Install Linux Dependencies	2026-07-31T19:42:22.1613986Z Selecting previously unselected package libegl1:amd64.
build-desktop (ubuntu-22.04)	Install Linux Dependencies	2026-07-31T19:42:22.1813818Z Preparing to unpack .../020-libegl1_1.4.0-1_amd64.deb ...
build-desktop (ubuntu-22.04)	Install Linux Dependencies	2026-07-31T19:42:22.1824187Z Unpacking libegl1:amd64 (1.4.0-1) ...
build-desktop (ubuntu-22.04)	Install Linux Dependencies	2026-07-31T19:42:22.2066346Z Selecting previously unselected package liborc-0.4-0:amd64.
build-desktop (ubuntu-22.04)	Install Linux Dependencies	2026-07-31T19:42:22.2267592Z Preparing to unpack .../021-liborc-0.4-0_1%3a0.4.32-2ubuntu0.1_amd64.deb ...
build-desktop (ubuntu-22.04)	Install Linux Dependencies	2026-07-31T19:42:22.2276481Z Unpacking liborc-0.4-0:amd64 (1:0.4.32-2ubuntu0.1) ...
build-desktop (ubuntu-22.04)	Install Linux Dependencies	2026-07-31T19:42:22.2579726Z Selecting previously unselected package libgstreamer-plugins-base1.0-0:amd64.
build-desktop (ubuntu-22.04)	Install Linux Dependencies	2026-07-31T19:42:22.2780258Z Preparing to unpack .../022-libgstreamer-plugins-base1.0-0_1.20.1-1ubuntu0.6_amd64.deb ...
build-desktop (ubuntu-22.04)	Install Linux Dependencies	2026-07-31T19:42:22.2789940Z Unpacking libgstreamer-plugins-base1.0-0:amd64 (1.20.1-1ubuntu0.6) ...
build-desktop (ubuntu-22.04)	Install Linux Dependencies	2026-07-31T19:42:22.3145682Z Selecting previously unselected package libgstreamer-gl1.0-0:amd64.
build-desktop (ubuntu-22.04)	Install Linux Dependencies	2026-07-31T19:42:22.3350789Z Preparing to unpack .../023-libgstreamer-gl1.0-0_1.20.1-1ubuntu0.6_amd64.deb ...
build-desktop (ubuntu-22.04)	Install Linux Dependencies	2026-07-31T19:42:22.3369714Z Unpacking libgstreamer-gl1.0-0:amd64 (1.20.1-1ubuntu0.6) ...
build-desktop (ubuntu-22.04)	Install Linux Dependencies	2026-07-31T19:42:22.3616597Z Selecting previously unselected package gstreamer1.0-gl:amd64.
build-desktop (ubuntu-22.04)	Install Linux Dependencies	2026-07-31T19:42:22.3816728Z Preparing to unpack .../024-gstreamer1.0-gl_1.20.1-1ubuntu0.6_amd64.deb ...
build-desktop (ubuntu-22.04)	Install Linux Dependencies	2026-07-31T19:42:22.3826494Z Unpacking gstreamer1.0-gl:amd64 (1.20.1-1ubuntu0.6) ...
build-desktop (ubuntu-22.04)	Install Linux Dependencies	2026-07-31T19:42:22.4070219Z Selecting previously unselected package libcdparanoia0:amd64.
build-desktop (ubuntu-22.04)	Install Linux Dependencies	2026-07-31T19:42:22.4267044Z Preparing to unpack .../025-libcdparanoia0_3.10.2+debian-14build2_amd64.deb ...
build-desktop (ubuntu-22.04)	Install Linux Dependencies	2026-07-31T19:42:22.4276405Z Unpacking libcdparanoia0:amd64 (3.10.2+debian-14build2) ...
build-desktop (ubuntu-22.04)	Install Linux Dependencies	2026-07-31T19:42:22.4533964Z Selecting previously unselected package libopus0:amd64.
build-desktop (ubuntu-22.04)	Install Linux Dependencies	2026-07-31T19:42:22.4736939Z Preparing to unpack .../026-libopus0_1.3.1-0.1build2_amd64.deb ...
build-desktop (ubuntu-22.04)	Install Linux Dependencies	2026-07-31T19:42:22.4746395Z Unpacking libopus0:amd64 (1.3.1-0.1build2) ...
build-desktop (ubuntu-22.04)	Install Linux Dependencies	2026-07-31T19:42:22.4995263Z Selecting previously unselected package libtheora0:amd64.
build-desktop (ubuntu-22.04)	Install Linux Dependencies	2026-07-31T19:42:22.5197973Z Preparing to unpack .../027-libtheora0_1.1.1+dfsg.1-15ubuntu4_amd64.deb ...
build-desktop (ubuntu-22.04)	Install Linux Dependencies	2026-07-31T19:42:22.5208077Z Unpacking libtheora0:amd64 (1.1.1+dfsg.1-15ubuntu4) ...
build-desktop (ubuntu-22.04)	Install Linux Dependencies	2026-07-31T19:42:22.5476918Z Selecting previously unselected package libvisual-0.4-0:amd64.
build-desktop (ubuntu-22.04)	Install Linux Dependencies	2026-07-31T19:42:22.5680330Z Preparing to unpack .../028-libvisual-0.4-0_0.4.0-17build2_amd64.deb ...
build-desktop (ubuntu-22.04)	Install Linux Dependencies	2026-07-31T19:42:22.5691374Z Unpacking libvisual-0.4-0:amd64 (0.4.0-17build2) ...
build-desktop (ubuntu-22.04)	Install Linux Dependencies	2026-07-31T19:42:22.5944348Z Selecting previously unselected package libvorbisenc2:amd64.
build-desktop (ubuntu-22.04)	Install Linux Dependencies	2026-07-31T19:42:22.6146477Z Preparing to unpack .../029-libvorbisenc2_1.3.7-1build2_amd64.deb ...
build-desktop (ubuntu-22.04)	Install Linux Dependencies	2026-07-31T19:42:22.6157202Z Unpacking libvorbisenc2:amd64 (1.3.7-1build2) ...
build-desktop (ubuntu-22.04)	Install Linux Dependencies	2026-07-31T19:42:22.6401929Z Selecting previously unselected package gstreamer1.0-plugins-base:amd64.
build-desktop (ubuntu-22.04)	Install Linux Dependencies	2026-07-31T19:42:22.6603539Z Preparing to unpack .../030-gstreamer1.0-plugins-base_1.20.1-1ubuntu0.6_amd64.deb ...
build-desktop (ubuntu-22.04)	Install Linux Dependencies	2026-07-31T19:42:22.6612149Z Unpacking gstreamer1.0-plugins-base:amd64 (1.20.1-1ubuntu0.6) ...
build-desktop (ubuntu-22.04)	Install Linux Dependencies	2026-07-31T19:42:22.6954816Z Selecting previously unselected package libaa1:amd64.
build-desktop (ubuntu-22.04)	Install Linux Dependencies	2026-07-31T19:42:22.7152689Z Preparing to unpack .../031-libaa1_1.4p5-50build1_amd64.deb ...
build-desktop (ubuntu-22.04)	Install Linux Dependencies	2026-07-31T19:42:22.7164741Z Unpacking libaa1:amd64 (1.4p5-50build1) ...
build-desktop (ubuntu-22.04)	Install Linux Dependencies	2026-07-31T19:42:22.7400339Z Selecting previously unselected package libraw1394-11:amd64.
build-desktop (ubuntu-22.04)	Install Linux Dependencies	2026-07-31T19:42:22.7595212Z Preparing to unpack .../032-libraw1394-11_2.1.2-2build2_amd64.deb ...
build-desktop (ubuntu-22.04)	Install Linux Dependencies	2026-07-31T19:42:22.7605392Z Unpacking libraw1394-11:amd64 (2.1.2-2build2) ...
build-desktop (ubuntu-22.04)	Install Linux Dependencies	2026-07-31T19:42:22.7837668Z Selecting previously unselected package libavc1394-0:amd64.
build-desktop (ubuntu-22.04)	Install Linux Dependencies	2026-07-31T19:42:22.8033613Z Preparing to unpack .../033-libavc1394-0_0.5.4-5build2_amd64.deb ...
build-desktop (ubuntu-22.04)	Install Linux Dependencies	2026-07-31T19:42:22.8044370Z Unpacking libavc1394-0:amd64 (0.5.4-5build2) ...
build-desktop (ubuntu-22.04)	Install Linux Dependencies	2026-07-31T19:42:22.8286439Z Selecting previously unselected package libcaca0:amd64.
build-desktop (ubuntu-22.04)	Install Linux Dependencies	2026-07-31T19:42:22.8486313Z Preparing to unpack .../034-libcaca0_0.99.beta19-2.2ubuntu4.2_amd64.deb ...
build-desktop (ubuntu-22.04)	Install Linux Dependencies	2026-07-31T19:42:22.8495786Z Unpacking libcaca0:amd64 (0.99.beta19-2.2ubuntu4.2) ...
build-desktop (ubuntu-22.04)	Install Linux Dependencies	2026-07-31T19:42:22.8773873Z Selecting previously unselected package libdv4:amd64.
build-desktop (ubuntu-22.04)	Install Linux Dependencies	2026-07-31T19:42:22.8972368Z Preparing to unpack .../035-libdv4_1.0.0-14build1_amd64.deb ...
build-desktop (ubuntu-22.04)	Install Linux Dependencies	2026-07-31T19:42:22.8982069Z Unpacking libdv4:amd64 (1.0.0-14build1) ...
build-desktop (ubuntu-22.04)	Install Linux Dependencies	2026-07-31T19:42:22.9234156Z Selecting previously unselected package libflac8:amd64.
build-desktop (ubuntu-22.04)	Install Linux Dependencies	2026-07-31T19:42:22.9432566Z Preparing to unpack .../036-libflac8_1.3.3-2ubuntu0.2_amd64.deb ...
build-desktop (ubuntu-22.04)	Install Linux Dependencies	2026-07-31T19:42:22.9445457Z Unpacking libflac8:amd64 (1.3.3-2ubuntu0.2) ...
build-desktop (ubuntu-22.04)	Install Linux Dependencies	2026-07-31T19:42:22.9738056Z Selecting previously unselected package libgstreamer-plugins-good1.0-0:amd64.
build-desktop (ubuntu-22.04)	Install Linux Dependencies	2026-07-31T19:42:22.9940717Z Preparing to unpack .../037-libgstreamer-plugins-good1.0-0_1.20.3-0ubuntu1.7_amd64.deb ...
build-desktop (ubuntu-22.04)	Install Linux Dependencies	2026-07-31T19:42:22.9950132Z Unpacking libgstreamer-plugins-good1.0-0:amd64 (1.20.3-0ubuntu1.7) ...
build-desktop (ubuntu-22.04)	Install Linux Dependencies	2026-07-31T19:42:23.0188017Z Selecting previously unselected package libiec61883-0:amd64.
build-desktop (ubuntu-22.04)	Install Linux Dependencies	2026-07-31T19:42:23.0386881Z Preparing to unpack .../038-libiec61883-0_1.2.0-4build3_amd64.deb ...
build-desktop (ubuntu-22.04)	Install Linux Dependencies	2026-07-31T19:42:23.0396084Z Unpacking libiec61883-0:amd64 (1.2.0-4build3) ...
build-desktop (ubuntu-22.04)	Install Linux Dependencies	2026-07-31T19:42:23.0642119Z Selecting previously unselected package libsamplerate0:amd64.
build-desktop (ubuntu-22.04)	Install Linux Dependencies	2026-07-31T19:42:23.0844794Z Preparing to unpack .../039-libsamplerate0_0.2.2-1build1_amd64.deb ...
build-desktop (ubuntu-22.04)	Install Linux Dependencies	2026-07-31T19:42:23.0856070Z Unpacking libsamplerate0:amd64 (0.2.2-1build1) ...
build-desktop (ubuntu-22.04)	Install Linux Dependencies	2026-07-31T19:42:23.1173048Z Selecting previously unselected package libjack-jackd2-0:amd64.
build-desktop (ubuntu-22.04)	Install Linux Dependencies	2026-07-31T19:42:23.1371671Z Preparing to unpack .../040-libjack-jackd2-0_1.9.20~dfsg-1_amd64.deb ...
build-desktop (ubuntu-22.04)	Install Linux Dependencies	2026-07-31T19:42:23.1382001Z Unpacking libjack-jackd2-0:amd64 (1.9.20~dfsg-1) ...
build-desktop (ubuntu-22.04)	Install Linux Dependencies	2026-07-31T19:42:23.1664073Z Selecting previously unselected package libmp3lame0:amd64.
build-desktop (ubuntu-22.04)	Install Linux Dependencies	2026-07-31T19:42:23.1862623Z Preparing to unpack .../041-libmp3lame0_3.100-3build2_amd64.deb ...
build-desktop (ubuntu-22.04)	Install Linux Dependencies	2026-07-31T19:42:23.1872812Z Unpacking libmp3lame0:amd64 (3.100-3build2) ...
build-desktop (ubuntu-22.04)	Install Linux Dependencies	2026-07-31T19:42:23.2149090Z Selecting previously unselected package libmpg123-0:amd64.
build-desktop (ubuntu-22.04)	Install Linux Dependencies	2026-07-31T19:42:23.2344245Z Preparing to unpack .../042-libmpg123-0_1.29.3-1ubuntu0.1_amd64.deb ...
build-desktop (ubuntu-22.04)	Install Linux Dependencies	2026-07-31T19:42:23.2354433Z Unpacking libmpg123-0:amd64 (1.29.3-1ubuntu0.1) ...
build-desktop (ubuntu-22.04)	Install Linux Dependencies	2026-07-31T19:42:23.2611110Z Selecting previously unselected package libasyncns0:amd64.
build-desktop (ubuntu-22.04)	Install Linux Dependencies	2026-07-31T19:42:23.2812381Z Preparing to unpack .../043-libasyncns0_0.8-6build2_amd64.deb ...
build-desktop (ubuntu-22.04)	Install Linux Dependencies	2026-07-31T19:42:23.2822146Z Unpacking libasyncns0:amd64 (0.8-6build2) ...
build-desktop (ubuntu-22.04)	Install Linux Dependencies	2026-07-31T19:42:23.3059980Z Selecting previously unselected package libsndfile1:amd64.
build-desktop (ubuntu-22.04)	Install Linux Dependencies	2026-07-31T19:42:23.3263308Z Preparing to unpack .../044-libsndfile1_1.0.31-2ubuntu0.2_amd64.deb ...
build-desktop (ubuntu-22.04)	Install Linux Dependencies	2026-07-31T19:42:23.3285502Z Unpacking libsndfile1:amd64 (1.0.31-2ubuntu0.2) ...
build-desktop (ubuntu-22.04)	Install Linux Dependencies	2026-07-31T19:42:23.3573200Z Selecting previously unselected package libpulse0:amd64.
build-desktop (ubuntu-22.04)	Install Linux Dependencies	2026-07-31T19:42:23.3777947Z Preparing to unpack .../045-libpulse0_1%3a15.99.1+dfsg1-1ubuntu2.2_amd64.deb ...
build-desktop (ubuntu-22.04)	Install Linux Dependencies	2026-07-31T19:42:23.3858698Z Unpacking libpulse0:amd64 (1:15.99.1+dfsg1-1ubuntu2.2) ...
build-desktop (ubuntu-22.04)	Install Linux Dependencies	2026-07-31T19:42:23.4150653Z Selecting previously unselected package libspeex1:amd64.
build-desktop (ubuntu-22.04)	Install Linux Dependencies	2026-07-31T19:42:23.4389156Z Preparing to unpack .../046-libspeex1_1.2~rc1.2-1.1ubuntu3_amd64.deb ...
build-desktop (ubuntu-22.04)	Install Linux Dependencies	2026-07-31T19:42:23.4398175Z Unpacking libspeex1:amd64 (1.2~rc1.2-1.1ubuntu3) ...
build-desktop (ubuntu-22.04)	Install Linux Dependencies	2026-07-31T19:42:23.4666409Z Selecting previously unselected package libshout3:amd64.
build-desktop (ubuntu-22.04)	Install Linux Dependencies	2026-07-31T19:42:23.4866988Z Preparing to unpack .../047-libshout3_2.4.5-1build3_amd64.deb ...
build-desktop (ubuntu-22.04)	Install Linux Dependencies	2026-07-31T19:42:23.4876611Z Unpacking libshout3:amd64 (2.4.5-1build3) ...
build-desktop (ubuntu-22.04)	Install Linux Dependencies	2026-07-31T19:42:23.5127543Z Selecting previously unselected package libtag1v5-vanilla:amd64.
build-desktop (ubuntu-22.04)	Install Linux Dependencies	2026-07-31T19:42:23.5327014Z Preparing to unpack .../048-libtag1v5-vanilla_1.11.1+dfsg.1-3ubuntu3_amd64.deb ...
build-desktop (ubuntu-22.04)	Install Linux Dependencies	2026-07-31T19:42:23.5338497Z Unpacking libtag1v5-vanilla:amd64 (1.11.1+dfsg.1-3ubuntu3) ...
build-desktop (ubuntu-22.04)	Install Linux Dependencies	2026-07-31T19:42:23.5599711Z Selecting previously unselected package libtag1v5:amd64.
build-desktop (ubuntu-22.04)	Install Linux Dependencies	2026-07-31T19:42:23.5801177Z Preparing to unpack .../049-libtag1v5_1.11.1+dfsg.1-3ubuntu3_amd64.deb ...
build-desktop (ubuntu-22.04)	Install Linux Dependencies	2026-07-31T19:42:23.5813005Z Unpacking libtag1v5:amd64 (1.11.1+dfsg.1-3ubuntu3) ...
build-desktop (ubuntu-22.04)	Install Linux Dependencies	2026-07-31T19:42:23.6041335Z Selecting previously unselected package libtwolame0:amd64.
build-desktop (ubuntu-22.04)	Install Linux Dependencies	2026-07-31T19:42:23.6241015Z Preparing to unpack .../050-libtwolame0_0.4.0-2build2_amd64.deb ...
build-desktop (ubuntu-22.04)	Install Linux Dependencies	2026-07-31T19:42:23.6250583Z Unpacking libtwolame0:amd64 (0.4.0-2build2) ...
build-desktop (ubuntu-22.04)	Install Linux Dependencies	2026-07-31T19:42:23.6488557Z Selecting previously unselected package libv4lconvert0:amd64.
build-desktop (ubuntu-22.04)	Install Linux Dependencies	2026-07-31T19:42:23.6689358Z Preparing to unpack .../051-libv4lconvert0_1.22.1-2build1_amd64.deb ...
build-desktop (ubuntu-22.04)	Install Linux Dependencies	2026-07-31T19:42:23.6699337Z Unpacking libv4lconvert0:amd64 (1.22.1-2build1) ...
build-desktop (ubuntu-22.04)	Install Linux Dependencies	2026-07-31T19:42:23.6953991Z Selecting previously unselected package libv4l-0:amd64.
build-desktop (ubuntu-22.04)	Install Linux Dependencies	2026-07-31T19:42:23.7156433Z Preparing to unpack .../052-libv4l-0_1.22.1-2build1_amd64.deb ...
build-desktop (ubuntu-22.04)	Install Linux Dependencies	2026-07-31T19:42:23.7167393Z Unpacking libv4l-0:amd64 (1.22.1-2build1) ...
build-desktop (ubuntu-22.04)	Install Linux Dependencies	2026-07-31T19:42:23.7430421Z Selecting previously unselected package libvpx7:amd64.
build-desktop (ubuntu-22.04)	Install Linux Dependencies	2026-07-31T19:42:23.7633443Z Preparing to unpack .../053-libvpx7_1.11.0-2ubuntu2.5_amd64.deb ...
build-desktop (ubuntu-22.04)	Install Linux Dependencies	2026-07-31T19:42:23.7657307Z Unpacking libvpx7:amd64 (1.11.0-2ubuntu2.5) ...
build-desktop (ubuntu-22.04)	Install Linux Dependencies	2026-07-31T19:42:23.8039166Z Selecting previously unselected package libwavpack1:amd64.
build-desktop (ubuntu-22.04)	Install Linux Dependencies	2026-07-31T19:42:23.8242128Z Preparing to unpack .../054-libwavpack1_5.4.0-1build2_amd64.deb ...
build-desktop (ubuntu-22.04)	Install Linux Dependencies	2026-07-31T19:42:23.8254183Z Unpacking libwavpack1:amd64 (5.4.0-1build2) ...
build-desktop (ubuntu-22.04)	Install Linux Dependencies	2026-07-31T19:42:23.8498673Z Selecting previously unselected package gstreamer1.0-plugins-good:amd64.
build-desktop (ubuntu-22.04)	Install Linux Dependencies	2026-07-31T19:42:23.8697328Z Preparing to unpack .../055-gstreamer1.0-plugins-good_1.20.3-0ubuntu1.7_amd64.deb ...
build-desktop (ubuntu-22.04)	Install Linux Dependencies	2026-07-31T19:42:23.8710834Z Unpacking gstreamer1.0-plugins-good:amd64 (1.20.3-0ubuntu1.7) ...
build-desktop (ubuntu-22.04)	Install Linux Dependencies	2026-07-31T19:42:23.9333402Z Selecting previously unselected package libxv1:amd64.
build-desktop (ubuntu-22.04)	Install Linux Dependencies	2026-07-31T19:42:23.9534585Z Preparing to unpack .../056-libxv1_2%3a1.0.11-1build2_amd64.deb ...
build-desktop (ubuntu-22.04)	Install Linux Dependencies	2026-07-31T19:42:23.9544687Z Unpacking libxv1:amd64 (2:1.0.11-1build2) ...
build-desktop (ubuntu-22.04)	Install Linux Dependencies	2026-07-31T19:42:23.9762888Z Selecting previously unselected package gstreamer1.0-x:amd64.
build-desktop (ubuntu-22.04)	Install Linux Dependencies	2026-07-31T19:42:23.9986107Z Preparing to unpack .../057-gstreamer1.0-x_1.20.1-1ubuntu0.6_amd64.deb ...
build-desktop (ubuntu-22.04)	Install Linux Dependencies	2026-07-31T19:42:24.0058502Z Unpacking gstreamer1.0-x:amd64 (1.20.1-1ubuntu0.6) ...
build-desktop (ubuntu-22.04)	Install Linux Dependencies	2026-07-31T19:42:24.0352729Z Selecting previously unselected package libdbus-1-dev:amd64.
build-desktop (ubuntu-22.04)	Install Linux Dependencies	2026-07-31T19:42:24.0592486Z Preparing to unpack .../058-libdbus-1-dev_1.12.20-2ubuntu4.1_amd64.deb ...
build-desktop (ubuntu-22.04)	Install Linux Dependencies	2026-07-31T19:42:24.0653629Z Unpacking libdbus-1-dev:amd64 (1.12.20-2ubuntu4.1) ...
build-desktop (ubuntu-22.04)	Install Linux Dependencies	2026-07-31T19:42:24.2536972Z Selecting previously unselected package libdbus-glib-1-dev-bin.
build-desktop (ubuntu-22.04)	Install Linux Dependencies	2026-07-31T19:42:24.2736074Z Preparing to unpack .../059-libdbus-glib-1-dev-bin_0.112-2build1_amd64.deb ...
build-desktop (ubuntu-22.04)	Install Linux Dependencies	2026-07-31T19:42:24.3012445Z Unpacking libdbus-glib-1-dev-bin (0.112-2build1) ...
build-desktop (ubuntu-22.04)	Install Linux Dependencies	2026-07-31T19:42:24.3684056Z Selecting previously unselected package libdbus-glib-1-dev:amd64.
build-desktop (ubuntu-22.04)	Install Linux Dependencies	2026-07-31T19:42:24.3885334Z Preparing to unpack .../060-libdbus-glib-1-dev_0.112-2build1_amd64.deb ...
build-desktop (ubuntu-22.04)	Install Linux Dependencies	2026-07-31T19:42:24.3894856Z Unpacking libdbus-glib-1-dev:amd64 (0.112-2build1) ...
build-desktop (ubuntu-22.04)	Install Linux Dependencies	2026-07-31T19:42:24.4152818Z Selecting previously unselected package libdbusmenu-glib-dev:amd64.
build-desktop (ubuntu-22.04)	Install Linux Dependencies	2026-07-31T19:42:24.4351459Z Preparing to unpack .../061-libdbusmenu-glib-dev_16.04.1+18.10.20180917-0ubuntu8_amd64.deb ...
build-desktop (ubuntu-22.04)	Install Linux Dependencies	2026-07-31T19:42:24.4361140Z Unpacking libdbusmenu-glib-dev:amd64 (16.04.1+18.10.20180917-0ubuntu8) ...
build-desktop (ubuntu-22.04)	Install Linux Dependencies	2026-07-31T19:42:24.4635832Z Selecting previously unselected package libatk1.0-dev:amd64.
build-desktop (ubuntu-22.04)	Install Linux Dependencies	2026-07-31T19:42:24.4835645Z Preparing to unpack .../062-libatk1.0-dev_2.36.0-3build1_amd64.deb ...
build-desktop (ubuntu-22.04)	Install Linux Dependencies	2026-07-31T19:42:24.4845365Z Unpacking libatk1.0-dev:amd64 (2.36.0-3build1) ...
build-desktop (ubuntu-22.04)	Install Linux Dependencies	2026-07-31T19:42:24.5164552Z Selecting previously unselected package libxfixes-dev:amd64.
build-desktop (ubuntu-22.04)	Install Linux Dependencies	2026-07-31T19:42:24.5366967Z Preparing to unpack .../063-libxfixes-dev_1%3a6.0.0-1_amd64.deb ...
build-desktop (ubuntu-22.04)	Install Linux Dependencies	2026-07-31T19:42:24.5375465Z Unpacking libxfixes-dev:amd64 (1:6.0.0-1) ...
build-desktop (ubuntu-22.04)	Install Linux Dependencies	2026-07-31T19:42:24.5624777Z Selecting previously unselected package libxi-dev:amd64.
build-desktop (ubuntu-22.04)	Install Linux Dependencies	2026-07-31T19:42:24.5826861Z Preparing to unpack .../064-libxi-dev_2%3a1.8-1build1_amd64.deb ...
build-desktop (ubuntu-22.04)	Install Linux Dependencies	2026-07-31T19:42:24.5836418Z Unpacking libxi-dev:amd64 (2:1.8-1build1) ...
build-desktop (ubuntu-22.04)	Install Linux Dependencies	2026-07-31T19:42:24.6228316Z Selecting previously unselected package libxtst-dev:amd64.
build-desktop (ubuntu-22.04)	Install Linux Dependencies	2026-07-31T19:42:24.6428503Z Preparing to unpack .../065-libxtst-dev_2%3a1.2.3-1build4_amd64.deb ...
build-desktop (ubuntu-22.04)	Install Linux Dependencies	2026-07-31T19:42:24.6443145Z Unpacking libxtst-dev:amd64 (2:1.2.3-1build4) ...
build-desktop (ubuntu-22.04)	Install Linux Dependencies	2026-07-31T19:42:24.6681461Z Selecting previously unselected package libatspi2.0-dev:amd64.
build-desktop (ubuntu-22.04)	Install Linux Dependencies	2026-07-31T19:42:24.6879642Z Preparing to unpack .../066-libatspi2.0-dev_2.44.0-3_amd64.deb ...
build-desktop (ubuntu-22.04)	Install Linux Dependencies	2026-07-31T19:42:24.6887669Z Unpacking libatspi2.0-dev:amd64 (2.44.0-3) ...
build-desktop (ubuntu-22.04)	Install Linux Dependencies	2026-07-31T19:42:24.7214960Z Selecting previously unselected package libatk-bridge2.0-dev:amd64.
build-desktop (ubuntu-22.04)	Install Linux Dependencies	2026-07-31T19:42:24.7413553Z Preparing to unpack .../067-libatk-bridge2.0-dev_2.38.0-3_amd64.deb ...
build-desktop (ubuntu-22.04)	Install Linux Dependencies	2026-07-31T19:42:24.7424270Z Unpacking libatk-bridge2.0-dev:amd64 (2.38.0-3) ...
build-desktop (ubuntu-22.04)	Install Linux Dependencies	2026-07-31T19:42:24.7646337Z Selecting previously unselected package libglx-dev:amd64.
build-desktop (ubuntu-22.04)	Install Linux Dependencies	2026-07-31T19:42:24.7844580Z Preparing to unpack .../068-libglx-dev_1.4.0-1_amd64.deb ...
build-desktop (ubuntu-22.04)	Install Linux Dependencies	2026-07-31T19:42:24.7855760Z Unpacking libglx-dev:amd64 (1.4.0-1) ...
build-desktop (ubuntu-22.04)	Install Linux Dependencies	2026-07-31T19:42:24.8092791Z Selecting previously unselected package libgl-dev:amd64.
build-desktop (ubuntu-22.04)	Install Linux Dependencies	2026-07-31T19:42:24.8293716Z Preparing to unpack .../069-libgl-dev_1.4.0-1_amd64.deb ...
build-desktop (ubuntu-22.04)	Install Linux Dependencies	2026-07-31T19:42:24.8303539Z Unpacking libgl-dev:amd64 (1.4.0-1) ...
build-desktop (ubuntu-22.04)	Install Linux Dependencies	2026-07-31T19:42:24.8573772Z Selecting previously unselected package libegl-dev:amd64.
build-desktop (ubuntu-22.04)	Install Linux Dependencies	2026-07-31T19:42:24.8771043Z Preparing to unpack .../070-libegl-dev_1.4.0-1_amd64.deb ...
build-desktop (ubuntu-22.04)	Install Linux Dependencies	2026-07-31T19:42:24.8781075Z Unpacking libegl-dev:amd64 (1.4.0-1) ...
build-desktop (ubuntu-22.04)	Install Linux Dependencies	2026-07-31T19:42:24.9032675Z Selecting previously unselected package libglvnd-core-dev:amd64.
build-desktop (ubuntu-22.04)	Install Linux Dependencies	2026-07-31T19:42:24.9233792Z Preparing to unpack .../071-libglvnd-core-dev_1.4.0-1_amd64.deb ...
build-desktop (ubuntu-22.04)	Install Linux Dependencies	2026-07-31T19:42:24.9242638Z Unpacking libglvnd-core-dev:amd64 (1.4.0-1) ...
build-desktop (ubuntu-22.04)	Install Linux Dependencies	2026-07-31T19:42:24.9505979Z Selecting previously unselected package libgles1:amd64.
build-desktop (ubuntu-22.04)	Install Linux Dependencies	2026-07-31T19:42:24.9708426Z Preparing to unpack .../072-libgles1_1.4.0-1_amd64.deb ...
build-desktop (ubuntu-22.04)	Install Linux Dependencies	2026-07-31T19:42:24.9718368Z Unpacking libgles1:amd64 (1.4.0-1) ...
build-desktop (ubuntu-22.04)	Install Linux Dependencies	2026-07-31T19:42:24.9979718Z Selecting previously unselected package libgles2:amd64.
build-desktop (ubuntu-22.04)	Install Linux Dependencies	2026-07-31T19:42:25.0180932Z Preparing to unpack .../073-libgles2_1.4.0-1_amd64.deb ...
build-desktop (ubuntu-22.04)	Install Linux Dependencies	2026-07-31T19:42:25.0191395Z Unpacking libgles2:amd64 (1.4.0-1) ...
build-desktop (ubuntu-22.04)	Install Linux Dependencies	2026-07-31T19:42:25.0445902Z Selecting previously unselected package libgles-dev:amd64.
build-desktop (ubuntu-22.04)	Install Linux Dependencies	2026-07-31T19:42:25.0646738Z Preparing to unpack .../074-libgles-dev_1.4.0-1_amd64.deb ...
build-desktop (ubuntu-22.04)	Install Linux Dependencies	2026-07-31T19:42:25.0657310Z Unpacking libgles-dev:amd64 (1.4.0-1) ...
build-desktop (ubuntu-22.04)	Install Linux Dependencies	2026-07-31T19:42:25.0999613Z Selecting previously unselected package libopengl0:amd64.
build-desktop (ubuntu-22.04)	Install Linux Dependencies	2026-07-31T19:42:25.1201329Z Preparing to unpack .../075-libopengl0_1.4.0-1_amd64.deb ...
build-desktop (ubuntu-22.04)	Install Linux Dependencies	2026-07-31T19:42:25.1211182Z Unpacking libopengl0:amd64 (1.4.0-1) ...
build-desktop (ubuntu-22.04)	Install Linux Dependencies	2026-07-31T19:42:25.1444857Z Selecting previously unselected package libopengl-dev:amd64.
build-desktop (ubuntu-22.04)	Install Linux Dependencies	2026-07-31T19:42:25.1644213Z Preparing to unpack .../076-libopengl-dev_1.4.0-1_amd64.deb ...
build-desktop (ubuntu-22.04)	Install Linux Dependencies	2026-07-31T19:42:25.1652037Z Unpacking libopengl-dev:amd64 (1.4.0-1) ...
build-desktop (ubuntu-22.04)	Install Linux Dependencies	2026-07-31T19:42:25.1870594Z Selecting previously unselected package libglvnd-dev:amd64.
build-desktop (ubuntu-22.04)	Install Linux Dependencies	2026-07-31T19:42:25.2069592Z Preparing to unpack .../077-libglvnd-dev_1.4.0-1_amd64.deb ...
build-desktop (ubuntu-22.04)	Install Linux Dependencies	2026-07-31T19:42:25.2079710Z Unpacking libglvnd-dev:amd64 (1.4.0-1) ...
build-desktop (ubuntu-22.04)	Install Linux Dependencies	2026-07-31T19:42:25.2298423Z Selecting previously unselected package libegl1-mesa-dev:amd64.
build-desktop (ubuntu-22.04)	Install Linux Dependencies	2026-07-31T19:42:25.2495893Z Preparing to unpack .../078-libegl1-mesa-dev_23.2.1-1ubuntu3.1~22.04.4_amd64.deb ...
build-desktop (ubuntu-22.04)	Install Linux Dependencies	2026-07-31T19:42:25.2505350Z Unpacking libegl1-mesa-dev:amd64 (23.2.1-1ubuntu3.1~22.04.4) ...
build-desktop (ubuntu-22.04)	Install Linux Dependencies	2026-07-31T19:42:25.2733154Z Selecting previously unselected package libepoxy-dev:amd64.
build-desktop (ubuntu-22.04)	Install Linux Dependencies	2026-07-31T19:42:25.2927607Z Preparing to unpack .../079-libepoxy-dev_1.5.10-1_amd64.deb ...
build-desktop (ubuntu-22.04)	Install Linux Dependencies	2026-07-31T19:42:25.2944915Z Unpacking libepoxy-dev:amd64 (1.5.10-1) ...
build-desktop (ubuntu-22.04)	Install Linux Dependencies	2026-07-31T19:42:25.3237644Z Selecting previously unselected package libfribidi-dev:amd64.
build-desktop (ubuntu-22.04)	Install Linux Dependencies	2026-07-31T19:42:25.3433036Z Preparing to unpack .../080-libfribidi-dev_1.0.8-2ubuntu3.1_amd64.deb ...
build-desktop (ubuntu-22.04)	Install Linux Dependencies	2026-07-31T19:42:25.3442130Z Unpacking libfribidi-dev:amd64 (1.0.8-2ubuntu3.1) ...
build-desktop (ubuntu-22.04)	Install Linux Dependencies	2026-07-31T19:42:25.3773110Z Selecting previously unselected package libharfbuzz-icu0:amd64.
build-desktop (ubuntu-22.04)	Install Linux Dependencies	2026-07-31T19:42:25.3967550Z Preparing to unpack .../081-libharfbuzz-icu0_2.7.4-1ubuntu3.2_amd64.deb ...
build-desktop (ubuntu-22.04)	Install Linux Dependencies	2026-07-31T19:42:25.3978385Z Unpacking libharfbuzz-icu0:amd64 (2.7.4-1ubuntu3.2) ...
build-desktop (ubuntu-22.04)	Install Linux Dependencies	2026-07-31T19:42:25.4215701Z Selecting previously unselected package libharfbuzz-gobject0:amd64.
build-desktop (ubuntu-22.04)	Install Linux Dependencies	2026-07-31T19:42:25.4410963Z Preparing to unpack .../082-libharfbuzz-gobject0_2.7.4-1ubuntu3.2_amd64.deb ...
build-desktop (ubuntu-22.04)	Install Linux Dependencies	2026-07-31T19:42:25.4420859Z Unpacking libharfbuzz-gobject0:amd64 (2.7.4-1ubuntu3.2) ...
build-desktop (ubuntu-22.04)	Install Linux Dependencies	2026-07-31T19:42:25.4679285Z Selecting previously unselected package libgraphite2-dev:amd64.
build-desktop (ubuntu-22.04)	Install Linux Dependencies	2026-07-31T19:42:25.4875730Z Preparing to unpack .../083-libgraphite2-dev_1.3.14-1ubuntu0.1_amd64.deb ...
build-desktop (ubuntu-22.04)	Install Linux Dependencies	2026-07-31T19:42:25.5014922Z Unpacking libgraphite2-dev:amd64 (1.3.14-1ubuntu0.1) ...
build-desktop (ubuntu-22.04)	Install Linux Dependencies	2026-07-31T19:42:25.5259932Z Selecting previously unselected package libharfbuzz-dev:amd64.
build-desktop (ubuntu-22.04)	Install Linux Dependencies	2026-07-31T19:42:25.5457887Z Preparing to unpack .../084-libharfbuzz-dev_2.7.4-1ubuntu3.2_amd64.deb ...
build-desktop (ubuntu-22.04)	Install Linux Dependencies	2026-07-31T19:42:25.5474688Z Unpacking libharfbuzz-dev:amd64 (2.7.4-1ubuntu3.2) ...
build-desktop (ubuntu-22.04)	Install Linux Dependencies	2026-07-31T19:42:25.5858551Z Selecting previously unselected package libdatrie-dev:amd64.
build-desktop (ubuntu-22.04)	Install Linux Dependencies	2026-07-31T19:42:25.6054328Z Preparing to unpack .../085-libdatrie-dev_0.2.13-2_amd64.deb ...
build-desktop (ubuntu-22.04)	Install Linux Dependencies	2026-07-31T19:42:25.6063540Z Unpacking libdatrie-dev:amd64 (0.2.13-2) ...
build-desktop (ubuntu-22.04)	Install Linux Dependencies	2026-07-31T19:42:25.6298188Z Selecting previously unselected package libthai-dev:amd64.
build-desktop (ubuntu-22.04)	Install Linux Dependencies	2026-07-31T19:42:25.6500250Z Preparing to unpack .../086-libthai-dev_0.1.29-1build1_amd64.deb ...
build-desktop (ubuntu-22.04)	Install Linux Dependencies	2026-07-31T19:42:25.6511068Z Unpacking libthai-dev:amd64 (0.1.29-1build1) ...
build-desktop (ubuntu-22.04)	Install Linux Dependencies	2026-07-31T19:42:25.6762843Z Selecting previously unselected package libxft-dev:amd64.
build-desktop (ubuntu-22.04)	Install Linux Dependencies	2026-07-31T19:42:25.6959756Z Preparing to unpack .../087-libxft-dev_2.3.4-1_amd64.deb ...
build-desktop (ubuntu-22.04)	Install Linux Dependencies	2026-07-31T19:42:25.6968751Z Unpacking libxft-dev:amd64 (2.3.4-1) ...
build-desktop (ubuntu-22.04)	Install Linux Dependencies	2026-07-31T19:42:25.7206152Z Selecting previously unselected package pango1.0-tools.
build-desktop (ubuntu-22.04)	Install Linux Dependencies	2026-07-31T19:42:25.7402037Z Preparing to unpack .../088-pango1.0-tools_1.50.6+ds-2ubuntu1_amd64.deb ...
build-desktop (ubuntu-22.04)	Install Linux Dependencies	2026-07-31T19:42:25.7411343Z Unpacking pango1.0-tools (1.50.6+ds-2ubuntu1) ...
build-desktop (ubuntu-22.04)	Install Linux Dependencies	2026-07-31T19:42:25.7653990Z Selecting previously unselected package libpango1.0-dev:amd64.
build-desktop (ubuntu-22.04)	Install Linux Dependencies	2026-07-31T19:42:25.7851407Z Preparing to unpack .../089-libpango1.0-dev_1.50.6+ds-2ubuntu1_amd64.deb ...
build-desktop (ubuntu-22.04)	Install Linux Dependencies	2026-07-31T19:42:25.7861660Z Unpacking libpango1.0-dev:amd64 (1.50.6+ds-2ubuntu1) ...
build-desktop (ubuntu-22.04)	Install Linux Dependencies	2026-07-31T19:42:25.8245874Z Selecting previously unselected package libwayland-bin.
build-desktop (ubuntu-22.04)	Install Linux Dependencies	2026-07-31T19:42:25.8441006Z Preparing to unpack .../090-libwayland-bin_1.20.0-1ubuntu0.1_amd64.deb ...
build-desktop (ubuntu-22.04)	Install Linux Dependencies	2026-07-31T19:42:25.8455297Z Unpacking libwayland-bin (1.20.0-1ubuntu0.1) ...
build-desktop (ubuntu-22.04)	Install Linux Dependencies	2026-07-31T19:42:25.8694562Z Selecting previously unselected package libwayland-dev:amd64.
build-desktop (ubuntu-22.04)	Install Linux Dependencies	2026-07-31T19:42:25.8889054Z Preparing to unpack .../091-libwayland-dev_1.20.0-1ubuntu0.1_amd64.deb ...
build-desktop (ubuntu-22.04)	Install Linux Dependencies	2026-07-31T19:42:25.8899050Z Unpacking libwayland-dev:amd64 (1.20.0-1ubuntu0.1) ...
build-desktop (ubuntu-22.04)	Install Linux Dependencies	2026-07-31T19:42:25.9181224Z Selecting previously unselected package libxcomposite-dev:amd64.
build-desktop (ubuntu-22.04)	Install Linux Dependencies	2026-07-31T19:42:25.9380561Z Preparing to unpack .../092-libxcomposite-dev_1%3a0.4.5-1build2_amd64.deb ...
build-desktop (ubuntu-22.04)	Install Linux Dependencies	2026-07-31T19:42:25.9391122Z Unpacking libxcomposite-dev:amd64 (1:0.4.5-1build2) ...
build-desktop (ubuntu-22.04)	Install Linux Dependencies	2026-07-31T19:42:25.9636207Z Selecting previously unselected package libxcursor-dev:amd64.
build-desktop (ubuntu-22.04)	Install Linux Dependencies	2026-07-31T19:42:25.9835607Z Preparing to unpack .../093-libxcursor-dev_1%3a1.2.0-2build4_amd64.deb ...
build-desktop (ubuntu-22.04)	Install Linux Dependencies	2026-07-31T19:42:25.9845747Z Unpacking libxcursor-dev:amd64 (1:1.2.0-2build4) ...
build-desktop (ubuntu-22.04)	Install Linux Dependencies	2026-07-31T19:42:26.0115001Z Selecting previously unselected package libxdamage-dev:amd64.
build-desktop (ubuntu-22.04)	Install Linux Dependencies	2026-07-31T19:42:26.0315201Z Preparing to unpack .../094-libxdamage-dev_1%3a1.1.5-2build2_amd64.deb ...
build-desktop (ubuntu-22.04)	Install Linux Dependencies	2026-07-31T19:42:26.0324643Z Unpacking libxdamage-dev:amd64 (1:1.1.5-2build2) ...
build-desktop (ubuntu-22.04)	Install Linux Dependencies	2026-07-31T19:42:26.0555517Z Selecting previously unselected package libxinerama-dev:amd64.
build-desktop (ubuntu-22.04)	Install Linux Dependencies	2026-07-31T19:42:26.0760667Z Preparing to unpack .../095-libxinerama-dev_2%3a1.1.4-3_amd64.deb ...
build-desktop (ubuntu-22.04)	Install Linux Dependencies	2026-07-31T19:42:26.0770339Z Unpacking libxinerama-dev:amd64 (2:1.1.4-3) ...
build-desktop (ubuntu-22.04)	Install Linux Dependencies	2026-07-31T19:42:26.1009138Z Selecting previously unselected package libxkbcommon-dev:amd64.
build-desktop (ubuntu-22.04)	Install Linux Dependencies	2026-07-31T19:42:26.1209790Z Preparing to unpack .../096-libxkbcommon-dev_1.4.0-1_amd64.deb ...
build-desktop (ubuntu-22.04)	Install Linux Dependencies	2026-07-31T19:42:26.1223044Z Unpacking libxkbcommon-dev:amd64 (1.4.0-1) ...
build-desktop (ubuntu-22.04)	Install Linux Dependencies	2026-07-31T19:42:26.1474611Z Selecting previously unselected package libxrandr-dev:amd64.
build-desktop (ubuntu-22.04)	Install Linux Dependencies	2026-07-31T19:42:26.1673650Z Preparing to unpack .../097-libxrandr-dev_2%3a1.5.2-1build1_amd64.deb ...
build-desktop (ubuntu-22.04)	Install Linux Dependencies	2026-07-31T19:42:26.1682401Z Unpacking libxrandr-dev:amd64 (2:1.5.2-1build1) ...
build-desktop (ubuntu-22.04)	Install Linux Dependencies	2026-07-31T19:42:26.1954176Z Selecting previously unselected package wayland-protocols.
build-desktop (ubuntu-22.04)	Install Linux Dependencies	2026-07-31T19:42:26.2153222Z Preparing to unpack .../098-wayland-protocols_1.25-1_all.deb ...
build-desktop (ubuntu-22.04)	Install Linux Dependencies	2026-07-31T19:42:26.2162607Z Unpacking wayland-protocols (1.25-1) ...
build-desktop (ubuntu-22.04)	Install Linux Dependencies	2026-07-31T19:42:26.2485778Z Selecting previously unselected package libgtk-3-dev:amd64.
build-desktop (ubuntu-22.04)	Install Linux Dependencies	2026-07-31T19:42:26.2686899Z Preparing to unpack .../099-libgtk-3-dev_3.24.33-1ubuntu2.2_amd64.deb ...
build-desktop (ubuntu-22.04)	Install Linux Dependencies	2026-07-31T19:42:26.2697618Z Unpacking libgtk-3-dev:amd64 (3.24.33-1ubuntu2.2) ...
build-desktop (ubuntu-22.04)	Install Linux Dependencies	2026-07-31T19:42:26.4058543Z Selecting previously unselected package libappindicator3-dev.
build-desktop (ubuntu-22.04)	Install Linux Dependencies	2026-07-31T19:42:26.4260891Z Preparing to unpack .../100-libappindicator3-dev_12.10.1+20.10.20200706.1-0ubuntu1_amd64.deb ...
build-desktop (ubuntu-22.04)	Install Linux Dependencies	2026-07-31T19:42:26.4271556Z Unpacking libappindicator3-dev (12.10.1+20.10.20200706.1-0ubuntu1) ...
build-desktop (ubuntu-22.04)	Install Linux Dependencies	2026-07-31T19:42:26.4631175Z Selecting previously unselected package libdazzle-1.0-dev:amd64.
build-desktop (ubuntu-22.04)	Install Linux Dependencies	2026-07-31T19:42:26.4831604Z Preparing to unpack .../101-libdazzle-1.0-dev_3.44.0-1_amd64.deb ...
build-desktop (ubuntu-22.04)	Install Linux Dependencies	2026-07-31T19:42:26.4842676Z Unpacking libdazzle-1.0-dev:amd64 (3.44.0-1) ...
build-desktop (ubuntu-22.04)	Install Linux Dependencies	2026-07-31T19:42:26.5422758Z Selecting previously unselected package libhyphen0:amd64.
build-desktop (ubuntu-22.04)	Install Linux Dependencies	2026-07-31T19:42:26.5623086Z Preparing to unpack .../102-libhyphen0_2.8.8-7build2_amd64.deb ...
build-desktop (ubuntu-22.04)	Install Linux Dependencies	2026-07-31T19:42:26.5632334Z Unpacking libhyphen0:amd64 (2.8.8-7build2) ...
build-desktop (ubuntu-22.04)	Install Linux Dependencies	2026-07-31T19:42:26.5882981Z Selecting previously unselected package libjavascriptcoregtk-4.1-0:amd64.
build-desktop (ubuntu-22.04)	Install Linux Dependencies	2026-07-31T19:42:26.6086756Z Preparing to unpack .../103-libjavascriptcoregtk-4.1-0_2.50.4-0ubuntu0.22.04.1_amd64.deb ...
build-desktop (ubuntu-22.04)	Install Linux Dependencies	2026-07-31T19:42:26.6097040Z Unpacking libjavascriptcoregtk-4.1-0:amd64 (2.50.4-0ubuntu0.22.04.1) ...
build-desktop (ubuntu-22.04)	Install Linux Dependencies	2026-07-31T19:42:26.7588044Z Selecting previously unselected package libjavascriptcoregtk-4.1-dev:amd64.
build-desktop (ubuntu-22.04)	Install Linux Dependencies	2026-07-31T19:42:26.7790334Z Preparing to unpack .../104-libjavascriptcoregtk-4.1-dev_2.50.4-0ubuntu0.22.04.1_amd64.deb ...
build-desktop (ubuntu-22.04)	Install Linux Dependencies	2026-07-31T19:42:26.7800278Z Unpacking libjavascriptcoregtk-4.1-dev:amd64 (2.50.4-0ubuntu0.22.04.1) ...
build-desktop (ubuntu-22.04)	Install Linux Dependencies	2026-07-31T19:42:26.8094880Z Selecting previously unselected package libjson-glib-dev:amd64.
build-desktop (ubuntu-22.04)	Install Linux Dependencies	2026-07-31T19:42:26.8296067Z Preparing to unpack .../105-libjson-glib-dev_1.6.6-1build1_amd64.deb ...
build-desktop (ubuntu-22.04)	Install Linux Dependencies	2026-07-31T19:42:26.8304847Z Unpacking libjson-glib-dev:amd64 (1.6.6-1build1) ...
build-desktop (ubuntu-22.04)	Install Linux Dependencies	2026-07-31T19:42:26.8652065Z Selecting previously unselected package libevdev2:amd64.
build-desktop (ubuntu-22.04)	Install Linux Dependencies	2026-07-31T19:42:26.8851053Z Preparing to unpack .../106-libevdev2_1.12.1+dfsg-1_amd64.deb ...
build-desktop (ubuntu-22.04)	Install Linux Dependencies	2026-07-31T19:42:26.8861080Z Unpacking libevdev2:amd64 (1.12.1+dfsg-1) ...
build-desktop (ubuntu-22.04)	Install Linux Dependencies	2026-07-31T19:42:26.9121933Z Selecting previously unselected package libmanette-0.2-0:amd64.
build-desktop (ubuntu-22.04)	Install Linux Dependencies	2026-07-31T19:42:26.9331464Z Preparing to unpack .../107-libmanette-0.2-0_0.2.6-3build1_amd64.deb ...
build-desktop (ubuntu-22.04)	Install Linux Dependencies	2026-07-31T19:42:26.9341014Z Unpacking libmanette-0.2-0:amd64 (0.2.6-3build1) ...
build-desktop (ubuntu-22.04)	Install Linux Dependencies	2026-07-31T19:42:26.9586372Z Selecting previously unselected package libnghttp2-dev.
build-desktop (ubuntu-22.04)	Install Linux Dependencies	2026-07-31T19:42:26.9790356Z Preparing to unpack .../108-libnghttp2-dev_1.43.0-1ubuntu0.4_amd64.deb ...
build-desktop (ubuntu-22.04)	Install Linux Dependencies	2026-07-31T19:42:26.9799571Z Unpacking libnghttp2-dev (1.43.0-1ubuntu0.4) ...
build-desktop (ubuntu-22.04)	Install Linux Dependencies	2026-07-31T19:42:27.0074536Z Selecting previously unselected package libwebrtc-audio-processing1:amd64.
build-desktop (ubuntu-22.04)	Install Linux Dependencies	2026-07-31T19:42:27.0278207Z Preparing to unpack .../109-libwebrtc-audio-processing1_0.3.1-0ubuntu5_amd64.deb ...
build-desktop (ubuntu-22.04)	Install Linux Dependencies	2026-07-31T19:42:27.0289949Z Unpacking libwebrtc-audio-processing1:amd64 (0.3.1-0ubuntu5) ...
build-desktop (ubuntu-22.04)	Install Linux Dependencies	2026-07-31T19:42:27.0594685Z Selecting previously unselected package libspa-0.2-modules:amd64.
build-desktop (ubuntu-22.04)	Install Linux Dependencies	2026-07-31T19:42:27.0802668Z Preparing to unpack .../110-libspa-0.2-modules_0.3.48-1ubuntu3.2_amd64.deb ...
build-desktop (ubuntu-22.04)	Install Linux Dependencies	2026-07-31T19:42:27.0811518Z Unpacking libspa-0.2-modules:amd64 (0.3.48-1ubuntu3.2) ...
build-desktop (ubuntu-22.04)	Install Linux Dependencies	2026-07-31T19:42:27.1162150Z Selecting previously unselected package libpipewire-0.3-0:amd64.
build-desktop (ubuntu-22.04)	Install Linux Dependencies	2026-07-31T19:42:27.1363796Z Preparing to unpack .../111-libpipewire-0.3-0_0.3.48-1ubuntu3.2_amd64.deb ...
build-desktop (ubuntu-22.04)	Install Linux Dependencies	2026-07-31T19:42:27.1374353Z Unpacking libpipewire-0.3-0:amd64 (0.3.48-1ubuntu3.2) ...
build-desktop (ubuntu-22.04)	Install Linux Dependencies	2026-07-31T19:42:27.1643202Z Selecting previously unselected package libpipewire-0.3-common.
build-desktop (ubuntu-22.04)	Install Linux Dependencies	2026-07-31T19:42:27.1849368Z Preparing to unpack .../112-libpipewire-0.3-common_0.3.48-1ubuntu3.2_all.deb ...
build-desktop (ubuntu-22.04)	Install Linux Dependencies	2026-07-31T19:42:27.1859774Z Unpacking libpipewire-0.3-common (0.3.48-1ubuntu3.2) ...
build-desktop (ubuntu-22.04)	Install Linux Dependencies	2026-07-31T19:42:27.2096490Z Selecting previously unselected package libpipewire-0.3-modules:amd64.
build-desktop (ubuntu-22.04)	Install Linux Dependencies	2026-07-31T19:42:27.2299723Z Preparing to unpack .../113-libpipewire-0.3-modules_0.3.48-1ubuntu3.2_amd64.deb ...
build-desktop (ubuntu-22.04)	Install Linux Dependencies	2026-07-31T19:42:27.2308718Z Unpacking libpipewire-0.3-modules:amd64 (0.3.48-1ubuntu3.2) ...
build-desktop (ubuntu-22.04)	Install Linux Dependencies	2026-07-31T19:42:27.2657838Z Selecting previously unselected package libpolkit-gobject-1-dev.
build-desktop (ubuntu-22.04)	Install Linux Dependencies	2026-07-31T19:42:27.2863465Z Preparing to unpack .../114-libpolkit-gobject-1-dev_0.105-33ubuntu0.1_amd64.deb ...
build-desktop (ubuntu-22.04)	Install Linux Dependencies	2026-07-31T19:42:27.2874460Z Unpacking libpolkit-gobject-1-dev (0.105-33ubuntu0.1) ...
build-desktop (ubuntu-22.04)	Install Linux Dependencies	2026-07-31T19:42:27.3167446Z Selecting previously unselected package libpsl-dev:amd64.
build-desktop (ubuntu-22.04)	Install Linux Dependencies	2026-07-31T19:42:27.3375994Z Preparing to unpack .../115-libpsl-dev_0.21.0-1.2build2_amd64.deb ...
build-desktop (ubuntu-22.04)	Install Linux Dependencies	2026-07-31T19:42:27.3394577Z Unpacking libpsl-dev:amd64 (0.21.0-1.2build2) ...
build-desktop (ubuntu-22.04)	Install Linux Dependencies	2026-07-31T19:42:27.3689514Z Selecting previously unselected package libsysprof-4:amd64.
build-desktop (ubuntu-22.04)	Install Linux Dependencies	2026-07-31T19:42:27.3894823Z Preparing to unpack .../116-libsysprof-4_3.44.0-1_amd64.deb ...
build-desktop (ubuntu-22.04)	Install Linux Dependencies	2026-07-31T19:42:27.3904194Z Unpacking libsysprof-4:amd64 (3.44.0-1) ...
build-desktop (ubuntu-22.04)	Install Linux Dependencies	2026-07-31T19:42:27.4171400Z Selecting previously unselected package libsysprof-ui-4:amd64.
build-desktop (ubuntu-22.04)	Install Linux Dependencies	2026-07-31T19:42:27.4375290Z Preparing to unpack .../117-libsysprof-ui-4_3.44.0-1_amd64.deb ...
build-desktop (ubuntu-22.04)	Install Linux Dependencies	2026-07-31T19:42:27.4385977Z Unpacking libsysprof-ui-4:amd64 (3.44.0-1) ...
build-desktop (ubuntu-22.04)	Install Linux Dependencies	2026-07-31T19:42:27.4640643Z Selecting previously unselected package libsysprof-4-dev:amd64.
build-desktop (ubuntu-22.04)	Install Linux Dependencies	2026-07-31T19:42:27.4845639Z Preparing to unpack .../118-libsysprof-4-dev_3.44.0-1_amd64.deb ...
build-desktop (ubuntu-22.04)	Install Linux Dependencies	2026-07-31T19:42:27.4854408Z Unpacking libsysprof-4-dev:amd64 (3.44.0-1) ...
build-desktop (ubuntu-22.04)	Install Linux Dependencies	2026-07-31T19:42:27.5188303Z Selecting previously unselected package libsoup-3.0-dev:amd64.
build-desktop (ubuntu-22.04)	Install Linux Dependencies	2026-07-31T19:42:27.5391698Z Preparing to unpack .../119-libsoup-3.0-dev_3.0.7-0ubuntu1_amd64.deb ...
build-desktop (ubuntu-22.04)	Install Linux Dependencies	2026-07-31T19:42:27.5399226Z Unpacking libsoup-3.0-dev:amd64 (3.0.7-0ubuntu1) ...
build-desktop (ubuntu-22.04)	Install Linux Dependencies	2026-07-31T19:42:27.5749186Z Selecting previously unselected package xdg-dbus-proxy.
build-desktop (ubuntu-22.04)	Install Linux Dependencies	2026-07-31T19:42:27.5950961Z Preparing to unpack .../120-xdg-dbus-proxy_0.1.3-1ubuntu0.1_amd64.deb ...
build-desktop (ubuntu-22.04)	Install Linux Dependencies	2026-07-31T19:42:27.5960005Z Unpacking xdg-dbus-proxy (0.1.3-1ubuntu0.1) ...
build-desktop (ubuntu-22.04)	Install Linux Dependencies	2026-07-31T19:42:27.6205565Z Selecting previously unselected package libwoff1:amd64.
build-desktop (ubuntu-22.04)	Install Linux Dependencies	2026-07-31T19:42:27.6408028Z Preparing to unpack .../121-libwoff1_1.0.2-1build4_amd64.deb ...
build-desktop (ubuntu-22.04)	Install Linux Dependencies	2026-07-31T19:42:27.6418183Z Unpacking libwoff1:amd64 (1.0.2-1build4) ...
build-desktop (ubuntu-22.04)	Install Linux Dependencies	2026-07-31T19:42:27.6668327Z Selecting previously unselected package libwebkit2gtk-4.1-0:amd64.
build-desktop (ubuntu-22.04)	Install Linux Dependencies	2026-07-31T19:42:27.6869888Z Preparing to unpack .../122-libwebkit2gtk-4.1-0_2.50.4-0ubuntu0.22.04.1_amd64.deb ...
build-desktop (ubuntu-22.04)	Install Linux Dependencies	2026-07-31T19:42:27.6881409Z Unpacking libwebkit2gtk-4.1-0:amd64 (2.50.4-0ubuntu0.22.04.1) ...
build-desktop (ubuntu-22.04)	Install Linux Dependencies	2026-07-31T19:42:28.0543991Z Selecting previously unselected package libwebkit2gtk-4.1-dev.
build-desktop (ubuntu-22.04)	Install Linux Dependencies	2026-07-31T19:42:28.0754734Z Preparing to unpack .../123-libwebkit2gtk-4.1-dev_2.50.4-0ubuntu0.22.04.1_amd64.deb ...
build-desktop (ubuntu-22.04)	Install Linux Dependencies	2026-07-31T19:42:28.0762799Z Unpacking libwebkit2gtk-4.1-dev (2.50.4-0ubuntu0.22.04.1) ...
build-desktop (ubuntu-22.04)	Install Linux Dependencies	2026-07-31T19:42:28.1514844Z Selecting previously unselected package pipewire-bin.
build-desktop (ubuntu-22.04)	Install Linux Dependencies	2026-07-31T19:42:28.1720568Z Preparing to unpack .../124-pipewire-bin_0.3.48-1ubuntu3.2_amd64.deb ...
build-desktop (ubuntu-22.04)	Install Linux Dependencies	2026-07-31T19:42:28.2200460Z Unpacking pipewire-bin (0.3.48-1ubuntu3.2) ...
build-desktop (ubuntu-22.04)	Install Linux Dependencies	2026-07-31T19:42:28.2813894Z Selecting previously unselected package pipewire:amd64.
build-desktop (ubuntu-22.04)	Install Linux Dependencies	2026-07-31T19:42:28.3024767Z Preparing to unpack .../125-pipewire_0.3.48-1ubuntu3.2_amd64.deb ...
build-desktop (ubuntu-22.04)	Install Linux Dependencies	2026-07-31T19:42:28.3034501Z Unpacking pipewire:amd64 (0.3.48-1ubuntu3.2) ...
build-desktop (ubuntu-22.04)	Install Linux Dependencies	2026-07-31T19:42:28.3276967Z Selecting previously unselected package pipewire-media-session.
build-desktop (ubuntu-22.04)	Install Linux Dependencies	2026-07-31T19:42:28.3484809Z Preparing to unpack .../126-pipewire-media-session_0.4.1-2ubuntu1_amd64.deb ...
build-desktop (ubuntu-22.04)	Install Linux Dependencies	2026-07-31T19:42:28.3494597Z Unpacking pipewire-media-session (0.4.1-2ubuntu1) ...
build-desktop (ubuntu-22.04)	Install Linux Dependencies	2026-07-31T19:42:28.3765639Z Selecting previously unselected package rtkit.
build-desktop (ubuntu-22.04)	Install Linux Dependencies	2026-07-31T19:42:28.3971487Z Preparing to unpack .../127-rtkit_0.13-4build2_amd64.deb ...
build-desktop (ubuntu-22.04)	Install Linux Dependencies	2026-07-31T19:42:28.4043753Z Unpacking rtkit (0.13-4build2) ...
build-desktop (ubuntu-22.04)	Install Linux Dependencies	2026-07-31T19:42:28.4345323Z Selecting previously unselected package xdg-desktop-portal.
build-desktop (ubuntu-22.04)	Install Linux Dependencies	2026-07-31T19:42:28.4549542Z Preparing to unpack .../128-xdg-desktop-portal_1.14.4-1ubuntu2~22.04.2_amd64.deb ...
build-desktop (ubuntu-22.04)	Install Linux Dependencies	2026-07-31T19:42:28.4557519Z Unpacking xdg-desktop-portal (1.14.4-1ubuntu2~22.04.2) ...
build-desktop (ubuntu-22.04)	Install Linux Dependencies	2026-07-31T19:42:28.4854935Z Selecting previously unselected package xdg-desktop-portal-gtk.
build-desktop (ubuntu-22.04)	Install Linux Dependencies	2026-07-31T19:42:28.5059251Z Preparing to unpack .../129-xdg-desktop-portal-gtk_1.14.0-1build1_amd64.deb ...
build-desktop (ubuntu-22.04)	Install Linux Dependencies	2026-07-31T19:42:28.5068046Z Unpacking xdg-desktop-portal-gtk (1.14.0-1build1) ...
build-desktop (ubuntu-22.04)	Install Linux Dependencies	2026-07-31T19:42:28.5723527Z Setting up libpipewire-0.3-common (0.3.48-1ubuntu3.2) ...
build-desktop (ubuntu-22.04)	Install Linux Dependencies	2026-07-31T19:42:28.5747920Z Setting up bubblewrap (0.6.1-1ubuntu0.1) ...
build-desktop (ubuntu-22.04)	Install Linux Dependencies	2026-07-31T19:42:28.5804974Z Setting up libcdparanoia0:amd64 (3.10.2+debian-14build2) ...
build-desktop (ubuntu-22.04)	Install Linux Dependencies	2026-07-31T19:42:28.5829250Z Setting up libnghttp2-dev (1.43.0-1ubuntu0.4) ...
build-desktop (ubuntu-22.04)	Install Linux Dependencies	2026-07-31T19:42:28.5856392Z Setting up libraw1394-11:amd64 (2.1.2-2build2) ...
build-desktop (ubuntu-22.04)	Install Linux Dependencies	2026-07-31T19:42:28.5886023Z Setting up rtkit (0.13-4build2) ...
build-desktop (ubuntu-22.04)	Install Linux Dependencies	2026-07-31T19:42:28.7971401Z Setting up libtag1v5-vanilla:amd64 (1.11.1+dfsg.1-3ubuntu3) ...
build-desktop (ubuntu-22.04)	Install Linux Dependencies	2026-07-31T19:42:28.7999158Z Setting up libharfbuzz-icu0:amd64 (2.7.4-1ubuntu3.2) ...
build-desktop (ubuntu-22.04)	Install Linux Dependencies	2026-07-31T19:42:28.8028441Z Setting up libmpg123-0:amd64 (1.29.3-1ubuntu0.1) ...
build-desktop (ubuntu-22.04)	Install Linux Dependencies	2026-07-31T19:42:28.8057905Z Setting up libspeex1:amd64 (1.2~rc1.2-1.1ubuntu3) ...
build-desktop (ubuntu-22.04)	Install Linux Dependencies	2026-07-31T19:42:28.8082223Z Setting up libcaca0:amd64 (0.99.beta19-2.2ubuntu4.2) ...
build-desktop (ubuntu-22.04)	Install Linux Dependencies	2026-07-31T19:42:28.8109511Z Setting up libpangoxft-1.0-0:amd64 (1.50.6+ds-2ubuntu1) ...
build-desktop (ubuntu-22.04)	Install Linux Dependencies	2026-07-31T19:42:28.8139928Z Setting up gir1.2-dbusmenu-glib-0.4:amd64 (16.04.1+18.10.20180917-0ubuntu8) ...
build-desktop (ubuntu-22.04)	Install Linux Dependencies	2026-07-31T19:42:28.8175139Z Setting up libglvnd-core-dev:amd64 (1.4.0-1) ...
build-desktop (ubuntu-22.04)	Install Linux Dependencies	2026-07-31T19:42:28.8207420Z Setting up libtwolame0:amd64 (0.4.0-2build2) ...
build-desktop (ubuntu-22.04)	Install Linux Dependencies	2026-07-31T19:42:28.8246502Z Setting up libwoff1:amd64 (1.0.2-1build4) ...
build-desktop (ubuntu-22.04)	Install Linux Dependencies	2026-07-31T19:42:28.8274497Z Setting up libhyphen0:amd64 (2.8.8-7build2) ...
build-desktop (ubuntu-22.04)	Install Linux Dependencies	2026-07-31T19:42:28.8307479Z Setting up libvisual-0.4-0:amd64 (0.4.0-17build2) ...
build-desktop (ubuntu-22.04)	Install Linux Dependencies	2026-07-31T19:42:28.8331603Z Setting up gir1.2-atk-1.0:amd64 (2.36.0-3build1) ...
build-desktop (ubuntu-22.04)	Install Linux Dependencies	2026-07-31T19:42:28.8367160Z Setting up libfribidi-dev:amd64 (1.0.8-2ubuntu3.1) ...
build-desktop (ubuntu-22.04)	Install Linux Dependencies	2026-07-31T19:42:28.8396475Z Setting up libxkbcommon-dev:amd64 (1.4.0-1) ...
build-desktop (ubuntu-22.04)	Install Linux Dependencies	2026-07-31T19:42:28.8418569Z Setting up pango1.0-tools (1.50.6+ds-2ubuntu1) ...
build-desktop (ubuntu-22.04)	Install Linux Dependencies	2026-07-31T19:42:28.8451692Z Setting up libdbus-glib-1-dev-bin (0.112-2build1) ...
build-desktop (ubuntu-22.04)	Install Linux Dependencies	2026-07-31T19:42:28.8482788Z Setting up libwebrtc-audio-processing1:amd64 (0.3.1-0ubuntu5) ...
build-desktop (ubuntu-22.04)	Install Linux Dependencies	2026-07-31T19:42:28.8511817Z Setting up libharfbuzz-gobject0:amd64 (2.7.4-1ubuntu3.2) ...
build-desktop (ubuntu-22.04)	Install Linux Dependencies	2026-07-31T19:42:28.8550434Z Setting up gir1.2-atspi-2.0:amd64 (2.44.0-3) ...
build-desktop (ubuntu-22.04)	Install Linux Dependencies	2026-07-31T19:42:28.8580496Z Setting up libsoup-3.0-common (3.0.7-0ubuntu1) ...
build-desktop (ubuntu-22.04)	Install Linux Dependencies	2026-07-31T19:42:28.8610412Z Setting up gir1.2-harfbuzz-0.0:amd64 (2.7.4-1ubuntu3.2) ...
build-desktop (ubuntu-22.04)	Install Linux Dependencies	2026-07-31T19:42:28.8639494Z Setting up libopengl0:amd64 (1.4.0-1) ...
build-desktop (ubuntu-22.04)	Install Linux Dependencies	2026-07-31T19:42:28.8665476Z Setting up libappindicator3-1 (12.10.1+20.10.20200706.1-0ubuntu1) ...
build-desktop (ubuntu-22.04)	Install Linux Dependencies	2026-07-31T19:42:28.8694926Z Setting up libpsl-dev:amd64 (0.21.0-1.2build2) ...
build-desktop (ubuntu-22.04)	Install Linux Dependencies	2026-07-31T19:42:28.8717915Z Setting up libflac8:amd64 (1.3.3-2ubuntu0.2) ...
build-desktop (ubuntu-22.04)	Install Linux Dependencies	2026-07-31T19:42:28.8742287Z Setting up libxfixes-dev:amd64 (1:6.0.0-1) ...
build-desktop (ubuntu-22.04)	Install Linux Dependencies	2026-07-31T19:42:28.8773731Z Setting up libwayland-bin (1.20.0-1ubuntu0.1) ...
build-desktop (ubuntu-22.04)	Install Linux Dependencies	2026-07-31T19:42:28.8806405Z Setting up libgraphite2-dev:amd64 (1.3.14-1ubuntu0.1) ...
build-desktop (ubuntu-22.04)	Install Linux Dependencies	2026-07-31T19:42:28.8830634Z Setting up gir1.2-pango-1.0:amd64 (1.50.6+ds-2ubuntu1) ...
build-desktop (ubuntu-22.04)	Install Linux Dependencies	2026-07-31T19:42:28.8879573Z Setting up libxrandr-dev:amd64 (2:1.5.2-1build1) ...
build-desktop (ubuntu-22.04)	Install Linux Dependencies	2026-07-31T19:42:28.8906403Z Setting up libegl-mesa0:amd64 (23.2.1-1ubuntu3.1~22.04.4) ...
build-desktop (ubuntu-22.04)	Install Linux Dependencies	2026-07-31T19:42:28.8932049Z Setting up libjavascriptcoregtk-4.1-0:amd64 (2.50.4-0ubuntu0.22.04.1) ...
build-desktop (ubuntu-22.04)	Install Linux Dependencies	2026-07-31T19:42:28.8963413Z Setting up libgles2:amd64 (1.4.0-1) ...
build-desktop (ubuntu-22.04)	Install Linux Dependencies	2026-07-31T19:42:28.8987521Z Setting up libdbus-1-dev:amd64 (1.12.20-2ubuntu4.1) ...
build-desktop (ubuntu-22.04)	Install Linux Dependencies	2026-07-31T19:42:28.9013943Z Setting up libspa-0.2-modules:amd64 (0.3.48-1ubuntu3.2) ...
build-desktop (ubuntu-22.04)	Install Linux Dependencies	2026-07-31T19:42:28.9037824Z Setting up libgles1:amd64 (1.4.0-1) ...
build-desktop (ubuntu-22.04)	Install Linux Dependencies	2026-07-31T19:42:28.9059515Z Setting up libpipewire-0.3-0:amd64 (0.3.48-1ubuntu3.2) ...
build-desktop (ubuntu-22.04)	Install Linux Dependencies	2026-07-31T19:42:28.9082078Z Setting up libopus0:amd64 (1.3.1-0.1build2) ...
build-desktop (ubuntu-22.04)	Install Linux Dependencies	2026-07-31T19:42:28.9113603Z Setting up libxv1:amd64 (2:1.0.11-1build2) ...
build-desktop (ubuntu-22.04)	Install Linux Dependencies	2026-07-31T19:42:28.9138220Z Setting up libssl-dev:amd64 (3.0.2-0ubuntu1.26) ...
build-desktop (ubuntu-22.04)	Install Linux Dependencies	2026-07-31T19:42:28.9164598Z Setting up liborc-0.4-0:amd64 (1:0.4.32-2ubuntu0.1) ...
build-desktop (ubuntu-22.04)	Install Linux Dependencies	2026-07-31T19:42:28.9194254Z Setting up libxinerama-dev:amd64 (2:1.1.4-3) ...
build-desktop (ubuntu-22.04)	Install Linux Dependencies	2026-07-31T19:42:28.9220255Z Setting up xdg-dbus-proxy (0.1.3-1ubuntu0.1) ...
build-desktop (ubuntu-22.04)	Install Linux Dependencies	2026-07-31T19:42:28.9244087Z Setting up wayland-protocols (1.25-1) ...
build-desktop (ubuntu-22.04)	Install Linux Dependencies	2026-07-31T19:42:28.9274129Z Setting up libtag1v5:amd64 (1.11.1+dfsg.1-3ubuntu3) ...
build-desktop (ubuntu-22.04)	Install Linux Dependencies	2026-07-31T19:42:28.9299558Z Setting up libdatrie-dev:amd64 (0.2.13-2) ...
build-desktop (ubuntu-22.04)	Install Linux Dependencies	2026-07-31T19:42:28.9333122Z Setting up libdv4:amd64 (1.0.0-14build1) ...
build-desktop (ubuntu-22.04)	Install Linux Dependencies	2026-07-31T19:42:28.9361458Z Setting up libasyncns0:amd64 (0.8-6build2) ...
build-desktop (ubuntu-22.04)	Install Linux Dependencies	2026-07-31T19:42:28.9386120Z Setting up gir1.2-polkit-1.0 (0.105-33ubuntu0.1) ...
build-desktop (ubuntu-22.04)	Install Linux Dependencies	2026-07-31T19:42:28.9410243Z Setting up libwavpack1:amd64 (5.4.0-1build2) ...
build-desktop (ubuntu-22.04)	Install Linux Dependencies	2026-07-31T19:42:28.9441051Z Setting up libdazzle-common (3.44.0-1) ...
build-desktop (ubuntu-22.04)	Install Linux Dependencies	2026-07-31T19:42:28.9465918Z Setting up libtheora0:amd64 (1.1.1+dfsg.1-15ubuntu4) ...
build-desktop (ubuntu-22.04)	Install Linux Dependencies	2026-07-31T19:42:28.9497130Z Setting up libv4lconvert0:amd64 (1.22.1-2build1) ...
build-desktop (ubuntu-22.04)	Install Linux Dependencies	2026-07-31T19:42:28.9523558Z Setting up libegl1:amd64 (1.4.0-1) ...
build-desktop (ubuntu-22.04)	Install Linux Dependencies	2026-07-31T19:42:28.9548499Z Setting up libglx-dev:amd64 (1.4.0-1) ...
build-desktop (ubuntu-22.04)	Install Linux Dependencies	2026-07-31T19:42:28.9574803Z Setting up gir1.2-json-1.0:amd64 (1.6.6-1build1) ...
build-desktop (ubuntu-22.04)	Install Linux Dependencies	2026-07-31T19:42:28.9600640Z Setting up libvpx7:amd64 (1.11.0-2ubuntu2.5) ...
build-desktop (ubuntu-22.04)	Install Linux Dependencies	2026-07-31T19:42:28.9625808Z Setting up libopengl-dev:amd64 (1.4.0-1) ...
build-desktop (ubuntu-22.04)	Install Linux Dependencies	2026-07-31T19:42:28.9652667Z Setting up libsysprof-4:amd64 (3.44.0-1) ...
build-desktop (ubuntu-22.04)	Install Linux Dependencies	2026-07-31T19:42:28.9673974Z Setting up libxi-dev:amd64 (2:1.8-1build1) ...
build-desktop (ubuntu-22.04)	Install Linux Dependencies	2026-07-31T19:42:28.9695370Z Setting up libsamplerate0:amd64 (0.2.2-1build1) ...
build-desktop (ubuntu-22.04)	Install Linux Dependencies	2026-07-31T19:42:28.9720643Z Setting up libevdev2:amd64 (1.12.1+dfsg-1) ...
build-desktop (ubuntu-22.04)	Install Linux Dependencies	2026-07-31T19:42:28.9744000Z Setting up libgl-dev:amd64 (1.4.0-1) ...
build-desktop (ubuntu-22.04)	Install Linux Dependencies	2026-07-31T19:42:28.9765649Z Setting up libjavascriptcoregtk-4.1-dev:amd64 (2.50.4-0ubuntu0.22.04.1) ...
build-desktop (ubuntu-22.04)	Install Linux Dependencies	2026-07-31T19:42:28.9796028Z Setting up libmp3lame0:amd64 (3.100-3build2) ...
build-desktop (ubuntu-22.04)	Install Linux Dependencies	2026-07-31T19:42:28.9819968Z Setting up libgraphene-1.0-0:amd64 (1.10.8-1) ...
build-desktop (ubuntu-22.04)	Install Linux Dependencies	2026-07-31T19:42:28.9841777Z Setting up libatk1.0-dev:amd64 (2.36.0-3build1) ...
build-desktop (ubuntu-22.04)	Install Linux Dependencies	2026-07-31T19:42:28.9866306Z Setting up libvorbisenc2:amd64 (1.3.7-1build2) ...
build-desktop (ubuntu-22.04)	Install Linux Dependencies	2026-07-31T19:42:28.9894169Z Setting up libaa1:amd64 (1.4p5-50build1) ...
build-desktop (ubuntu-22.04)	Install Linux Dependencies	2026-07-31T19:42:28.9924725Z Setting up libiec61883-0:amd64 (1.2.0-4build3) ...
build-desktop (ubuntu-22.04)	Install Linux Dependencies	2026-07-31T19:42:28.9962373Z Setting up libxft-dev:amd64 (2.3.4-1) ...
build-desktop (ubuntu-22.04)	Install Linux Dependencies	2026-07-31T19:42:28.9986006Z Setting up libxtst-dev:amd64 (2:1.2.3-1build4) ...
build-desktop (ubuntu-22.04)	Install Linux Dependencies	2026-07-31T19:42:29.0012876Z Setting up libxdamage-dev:amd64 (1:1.1.5-2build2) ...
build-desktop (ubuntu-22.04)	Install Linux Dependencies	2026-07-31T19:42:29.0042158Z Setting up libavc1394-0:amd64 (0.5.4-5build2) ...
build-desktop (ubuntu-22.04)	Install Linux Dependencies	2026-07-31T19:42:29.0065866Z Setting up libatspi2.0-dev:amd64 (2.44.0-3) ...
build-desktop (ubuntu-22.04)	Install Linux Dependencies	2026-07-31T19:42:29.0091526Z Setting up libharfbuzz-dev:amd64 (2.7.4-1ubuntu3.2) ...
build-desktop (ubuntu-22.04)	Install Linux Dependencies	2026-07-31T19:42:29.0222061Z Setting up libdazzle-1.0-0:amd64 (3.44.0-1) ...
build-desktop (ubuntu-22.04)	Install Linux Dependencies	2026-07-31T19:42:29.0384475Z Setting up xdg-desktop-portal (1.14.4-1ubuntu2~22.04.2) ...
build-desktop (ubuntu-22.04)	Install Linux Dependencies	2026-07-31T19:42:29.1476666Z Created symlink /etc/systemd/user/graphical-session-pre.target.wants/xdg-desktop-portal-rewrite-launchers.service → /usr/lib/systemd/user/xdg-desktop-portal-rewrite-launchers.service.
build-desktop (ubuntu-22.04)	Install Linux Dependencies	2026-07-31T19:42:29.1521877Z Setting up libegl-dev:amd64 (1.4.0-1) ...
build-desktop (ubuntu-22.04)	Install Linux Dependencies	2026-07-31T19:42:29.1546975Z Setting up libdbus-glib-1-dev:amd64 (0.112-2build1) ...
build-desktop (ubuntu-22.04)	Install Linux Dependencies	2026-07-31T19:42:29.1570964Z Setting up libxcomposite-dev:amd64 (1:0.4.5-1build2) ...
build-desktop (ubuntu-22.04)	Install Linux Dependencies	2026-07-31T19:42:29.1597243Z Setting up libxcursor-dev:amd64 (1:1.2.0-2build4) ...
build-desktop (ubuntu-22.04)	Install Linux Dependencies	2026-07-31T19:42:29.1626527Z Setting up libmanette-0.2-0:amd64 (0.2.6-3build1) ...
build-desktop (ubuntu-22.04)	Install Linux Dependencies	2026-07-31T19:42:29.1654269Z Setting up libjson-glib-dev:amd64 (1.6.6-1build1) ...
build-desktop (ubuntu-22.04)	Install Linux Dependencies	2026-07-31T19:42:29.1682790Z Setting up libepoxy-dev:amd64 (1.5.10-1) ...
build-desktop (ubuntu-22.04)	Install Linux Dependencies	2026-07-31T19:42:29.1709937Z Setting up libsoup-3.0-0:amd64 (3.0.7-0ubuntu1) ...
build-desktop (ubuntu-22.04)	Install Linux Dependencies	2026-07-31T19:42:29.1740051Z Setting up gir1.2-gtk-3.0:amd64 (3.24.33-1ubuntu2.2) ...
build-desktop (ubuntu-22.04)	Install Linux Dependencies	2026-07-31T19:42:29.1769464Z Setting up libgstreamer-plugins-base1.0-0:amd64 (1.20.1-1ubuntu0.6) ...
build-desktop (ubuntu-22.04)	Install Linux Dependencies	2026-07-31T19:42:29.1793429Z Setting up libatk-bridge2.0-dev:amd64 (2.38.0-3) ...
build-desktop (ubuntu-22.04)	Install Linux Dependencies	2026-07-31T19:42:29.1820453Z Setting up libwayland-dev:amd64 (1.20.0-1ubuntu0.1) ...
build-desktop (ubuntu-22.04)	Install Linux Dependencies	2026-07-31T19:42:29.1843359Z Setting up libv4l-0:amd64 (1.22.1-2build1) ...
build-desktop (ubuntu-22.04)	Install Linux Dependencies	2026-07-31T19:42:29.1867359Z Setting up libgstreamer-plugins-good1.0-0:amd64 (1.20.3-0ubuntu1.7) ...
build-desktop (ubuntu-22.04)	Install Linux Dependencies	2026-07-31T19:42:29.1890759Z Setting up libgstreamer-gl1.0-0:amd64 (1.20.1-1ubuntu0.6) ...
build-desktop (ubuntu-22.04)	Install Linux Dependencies	2026-07-31T19:42:29.1917046Z Setting up gstreamer1.0-plugins-base:amd64 (1.20.1-1ubuntu0.6) ...
build-desktop (ubuntu-22.04)	Install Linux Dependencies	2026-07-31T19:42:29.1943438Z Setting up gir1.2-appindicator3-0.1 (12.10.1+20.10.20200706.1-0ubuntu1) ...
build-desktop (ubuntu-22.04)	Install Linux Dependencies	2026-07-31T19:42:29.1967032Z Setting up libshout3:amd64 (2.4.5-1build3) ...
build-desktop (ubuntu-22.04)	Install Linux Dependencies	2026-07-31T19:42:29.1993147Z Setting up libpolkit-gobject-1-dev (0.105-33ubuntu0.1) ...
build-desktop (ubuntu-22.04)	Install Linux Dependencies	2026-07-31T19:42:29.2021662Z Setting up libdbusmenu-glib-dev:amd64 (16.04.1+18.10.20180917-0ubuntu8) ...
build-desktop (ubuntu-22.04)	Install Linux Dependencies	2026-07-31T19:42:29.2046339Z Setting up libthai-dev:amd64 (0.1.29-1build1) ...
build-desktop (ubuntu-22.04)	Install Linux Dependencies	2026-07-31T19:42:29.2068056Z Setting up gir1.2-soup-3.0:amd64 (3.0.7-0ubuntu1) ...
build-desktop (ubuntu-22.04)	Install Linux Dependencies	2026-07-31T19:42:29.2092567Z Setting up libjack-jackd2-0:amd64 (1.9.20~dfsg-1) ...
build-desktop (ubuntu-22.04)	Install Linux Dependencies	2026-07-31T19:42:29.2118312Z Setting up libsysprof-ui-4:amd64 (3.44.0-1) ...
build-desktop (ubuntu-22.04)	Install Linux Dependencies	2026-07-31T19:42:29.2145412Z Setting up libsndfile1:amd64 (1.0.31-2ubuntu0.2) ...
build-desktop (ubuntu-22.04)	Install Linux Dependencies	2026-07-31T19:42:29.2175627Z Setting up libgles-dev:amd64 (1.4.0-1) ...
build-desktop (ubuntu-22.04)	Install Linux Dependencies	2026-07-31T19:42:29.2198148Z Setting up gir1.2-dazzle-1.0:amd64 (3.44.0-1) ...
build-desktop (ubuntu-22.04)	Install Linux Dependencies	2026-07-31T19:42:29.2227971Z Setting up gstreamer1.0-gl:amd64 (1.20.1-1ubuntu0.6) ...
build-desktop (ubuntu-22.04)	Install Linux Dependencies	2026-07-31T19:42:29.2254436Z Setting up xdg-desktop-portal-gtk (1.14.0-1build1) ...
build-desktop (ubuntu-22.04)	Install Linux Dependencies	2026-07-31T19:42:29.2276905Z Setting up gstreamer1.0-x:amd64 (1.20.1-1ubuntu0.6) ...
build-desktop (ubuntu-22.04)	Install Linux Dependencies	2026-07-31T19:42:29.2324241Z Setting up libpulse0:amd64 (1:15.99.1+dfsg1-1ubuntu2.2) ...
build-desktop (ubuntu-22.04)	Install Linux Dependencies	2026-07-31T19:42:29.2407407Z Setting up gstreamer1.0-plugins-good:amd64 (1.20.3-0ubuntu1.7) ...
build-desktop (ubuntu-22.04)	Install Linux Dependencies	2026-07-31T19:42:29.2434032Z Setting up libglvnd-dev:amd64 (1.4.0-1) ...
build-desktop (ubuntu-22.04)	Install Linux Dependencies	2026-07-31T19:42:29.2466910Z Setting up libpipewire-0.3-modules:amd64 (0.3.48-1ubuntu3.2) ...
build-desktop (ubuntu-22.04)	Install Linux Dependencies	2026-07-31T19:42:29.2495932Z Setting up libpango1.0-dev:amd64 (1.50.6+ds-2ubuntu1) ...
build-desktop (ubuntu-22.04)	Install Linux Dependencies	2026-07-31T19:42:29.2524609Z Setting up libegl1-mesa-dev:amd64 (23.2.1-1ubuntu3.1~22.04.4) ...
build-desktop (ubuntu-22.04)	Install Linux Dependencies	2026-07-31T19:42:29.2555281Z Setting up libgtk-3-dev:amd64 (3.24.33-1ubuntu2.2) ...
build-desktop (ubuntu-22.04)	Install Linux Dependencies	2026-07-31T19:42:29.2579068Z Setting up libwebkit2gtk-4.1-0:amd64 (2.50.4-0ubuntu0.22.04.1) ...
build-desktop (ubuntu-22.04)	Install Linux Dependencies	2026-07-31T19:42:29.2603631Z Setting up libdazzle-1.0-dev:amd64 (3.44.0-1) ...
build-desktop (ubuntu-22.04)	Install Linux Dependencies	2026-07-31T19:42:29.2661378Z Setting up libappindicator3-dev (12.10.1+20.10.20200706.1-0ubuntu1) ...
build-desktop (ubuntu-22.04)	Install Linux Dependencies	2026-07-31T19:42:29.2699357Z Setting up pipewire-bin (0.3.48-1ubuntu3.2) ...
build-desktop (ubuntu-22.04)	Install Linux Dependencies	2026-07-31T19:42:29.3156674Z Setting up libsysprof-4-dev:amd64 (3.44.0-1) ...
build-desktop (ubuntu-22.04)	Install Linux Dependencies	2026-07-31T19:42:29.3181445Z Setting up pipewire:amd64 (0.3.48-1ubuntu3.2) ...
build-desktop (ubuntu-22.04)	Install Linux Dependencies	2026-07-31T19:42:29.4252262Z Created symlink /etc/systemd/user/default.target.wants/pipewire.service → /usr/lib/systemd/user/pipewire.service.
build-desktop (ubuntu-22.04)	Install Linux Dependencies	2026-07-31T19:42:29.4254021Z Created symlink /etc/systemd/user/sockets.target.wants/pipewire.socket → /usr/lib/systemd/user/pipewire.socket.
build-desktop (ubuntu-22.04)	Install Linux Dependencies	2026-07-31T19:42:29.5370203Z Setting up libsoup-3.0-dev:amd64 (3.0.7-0ubuntu1) ...
build-desktop (ubuntu-22.04)	Install Linux Dependencies	2026-07-31T19:42:29.5394271Z Setting up libwebkit2gtk-4.1-dev (2.50.4-0ubuntu0.22.04.1) ...
build-desktop (ubuntu-22.04)	Install Linux Dependencies	2026-07-31T19:42:29.5423575Z Setting up pipewire-media-session (0.4.1-2ubuntu1) ...
build-desktop (ubuntu-22.04)	Install Linux Dependencies	2026-07-31T19:42:29.6580887Z Created symlink /etc/systemd/user/pipewire-session-manager.service → /usr/lib/systemd/user/pipewire-media-session.service.
build-desktop (ubuntu-22.04)	Install Linux Dependencies	2026-07-31T19:42:29.6582442Z Created symlink /etc/systemd/user/pipewire.service.wants/pipewire-media-session.service → /usr/lib/systemd/user/pipewire-media-session.service.
build-desktop (ubuntu-22.04)	Install Linux Dependencies	2026-07-31T19:42:29.6625025Z Processing triggers for libc-bin (2.35-0ubuntu3.13) ...
build-desktop (ubuntu-22.04)	Install Linux Dependencies	2026-07-31T19:42:29.7100777Z Processing triggers for man-db (2.10.2-1) ...
build-desktop (ubuntu-22.04)	Install Linux Dependencies	2026-07-31T19:42:29.7126084Z Not building database; man-db/auto-update is not 'true'.
build-desktop (ubuntu-22.04)	Install Linux Dependencies	2026-07-31T19:42:29.7147628Z Processing triggers for dbus (1.12.20-2ubuntu4.1) ...
build-desktop (ubuntu-22.04)	Install Linux Dependencies	2026-07-31T19:42:29.7230594Z Processing triggers for mailcap (3.70+nmu1ubuntu1.22.04.1) ...
build-desktop (ubuntu-22.04)	Install Linux Dependencies	2026-07-31T19:42:30.3170555Z 
build-desktop (ubuntu-22.04)	Install Linux Dependencies	2026-07-31T19:42:30.3171344Z Running kernel seems to be up-to-date.
build-desktop (ubuntu-22.04)	Install Linux Dependencies	2026-07-31T19:42:30.3171684Z 
build-desktop (ubuntu-22.04)	Install Linux Dependencies	2026-07-31T19:42:30.3171836Z Services to be restarted:
build-desktop (ubuntu-22.04)	Install Linux Dependencies	2026-07-31T19:42:30.3270843Z  systemctl restart packagekit.service
build-desktop (ubuntu-22.04)	Install Linux Dependencies	2026-07-31T19:42:30.3317787Z  systemctl restart php8.1-fpm.service
build-desktop (ubuntu-22.04)	Install Linux Dependencies	2026-07-31T19:42:30.3364604Z  systemctl restart ssh.service
build-desktop (ubuntu-22.04)	Install Linux Dependencies	2026-07-31T19:42:30.3414157Z  systemctl restart systemd-journald.service
build-desktop (ubuntu-22.04)	Install Linux Dependencies	2026-07-31T19:42:30.3555059Z  /etc/needrestart/restart.d/systemd-manager
build-desktop (ubuntu-22.04)	Install Linux Dependencies	2026-07-31T19:42:30.3604803Z  systemctl restart systemd-networkd.service
build-desktop (ubuntu-22.04)	Install Linux Dependencies	2026-07-31T19:42:30.3653781Z  systemctl restart systemd-resolved.service
build-desktop (ubuntu-22.04)	Install Linux Dependencies	2026-07-31T19:42:30.3701216Z  systemctl restart systemd-udevd.service
build-desktop (ubuntu-22.04)	Install Linux Dependencies	2026-07-31T19:42:30.3790481Z 
build-desktop (ubuntu-22.04)	Install Linux Dependencies	2026-07-31T19:42:30.3792789Z Service restarts being deferred:
build-desktop (ubuntu-22.04)	Install Linux Dependencies	2026-07-31T19:42:30.3793413Z  systemctl restart hosted-compute-agent.service
build-desktop (ubuntu-22.04)	Install Linux Dependencies	2026-07-31T19:42:30.3794071Z  systemctl restart systemd-logind.service
build-desktop (ubuntu-22.04)	Install Linux Dependencies	2026-07-31T19:42:30.3794654Z  systemctl restart user@1001.service
build-desktop (ubuntu-22.04)	Install Linux Dependencies	2026-07-31T19:42:30.3795169Z  systemctl restart walinuxagent.service
build-desktop (ubuntu-22.04)	Install Linux Dependencies	2026-07-31T19:42:30.3795496Z 
build-desktop (ubuntu-22.04)	Install Linux Dependencies	2026-07-31T19:42:30.3795748Z No containers need to be restarted.
build-desktop (ubuntu-22.04)	Install Linux Dependencies	2026-07-31T19:42:30.3796034Z 
build-desktop (ubuntu-22.04)	Install Linux Dependencies	2026-07-31T19:42:30.3799883Z No user sessions are running outdated binaries.
build-desktop (ubuntu-22.04)	Install Linux Dependencies	2026-07-31T19:42:30.3800312Z 
build-desktop (ubuntu-22.04)	Install Linux Dependencies	2026-07-31T19:42:30.3800821Z No VM guests are running outdated hypervisor (qemu) binaries on this host.
build-desktop (ubuntu-22.04)	Install frontend dependencies	﻿2026-07-31T19:42:31.8207581Z ##[group]Run npm install
build-desktop (ubuntu-22.04)	Install frontend dependencies	2026-07-31T19:42:31.8207887Z [36;1mnpm install[0m
build-desktop (ubuntu-22.04)	Install frontend dependencies	2026-07-31T19:42:31.8265046Z shell: /usr/bin/bash -e {0}
build-desktop (ubuntu-22.04)	Install frontend dependencies	2026-07-31T19:42:31.8265302Z env:
build-desktop (ubuntu-22.04)	Install frontend dependencies	2026-07-31T19:42:31.8265494Z   CARGO_HOME: /home/runner/.cargo
build-desktop (ubuntu-22.04)	Install frontend dependencies	2026-07-31T19:42:31.8265764Z   CARGO_INCREMENTAL: 0
build-desktop (ubuntu-22.04)	Install frontend dependencies	2026-07-31T19:42:31.8265975Z   CARGO_TERM_COLOR: always
build-desktop (ubuntu-22.04)	Install frontend dependencies	2026-07-31T19:42:31.8266194Z ##[endgroup]
build-desktop (ubuntu-22.04)	Install frontend dependencies	2026-07-31T19:42:32.3361957Z 
build-desktop (ubuntu-22.04)	Install frontend dependencies	2026-07-31T19:42:32.3362834Z up to date, audited 4 packages in 436ms
build-desktop (ubuntu-22.04)	Install frontend dependencies	2026-07-31T19:42:32.3363289Z 
build-desktop (ubuntu-22.04)	Install frontend dependencies	2026-07-31T19:42:32.3363566Z 1 package is looking for funding
build-desktop (ubuntu-22.04)	Install frontend dependencies	2026-07-31T19:42:32.3364045Z   run `npm fund` for details
build-desktop (ubuntu-22.04)	Install frontend dependencies	2026-07-31T19:42:32.3371762Z 
build-desktop (ubuntu-22.04)	Install frontend dependencies	2026-07-31T19:42:32.3372000Z found 0 vulnerabilities
build-desktop (ubuntu-22.04)	Build Tauri Desktop	﻿2026-07-31T19:42:32.3508083Z Node 20 is being deprecated. This workflow is running with Node 24 by default. If you need to temporarily use Node 20, you can set the ACTIONS_ALLOW_USE_UNSECURE_NODE_VERSION=true environment variable. For more information see: https://github.blog/changelog/2025-09-19-deprecation-of-node-20-on-github-actions-runners/
build-desktop (ubuntu-22.04)	Build Tauri Desktop	2026-07-31T19:42:32.3509728Z ##[group]Run tauri-apps/tauri-action@v0.5.2
build-desktop (ubuntu-22.04)	Build Tauri Desktop	2026-07-31T19:42:32.3510006Z with:
build-desktop (ubuntu-22.04)	Build Tauri Desktop	2026-07-31T19:42:32.3510188Z   releaseDraft: false
build-desktop (ubuntu-22.04)	Build Tauri Desktop	2026-07-31T19:42:32.3510394Z   prerelease: false
build-desktop (ubuntu-22.04)	Build Tauri Desktop	2026-07-31T19:42:32.3510800Z   projectPath: .
build-desktop (ubuntu-22.04)	Build Tauri Desktop	2026-07-31T19:42:32.3510991Z   includeDebug: false
build-desktop (ubuntu-22.04)	Build Tauri Desktop	2026-07-31T19:42:32.3511187Z   includeRelease: true
build-desktop (ubuntu-22.04)	Build Tauri Desktop	2026-07-31T19:42:32.3511396Z   includeUpdaterJson: true
build-desktop (ubuntu-22.04)	Build Tauri Desktop	2026-07-31T19:42:32.3511634Z   updaterJsonKeepUniversal: false
build-desktop (ubuntu-22.04)	Build Tauri Desktop	2026-07-31T19:42:32.3511871Z env:
build-desktop (ubuntu-22.04)	Build Tauri Desktop	2026-07-31T19:42:32.3512050Z   CARGO_HOME: /home/runner/.cargo
build-desktop (ubuntu-22.04)	Build Tauri Desktop	2026-07-31T19:42:32.3512282Z   CARGO_INCREMENTAL: 0
build-desktop (ubuntu-22.04)	Build Tauri Desktop	2026-07-31T19:42:32.3512484Z   CARGO_TERM_COLOR: always
build-desktop (ubuntu-22.04)	Build Tauri Desktop	2026-07-31T19:42:32.3515551Z   GITHUB_TOKEN: ***
build-desktop (ubuntu-22.04)	Build Tauri Desktop	2026-07-31T19:42:32.3515769Z ##[endgroup]
build-desktop (ubuntu-22.04)	Build Tauri Desktop	2026-07-31T19:42:32.4746058Z running npm [ 'run', 'tauri', 'build' ]
build-desktop (ubuntu-22.04)	Build Tauri Desktop	2026-07-31T19:42:32.5997793Z 
build-desktop (ubuntu-22.04)	Build Tauri Desktop	2026-07-31T19:42:32.5998455Z > tauri
build-desktop (ubuntu-22.04)	Build Tauri Desktop	2026-07-31T19:42:32.5999082Z > tauri build
build-desktop (ubuntu-22.04)	Build Tauri Desktop	2026-07-31T19:42:32.5999309Z 
build-desktop (ubuntu-22.04)	Build Tauri Desktop	2026-07-31T19:42:33.6896967Z         Info Looking up installed tauri packages to check mismatched versions...
build-desktop (ubuntu-22.04)	Build Tauri Desktop	2026-07-31T19:42:34.5446049Z [1m[92m    Updating[0m crates.io index
build-desktop (ubuntu-22.04)	Build Tauri Desktop	2026-07-31T19:42:35.4440310Z [1m[92m     Locking[0m 425 packages to latest compatible versions
build-desktop (ubuntu-22.04)	Build Tauri Desktop	2026-07-31T19:42:35.4534487Z [1m[92m      Adding[0m generic-array v0.14.7 [1m[33m(available: v0.14.9)[0m
build-desktop (ubuntu-22.04)	Build Tauri Desktop	2026-07-31T19:42:35.5005629Z [1m[92m      Adding[0m toml v0.8.2 [1m[33m(available: v0.8.23)[0m
build-desktop (ubuntu-22.04)	Build Tauri Desktop	2026-07-31T19:42:35.5014583Z [1m[92m      Adding[0m toml_datetime v0.6.3 [1m[33m(available: v0.6.11)[0m
build-desktop (ubuntu-22.04)	Build Tauri Desktop	2026-07-31T19:42:35.5025290Z [1m[92m      Adding[0m toml_edit v0.20.2 [1m[33m(available: v0.20.7)[0m
build-desktop (ubuntu-22.04)	Build Tauri Desktop	2026-07-31T19:42:35.5420599Z [1m[92m Downloading[0m crates ...
build-desktop (ubuntu-22.04)	Build Tauri Desktop	2026-07-31T19:42:35.5937463Z [1m[92m  Downloaded[0m scopeguard v1.2.0
build-desktop (ubuntu-22.04)	Build Tauri Desktop	2026-07-31T19:42:35.6093674Z [1m[92m  Downloaded[0m json-patch v3.0.1
build-desktop (ubuntu-22.04)	Build Tauri Desktop	2026-07-31T19:42:35.6179678Z [1m[92m  Downloaded[0m dirs v6.0.0
build-desktop (ubuntu-22.04)	Build Tauri Desktop	2026-07-31T19:42:35.6196081Z [1m[92m  Downloaded[0m displaydoc v0.2.7
build-desktop (ubuntu-22.04)	Build Tauri Desktop	2026-07-31T19:42:35.6221408Z [1m[92m  Downloaded[0m dunce v1.0.5
build-desktop (ubuntu-22.04)	Build Tauri Desktop	2026-07-31T19:42:35.6232894Z [1m[92m  Downloaded[0m idna_adapter v1.2.2
build-desktop (ubuntu-22.04)	Build Tauri Desktop	2026-07-31T19:42:35.6244265Z [1m[92m  Downloaded[0m litemap v0.8.2
build-desktop (ubuntu-22.04)	Build Tauri Desktop	2026-07-31T19:42:35.6275365Z [1m[92m  Downloaded[0m tauri-plugin-log v2.9.0
build-desktop (ubuntu-22.04)	Build Tauri Desktop	2026-07-31T19:42:35.6311901Z [1m[92m  Downloaded[0m find-msvc-tools v0.1.9
build-desktop (ubuntu-22.04)	Build Tauri Desktop	2026-07-31T19:42:35.6333661Z [1m[92m  Downloaded[0m getrandom v0.4.3
build-desktop (ubuntu-22.04)	Build Tauri Desktop	2026-07-31T19:42:35.6382749Z [1m[92m  Downloaded[0m glib v0.18.5
build-desktop (ubuntu-22.04)	Build Tauri Desktop	2026-07-31T19:42:35.6511462Z [1m[92m  Downloaded[0m gtk-sys v0.18.2
build-desktop (ubuntu-22.04)	Build Tauri Desktop	2026-07-31T19:42:35.6550539Z [1m[92m  Downloaded[0m hashbrown v0.17.1
build-desktop (ubuntu-22.04)	Build Tauri Desktop	2026-07-31T19:42:35.6617551Z [1m[92m  Downloaded[0m hex v0.4.3
build-desktop (ubuntu-22.04)	Build Tauri Desktop	2026-07-31T19:42:35.6641552Z [1m[92m  Downloaded[0m regex-automata v0.4.16
build-desktop (ubuntu-22.04)	Build Tauri Desktop	2026-07-31T19:42:35.6823583Z [1m[92m  Downloaded[0m tauri v2.11.5
build-desktop (ubuntu-22.04)	Build Tauri Desktop	2026-07-31T19:42:35.7022226Z [1m[92m  Downloaded[0m dom_query v0.27.0
build-desktop (ubuntu-22.04)	Build Tauri Desktop	2026-07-31T19:42:35.7158452Z [1m[92m  Downloaded[0m embed-resource v3.0.11
build-desktop (ubuntu-22.04)	Build Tauri Desktop	2026-07-31T19:42:35.7185431Z [1m[92m  Downloaded[0m fdeflate v0.3.7
build-desktop (ubuntu-22.04)	Build Tauri Desktop	2026-07-31T19:42:35.7207327Z [1m[92m  Downloaded[0m foldhash v0.2.0
build-desktop (ubuntu-22.04)	Build Tauri Desktop	2026-07-31T19:42:35.7227892Z [1m[92m  Downloaded[0m libdbus-sys v0.2.7
build-desktop (ubuntu-22.04)	Build Tauri Desktop	2026-07-31T19:42:35.7579082Z [1m[92m  Downloaded[0m log v0.4.33
build-desktop (ubuntu-22.04)	Build Tauri Desktop	2026-07-31T19:42:35.7606204Z [1m[92m  Downloaded[0m memoffset v0.9.1
build-desktop (ubuntu-22.04)	Build Tauri Desktop	2026-07-31T19:42:35.7620114Z [1m[92m  Downloaded[0m toml_datetime v1.1.1+spec-1.1.0
build-desktop (ubuntu-22.04)	Build Tauri Desktop	2026-07-31T19:42:35.7634225Z [1m[92m  Downloaded[0m adler2 v2.0.1
build-desktop (ubuntu-22.04)	Build Tauri Desktop	2026-07-31T19:42:35.7647727Z [1m[92m  Downloaded[0m darling_macro v0.23.0
build-desktop (ubuntu-22.04)	Build Tauri Desktop	2026-07-31T19:42:35.7655135Z [1m[92m  Downloaded[0m deranged v0.5.8
build-desktop (ubuntu-22.04)	Build Tauri Desktop	2026-07-31T19:42:35.7670536Z [1m[92m  Downloaded[0m fastrand v2.5.0
build-desktop (ubuntu-22.04)	Build Tauri Desktop	2026-07-31T19:42:35.7685971Z [1m[92m  Downloaded[0m heck v0.4.1
build-desktop (ubuntu-22.04)	Build Tauri Desktop	2026-07-31T19:42:35.7700344Z [1m[92m  Downloaded[0m dirs-sys v0.5.0
build-desktop (ubuntu-22.04)	Build Tauri Desktop	2026-07-31T19:42:35.7712870Z [1m[92m  Downloaded[0m gtk3-macros v0.18.2
build-desktop (ubuntu-22.04)	Build Tauri Desktop	2026-07-31T19:42:35.7722589Z [1m[92m  Downloaded[0m dtoa-short v0.3.5
build-desktop (ubuntu-22.04)	Build Tauri Desktop	2026-07-31T19:42:35.7734527Z [1m[92m  Downloaded[0m markup5ever v0.38.0
build-desktop (ubuntu-22.04)	Build Tauri Desktop	2026-07-31T19:42:35.7747119Z [1m[92m  Downloaded[0m ctor-proc-macro v0.0.7
build-desktop (ubuntu-22.04)	Build Tauri Desktop	2026-07-31T19:42:35.7757456Z [1m[92m  Downloaded[0m dlopen2 v0.8.2
build-desktop (ubuntu-22.04)	Build Tauri Desktop	2026-07-31T19:42:35.7794135Z [1m[92m  Downloaded[0m futures-sink v0.3.33
build-desktop (ubuntu-22.04)	Build Tauri Desktop	2026-07-31T19:42:35.7803335Z [1m[92m  Downloaded[0m generic-array v0.14.7
build-desktop (ubuntu-22.04)	Build Tauri Desktop	2026-07-31T19:42:35.7818352Z [1m[92m  Downloaded[0m ico v0.5.0
build-desktop (ubuntu-22.04)	Build Tauri Desktop	2026-07-31T19:42:35.7851214Z [1m[92m  Downloaded[0m icu_locale_core v2.2.0
build-desktop (ubuntu-22.04)	Build Tauri Desktop	2026-07-31T19:42:35.7929000Z [1m[92m  Downloaded[0m indexmap v1.9.3
build-desktop (ubuntu-22.04)	Build Tauri Desktop	2026-07-31T19:42:35.7964130Z [1m[92m  Downloaded[0m derive_more v2.1.1
build-desktop (ubuntu-22.04)	Build Tauri Desktop	2026-07-31T19:42:35.8110977Z [1m[92m  Downloaded[0m flate2 v1.1.9
build-desktop (ubuntu-22.04)	Build Tauri Desktop	2026-07-31T19:42:35.8165813Z [1m[92m  Downloaded[0m walkdir v2.5.0
build-desktop (ubuntu-22.04)	Build Tauri Desktop	2026-07-31T19:42:35.8185992Z [1m[92m  Downloaded[0m dbus v0.9.12
build-desktop (ubuntu-22.04)	Build Tauri Desktop	2026-07-31T19:42:35.8233254Z [1m[92m  Downloaded[0m mime v0.3.17
build-desktop (ubuntu-22.04)	Build Tauri Desktop	2026-07-31T19:42:35.8249684Z [1m[92m  Downloaded[0m darling v0.23.0
build-desktop (ubuntu-22.04)	Build Tauri Desktop	2026-07-31T19:42:35.8311494Z [1m[92m  Downloaded[0m muda v0.19.3
build-desktop (ubuntu-22.04)	Build Tauri Desktop	2026-07-31T19:42:35.8355567Z [1m[92m  Downloaded[0m keyboard-types v0.7.0
build-desktop (ubuntu-22.04)	Build Tauri Desktop	2026-07-31T19:42:35.8374798Z [1m[92m  Downloaded[0m dlopen2_derive v0.4.3
build-desktop (ubuntu-22.04)	Build Tauri Desktop	2026-07-31T19:42:35.8385001Z [1m[92m  Downloaded[0m equivalent v1.0.2
build-desktop (ubuntu-22.04)	Build Tauri Desktop	2026-07-31T19:42:35.8396022Z [1m[92m  Downloaded[0m derive_more-impl v2.1.1
build-desktop (ubuntu-22.04)	Build Tauri Desktop	2026-07-31T19:42:35.8455346Z [1m[92m  Downloaded[0m hashbrown v0.12.3
build-desktop (ubuntu-22.04)	Build Tauri Desktop	2026-07-31T19:42:35.8496786Z [1m[92m  Downloaded[0m futures-core v0.3.33
build-desktop (ubuntu-22.04)	Build Tauri Desktop	2026-07-31T19:42:35.8512199Z [1m[92m  Downloaded[0m tauri-macros v2.6.3
build-desktop (ubuntu-22.04)	Build Tauri Desktop	2026-07-31T19:42:35.8529348Z [1m[92m  Downloaded[0m dtoa v1.0.11
build-desktop (ubuntu-22.04)	Build Tauri Desktop	2026-07-31T19:42:35.8546443Z [1m[92m  Downloaded[0m fern v0.7.1
build-desktop (ubuntu-22.04)	Build Tauri Desktop	2026-07-31T19:42:35.8593507Z [1m[92m  Downloaded[0m futures-executor v0.3.33
build-desktop (ubuntu-22.04)	Build Tauri Desktop	2026-07-31T19:42:35.8609193Z [1m[92m  Downloaded[0m gdk-pixbuf v0.18.5
build-desktop (ubuntu-22.04)	Build Tauri Desktop	2026-07-31T19:42:35.8634171Z [1m[92m  Downloaded[0m heck v0.5.0
build-desktop (ubuntu-22.04)	Build Tauri Desktop	2026-07-31T19:42:35.8647973Z [1m[92m  Downloaded[0m mio v1.2.2
build-desktop (ubuntu-22.04)	Build Tauri Desktop	2026-07-31T19:42:35.8716841Z [1m[92m  Downloaded[0m tauri-runtime v2.11.3
build-desktop (ubuntu-22.04)	Build Tauri Desktop	2026-07-31T19:42:35.8734677Z [1m[92m  Downloaded[0m tauri-runtime-wry v2.11.4
build-desktop (ubuntu-22.04)	Build Tauri Desktop	2026-07-31T19:42:35.8763382Z [1m[92m  Downloaded[0m form_urlencoded v1.2.2
build-desktop (ubuntu-22.04)	Build Tauri Desktop	2026-07-31T19:42:35.8772203Z [1m[92m  Downloaded[0m gdkx11 v0.18.2
build-desktop (ubuntu-22.04)	Build Tauri Desktop	2026-07-31T19:42:35.8794065Z [1m[92m  Downloaded[0m futures-channel v0.3.33
build-desktop (ubuntu-22.04)	Build Tauri Desktop	2026-07-31T19:42:35.8814900Z [1m[92m  Downloaded[0m glib-sys v0.18.1
build-desktop (ubuntu-22.04)	Build Tauri Desktop	2026-07-31T19:42:35.8837127Z [1m[92m  Downloaded[0m libappindicator v0.9.0
build-desktop (ubuntu-22.04)	Build Tauri Desktop	2026-07-31T19:42:35.8863207Z [1m[92m  Downloaded[0m new_debug_unreachable v1.0.6
build-desktop (ubuntu-22.04)	Build Tauri Desktop	2026-07-31T19:42:35.8874873Z [1m[92m  Downloaded[0m gobject-sys v0.18.0
build-desktop (ubuntu-22.04)	Build Tauri Desktop	2026-07-31T19:42:35.8890286Z [1m[92m  Downloaded[0m iana-time-zone v0.1.65
build-desktop (ubuntu-22.04)	Build Tauri Desktop	2026-07-31T19:42:35.8923424Z [1m[92m  Downloaded[0m icu_normalizer v2.2.0
build-desktop (ubuntu-22.04)	Build Tauri Desktop	2026-07-31T19:42:35.8965222Z [1m[92m  Downloaded[0m icu_provider v2.2.0
build-desktop (ubuntu-22.04)	Build Tauri Desktop	2026-07-31T19:42:35.8993826Z [1m[92m  Downloaded[0m dpi v0.1.2
build-desktop (ubuntu-22.04)	Build Tauri Desktop	2026-07-31T19:42:35.9005121Z [1m[92m  Downloaded[0m gdkx11-sys v0.18.2
build-desktop (ubuntu-22.04)	Build Tauri Desktop	2026-07-31T19:42:35.9015167Z [1m[92m  Downloaded[0m icu_properties_data v2.2.0
build-desktop (ubuntu-22.04)	Build Tauri Desktop	2026-07-31T19:42:35.9133083Z [1m[92m  Downloaded[0m javascriptcore-rs v1.1.2
build-desktop (ubuntu-22.04)	Build Tauri Desktop	2026-07-31T19:42:35.9162698Z [1m[92m  Downloaded[0m tauri-codegen v2.6.3
build-desktop (ubuntu-22.04)	Build Tauri Desktop	2026-07-31T19:42:35.9179942Z [1m[92m  Downloaded[0m ctor v0.8.0
build-desktop (ubuntu-22.04)	Build Tauri Desktop	2026-07-31T19:42:35.9192238Z [1m[92m  Downloaded[0m javascriptcore-rs-sys v1.1.1
build-desktop (ubuntu-22.04)	Build Tauri Desktop	2026-07-31T19:42:35.9205472Z [1m[92m  Downloaded[0m dtor-proc-macro v0.0.6
build-desktop (ubuntu-22.04)	Build Tauri Desktop	2026-07-31T19:42:35.9214476Z [1m[92m  Downloaded[0m futures-macro v0.3.33
build-desktop (ubuntu-22.04)	Build Tauri Desktop	2026-07-31T19:42:35.9225688Z [1m[92m  Downloaded[0m libloading v0.7.4
build-desktop (ubuntu-22.04)	Build Tauri Desktop	2026-07-31T19:42:35.9250701Z [1m[92m  Downloaded[0m icu_properties v2.2.0
build-desktop (ubuntu-22.04)	Build Tauri Desktop	2026-07-31T19:42:35.9276160Z [1m[92m  Downloaded[0m cssparser v0.36.0
build-desktop (ubuntu-22.04)	Build Tauri Desktop	2026-07-31T19:42:35.9302296Z [1m[92m  Downloaded[0m fnv v1.0.7
build-desktop (ubuntu-22.04)	Build Tauri Desktop	2026-07-31T19:42:35.9311973Z [1m[92m  Downloaded[0m tinyvec_macros v0.1.1
build-desktop (ubuntu-22.04)	Build Tauri Desktop	2026-07-31T19:42:35.9320655Z [1m[92m  Downloaded[0m camino v1.2.5
build-desktop (ubuntu-22.04)	Build Tauri Desktop	2026-07-31T19:42:35.9338450Z [1m[92m  Downloaded[0m erased-serde v0.4.10
build-desktop (ubuntu-22.04)	Build Tauri Desktop	2026-07-31T19:42:35.9365525Z [1m[92m  Downloaded[0m futures-util v0.3.33
build-desktop (ubuntu-22.04)	Build Tauri Desktop	2026-07-31T19:42:35.9512978Z [1m[92m  Downloaded[0m gio-sys v0.18.1
build-desktop (ubuntu-22.04)	Build Tauri Desktop	2026-07-31T19:42:35.9541129Z [1m[92m  Downloaded[0m glob v0.3.4
build-desktop (ubuntu-22.04)	Build Tauri Desktop	2026-07-31T19:42:35.9557482Z [1m[92m  Downloaded[0m indexmap v2.14.0
build-desktop (ubuntu-22.04)	Build Tauri Desktop	2026-07-31T19:42:35.9604305Z [1m[92m  Downloaded[0m toml_edit v0.20.2
build-desktop (ubuntu-22.04)	Build Tauri Desktop	2026-07-31T19:42:35.9834529Z [1m[92m  Downloaded[0m zerofrom-derive v0.1.7
build-desktop (ubuntu-22.04)	Build Tauri Desktop	2026-07-31T19:42:35.9845528Z [1m[92m  Downloaded[0m infer v0.19.0
build-desktop (ubuntu-22.04)	Build Tauri Desktop	2026-07-31T19:42:35.9868894Z [1m[92m  Downloaded[0m dyn-clone v1.0.20
build-desktop (ubuntu-22.04)	Build Tauri Desktop	2026-07-31T19:42:35.9887352Z [1m[92m  Downloaded[0m gdk-sys v0.18.2
build-desktop (ubuntu-22.04)	Build Tauri Desktop	2026-07-31T19:42:35.9910540Z [1m[92m  Downloaded[0m gtk v0.18.2
build-desktop (ubuntu-22.04)	Build Tauri Desktop	2026-07-31T19:42:36.0188715Z [1m[92m  Downloaded[0m toml v0.9.12+spec-1.1.0
build-desktop (ubuntu-22.04)	Build Tauri Desktop	2026-07-31T19:42:36.0234147Z [1m[92m  Downloaded[0m percent-encoding v2.3.2
build-desktop (ubuntu-22.04)	Build Tauri Desktop	2026-07-31T19:42:36.0243672Z [1m[92m  Downloaded[0m phf_macros v0.13.1
build-desktop (ubuntu-22.04)	Build Tauri Desktop	2026-07-31T19:42:36.0254595Z [1m[92m  Downloaded[0m pkg-config v0.3.33
build-desktop (ubuntu-22.04)	Build Tauri Desktop	2026-07-31T19:42:36.0273869Z [1m[92m  Downloaded[0m toml_writer v1.1.2+spec-1.1.0
build-desktop (ubuntu-22.04)	Build Tauri Desktop	2026-07-31T19:42:36.0288497Z [1m[92m  Downloaded[0m utf8_iter v1.0.4
build-desktop (ubuntu-22.04)	Build Tauri Desktop	2026-07-31T19:42:36.0299866Z [1m[92m  Downloaded[0m version-compare v0.2.1
build-desktop (ubuntu-22.04)	Build Tauri Desktop	2026-07-31T19:42:36.0314172Z [1m[92m  Downloaded[0m alloc-stdlib v0.2.4
build-desktop (ubuntu-22.04)	Build Tauri Desktop	2026-07-31T19:42:36.0327347Z [1m[92m  Downloaded[0m cssparser-macros v0.6.1
build-desktop (ubuntu-22.04)	Build Tauri Desktop	2026-07-31T19:42:36.0334628Z [1m[92m  Downloaded[0m bit-vec v0.8.0
build-desktop (ubuntu-22.04)	Build Tauri Desktop	2026-07-31T19:42:36.0352345Z [1m[92m  Downloaded[0m thiserror-impl v2.0.19
build-desktop (ubuntu-22.04)	Build Tauri Desktop	2026-07-31T19:42:36.0368078Z [1m[92m  Downloaded[0m pango-sys v0.18.0
build-desktop (ubuntu-22.04)	Build Tauri Desktop	2026-07-31T19:42:36.0384282Z [1m[92m  Downloaded[0m tauri-utils v2.9.3
build-desktop (ubuntu-22.04)	Build Tauri Desktop	2026-07-31T19:42:36.0430468Z [1m[92m  Downloaded[0m webkit2gtk-sys v2.0.2
build-desktop (ubuntu-22.04)	Build Tauri Desktop	2026-07-31T19:42:36.0445408Z [1m[92m  Downloaded[0m alloc-no-stdlib v2.0.4
build-desktop (ubuntu-22.04)	Build Tauri Desktop	2026-07-31T19:42:36.0464675Z [1m[92m  Downloaded[0m soup3-sys v0.5.0
build-desktop (ubuntu-22.04)	Build Tauri Desktop	2026-07-31T19:42:36.0480469Z [1m[92m  Downloaded[0m cargo_metadata v0.19.2
build-desktop (ubuntu-22.04)	Build Tauri Desktop	2026-07-31T19:42:36.0500809Z [1m[92m  Downloaded[0m plist v1.10.0
build-desktop (ubuntu-22.04)	Build Tauri Desktop	2026-07-31T19:42:36.0546349Z [1m[92m  Downloaded[0m atk v0.18.2
build-desktop (ubuntu-22.04)	Build Tauri Desktop	2026-07-31T19:42:36.0585067Z [1m[92m  Downloaded[0m dtor v0.3.0
build-desktop (ubuntu-22.04)	Build Tauri Desktop	2026-07-31T19:42:36.0596621Z [1m[92m  Downloaded[0m winnow v1.0.4
build-desktop (ubuntu-22.04)	Build Tauri Desktop	2026-07-31T19:42:36.0705214Z [1m[92m  Downloaded[0m schemars v0.9.0
build-desktop (ubuntu-22.04)	Build Tauri Desktop	2026-07-31T19:42:36.0865769Z [1m[92m  Downloaded[0m serde_json v1.0.151
build-desktop (ubuntu-22.04)	Build Tauri Desktop	2026-07-31T19:42:36.0946659Z [1m[92m  Downloaded[0m toml v1.1.4+spec-1.1.0
build-desktop (ubuntu-22.04)	Build Tauri Desktop	2026-07-31T19:42:36.0992132Z [1m[92m  Downloaded[0m unic-common v0.9.0
build-desktop (ubuntu-22.04)	Build Tauri Desktop	2026-07-31T19:42:36.1000567Z [1m[92m  Downloaded[0m unic-ucd-ident v0.9.0
build-desktop (ubuntu-22.04)	Build Tauri Desktop	2026-07-31T19:42:36.1018553Z [1m[92m  Downloaded[0m wry v0.55.1
build-desktop (ubuntu-22.04)	Build Tauri Desktop	2026-07-31T19:42:36.1105089Z [1m[92m  Downloaded[0m cargo_toml v0.22.3
build-desktop (ubuntu-22.04)	Build Tauri Desktop	2026-07-31T19:42:36.1119592Z [1m[92m  Downloaded[0m proc-macro-error-attr v1.0.4
build-desktop (ubuntu-22.04)	Build Tauri Desktop	2026-07-31T19:42:36.1130677Z [1m[92m  Downloaded[0m socket2 v0.6.5
build-desktop (ubuntu-22.04)	Build Tauri Desktop	2026-07-31T19:42:36.1151632Z [1m[92m  Downloaded[0m field-offset v0.3.6
build-desktop (ubuntu-22.04)	Build Tauri Desktop	2026-07-31T19:42:36.1164349Z [1m[92m  Downloaded[0m pango v0.18.3
build-desktop (ubuntu-22.04)	Build Tauri Desktop	2026-07-31T19:42:36.1215539Z [1m[92m  Downloaded[0m serialize-to-javascript-impl v0.1.2
build-desktop (ubuntu-22.04)	Build Tauri Desktop	2026-07-31T19:42:36.1223483Z [1m[92m  Downloaded[0m num_threads v0.1.7
build-desktop (ubuntu-22.04)	Build Tauri Desktop	2026-07-31T19:42:36.1234809Z [1m[92m  Downloaded[0m ref-cast-impl v1.0.26
build-desktop (ubuntu-22.04)	Build Tauri Desktop	2026-07-31T19:42:36.1243990Z [1m[92m  Downloaded[0m servo_arc v0.4.3
build-desktop (ubuntu-22.04)	Build Tauri Desktop	2026-07-31T19:42:36.1253262Z [1m[92m  Downloaded[0m unic-ucd-version v0.9.0
build-desktop (ubuntu-22.04)	Build Tauri Desktop	2026-07-31T19:42:36.1263743Z [1m[92m  Downloaded[0m unic-char-property v0.9.0
build-desktop (ubuntu-22.04)	Build Tauri Desktop	2026-07-31T19:42:36.1277341Z [1m[92m  Downloaded[0m atk-sys v0.18.2
build-desktop (ubuntu-22.04)	Build Tauri Desktop	2026-07-31T19:42:36.1292763Z [1m[92m  Downloaded[0m digest v0.10.7
build-desktop (ubuntu-22.04)	Build Tauri Desktop	2026-07-31T19:42:36.1312529Z [1m[92m  Downloaded[0m idna v1.1.0
build-desktop (ubuntu-22.04)	Build Tauri Desktop	2026-07-31T19:42:36.1351078Z [1m[92m  Downloaded[0m ref-cast v1.0.26
build-desktop (ubuntu-22.04)	Build Tauri Desktop	2026-07-31T19:42:36.1383214Z [1m[92m  Downloaded[0m tauri-winres v0.3.6
build-desktop (ubuntu-22.04)	Build Tauri Desktop	2026-07-31T19:42:36.1401859Z [1m[92m  Downloaded[0m toml_parser v1.1.3+spec-1.1.0
build-desktop (ubuntu-22.04)	Build Tauri Desktop	2026-07-31T19:42:36.1427268Z [1m[92m  Downloaded[0m option-ext v0.2.0
build-desktop (ubuntu-22.04)	Build Tauri Desktop	2026-07-31T19:42:36.1436514Z [1m[92m  Downloaded[0m potential_utf v0.1.5
build-desktop (ubuntu-22.04)	Build Tauri Desktop	2026-07-31T19:42:36.1447997Z [1m[92m  Downloaded[0m slab v0.4.12
build-desktop (ubuntu-22.04)	Build Tauri Desktop	2026-07-31T19:42:36.1462377Z [1m[92m  Downloaded[0m brotli-decompressor v5.0.3
build-desktop (ubuntu-22.04)	Build Tauri Desktop	2026-07-31T19:42:36.1526073Z [1m[92m  Downloaded[0m cpufeatures v0.2.17
build-desktop (ubuntu-22.04)	Build Tauri Desktop	2026-07-31T19:42:36.1541450Z [1m[92m  Downloaded[0m crypto-common v0.1.7
build-desktop (ubuntu-22.04)	Build Tauri Desktop	2026-07-31T19:42:36.1551554Z [1m[92m  Downloaded[0m memchr v2.8.3
build-desktop (ubuntu-22.04)	Build Tauri Desktop	2026-07-31T19:42:36.1614022Z [1m[92m  Downloaded[0m serde_spanned v0.6.9
build-desktop (ubuntu-22.04)	Build Tauri Desktop	2026-07-31T19:42:36.1625516Z [1m[92m  Downloaded[0m thiserror v1.0.69
build-desktop (ubuntu-22.04)	Build Tauri Desktop	2026-07-31T19:42:36.1690093Z [1m[92m  Downloaded[0m cairo-rs v0.18.5
build-desktop (ubuntu-22.04)	Build Tauri Desktop	2026-07-31T19:42:36.1726083Z [1m[92m  Downloaded[0m darling_core v0.23.0
build-desktop (ubuntu-22.04)	Build Tauri Desktop	2026-07-31T19:42:36.1788499Z [1m[92m  Downloaded[0m schemars_derive v0.8.22
build-desktop (ubuntu-22.04)	Build Tauri Desktop	2026-07-31T19:42:36.1806122Z [1m[92m  Downloaded[0m serde_with_macros v3.21.0
build-desktop (ubuntu-22.04)	Build Tauri Desktop	2026-07-31T19:42:36.1826771Z [1m[92m  Downloaded[0m bit-set v0.8.0
build-desktop (ubuntu-22.04)	Build Tauri Desktop	2026-07-31T19:42:36.1841898Z [1m[92m  Downloaded[0m crossbeam-channel v0.5.16
build-desktop (ubuntu-22.04)	Build Tauri Desktop	2026-07-31T19:42:36.1886209Z [1m[92m  Downloaded[0m libappindicator-sys v0.9.0
build-desktop (ubuntu-22.04)	Build Tauri Desktop	2026-07-31T19:42:36.1894310Z [1m[92m  Downloaded[0m serde_derive v1.0.229
build-desktop (ubuntu-22.04)	Build Tauri Desktop	2026-07-31T19:42:36.1928040Z [1m[92m  Downloaded[0m once_cell v1.21.4
build-desktop (ubuntu-22.04)	Build Tauri Desktop	2026-07-31T19:42:36.1956477Z [1m[92m  Downloaded[0m thiserror v2.0.19
build-desktop (ubuntu-22.04)	Build Tauri Desktop	2026-07-31T19:42:36.2029348Z [1m[92m  Downloaded[0m gdk-pixbuf-sys v0.18.0
build-desktop (ubuntu-22.04)	Build Tauri Desktop	2026-07-31T19:42:36.2043264Z [1m[92m  Downloaded[0m glib-macros v0.18.5
build-desktop (ubuntu-22.04)	Build Tauri Desktop	2026-07-31T19:42:36.2071979Z [1m[92m  Downloaded[0m icu_collections v2.2.0
build-desktop (ubuntu-22.04)	Build Tauri Desktop	2026-07-31T19:42:36.2141628Z [1m[92m  Downloaded[0m num-conv v0.2.2
build-desktop (ubuntu-22.04)	Build Tauri Desktop	2026-07-31T19:42:36.2150733Z [1m[92m  Downloaded[0m serde v1.0.229
build-desktop (ubuntu-22.04)	Build Tauri Desktop	2026-07-31T19:42:36.2189299Z [1m[92m  Downloaded[0m yoke v0.8.3
build-desktop (ubuntu-22.04)	Build Tauri Desktop	2026-07-31T19:42:36.2209355Z [1m[92m  Downloaded[0m gdkwayland-sys v0.18.2
build-desktop (ubuntu-22.04)	Build Tauri Desktop	2026-07-31T19:42:36.2216581Z [1m[92m  Downloaded[0m schemars v1.2.2
build-desktop (ubuntu-22.04)	Build Tauri Desktop	2026-07-31T19:42:36.2409356Z [1m[92m  Downloaded[0m png v0.18.1
build-desktop (ubuntu-22.04)	Build Tauri Desktop	2026-07-31T19:42:36.2454569Z [1m[92m  Downloaded[0m gio v0.18.4
build-desktop (ubuntu-22.04)	Build Tauri Desktop	2026-07-31T19:42:36.2639148Z [1m[92m  Downloaded[0m miniz_oxide v0.8.9
build-desktop (ubuntu-22.04)	Build Tauri Desktop	2026-07-31T19:42:36.2665946Z [1m[92m  Downloaded[0m bitflags v2.13.1
build-desktop (ubuntu-22.04)	Build Tauri Desktop	2026-07-31T19:42:36.2718254Z [1m[92m  Downloaded[0m phf_codegen v0.13.1
build-desktop (ubuntu-22.04)	Build Tauri Desktop	2026-07-31T19:42:36.2727014Z [1m[92m  Downloaded[0m serde_spanned v1.1.1
build-desktop (ubuntu-22.04)	Build Tauri Desktop	2026-07-31T19:42:36.2739749Z [1m[92m  Downloaded[0m strsim v0.11.1
build-desktop (ubuntu-22.04)	Build Tauri Desktop	2026-07-31T19:42:36.2753699Z [1m[92m  Downloaded[0m time-core v0.1.9
build-desktop (ubuntu-22.04)	Build Tauri Desktop	2026-07-31T19:42:36.2765594Z [1m[92m  Downloaded[0m serde_derive_internals v0.29.1
build-desktop (ubuntu-22.04)	Build Tauri Desktop	2026-07-31T19:42:36.2782127Z [1m[92m  Downloaded[0m writeable v0.6.3
build-desktop (ubuntu-22.04)	Build Tauri Desktop	2026-07-31T19:42:36.2803975Z [1m[92m  Downloaded[0m tauri-plugin v2.6.3
build-desktop (ubuntu-22.04)	Build Tauri Desktop	2026-07-31T19:42:36.2816117Z [1m[92m  Downloaded[0m ident_case v1.0.1
build-desktop (ubuntu-22.04)	Build Tauri Desktop	2026-07-31T19:42:36.2825399Z [1m[92m  Downloaded[0m jsonptr v0.6.3
build-desktop (ubuntu-22.04)	Build Tauri Desktop	2026-07-31T19:42:36.2853218Z [1m[92m  Downloaded[0m parking_lot v0.12.5
build-desktop (ubuntu-22.04)	Build Tauri Desktop	2026-07-31T19:42:36.2880495Z [1m[92m  Downloaded[0m tao v0.35.3
build-desktop (ubuntu-22.04)	Build Tauri Desktop	2026-07-31T19:42:36.3002713Z [1m[92m  Downloaded[0m zerovec v0.11.6
build-desktop (ubuntu-22.04)	Build Tauri Desktop	2026-07-31T19:42:36.3069342Z [1m[92m  Downloaded[0m webkit2gtk v2.0.2
build-desktop (ubuntu-22.04)	Build Tauri Desktop	2026-07-31T19:42:36.3138005Z [1m[92m  Downloaded[0m itoa v1.0.18
build-desktop (ubuntu-22.04)	Build Tauri Desktop	2026-07-31T19:42:36.3153915Z [1m[92m  Downloaded[0m syn v2.0.119
build-desktop (ubuntu-22.04)	Build Tauri Desktop	2026-07-31T19:42:36.3271540Z [1m[92m  Downloaded[0m futures-io v0.3.33
build-desktop (ubuntu-22.04)	Build Tauri Desktop	2026-07-31T19:42:36.3281601Z [1m[92m  Downloaded[0m regex-syntax v0.8.11
build-desktop (ubuntu-22.04)	Build Tauri Desktop	2026-07-31T19:42:36.3356188Z [1m[92m  Downloaded[0m gdk v0.18.2
build-desktop (ubuntu-22.04)	Build Tauri Desktop	2026-07-31T19:42:36.3423360Z [1m[92m  Downloaded[0m sha2 v0.10.9
build-desktop (ubuntu-22.04)	Build Tauri Desktop	2026-07-31T19:42:36.3452180Z [1m[92m  Downloaded[0m phf_generator v0.13.1
build-desktop (ubuntu-22.04)	Build Tauri Desktop	2026-07-31T19:42:36.3464610Z [1m[92m  Downloaded[0m smallvec v1.15.2
build-desktop (ubuntu-22.04)	Build Tauri Desktop	2026-07-31T19:42:36.3480863Z [1m[92m  Downloaded[0m soup3 v0.5.0
build-desktop (ubuntu-22.04)	Build Tauri Desktop	2026-07-31T19:42:36.3526521Z [1m[92m  Downloaded[0m precomputed-hash v0.1.1
build-desktop (ubuntu-22.04)	Build Tauri Desktop	2026-07-31T19:42:36.3534017Z [1m[92m  Downloaded[0m raw-window-handle v0.6.2
build-desktop (ubuntu-22.04)	Build Tauri Desktop	2026-07-31T19:42:36.3553767Z [1m[92m  Downloaded[0m rustc-hash v2.1.3
build-desktop (ubuntu-22.04)	Build Tauri Desktop	2026-07-31T19:42:36.3567789Z [1m[92m  Downloaded[0m futures-task v0.3.33
build-desktop (ubuntu-22.04)	Build Tauri Desktop	2026-07-31T19:42:36.3581067Z [1m[92m  Downloaded[0m html5ever v0.38.0
build-desktop (ubuntu-22.04)	Build Tauri Desktop	2026-07-31T19:42:36.3620700Z [1m[92m  Downloaded[0m serde_with v3.21.0
build-desktop (ubuntu-22.04)	Build Tauri Desktop	2026-07-31T19:42:36.3768471Z [1m[92m  Downloaded[0m cairo-sys-rs v0.18.2
build-desktop (ubuntu-22.04)	Build Tauri Desktop	2026-07-31T19:42:36.3778854Z [1m[92m  Downloaded[0m selectors v0.36.1
build-desktop (ubuntu-22.04)	Build Tauri Desktop	2026-07-31T19:42:36.3804502Z [1m[92m  Downloaded[0m tauri-build v2.6.3
build-desktop (ubuntu-22.04)	Build Tauri Desktop	2026-07-31T19:42:36.3822736Z [1m[92m  Downloaded[0m block-buffer v0.10.4
build-desktop (ubuntu-22.04)	Build Tauri Desktop	2026-07-31T19:42:36.3834495Z [1m[92m  Downloaded[0m icu_normalizer_data v2.2.0
build-desktop (ubuntu-22.04)	Build Tauri Desktop	2026-07-31T19:42:36.3857572Z [1m[92m  Downloaded[0m tinyvec v1.12.0
build-desktop (ubuntu-22.04)	Build Tauri Desktop	2026-07-31T19:42:36.3886614Z [1m[92m  Downloaded[0m toml_datetime v0.6.3
build-desktop (ubuntu-22.04)	Build Tauri Desktop	2026-07-31T19:42:36.3896971Z [1m[92m  Downloaded[0m url v2.5.8
build-desktop (ubuntu-22.04)	Build Tauri Desktop	2026-07-31T19:42:36.3925427Z [1m[92m  Downloaded[0m cargo-platform v0.1.9
build-desktop (ubuntu-22.04)	Build Tauri Desktop	2026-07-31T19:42:36.3938388Z [1m[92m  Downloaded[0m getrandom v0.3.4
build-desktop (ubuntu-22.04)	Build Tauri Desktop	2026-07-31T19:42:36.3976278Z [1m[92m  Downloaded[0m http v1.5.0
build-desktop (ubuntu-22.04)	Build Tauri Desktop	2026-07-31T19:42:36.4016660Z [1m[92m  Downloaded[0m proc-macro-crate v1.3.1
build-desktop (ubuntu-22.04)	Build Tauri Desktop	2026-07-31T19:42:36.4028549Z [1m[92m  Downloaded[0m tendril v0.5.1
build-desktop (ubuntu-22.04)	Build Tauri Desktop	2026-07-31T19:42:36.4049293Z [1m[92m  Downloaded[0m aho-corasick v1.1.4
build-desktop (ubuntu-22.04)	Build Tauri Desktop	2026-07-31T19:42:36.4106265Z [1m[92m  Downloaded[0m pin-project-lite v0.2.17
build-desktop (ubuntu-22.04)	Build Tauri Desktop	2026-07-31T19:42:36.4172631Z [1m[92m  Downloaded[0m proc-macro-error v1.0.4
build-desktop (ubuntu-22.04)	Build Tauri Desktop	2026-07-31T19:42:36.4210973Z [1m[92m  Downloaded[0m same-file v1.0.6
build-desktop (ubuntu-22.04)	Build Tauri Desktop	2026-07-31T19:42:36.4225798Z [1m[92m  Downloaded[0m system-deps v6.2.2
build-desktop (ubuntu-22.04)	Build Tauri Desktop	2026-07-31T19:42:36.4249583Z [1m[92m  Downloaded[0m toml_edit v0.19.15
build-desktop (ubuntu-22.04)	Build Tauri Desktop	2026-07-31T19:42:36.4474522Z [1m[92m  Downloaded[0m yoke-derive v0.8.2
build-desktop (ubuntu-22.04)	Build Tauri Desktop	2026-07-31T19:42:36.4486429Z [1m[92m  Downloaded[0m typeid v1.0.3
build-desktop (ubuntu-22.04)	Build Tauri Desktop	2026-07-31T19:42:36.4500050Z [1m[92m  Downloaded[0m winnow v0.5.40
build-desktop (ubuntu-22.04)	Build Tauri Desktop	2026-07-31T19:42:36.4596675Z [1m[92m  Downloaded[0m phf v0.13.1
build-desktop (ubuntu-22.04)	Build Tauri Desktop	2026-07-31T19:42:36.4610116Z [1m[92m  Downloaded[0m serialize-to-javascript v0.1.2
build-desktop (ubuntu-22.04)	Build Tauri Desktop	2026-07-31T19:42:36.4623041Z [1m[92m  Downloaded[0m shlex v2.0.1
build-desktop (ubuntu-22.04)	Build Tauri Desktop	2026-07-31T19:42:36.4636881Z [1m[92m  Downloaded[0m bitflags v1.3.2
build-desktop (ubuntu-22.04)	Build Tauri Desktop	2026-07-31T19:42:36.4673216Z [1m[92m  Downloaded[0m serde_core v1.0.229
build-desktop (ubuntu-22.04)	Build Tauri Desktop	2026-07-31T19:42:36.4703319Z [1m[92m  Downloaded[0m version_check v0.9.5
build-desktop (ubuntu-22.04)	Build Tauri Desktop	2026-07-31T19:42:36.4716888Z [1m[92m  Downloaded[0m proc-macro-crate v2.0.2
build-desktop (ubuntu-22.04)	Build Tauri Desktop	2026-07-31T19:42:36.4730850Z [1m[92m  Downloaded[0m toml_datetime v0.7.5+spec-1.1.0
build-desktop (ubuntu-22.04)	Build Tauri Desktop	2026-07-31T19:42:36.4744789Z [1m[92m  Downloaded[0m thiserror-impl v1.0.69
build-desktop (ubuntu-22.04)	Build Tauri Desktop	2026-07-31T19:42:36.4759228Z [1m[92m  Downloaded[0m phf_shared v0.13.1
build-desktop (ubuntu-22.04)	Build Tauri Desktop	2026-07-31T19:42:36.4769195Z [1m[92m  Downloaded[0m rustc_version v0.4.1
build-desktop (ubuntu-22.04)	Build Tauri Desktop	2026-07-31T19:42:36.4783338Z [1m[92m  Downloaded[0m string_cache_codegen v0.6.1
build-desktop (ubuntu-22.04)	Build Tauri Desktop	2026-07-31T19:42:36.4791766Z [1m[92m  Downloaded[0m unicode-segmentation v1.13.3
build-desktop (ubuntu-22.04)	Build Tauri Desktop	2026-07-31T19:42:36.4822819Z [1m[92m  Downloaded[0m bs58 v0.5.1
build-desktop (ubuntu-22.04)	Build Tauri Desktop	2026-07-31T19:42:36.4847363Z [1m[92m  Downloaded[0m base64 v0.22.1
build-desktop (ubuntu-22.04)	Build Tauri Desktop	2026-07-31T19:42:36.4889480Z [1m[92m  Downloaded[0m synstructure v0.13.2
build-desktop (ubuntu-22.04)	Build Tauri Desktop	2026-07-31T19:42:36.4900478Z [1m[92m  Downloaded[0m unic-char-range v0.9.0
build-desktop (ubuntu-22.04)	Build Tauri Desktop	2026-07-31T19:42:36.4915807Z [1m[92m  Downloaded[0m x11 v2.21.0
build-desktop (ubuntu-22.04)	Build Tauri Desktop	2026-07-31T19:42:36.4950719Z [1m[92m  Downloaded[0m cfb v0.7.3
build-desktop (ubuntu-22.04)	Build Tauri Desktop	2026-07-31T19:42:36.4991855Z [1m[92m  Downloaded[0m crc32fast v1.5.0
build-desktop (ubuntu-22.04)	Build Tauri Desktop	2026-07-31T19:42:36.5012404Z [1m[92m  Downloaded[0m quick-xml v0.41.0
build-desktop (ubuntu-22.04)	Build Tauri Desktop	2026-07-31T19:42:36.5077110Z [1m[92m  Downloaded[0m png v0.17.16
build-desktop (ubuntu-22.04)	Build Tauri Desktop	2026-07-31T19:42:36.5119606Z [1m[92m  Downloaded[0m syn v3.0.3
build-desktop (ubuntu-22.04)	Build Tauri Desktop	2026-07-31T19:42:36.5237743Z [1m[92m  Downloaded[0m urlpattern v0.3.0
build-desktop (ubuntu-22.04)	Build Tauri Desktop	2026-07-31T19:42:36.5257994Z [1m[92m  Downloaded[0m tray-icon v0.24.2
build-desktop (ubuntu-22.04)	Build Tauri Desktop	2026-07-31T19:42:36.5284733Z [1m[92m  Downloaded[0m anyhow v1.0.104
build-desktop (ubuntu-22.04)	Build Tauri Desktop	2026-07-31T19:42:36.5329161Z [1m[92m  Downloaded[0m cfg-if v1.0.4
build-desktop (ubuntu-22.04)	Build Tauri Desktop	2026-07-31T19:42:36.5343785Z [1m[92m  Downloaded[0m typenum v1.20.1
build-desktop (ubuntu-22.04)	Build Tauri Desktop	2026-07-31T19:42:36.5383950Z [1m[92m  Downloaded[0m syn v1.0.109
build-desktop (ubuntu-22.04)	Build Tauri Desktop	2026-07-31T19:42:36.5489632Z [1m[92m  Downloaded[0m zerotrie v0.2.4
build-desktop (ubuntu-22.04)	Build Tauri Desktop	2026-07-31T19:42:36.5534678Z [1m[92m  Downloaded[0m byteorder v1.5.0
build-desktop (ubuntu-22.04)	Build Tauri Desktop	2026-07-31T19:42:36.5553280Z [1m[92m  Downloaded[0m serde_repr v0.1.21
build-desktop (ubuntu-22.04)	Build Tauri Desktop	2026-07-31T19:42:36.5576498Z [1m[92m  Downloaded[0m toml v0.8.2
build-desktop (ubuntu-22.04)	Build Tauri Desktop	2026-07-31T19:42:36.5612668Z [1m[92m  Downloaded[0m schemars v0.8.22
build-desktop (ubuntu-22.04)	Build Tauri Desktop	2026-07-31T19:42:36.5759562Z [1m[92m  Downloaded[0m cc v1.4.0
build-desktop (ubuntu-22.04)	Build Tauri Desktop	2026-07-31T19:42:36.5793825Z [1m[92m  Downloaded[0m crossbeam-utils v0.8.22
build-desktop (ubuntu-22.04)	Build Tauri Desktop	2026-07-31T19:42:36.5824655Z [1m[92m  Downloaded[0m siphasher v1.0.3
build-desktop (ubuntu-22.04)	Build Tauri Desktop	2026-07-31T19:42:36.5839823Z [1m[92m  Downloaded[0m target-lexicon v0.12.16
build-desktop (ubuntu-22.04)	Build Tauri Desktop	2026-07-31T19:42:36.5862523Z [1m[92m  Downloaded[0m zerofrom v0.1.8
build-desktop (ubuntu-22.04)	Build Tauri Desktop	2026-07-31T19:42:36.5872814Z [1m[92m  Downloaded[0m chrono v0.4.45
build-desktop (ubuntu-22.04)	Build Tauri Desktop	2026-07-31T19:42:36.5947226Z [1m[92m  Downloaded[0m cfg-expr v0.15.8
build-desktop (ubuntu-22.04)	Build Tauri Desktop	2026-07-31T19:42:36.5979972Z [1m[92m  Downloaded[0m web_atoms v0.2.5
build-desktop (ubuntu-22.04)	Build Tauri Desktop	2026-07-31T19:42:36.5991945Z [1m[92m  Downloaded[0m cookie v0.18.1
build-desktop (ubuntu-22.04)	Build Tauri Desktop	2026-07-31T19:42:36.6018573Z [1m[92m  Downloaded[0m zmij v1.0.23
build-desktop (ubuntu-22.04)	Build Tauri Desktop	2026-07-31T19:42:36.6037976Z [1m[92m  Downloaded[0m libc v0.2.189
build-desktop (ubuntu-22.04)	Build Tauri Desktop	2026-07-31T19:42:36.6530523Z [1m[92m  Downloaded[0m brotli v8.0.4
build-desktop (ubuntu-22.04)	Build Tauri Desktop	2026-07-31T19:42:36.6691885Z [1m[92m  Downloaded[0m tokio v1.53.1
build-desktop (ubuntu-22.04)	Build Tauri Desktop	2026-07-31T19:42:36.7193289Z [1m[92m  Downloaded[0m num-traits v0.2.19
build-desktop (ubuntu-22.04)	Build Tauri Desktop	2026-07-31T19:42:36.7221497Z [1m[92m  Downloaded[0m time v0.3.54
build-desktop (ubuntu-22.04)	Build Tauri Desktop	2026-07-31T19:42:36.7386231Z [1m[92m  Downloaded[0m winnow v0.7.15
build-desktop (ubuntu-22.04)	Build Tauri Desktop	2026-07-31T19:42:36.7493047Z [1m[92m  Downloaded[0m serde-untagged v0.1.9
build-desktop (ubuntu-22.04)	Build Tauri Desktop	2026-07-31T19:42:36.7510968Z [1m[92m  Downloaded[0m semver v1.0.28
build-desktop (ubuntu-22.04)	Build Tauri Desktop	2026-07-31T19:42:36.7536821Z [1m[92m  Downloaded[0m powerfmt v0.2.0
build-desktop (ubuntu-22.04)	Build Tauri Desktop	2026-07-31T19:42:36.7549117Z [1m[92m  Downloaded[0m string_cache v0.9.0
build-desktop (ubuntu-22.04)	Build Tauri Desktop	2026-07-31T19:42:36.7565929Z [1m[92m  Downloaded[0m parking_lot_core v0.9.12
build-desktop (ubuntu-22.04)	Build Tauri Desktop	2026-07-31T19:42:36.7588988Z [1m[92m  Downloaded[0m quote v1.0.47
build-desktop (ubuntu-22.04)	Build Tauri Desktop	2026-07-31T19:42:36.7618716Z [1m[92m  Downloaded[0m autocfg v1.5.1
build-desktop (ubuntu-22.04)	Build Tauri Desktop	2026-07-31T19:42:36.7639283Z [1m[92m  Downloaded[0m x11-dl v2.21.0
build-desktop (ubuntu-22.04)	Build Tauri Desktop	2026-07-31T19:42:36.7673845Z [1m[92m  Downloaded[0m time-macros v0.2.32
build-desktop (ubuntu-22.04)	Build Tauri Desktop	2026-07-31T19:42:36.7700705Z [1m[92m  Downloaded[0m simd-adler32 v0.3.10
build-desktop (ubuntu-22.04)	Build Tauri Desktop	2026-07-31T19:42:36.7721282Z [1m[92m  Downloaded[0m unicode-ident v1.0.24
build-desktop (ubuntu-22.04)	Build Tauri Desktop	2026-07-31T19:42:36.7752431Z [1m[92m  Downloaded[0m regex v1.13.1
build-desktop (ubuntu-22.04)	Build Tauri Desktop	2026-07-31T19:42:36.7810449Z [1m[92m  Downloaded[0m zerovec-derive v0.11.3
build-desktop (ubuntu-22.04)	Build Tauri Desktop	2026-07-31T19:42:36.7826746Z [1m[92m  Downloaded[0m stable_deref_trait v1.2.1
build-desktop (ubuntu-22.04)	Build Tauri Desktop	2026-07-31T19:42:36.7836345Z [1m[92m  Downloaded[0m lock_api v0.4.14
build-desktop (ubuntu-22.04)	Build Tauri Desktop	2026-07-31T19:42:36.7850565Z [1m[92m  Downloaded[0m uuid v1.24.0
build-desktop (ubuntu-22.04)	Build Tauri Desktop	2026-07-31T19:42:36.7882381Z [1m[92m  Downloaded[0m proc-macro2 v1.0.107
build-desktop (ubuntu-22.04)	Build Tauri Desktop	2026-07-31T19:42:36.7914539Z [1m[92m  Downloaded[0m tinystr v0.8.3
build-desktop (ubuntu-22.04)	Build Tauri Desktop	2026-07-31T19:42:36.9042994Z [1m[92m  Downloaded[0m bytes v1.12.1
build-desktop (ubuntu-22.04)	Build Tauri Desktop	2026-07-31T19:42:37.2729789Z [1m[92m   Compiling[0m proc-macro2 v1.0.107
build-desktop (ubuntu-22.04)	Build Tauri Desktop	2026-07-31T19:42:37.2730789Z [1m[92m   Compiling[0m unicode-ident v1.0.24
build-desktop (ubuntu-22.04)	Build Tauri Desktop	2026-07-31T19:42:37.2731889Z [1m[92m   Compiling[0m quote v1.0.47
build-desktop (ubuntu-22.04)	Build Tauri Desktop	2026-07-31T19:42:37.2732708Z [1m[92m   Compiling[0m serde_core v1.0.229
build-desktop (ubuntu-22.04)	Build Tauri Desktop	2026-07-31T19:42:39.8567211Z [1m[92m   Compiling[0m serde v1.0.229
build-desktop (ubuntu-22.04)	Build Tauri Desktop	2026-07-31T19:42:41.7884405Z [1m[92m   Compiling[0m smallvec v1.15.2
build-desktop (ubuntu-22.04)	Build Tauri Desktop	2026-07-31T19:42:41.7930417Z [1m[92m   Compiling[0m equivalent v1.0.2
build-desktop (ubuntu-22.04)	Build Tauri Desktop	2026-07-31T19:42:41.8395519Z [1m[92m   Compiling[0m hashbrown v0.17.1
build-desktop (ubuntu-22.04)	Build Tauri Desktop	2026-07-31T19:42:42.0991287Z [1m[92m   Compiling[0m libc v0.2.189
build-desktop (ubuntu-22.04)	Build Tauri Desktop	2026-07-31T19:42:42.3950695Z [1m[92m   Compiling[0m pkg-config v0.3.33
build-desktop (ubuntu-22.04)	Build Tauri Desktop	2026-07-31T19:42:42.5510423Z [1m[92m   Compiling[0m indexmap v2.14.0
build-desktop (ubuntu-22.04)	Build Tauri Desktop	2026-07-31T19:42:43.0716566Z [1m[92m   Compiling[0m heck v0.5.0
build-desktop (ubuntu-22.04)	Build Tauri Desktop	2026-07-31T19:42:43.1793194Z [1m[92m   Compiling[0m syn v3.0.3
build-desktop (ubuntu-22.04)	Build Tauri Desktop	2026-07-31T19:42:43.2280919Z [1m[92m   Compiling[0m syn v2.0.119
build-desktop (ubuntu-22.04)	Build Tauri Desktop	2026-07-31T19:42:43.3460676Z [1m[92m   Compiling[0m winnow v0.5.40
build-desktop (ubuntu-22.04)	Build Tauri Desktop	2026-07-31T19:42:44.2540608Z [1m[92m   Compiling[0m target-lexicon v0.12.16
build-desktop (ubuntu-22.04)	Build Tauri Desktop	2026-07-31T19:42:44.8810705Z [1m[92m   Compiling[0m cfg-expr v0.15.8
build-desktop (ubuntu-22.04)	Build Tauri Desktop	2026-07-31T19:42:45.1820616Z [1m[92m   Compiling[0m version-compare v0.2.1
build-desktop (ubuntu-22.04)	Build Tauri Desktop	2026-07-31T19:42:45.6892880Z [1m[92m   Compiling[0m serde_derive v1.0.229
build-desktop (ubuntu-22.04)	Build Tauri Desktop	2026-07-31T19:42:46.8300701Z [1m[92m   Compiling[0m synstructure v0.13.2
build-desktop (ubuntu-22.04)	Build Tauri Desktop	2026-07-31T19:42:47.3480589Z [1m[92m   Compiling[0m displaydoc v0.2.7
build-desktop (ubuntu-22.04)	Build Tauri Desktop	2026-07-31T19:42:47.9890783Z [1m[92m   Compiling[0m version_check v0.9.5
build-desktop (ubuntu-22.04)	Build Tauri Desktop	2026-07-31T19:42:48.2110637Z [1m[92m   Compiling[0m thiserror v1.0.69
build-desktop (ubuntu-22.04)	Build Tauri Desktop	2026-07-31T19:42:48.3670935Z [1m[92m   Compiling[0m siphasher v1.0.3
build-desktop (ubuntu-22.04)	Build Tauri Desktop	2026-07-31T19:42:48.3710505Z [1m[92m   Compiling[0m icu_normalizer_data v2.2.0
build-desktop (ubuntu-22.04)	Build Tauri Desktop	2026-07-31T19:42:48.4152419Z [1m[92m   Compiling[0m zerofrom-derive v0.1.7
build-desktop (ubuntu-22.04)	Build Tauri Desktop	2026-07-31T19:42:48.4631141Z [1m[92m   Compiling[0m yoke-derive v0.8.2
build-desktop (ubuntu-22.04)	Build Tauri Desktop	2026-07-31T19:42:48.5046981Z [1m[92m   Compiling[0m zerovec-derive v0.11.3
build-desktop (ubuntu-22.04)	Build Tauri Desktop	2026-07-31T19:42:49.2420698Z [1m[92m   Compiling[0m toml_datetime v0.6.3
build-desktop (ubuntu-22.04)	Build Tauri Desktop	2026-07-31T19:42:49.3998414Z [1m[92m   Compiling[0m serde_spanned v0.6.9
build-desktop (ubuntu-22.04)	Build Tauri Desktop	2026-07-31T19:42:49.4790444Z [1m[92m   Compiling[0m toml_edit v0.20.2
build-desktop (ubuntu-22.04)	Build Tauri Desktop	2026-07-31T19:42:49.5039375Z [1m[92m   Compiling[0m thiserror-impl v1.0.69
build-desktop (ubuntu-22.04)	Build Tauri Desktop	2026-07-31T19:42:49.5445282Z [1m[92m   Compiling[0m phf_shared v0.13.1
build-desktop (ubuntu-22.04)	Build Tauri Desktop	2026-07-31T19:42:49.5599461Z [1m[92m   Compiling[0m fastrand v2.5.0
build-desktop (ubuntu-22.04)	Build Tauri Desktop	2026-07-31T19:42:49.6670599Z [1m[92m   Compiling[0m icu_properties_data v2.2.0
build-desktop (ubuntu-22.04)	Build Tauri Desktop	2026-07-31T19:42:49.7681158Z [1m[92m   Compiling[0m phf_generator v0.13.1
build-desktop (ubuntu-22.04)	Build Tauri Desktop	2026-07-31T19:42:49.7726869Z [1m[92m   Compiling[0m stable_deref_trait v1.2.1
build-desktop (ubuntu-22.04)	Build Tauri Desktop	2026-07-31T19:42:49.8190519Z [1m[92m   Compiling[0m cfg-if v1.0.4
build-desktop (ubuntu-22.04)	Build Tauri Desktop	2026-07-31T19:42:49.8570419Z [1m[92m   Compiling[0m memchr v2.8.3
build-desktop (ubuntu-22.04)	Build Tauri Desktop	2026-07-31T19:42:49.8960264Z [1m[92m   Compiling[0m zmij v1.0.23
build-desktop (ubuntu-22.04)	Build Tauri Desktop	2026-07-31T19:42:50.0350594Z [1m[92m   Compiling[0m zerofrom v0.1.8
build-desktop (ubuntu-22.04)	Build Tauri Desktop	2026-07-31T19:42:50.1416545Z [1m[92m   Compiling[0m autocfg v1.5.1
build-desktop (ubuntu-22.04)	Build Tauri Desktop	2026-07-31T19:42:50.5740340Z [1m[92m   Compiling[0m yoke v0.8.3
build-desktop (ubuntu-22.04)	Build Tauri Desktop	2026-07-31T19:42:50.7740608Z [1m[92m   Compiling[0m semver v1.0.28
build-desktop (ubuntu-22.04)	Build Tauri Desktop	2026-07-31T19:42:51.2530034Z [1m[92m   Compiling[0m toml v0.8.2
build-desktop (ubuntu-22.04)	Build Tauri Desktop	2026-07-31T19:42:51.2980578Z [1m[92m   Compiling[0m parking_lot_core v0.9.12
build-desktop (ubuntu-22.04)	Build Tauri Desktop	2026-07-31T19:42:51.4750420Z [1m[92m   Compiling[0m zerovec v0.11.6
build-desktop (ubuntu-22.04)	Build Tauri Desktop	2026-07-31T19:42:51.6990549Z [1m[92m   Compiling[0m system-deps v6.2.2
build-desktop (ubuntu-22.04)	Build Tauri Desktop	2026-07-31T19:42:52.0470419Z [1m[92m   Compiling[0m phf_macros v0.13.1
build-desktop (ubuntu-22.04)	Build Tauri Desktop	2026-07-31T19:42:52.1290666Z [1m[92m   Compiling[0m proc-macro-error-attr v1.0.4
build-desktop (ubuntu-22.04)	Build Tauri Desktop	2026-07-31T19:42:52.2291138Z [1m[92m   Compiling[0m typeid v1.0.3
build-desktop (ubuntu-22.04)	Build Tauri Desktop	2026-07-31T19:42:52.3900603Z [1m[92m   Compiling[0m syn v1.0.109
build-desktop (ubuntu-22.04)	Build Tauri Desktop	2026-07-31T19:42:52.4708650Z [1m[92m   Compiling[0m proc-macro-error v1.0.4
build-desktop (ubuntu-22.04)	Build Tauri Desktop	2026-07-31T19:42:52.5015530Z [1m[92m   Compiling[0m glib-sys v0.18.1
build-desktop (ubuntu-22.04)	Build Tauri Desktop	2026-07-31T19:42:52.5660534Z [1m[92m   Compiling[0m gobject-sys v0.18.0
build-desktop (ubuntu-22.04)	Build Tauri Desktop	2026-07-31T19:42:52.5689632Z [1m[92m   Compiling[0m gio-sys v0.18.1
build-desktop (ubuntu-22.04)	Build Tauri Desktop	2026-07-31T19:42:52.6919163Z [1m[92m   Compiling[0m thiserror v2.0.19
build-desktop (ubuntu-22.04)	Build Tauri Desktop	2026-07-31T19:42:52.7160276Z [1m[92m   Compiling[0m time-core v0.1.9
build-desktop (ubuntu-22.04)	Build Tauri Desktop	2026-07-31T19:42:52.7559272Z [1m[92m   Compiling[0m num-conv v0.2.2
build-desktop (ubuntu-22.04)	Build Tauri Desktop	2026-07-31T19:42:52.8971709Z [1m[92m   Compiling[0m gdk-sys v0.18.2
build-desktop (ubuntu-22.04)	Build Tauri Desktop	2026-07-31T19:42:53.1826377Z [1m[92m   Compiling[0m tinystr v0.8.3
build-desktop (ubuntu-22.04)	Build Tauri Desktop	2026-07-31T19:42:53.3671042Z [1m[92m   Compiling[0m phf_codegen v0.13.1
build-desktop (ubuntu-22.04)	Build Tauri Desktop	2026-07-31T19:42:53.4703283Z [1m[92m   Compiling[0m futures-core v0.3.33
build-desktop (ubuntu-22.04)	Build Tauri Desktop	2026-07-31T19:42:53.4910443Z [1m[92m   Compiling[0m ident_case v1.0.1
build-desktop (ubuntu-22.04)	Build Tauri Desktop	2026-07-31T19:42:53.5510668Z [1m[92m   Compiling[0m litemap v0.8.2
build-desktop (ubuntu-22.04)	Build Tauri Desktop	2026-07-31T19:42:53.5820038Z [1m[92m   Compiling[0m pin-project-lite v0.2.17
build-desktop (ubuntu-22.04)	Build Tauri Desktop	2026-07-31T19:42:53.6470261Z [1m[92m   Compiling[0m itoa v1.0.18
build-desktop (ubuntu-22.04)	Build Tauri Desktop	2026-07-31T19:42:53.7060735Z [1m[92m   Compiling[0m erased-serde v0.4.10
build-desktop (ubuntu-22.04)	Build Tauri Desktop	2026-07-31T19:42:53.7700595Z [1m[92m   Compiling[0m writeable v0.6.3
build-desktop (ubuntu-22.04)	Build Tauri Desktop	2026-07-31T19:42:53.7820549Z [1m[92m   Compiling[0m strsim v0.11.1
build-desktop (ubuntu-22.04)	Build Tauri Desktop	2026-07-31T19:42:53.9226405Z [1m[92m   Compiling[0m icu_locale_core v2.2.0
build-desktop (ubuntu-22.04)	Build Tauri Desktop	2026-07-31T19:42:54.0372187Z [1m[92m   Compiling[0m darling_core v0.23.0
build-desktop (ubuntu-22.04)	Build Tauri Desktop	2026-07-31T19:42:54.2305422Z [1m[92m   Compiling[0m potential_utf v0.1.5
build-desktop (ubuntu-22.04)	Build Tauri Desktop	2026-07-31T19:42:54.3310560Z [1m[92m   Compiling[0m zerotrie v0.2.4
build-desktop (ubuntu-22.04)	Build Tauri Desktop	2026-07-31T19:42:54.5856214Z [1m[92m   Compiling[0m futures-macro v0.3.33
build-desktop (ubuntu-22.04)	Build Tauri Desktop	2026-07-31T19:42:55.1640664Z [1m[92m   Compiling[0m thiserror-impl v2.0.19
build-desktop (ubuntu-22.04)	Build Tauri Desktop	2026-07-31T19:42:55.2630416Z [1m[92m   Compiling[0m futures-task v0.3.33
build-desktop (ubuntu-22.04)	Build Tauri Desktop	2026-07-31T19:42:55.3860344Z [1m[92m   Compiling[0m slab v0.4.12
build-desktop (ubuntu-22.04)	Build Tauri Desktop	2026-07-31T19:42:55.5370719Z [1m[92m   Compiling[0m utf8_iter v1.0.4
build-desktop (ubuntu-22.04)	Build Tauri Desktop	2026-07-31T19:42:55.6240504Z [1m[92m   Compiling[0m once_cell v1.21.4
build-desktop (ubuntu-22.04)	Build Tauri Desktop	2026-07-31T19:42:55.8230511Z [1m[92m   Compiling[0m icu_collections v2.2.0
build-desktop (ubuntu-22.04)	Build Tauri Desktop	2026-07-31T19:42:56.2521516Z [1m[92m   Compiling[0m futures-util v0.3.33
build-desktop (ubuntu-22.04)	Build Tauri Desktop	2026-07-31T19:42:56.2849892Z [1m[92m   Compiling[0m icu_provider v2.2.0
build-desktop (ubuntu-22.04)	Build Tauri Desktop	2026-07-31T19:42:56.5630477Z [1m[92m   Compiling[0m proc-macro-crate v2.0.2
build-desktop (ubuntu-22.04)	Build Tauri Desktop	2026-07-31T19:42:56.7762970Z [1m[92m   Compiling[0m darling_macro v0.23.0
build-desktop (ubuntu-22.04)	Build Tauri Desktop	2026-07-31T19:42:56.8494949Z [1m[92m   Compiling[0m rustc_version v0.4.1
build-desktop (ubuntu-22.04)	Build Tauri Desktop	2026-07-31T19:42:57.0150537Z [1m[92m   Compiling[0m bitflags v2.13.1
build-desktop (ubuntu-22.04)	Build Tauri Desktop	2026-07-31T19:42:57.0739704Z [1m[92m   Compiling[0m new_debug_unreachable v1.0.6
build-desktop (ubuntu-22.04)	Build Tauri Desktop	2026-07-31T19:42:57.0860532Z [1m[92m   Compiling[0m anyhow v1.0.104
build-desktop (ubuntu-22.04)	Build Tauri Desktop	2026-07-31T19:42:57.1130653Z [1m[92m   Compiling[0m scopeguard v1.2.0
build-desktop (ubuntu-22.04)	Build Tauri Desktop	2026-07-31T19:42:57.2071183Z [1m[92m   Compiling[0m heck v0.4.1
build-desktop (ubuntu-22.04)	Build Tauri Desktop	2026-07-31T19:42:57.3585095Z [1m[92m   Compiling[0m glib-macros v0.18.5
build-desktop (ubuntu-22.04)	Build Tauri Desktop	2026-07-31T19:42:57.3660845Z [1m[92m   Compiling[0m lock_api v0.4.14
build-desktop (ubuntu-22.04)	Build Tauri Desktop	2026-07-31T19:42:57.4930971Z [1m[92m   Compiling[0m darling v0.23.0
build-desktop (ubuntu-22.04)	Build Tauri Desktop	2026-07-31T19:42:57.6520578Z [1m[92m   Compiling[0m futures-channel v0.3.33
build-desktop (ubuntu-22.04)	Build Tauri Desktop	2026-07-31T19:42:57.7440716Z [1m[92m   Compiling[0m phf v0.13.1
build-desktop (ubuntu-22.04)	Build Tauri Desktop	2026-07-31T19:42:57.8580905Z [1m[92m   Compiling[0m gdk-pixbuf-sys v0.18.0
build-desktop (ubuntu-22.04)	Build Tauri Desktop	2026-07-31T19:42:57.8629419Z [1m[92m   Compiling[0m pango-sys v0.18.0
build-desktop (ubuntu-22.04)	Build Tauri Desktop	2026-07-31T19:42:57.9941895Z [1m[92m   Compiling[0m cairo-sys-rs v0.18.2
build-desktop (ubuntu-22.04)	Build Tauri Desktop	2026-07-31T19:42:58.0260605Z [1m[92m   Compiling[0m string_cache_codegen v0.6.1
build-desktop (ubuntu-22.04)	Build Tauri Desktop	2026-07-31T19:42:58.1510476Z [1m[92m   Compiling[0m getrandom v0.4.3
build-desktop (ubuntu-22.04)	Build Tauri Desktop	2026-07-31T19:42:58.2866776Z [1m[92m   Compiling[0m futures-executor v0.3.33
build-desktop (ubuntu-22.04)	Build Tauri Desktop	2026-07-31T19:42:58.3847998Z [1m[92m   Compiling[0m precomputed-hash v0.1.1
build-desktop (ubuntu-22.04)	Build Tauri Desktop	2026-07-31T19:42:58.4260394Z [1m[92m   Compiling[0m serde_json v1.0.151
build-desktop (ubuntu-22.04)	Build Tauri Desktop	2026-07-31T19:42:58.4450740Z [1m[92m   Compiling[0m winnow v1.0.4
build-desktop (ubuntu-22.04)	Build Tauri Desktop	2026-07-31T19:42:58.5334900Z [1m[92m   Compiling[0m web_atoms v0.2.5
build-desktop (ubuntu-22.04)	Build Tauri Desktop	2026-07-31T19:42:58.7747519Z [1m[92m   Compiling[0m toml_parser v1.1.3+spec-1.1.0
build-desktop (ubuntu-22.04)	Build Tauri Desktop	2026-07-31T19:42:58.9470432Z [1m[92m   Compiling[0m parking_lot v0.12.5
build-desktop (ubuntu-22.04)	Build Tauri Desktop	2026-07-31T19:42:59.1350545Z [1m[92m   Compiling[0m icu_properties v2.2.0
build-desktop (ubuntu-22.04)	Build Tauri Desktop	2026-07-31T19:42:59.2450381Z [1m[92m   Compiling[0m serde_with_macros v3.21.0
build-desktop (ubuntu-22.04)	Build Tauri Desktop	2026-07-31T19:42:59.3560771Z [1m[92m   Compiling[0m icu_normalizer v2.2.0
build-desktop (ubuntu-22.04)	Build Tauri Desktop	2026-07-31T19:42:59.8307793Z [1m[92m   Compiling[0m atk-sys v0.18.2
build-desktop (ubuntu-22.04)	Build Tauri Desktop	2026-07-31T19:42:59.9850491Z [1m[92m   Compiling[0m serde_spanned v1.1.1
build-desktop (ubuntu-22.04)	Build Tauri Desktop	2026-07-31T19:43:00.0740799Z [1m[92m   Compiling[0m toml_writer v1.1.2+spec-1.1.0
build-desktop (ubuntu-22.04)	Build Tauri Desktop	2026-07-31T19:43:00.1310473Z [1m[92m   Compiling[0m ctor-proc-macro v0.0.7
build-desktop (ubuntu-22.04)	Build Tauri Desktop	2026-07-31T19:43:00.2760501Z [1m[92m   Compiling[0m glib v0.18.5
build-desktop (ubuntu-22.04)	Build Tauri Desktop	2026-07-31T19:43:00.3160889Z [1m[92m   Compiling[0m idna_adapter v1.2.2
build-desktop (ubuntu-22.04)	Build Tauri Desktop	2026-07-31T19:43:00.4330654Z [1m[92m   Compiling[0m string_cache v0.9.0
build-desktop (ubuntu-22.04)	Build Tauri Desktop	2026-07-31T19:43:01.2410216Z [1m[92m   Compiling[0m log v0.4.33
build-desktop (ubuntu-22.04)	Build Tauri Desktop	2026-07-31T19:43:01.3750367Z [1m[92m   Compiling[0m dtoa v1.0.11
build-desktop (ubuntu-22.04)	Build Tauri Desktop	2026-07-31T19:43:01.4700524Z [1m[92m   Compiling[0m percent-encoding v2.3.2
build-desktop (ubuntu-22.04)	Build Tauri Desktop	2026-07-31T19:43:01.5050641Z [1m[92m   Compiling[0m dtoa-short v0.3.5
build-desktop (ubuntu-22.04)	Build Tauri Desktop	2026-07-31T19:43:01.5721617Z [1m[92m   Compiling[0m form_urlencoded v1.2.2
build-desktop (ubuntu-22.04)	Build Tauri Desktop	2026-07-31T19:43:01.5860254Z [1m[92m   Compiling[0m uuid v1.24.0
build-desktop (ubuntu-22.04)	Build Tauri Desktop	2026-07-31T19:43:01.9840614Z [1m[92m   Compiling[0m idna v1.1.0
build-desktop (ubuntu-22.04)	Build Tauri Desktop	2026-07-31T19:43:02.3289986Z [1m[92m   Compiling[0m tendril v0.5.1
build-desktop (ubuntu-22.04)	Build Tauri Desktop	2026-07-31T19:43:02.5054818Z [1m[92m   Compiling[0m selectors v0.36.1
build-desktop (ubuntu-22.04)	Build Tauri Desktop	2026-07-31T19:43:02.5811909Z [1m[92m   Compiling[0m aho-corasick v1.1.4
build-desktop (ubuntu-22.04)	Build Tauri Desktop	2026-07-31T19:43:02.5820213Z [1m[92m   Compiling[0m indexmap v1.9.3
build-desktop (ubuntu-22.04)	Build Tauri Desktop	2026-07-31T19:43:02.6852008Z [1m[92m   Compiling[0m cssparser-macros v0.6.1
build-desktop (ubuntu-22.04)	Build Tauri Desktop	2026-07-31T19:43:02.7370378Z [1m[92m   Compiling[0m derive_more-impl v2.1.1
build-desktop (ubuntu-22.04)	Build Tauri Desktop	2026-07-31T19:43:02.9600682Z [1m[92m   Compiling[0m toml_datetime v1.1.1+spec-1.1.0
build-desktop (ubuntu-22.04)	Build Tauri Desktop	2026-07-31T19:43:03.2050359Z [1m[92m   Compiling[0m byteorder v1.5.0
build-desktop (ubuntu-22.04)	Build Tauri Desktop	2026-07-31T19:43:03.3965234Z [1m[92m   Compiling[0m unic-char-range v0.9.0
build-desktop (ubuntu-22.04)	Build Tauri Desktop	2026-07-31T19:43:03.4640531Z [1m[92m   Compiling[0m regex-syntax v0.8.11
build-desktop (ubuntu-22.04)	Build Tauri Desktop	2026-07-31T19:43:03.5570316Z [1m[92m   Compiling[0m gio v0.18.4
build-desktop (ubuntu-22.04)	Build Tauri Desktop	2026-07-31T19:43:03.6630731Z [1m[92m   Compiling[0m alloc-no-stdlib v2.0.4
build-desktop (ubuntu-22.04)	Build Tauri Desktop	2026-07-31T19:43:03.7320402Z [1m[92m   Compiling[0m camino v1.2.5
build-desktop (ubuntu-22.04)	Build Tauri Desktop	2026-07-31T19:43:03.9090246Z [1m[92m   Compiling[0m unic-common v0.9.0
build-desktop (ubuntu-22.04)	Build Tauri Desktop	2026-07-31T19:43:03.9630325Z [1m[92m   Compiling[0m unic-ucd-version v0.9.0
build-desktop (ubuntu-22.04)	Build Tauri Desktop	2026-07-31T19:43:04.0370408Z [1m[92m   Compiling[0m alloc-stdlib v0.2.4
build-desktop (ubuntu-22.04)	Build Tauri Desktop	2026-07-31T19:43:04.1420350Z [1m[92m   Compiling[0m derive_more v2.1.1
build-desktop (ubuntu-22.04)	Build Tauri Desktop	2026-07-31T19:43:04.2131419Z [1m[92m   Compiling[0m unic-char-property v0.9.0
build-desktop (ubuntu-22.04)	Build Tauri Desktop	2026-07-31T19:43:04.2704414Z [1m[92m   Compiling[0m toml v1.1.4+spec-1.1.0
build-desktop (ubuntu-22.04)	Build Tauri Desktop	2026-07-31T19:43:04.4410375Z [1m[92m   Compiling[0m cssparser v0.36.0
build-desktop (ubuntu-22.04)	Build Tauri Desktop	2026-07-31T19:43:05.3240671Z [1m[92m   Compiling[0m regex-automata v0.4.16
build-desktop (ubuntu-22.04)	Build Tauri Desktop	2026-07-31T19:43:05.6967973Z [1m[92m   Compiling[0m markup5ever v0.38.0
build-desktop (ubuntu-22.04)	Build Tauri Desktop	2026-07-31T19:43:05.8424014Z [1m[92m   Compiling[0m url v2.5.8
build-desktop (ubuntu-22.04)	Build Tauri Desktop	2026-07-31T19:43:06.6194107Z [1m[92m   Compiling[0m gtk-sys v0.18.2
build-desktop (ubuntu-22.04)	Build Tauri Desktop	2026-07-31T19:43:06.6621948Z [1m[92m   Compiling[0m servo_arc v0.4.3
build-desktop (ubuntu-22.04)	Build Tauri Desktop	2026-07-31T19:43:06.7715259Z [1m[92m   Compiling[0m serde_derive_internals v0.29.1
build-desktop (ubuntu-22.04)	Build Tauri Desktop	2026-07-31T19:43:06.8140634Z [1m[92m   Compiling[0m bit-vec v0.8.0
build-desktop (ubuntu-22.04)	Build Tauri Desktop	2026-07-31T19:43:06.9920528Z [1m[92m   Compiling[0m schemars v0.8.22
build-desktop (ubuntu-22.04)	Build Tauri Desktop	2026-07-31T19:43:07.0960362Z [1m[92m   Compiling[0m fnv v1.0.7
build-desktop (ubuntu-22.04)	Build Tauri Desktop	2026-07-31T19:43:07.2940726Z [1m[92m   Compiling[0m powerfmt v0.2.0
build-desktop (ubuntu-22.04)	Build Tauri Desktop	2026-07-31T19:43:07.4281659Z [1m[92m   Compiling[0m futures-io v0.3.33
build-desktop (ubuntu-22.04)	Build Tauri Desktop	2026-07-31T19:43:07.5685224Z [1m[92m   Compiling[0m rustc-hash v2.1.3
build-desktop (ubuntu-22.04)	Build Tauri Desktop	2026-07-31T19:43:07.6390270Z [1m[92m   Compiling[0m deranged v0.5.8
build-desktop (ubuntu-22.04)	Build Tauri Desktop	2026-07-31T19:43:07.6790823Z [1m[92m   Compiling[0m hashbrown v0.12.3
build-desktop (ubuntu-22.04)	Build Tauri Desktop	2026-07-31T19:43:08.5790645Z [1m[92m   Compiling[0m schemars_derive v0.8.22
build-desktop (ubuntu-22.04)	Build Tauri Desktop	2026-07-31T19:43:08.7410411Z [1m[92m   Compiling[0m time v0.3.54
build-desktop (ubuntu-22.04)	Build Tauri Desktop	2026-07-31T19:43:10.6240488Z [1m[92m   Compiling[0m regex v1.13.1
build-desktop (ubuntu-22.04)	Build Tauri Desktop	2026-07-31T19:43:11.0691056Z [1m[92m   Compiling[0m cfb v0.7.3
build-desktop (ubuntu-22.04)	Build Tauri Desktop	2026-07-31T19:43:11.2590281Z [1m[92m   Compiling[0m bit-set v0.8.0
build-desktop (ubuntu-22.04)	Build Tauri Desktop	2026-07-31T19:43:11.7320377Z [1m[92m   Compiling[0m html5ever v0.38.0
build-desktop (ubuntu-22.04)	Build Tauri Desktop	2026-07-31T19:43:12.0550585Z [1m[92m   Compiling[0m unic-ucd-ident v0.9.0
build-desktop (ubuntu-22.04)	Build Tauri Desktop	2026-07-31T19:43:12.2413843Z [1m[92m   Compiling[0m brotli-decompressor v5.0.3
build-desktop (ubuntu-22.04)	Build Tauri Desktop	2026-07-31T19:43:13.0926039Z [1m[92m   Compiling[0m jsonptr v0.6.3
build-desktop (ubuntu-22.04)	Build Tauri Desktop	2026-07-31T19:43:13.2230382Z [1m[92m   Compiling[0m quick-xml v0.41.0
build-desktop (ubuntu-22.04)	Build Tauri Desktop	2026-07-31T19:43:13.4820479Z [1m[92m   Compiling[0m cargo-platform v0.1.9
build-desktop (ubuntu-22.04)	Build Tauri Desktop	2026-07-31T19:43:13.6760332Z [1m[92m   Compiling[0m bytes v1.12.1
build-desktop (ubuntu-22.04)	Build Tauri Desktop	2026-07-31T19:43:14.1840297Z [1m[92m   Compiling[0m same-file v1.0.6
build-desktop (ubuntu-22.04)	Build Tauri Desktop	2026-07-31T19:43:14.2706285Z [1m[92m   Compiling[0m dyn-clone v1.0.20
build-desktop (ubuntu-22.04)	Build Tauri Desktop	2026-07-31T19:43:14.2812483Z [1m[92m   Compiling[0m base64 v0.22.1
build-desktop (ubuntu-22.04)	Build Tauri Desktop	2026-07-31T19:43:14.3420952Z [1m[92m   Compiling[0m dunce v1.0.5
build-desktop (ubuntu-22.04)	Build Tauri Desktop	2026-07-31T19:43:14.3926847Z [1m[92m   Compiling[0m foldhash v0.2.0
build-desktop (ubuntu-22.04)	Build Tauri Desktop	2026-07-31T19:43:14.7310303Z [1m[92m   Compiling[0m plist v1.10.0
build-desktop (ubuntu-22.04)	Build Tauri Desktop	2026-07-31T19:43:15.6170271Z [1m[92m   Compiling[0m dom_query v0.27.0
build-desktop (ubuntu-22.04)	Build Tauri Desktop	2026-07-31T19:43:17.1780390Z [1m[92m   Compiling[0m walkdir v2.5.0
build-desktop (ubuntu-22.04)	Build Tauri Desktop	2026-07-31T19:43:17.4210456Z [1m[92m   Compiling[0m http v1.5.0
build-desktop (ubuntu-22.04)	Build Tauri Desktop	2026-07-31T19:43:17.5706314Z [1m[92m   Compiling[0m cargo_metadata v0.19.2
build-desktop (ubuntu-22.04)	Build Tauri Desktop	2026-07-31T19:43:17.9310512Z [1m[92m   Compiling[0m json-patch v3.0.1
build-desktop (ubuntu-22.04)	Build Tauri Desktop	2026-07-31T19:43:18.3560377Z [1m[92m   Compiling[0m brotli v8.0.4
build-desktop (ubuntu-22.04)	Build Tauri Desktop	2026-07-31T19:43:18.6335623Z [1m[92m   Compiling[0m urlpattern v0.3.0
build-desktop (ubuntu-22.04)	Build Tauri Desktop	2026-07-31T19:43:19.1073723Z [1m[92m   Compiling[0m serde-untagged v0.1.9
build-desktop (ubuntu-22.04)	Build Tauri Desktop	2026-07-31T19:43:19.3200545Z [1m[92m   Compiling[0m infer v0.19.0
build-desktop (ubuntu-22.04)	Build Tauri Desktop	2026-07-31T19:43:19.7050606Z [1m[92m   Compiling[0m ctor v0.8.0
build-desktop (ubuntu-22.04)	Build Tauri Desktop	2026-07-31T19:43:19.7500503Z [1m[92m   Compiling[0m serde_with v3.21.0
build-desktop (ubuntu-22.04)	Build Tauri Desktop	2026-07-31T19:43:20.1990348Z [1m[92m   Compiling[0m glob v0.3.4
build-desktop (ubuntu-22.04)	Build Tauri Desktop	2026-07-31T19:43:21.7610214Z [1m[92m   Compiling[0m tauri-utils v2.9.3
build-desktop (ubuntu-22.04)	Build Tauri Desktop	2026-07-31T19:43:21.8879977Z [1m[92m   Compiling[0m memoffset v0.9.1
build-desktop (ubuntu-22.04)	Build Tauri Desktop	2026-07-31T19:43:22.1900019Z [1m[92m   Compiling[0m pango v0.18.3
build-desktop (ubuntu-22.04)	Build Tauri Desktop	2026-07-31T19:43:22.2344351Z [1m[92m   Compiling[0m gdk-pixbuf v0.18.5
build-desktop (ubuntu-22.04)	Build Tauri Desktop	2026-07-31T19:43:23.6660439Z [1m[92m   Compiling[0m cairo-rs v0.18.5
build-desktop (ubuntu-22.04)	Build Tauri Desktop	2026-07-31T19:43:25.6540559Z [1m[92m   Compiling[0m field-offset v0.3.6
build-desktop (ubuntu-22.04)	Build Tauri Desktop	2026-07-31T19:43:25.7730664Z [1m[92m   Compiling[0m toml_edit v0.19.15
build-desktop (ubuntu-22.04)	Build Tauri Desktop	2026-07-31T19:43:26.9770472Z [1m[92m   Compiling[0m find-msvc-tools v0.1.9
build-desktop (ubuntu-22.04)	Build Tauri Desktop	2026-07-31T19:43:27.1570544Z [1m[92m   Compiling[0m shlex v2.0.1
build-desktop (ubuntu-22.04)	Build Tauri Desktop	2026-07-31T19:43:27.4330480Z [1m[92m   Compiling[0m proc-macro-crate v1.3.1
build-desktop (ubuntu-22.04)	Build Tauri Desktop	2026-07-31T19:43:27.7279972Z [1m[92m   Compiling[0m cc v1.4.0
build-desktop (ubuntu-22.04)	Build Tauri Desktop	2026-07-31T19:43:28.5840443Z [1m[92m   Compiling[0m gdk v0.18.2
build-desktop (ubuntu-22.04)	Build Tauri Desktop	2026-07-31T19:43:32.3882544Z [1m[92m   Compiling[0m javascriptcore-rs-sys v1.1.1
build-desktop (ubuntu-22.04)	Build Tauri Desktop	2026-07-31T19:43:32.5330377Z [1m[92m   Compiling[0m soup3-sys v0.5.0
build-desktop (ubuntu-22.04)	Build Tauri Desktop	2026-07-31T19:43:32.7180360Z [1m[92m   Compiling[0m generic-array v0.14.7
build-desktop (ubuntu-22.04)	Build Tauri Desktop	2026-07-31T19:43:32.8140351Z [1m[92m   Compiling[0m toml_datetime v0.7.5+spec-1.1.0
build-desktop (ubuntu-22.04)	Build Tauri Desktop	2026-07-31T19:43:33.0420390Z [1m[92m   Compiling[0m gtk v0.18.2
build-desktop (ubuntu-22.04)	Build Tauri Desktop	2026-07-31T19:43:33.3930288Z [1m[92m   Compiling[0m winnow v0.7.15
build-desktop (ubuntu-22.04)	Build Tauri Desktop	2026-07-31T19:43:35.1650538Z [1m[92m   Compiling[0m option-ext v0.2.0
build-desktop (ubuntu-22.04)	Build Tauri Desktop	2026-07-31T19:43:35.2110507Z [1m[92m   Compiling[0m dirs-sys v0.5.0
build-desktop (ubuntu-22.04)	Build Tauri Desktop	2026-07-31T19:43:35.3430588Z [1m[92m   Compiling[0m toml v0.9.12+spec-1.1.0
build-desktop (ubuntu-22.04)	Build Tauri Desktop	2026-07-31T19:43:36.0000348Z [1m[92m   Compiling[0m gtk3-macros v0.18.2
build-desktop (ubuntu-22.04)	Build Tauri Desktop	2026-07-31T19:43:36.3860773Z [1m[92m   Compiling[0m embed-resource v3.0.11
build-desktop (ubuntu-22.04)	Build Tauri Desktop	2026-07-31T19:43:36.6030331Z [1m[92m   Compiling[0m atk v0.18.2
build-desktop (ubuntu-22.04)	Build Tauri Desktop	2026-07-31T19:43:36.6680578Z [1m[92m   Compiling[0m time-macros v0.2.32
build-desktop (ubuntu-22.04)	Build Tauri Desktop	2026-07-31T19:43:37.8300416Z [1m[92m   Compiling[0m webkit2gtk-sys v2.0.2
build-desktop (ubuntu-22.04)	Build Tauri Desktop	2026-07-31T19:43:37.9070542Z [1m[92m   Compiling[0m x11 v2.21.0
build-desktop (ubuntu-22.04)	Build Tauri Desktop	2026-07-31T19:43:38.0220330Z [1m[92m   Compiling[0m typenum v1.20.1
build-desktop (ubuntu-22.04)	Build Tauri Desktop	2026-07-31T19:43:38.3682138Z [1m[92m   Compiling[0m simd-adler32 v0.3.10
build-desktop (ubuntu-22.04)	Build Tauri Desktop	2026-07-31T19:43:38.5400704Z [1m[92m   Compiling[0m crc32fast v1.5.0
build-desktop (ubuntu-22.04)	Build Tauri Desktop	2026-07-31T19:43:38.8092655Z [1m[92m   Compiling[0m num_threads v0.1.7
build-desktop (ubuntu-22.04)	Build Tauri Desktop	2026-07-31T19:43:39.6430477Z [1m[92m   Compiling[0m tauri-winres v0.3.6
build-desktop (ubuntu-22.04)	Build Tauri Desktop	2026-07-31T19:43:39.9379550Z [1m[92m   Compiling[0m cargo_toml v0.22.3
build-desktop (ubuntu-22.04)	Build Tauri Desktop	2026-07-31T19:43:43.1640470Z [1m[92m   Compiling[0m dirs v6.0.0
build-desktop (ubuntu-22.04)	Build Tauri Desktop	2026-07-31T19:43:43.4959562Z [1m[92m   Compiling[0m gdkx11-sys v0.18.2
build-desktop (ubuntu-22.04)	Build Tauri Desktop	2026-07-31T19:43:43.8560380Z [1m[92m   Compiling[0m crossbeam-utils v0.8.22
build-desktop (ubuntu-22.04)	Build Tauri Desktop	2026-07-31T19:43:47.3680694Z [1m[92m   Compiling[0m bitflags v1.3.2
build-desktop (ubuntu-22.04)	Build Tauri Desktop	2026-07-31T19:43:47.4150475Z [1m[92m   Compiling[0m adler2 v2.0.1
build-desktop (ubuntu-22.04)	Build Tauri Desktop	2026-07-31T19:43:47.4951277Z [1m[92m   Compiling[0m miniz_oxide v0.8.9
build-desktop (ubuntu-22.04)	Build Tauri Desktop	2026-07-31T19:43:53.0510571Z [1m[92m   Compiling[0m tauri-build v2.6.3
build-desktop (ubuntu-22.04)	Build Tauri Desktop	2026-07-31T19:43:54.4651128Z [1m[92m   Compiling[0m dpi v0.1.2
build-desktop (ubuntu-22.04)	Build Tauri Desktop	2026-07-31T19:43:54.8600390Z [1m[92m   Compiling[0m cookie v0.18.1
build-desktop (ubuntu-22.04)	Build Tauri Desktop	2026-07-31T19:43:54.9711713Z [1m[92m   Compiling[0m x11-dl v2.21.0
build-desktop (ubuntu-22.04)	Build Tauri Desktop	2026-07-31T19:43:55.1155321Z [1m[92m   Compiling[0m libdbus-sys v0.2.7
build-desktop (ubuntu-22.04)	Build Tauri Desktop	2026-07-31T19:43:59.1380600Z [1m[92m   Compiling[0m flate2 v1.1.9
build-desktop (ubuntu-22.04)	Build Tauri Desktop	2026-07-31T19:44:01.8110376Z [1m[92m   Compiling[0m javascriptcore-rs v1.1.2
build-desktop (ubuntu-22.04)	Build Tauri Desktop	2026-07-31T19:44:03.9522011Z [1m[92m   Compiling[0m soup3 v0.5.0
build-desktop (ubuntu-22.04)	Build Tauri Desktop	2026-07-31T19:44:04.5420656Z [1m[92m   Compiling[0m crypto-common v0.1.7
build-desktop (ubuntu-22.04)	Build Tauri Desktop	2026-07-31T19:44:04.6106873Z [1m[92m   Compiling[0m block-buffer v0.10.4
build-desktop (ubuntu-22.04)	Build Tauri Desktop	2026-07-31T19:44:04.6994951Z [1m[92m   Compiling[0m fdeflate v0.3.7
build-desktop (ubuntu-22.04)	Build Tauri Desktop	2026-07-31T19:44:07.4400891Z [1m[92m   Compiling[0m raw-window-handle v0.6.2
build-desktop (ubuntu-22.04)	Build Tauri Desktop	2026-07-31T19:44:09.7870349Z [1m[92m   Compiling[0m png v0.17.16
build-desktop (ubuntu-22.04)	Build Tauri Desktop	2026-07-31T19:44:10.5966934Z [1m[92m   Compiling[0m webkit2gtk v2.0.2
build-desktop (ubuntu-22.04)	Build Tauri Desktop	2026-07-31T19:44:11.7160542Z [1m[92m   Compiling[0m digest v0.10.7
build-desktop (ubuntu-22.04)	Build Tauri Desktop	2026-07-31T19:44:18.4380515Z [1m[92m   Compiling[0m crossbeam-channel v0.5.16
build-desktop (ubuntu-22.04)	Build Tauri Desktop	2026-07-31T19:44:21.1910437Z [1m[92m   Compiling[0m tauri v2.11.5
build-desktop (ubuntu-22.04)	Build Tauri Desktop	2026-07-31T19:44:21.8150430Z [1m[92m   Compiling[0m dlopen2_derive v0.4.3
build-desktop (ubuntu-22.04)	Build Tauri Desktop	2026-07-31T19:44:22.3670528Z [1m[92m   Compiling[0m wry v0.55.1
build-desktop (ubuntu-22.04)	Build Tauri Desktop	2026-07-31T19:44:22.5560497Z [1m[92m   Compiling[0m tauri-runtime v2.11.3
build-desktop (ubuntu-22.04)	Build Tauri Desktop	2026-07-31T19:44:23.2222283Z [1m[92m   Compiling[0m cpufeatures v0.2.17
build-desktop (ubuntu-22.04)	Build Tauri Desktop	2026-07-31T19:44:23.2660416Z [1m[92m   Compiling[0m sha2 v0.10.9
build-desktop (ubuntu-22.04)	Build Tauri Desktop	2026-07-31T19:44:23.3174465Z [1m[92m   Compiling[0m dlopen2 v0.8.2
build-desktop (ubuntu-22.04)	Build Tauri Desktop	2026-07-31T19:44:23.6280475Z [1m[92m   Compiling[0m dbus v0.9.12
build-desktop (ubuntu-22.04)	Build Tauri Desktop	2026-07-31T19:44:24.5680221Z [1m[92m   Compiling[0m ico v0.5.0
build-desktop (ubuntu-22.04)	Build Tauri Desktop	2026-07-31T19:44:25.1410266Z [1m[92m   Compiling[0m gdkx11 v0.18.2
build-desktop (ubuntu-22.04)	Build Tauri Desktop	2026-07-31T19:44:26.7310506Z [1m[92m   Compiling[0m tauri-plugin v2.6.3
build-desktop (ubuntu-22.04)	Build Tauri Desktop	2026-07-31T19:44:27.0330597Z [1m[92m   Compiling[0m gdkwayland-sys v0.18.2
build-desktop (ubuntu-22.04)	Build Tauri Desktop	2026-07-31T19:44:27.0427960Z [1m[92m   Compiling[0m unicode-segmentation v1.13.3
build-desktop (ubuntu-22.04)	Build Tauri Desktop	2026-07-31T19:44:27.1291003Z [1m[92m   Compiling[0m getrandom v0.3.4
build-desktop (ubuntu-22.04)	Build Tauri Desktop	2026-07-31T19:44:27.3097145Z [1m[92m   Compiling[0m tauri-runtime-wry v2.11.4
build-desktop (ubuntu-22.04)	Build Tauri Desktop	2026-07-31T19:44:27.4340366Z [1m[92m   Compiling[0m keyboard-types v0.7.0
build-desktop (ubuntu-22.04)	Build Tauri Desktop	2026-07-31T19:44:27.6560448Z [1m[92m   Compiling[0m tao v0.35.3
build-desktop (ubuntu-22.04)	Build Tauri Desktop	2026-07-31T19:44:30.5560558Z [1m[92m   Compiling[0m tauri-plugin-log v2.9.0
build-desktop (ubuntu-22.04)	Build Tauri Desktop	2026-07-31T19:44:32.7080354Z [1m[92m   Compiling[0m tauri-codegen v2.6.3
build-desktop (ubuntu-22.04)	Build Tauri Desktop	2026-07-31T19:44:34.2180657Z [1m[92m   Compiling[0m serialize-to-javascript-impl v0.1.2
build-desktop (ubuntu-22.04)	Build Tauri Desktop	2026-07-31T19:44:34.4751648Z [1m[92m   Compiling[0m serialize-to-javascript v0.1.2
build-desktop (ubuntu-22.04)	Build Tauri Desktop	2026-07-31T19:44:34.6220626Z [1m[92m   Compiling[0m tauri-macros v2.6.3
build-desktop (ubuntu-22.04)	Build Tauri Desktop	2026-07-31T19:44:35.9900370Z [1m[92m   Compiling[0m muda v0.19.3
build-desktop (ubuntu-22.04)	Build Tauri Desktop	2026-07-31T19:44:37.9358192Z [1m[92m   Compiling[0m tokio v1.53.1
build-desktop (ubuntu-22.04)	Build Tauri Desktop	2026-07-31T19:44:38.0436006Z [1m[92m   Compiling[0m serde_repr v0.1.21
build-desktop (ubuntu-22.04)	Build Tauri Desktop	2026-07-31T19:44:38.3867288Z [1m[92m   Compiling[0m mime v0.3.17
build-desktop (ubuntu-22.04)	Build Tauri Desktop	2026-07-31T19:44:39.8790442Z [1m[92m   Compiling[0m fern v0.7.1
build-desktop (ubuntu-22.04)	Build Tauri Desktop	2026-07-31T19:44:41.3508624Z [1m[92m   Compiling[0m app v0.1.0 (/home/runner/work/BoraPlayer/BoraPlayer/src-tauri)
build-desktop (ubuntu-22.04)	Build Tauri Desktop	2026-07-31T19:45:23.2588283Z [1m[92m    Finished[0m `release` profile [optimized] target(s) in 2m 49s
build-desktop (ubuntu-22.04)	Build Tauri Desktop	2026-07-31T19:45:23.3543103Z        Built application at: /home/runner/work/BoraPlayer/BoraPlayer/src-tauri/target/release/app
build-desktop (ubuntu-22.04)	Build Tauri Desktop	2026-07-31T19:45:23.3682302Z Looking for artifacts in:
build-desktop (ubuntu-22.04)	Build Tauri Desktop	2026-07-31T19:45:23.3684613Z /home/runner/work/BoraPlayer/BoraPlayer/src-tauri/target/release/bundle/deb/bora-player_1.0.0_amd64.deb
build-desktop (ubuntu-22.04)	Build Tauri Desktop	2026-07-31T19:45:23.3686380Z /home/runner/work/BoraPlayer/BoraPlayer/src-tauri/target/release/bundle/rpm/bora-player-1.0.0-1.x86_64.rpm
build-desktop (ubuntu-22.04)	Build Tauri Desktop	2026-07-31T19:45:23.3688213Z /home/runner/work/BoraPlayer/BoraPlayer/src-tauri/target/release/bundle/appimage/bora-player_1.0.0_amd64.AppImage
build-desktop (ubuntu-22.04)	Build Tauri Desktop	2026-07-31T19:45:23.3690368Z /home/runner/work/BoraPlayer/BoraPlayer/src-tauri/target/release/bundle/appimage/bora-player_1.0.0_amd64.AppImage.tar.gz
build-desktop (ubuntu-22.04)	Build Tauri Desktop	2026-07-31T19:45:23.3692122Z /home/runner/work/BoraPlayer/BoraPlayer/src-tauri/target/release/bundle/appimage/bora-player_1.0.0_amd64.AppImage.tar.gz.sig
build-desktop (ubuntu-22.04)	Build Tauri Desktop	2026-07-31T19:45:23.3693752Z No artifacts were found. The action was not configured to upload artifacts, therefore this is not handled as an error.
build-desktop (ubuntu-22.04)	Upload artifacts	﻿2026-07-31T19:45:23.3799131Z Node 20 is being deprecated. This workflow is running with Node 24 by default. If you need to temporarily use Node 20, you can set the ACTIONS_ALLOW_USE_UNSECURE_NODE_VERSION=true environment variable. For more information see: https://github.blog/changelog/2025-09-19-deprecation-of-node-20-on-github-actions-runners/
build-desktop (ubuntu-22.04)	Upload artifacts	2026-07-31T19:45:23.3800555Z ##[group]Run actions/upload-artifact@v4
build-desktop (ubuntu-22.04)	Upload artifacts	2026-07-31T19:45:23.3800817Z with:
build-desktop (ubuntu-22.04)	Upload artifacts	2026-07-31T19:45:23.3801017Z   name: boraplayer-desktop-ubuntu-22.04
build-desktop (ubuntu-22.04)	Upload artifacts	2026-07-31T19:45:23.3801297Z   path: src-tauri/target/release/bundle/**
build-desktop (ubuntu-22.04)	Upload artifacts	2026-07-31T19:45:23.3801564Z   if-no-files-found: warn
build-desktop (ubuntu-22.04)	Upload artifacts	2026-07-31T19:45:23.3801784Z   compression-level: 6
build-desktop (ubuntu-22.04)	Upload artifacts	2026-07-31T19:45:23.3801980Z   overwrite: false
build-desktop (ubuntu-22.04)	Upload artifacts	2026-07-31T19:45:23.3802177Z   include-hidden-files: false
build-desktop (ubuntu-22.04)	Upload artifacts	2026-07-31T19:45:23.3802604Z env:
build-desktop (ubuntu-22.04)	Upload artifacts	2026-07-31T19:45:23.3802781Z   CARGO_HOME: /home/runner/.cargo
build-desktop (ubuntu-22.04)	Upload artifacts	2026-07-31T19:45:23.3803008Z   CARGO_INCREMENTAL: 0
build-desktop (ubuntu-22.04)	Upload artifacts	2026-07-31T19:45:23.3803203Z   CARGO_TERM_COLOR: always
build-desktop (ubuntu-22.04)	Upload artifacts	2026-07-31T19:45:23.3803402Z ##[endgroup]
build-desktop (ubuntu-22.04)	Upload artifacts	2026-07-31T19:45:23.5510721Z (node:10440) [DEP0040] DeprecationWarning: The `punycode` module is deprecated. Please use a userland alternative instead.
build-desktop (ubuntu-22.04)	Upload artifacts	2026-07-31T19:45:23.5512219Z (Use `node --trace-deprecation ...` to show where the warning was created)
build-desktop (ubuntu-22.04)	Upload artifacts	2026-07-31T19:45:23.5550833Z ##[warning]No files were found with the provided path: src-tauri/target/release/bundle/**. No artifacts will be uploaded.
build-desktop (ubuntu-22.04)	Post Setup Node.js	﻿2026-07-31T19:45:23.5749817Z Node 20 is being deprecated. This workflow is running with Node 24 by default. If you need to temporarily use Node 20, you can set the ACTIONS_ALLOW_USE_UNSECURE_NODE_VERSION=true environment variable. For more information see: https://github.blog/changelog/2025-09-19-deprecation-of-node-20-on-github-actions-runners/
build-desktop (ubuntu-22.04)	Post Setup Node.js	2026-07-31T19:45:23.5751062Z Post job cleanup.
build-desktop (ubuntu-22.04)	Post Setup Node.js	2026-07-31T19:45:23.7060419Z (node:10452) [DEP0040] DeprecationWarning: The `punycode` module is deprecated. Please use a userland alternative instead.
build-desktop (ubuntu-22.04)	Post Setup Node.js	2026-07-31T19:45:23.7061515Z (Use `node --trace-deprecation ...` to show where the warning was created)
build-desktop (ubuntu-22.04)	Post Setup Node.js	2026-07-31T19:45:23.7279699Z [command]/usr/bin/tar --posix -cf cache.tzst --exclude cache.tzst -P -C /home/runner/work/BoraPlayer/BoraPlayer --files-from manifest.txt --use-compress-program zstdmt
build-desktop (ubuntu-22.04)	Post Setup Node.js	2026-07-31T19:45:23.9920097Z (node:10452) [DEP0169] DeprecationWarning: `url.parse()` behavior is not standardized and prone to errors that have security implications. Use the WHATWG URL API instead. CVEs are not issued for `url.parse()` vulnerabilities.
build-desktop (ubuntu-22.04)	Post Setup Node.js	2026-07-31T19:45:24.2704703Z Sent 2079 of 2079 (100.0%), 0.0 MBs/sec
build-desktop (ubuntu-22.04)	Post Setup Node.js	2026-07-31T19:45:24.5487120Z Cache saved with the key: node-cache-Linux-x64-npm-c8e80d0812daf71951473a9e7adb664a9c1de07c743d886625b6082795fc50fe
build-desktop (ubuntu-22.04)	Post Run actions/checkout@v4	﻿2026-07-31T19:45:24.5625807Z Node 20 is being deprecated. This workflow is running with Node 24 by default. If you need to temporarily use Node 20, you can set the ACTIONS_ALLOW_USE_UNSECURE_NODE_VERSION=true environment variable. For more information see: https://github.blog/changelog/2025-09-19-deprecation-of-node-20-on-github-actions-runners/
build-desktop (ubuntu-22.04)	Post Run actions/checkout@v4	2026-07-31T19:45:24.5627049Z Post job cleanup.
build-desktop (ubuntu-22.04)	Post Run actions/checkout@v4	2026-07-31T19:45:24.6496012Z [command]/usr/bin/git version
build-desktop (ubuntu-22.04)	Post Run actions/checkout@v4	2026-07-31T19:45:24.6543154Z git version 2.54.0
build-desktop (ubuntu-22.04)	Post Run actions/checkout@v4	2026-07-31T19:45:24.6584320Z Temporarily overriding HOME='/home/runner/work/_temp/7834e547-3ac3-4165-aaf9-a9e4f57a4e16' before making global git config changes
build-desktop (ubuntu-22.04)	Post Run actions/checkout@v4	2026-07-31T19:45:24.6586285Z Adding repository directory to the temporary git global config as a safe directory
build-desktop (ubuntu-22.04)	Post Run actions/checkout@v4	2026-07-31T19:45:24.6591134Z [command]/usr/bin/git config --global --add safe.directory /home/runner/work/BoraPlayer/BoraPlayer
build-desktop (ubuntu-22.04)	Post Run actions/checkout@v4	2026-07-31T19:45:24.6633143Z [command]/usr/bin/git config --local --name-only --get-regexp core\.sshCommand
build-desktop (ubuntu-22.04)	Post Run actions/checkout@v4	2026-07-31T19:45:24.6672155Z [command]/usr/bin/git submodule foreach --recursive sh -c "git config --local --name-only --get-regexp 'core\.sshCommand' && git config --local --unset-all 'core.sshCommand' || :"
build-desktop (ubuntu-22.04)	Post Run actions/checkout@v4	2026-07-31T19:45:24.6955312Z [command]/usr/bin/git config --local --name-only --get-regexp http\.https\:\/\/github\.com\/\.extraheader
build-desktop (ubuntu-22.04)	Post Run actions/checkout@v4	2026-07-31T19:45:24.6982956Z http.https://github.com/.extraheader
build-desktop (ubuntu-22.04)	Post Run actions/checkout@v4	2026-07-31T19:45:24.6995259Z [command]/usr/bin/git config --local --unset-all http.https://github.com/.extraheader
build-desktop (ubuntu-22.04)	Post Run actions/checkout@v4	2026-07-31T19:45:24.7032212Z [command]/usr/bin/git submodule foreach --recursive sh -c "git config --local --name-only --get-regexp 'http\.https\:\/\/github\.com\/\.extraheader' && git config --local --unset-all 'http.https://github.com/.extraheader' || :"
build-desktop (ubuntu-22.04)	Post Run actions/checkout@v4	2026-07-31T19:45:24.7334740Z [command]/usr/bin/git config --local --name-only --get-regexp ^includeIf\.gitdir:
build-desktop (ubuntu-22.04)	Post Run actions/checkout@v4	2026-07-31T19:45:24.7404667Z [command]/usr/bin/git submodule foreach --recursive git config --local --show-origin --name-only --get-regexp remote.origin.url
build-desktop (ubuntu-22.04)	Complete job	﻿2026-07-31T19:45:24.7818428Z Cleaning up orphan processes
build-desktop (ubuntu-22.04)	Complete job	2026-07-31T19:45:24.8152407Z ##[warning]Node.js 20 is deprecated. The following actions target Node.js 20 but are being forced to run on Node.js 24: actions/checkout@v4, actions/setup-node@v4, actions/upload-artifact@v4, tauri-apps/tauri-action@v0.5.2. For more information see: https://github.blog/changelog/2025-09-19-deprecation-of-node-20-on-github-actions-runners/
