build-desktop (ubuntu-22.04)	Set up job	﻿2026-07-31T20:48:16.6580954Z Current runner version: '2.336.0'
build-desktop (ubuntu-22.04)	Set up job	2026-07-31T20:48:16.6606890Z ##[group]Runner Image Provisioner
build-desktop (ubuntu-22.04)	Set up job	2026-07-31T20:48:16.6608257Z Hosted Compute Agent
build-desktop (ubuntu-22.04)	Set up job	2026-07-31T20:48:16.6608888Z Version: 20260707.563
build-desktop (ubuntu-22.04)	Set up job	2026-07-31T20:48:16.6609595Z Commit: 02667638d2b423fbc733a8e32a88b44996a3ba6e
build-desktop (ubuntu-22.04)	Set up job	2026-07-31T20:48:16.6610387Z Build Date: 2026-07-07T19:33:50Z
build-desktop (ubuntu-22.04)	Set up job	2026-07-31T20:48:16.6611069Z Worker ID: {bf2ca991-5b88-40ab-a264-58ce660db927}
build-desktop (ubuntu-22.04)	Set up job	2026-07-31T20:48:16.6611911Z Azure Region: northcentralus
build-desktop (ubuntu-22.04)	Set up job	2026-07-31T20:48:16.6612562Z ##[endgroup]
build-desktop (ubuntu-22.04)	Set up job	2026-07-31T20:48:16.6614390Z ##[group]Operating System
build-desktop (ubuntu-22.04)	Set up job	2026-07-31T20:48:16.6615106Z Ubuntu
build-desktop (ubuntu-22.04)	Set up job	2026-07-31T20:48:16.6615671Z 22.04.5
build-desktop (ubuntu-22.04)	Set up job	2026-07-31T20:48:16.6616264Z LTS
build-desktop (ubuntu-22.04)	Set up job	2026-07-31T20:48:16.6616808Z ##[endgroup]
build-desktop (ubuntu-22.04)	Set up job	2026-07-31T20:48:16.6617604Z ##[group]Runner Image
build-desktop (ubuntu-22.04)	Set up job	2026-07-31T20:48:16.6618310Z Image: ubuntu-22.04
build-desktop (ubuntu-22.04)	Set up job	2026-07-31T20:48:16.6618922Z Version: 20260720.234.2
build-desktop (ubuntu-22.04)	Set up job	2026-07-31T20:48:16.6620028Z Included Software: https://github.com/actions/runner-images/blob/ubuntu22/20260720.234/images/ubuntu/Ubuntu2204-Readme.md
build-desktop (ubuntu-22.04)	Set up job	2026-07-31T20:48:16.6621784Z Image Release: https://github.com/actions/runner-images/releases/tag/ubuntu22%2F20260720.234
build-desktop (ubuntu-22.04)	Set up job	2026-07-31T20:48:16.6622793Z ##[endgroup]
build-desktop (ubuntu-22.04)	Set up job	2026-07-31T20:48:16.6625947Z ##[group]GITHUB_TOKEN Permissions
build-desktop (ubuntu-22.04)	Set up job	2026-07-31T20:48:16.6628666Z Actions: write
build-desktop (ubuntu-22.04)	Set up job	2026-07-31T20:48:16.6629338Z ArtifactMetadata: write
build-desktop (ubuntu-22.04)	Set up job	2026-07-31T20:48:16.6630343Z Attestations: write
build-desktop (ubuntu-22.04)	Set up job	2026-07-31T20:48:16.6630999Z Checks: write
build-desktop (ubuntu-22.04)	Set up job	2026-07-31T20:48:16.6631595Z CodeQuality: write
build-desktop (ubuntu-22.04)	Set up job	2026-07-31T20:48:16.6632231Z Contents: write
build-desktop (ubuntu-22.04)	Set up job	2026-07-31T20:48:16.6632815Z CopilotRequests: write
build-desktop (ubuntu-22.04)	Set up job	2026-07-31T20:48:16.6633410Z Deployments: write
build-desktop (ubuntu-22.04)	Set up job	2026-07-31T20:48:16.6634055Z Discussions: write
build-desktop (ubuntu-22.04)	Set up job	2026-07-31T20:48:16.6634642Z Drives: write
build-desktop (ubuntu-22.04)	Set up job	2026-07-31T20:48:16.6635229Z Issues: write
build-desktop (ubuntu-22.04)	Set up job	2026-07-31T20:48:16.6635797Z Metadata: read
build-desktop (ubuntu-22.04)	Set up job	2026-07-31T20:48:16.6636463Z Models: read
build-desktop (ubuntu-22.04)	Set up job	2026-07-31T20:48:16.6637446Z Packages: write
build-desktop (ubuntu-22.04)	Set up job	2026-07-31T20:48:16.6638104Z Pages: write
build-desktop (ubuntu-22.04)	Set up job	2026-07-31T20:48:16.6638655Z PullRequests: write
build-desktop (ubuntu-22.04)	Set up job	2026-07-31T20:48:16.6639352Z RepositoryProjects: write
build-desktop (ubuntu-22.04)	Set up job	2026-07-31T20:48:16.6640024Z SecurityEvents: write
build-desktop (ubuntu-22.04)	Set up job	2026-07-31T20:48:16.6640651Z Statuses: write
build-desktop (ubuntu-22.04)	Set up job	2026-07-31T20:48:16.6641285Z VulnerabilityAlerts: read
build-desktop (ubuntu-22.04)	Set up job	2026-07-31T20:48:16.6641900Z ##[endgroup]
build-desktop (ubuntu-22.04)	Set up job	2026-07-31T20:48:16.6644035Z Secret source: Actions
build-desktop (ubuntu-22.04)	Set up job	2026-07-31T20:48:16.6645353Z Prepare workflow directory
build-desktop (ubuntu-22.04)	Set up job	2026-07-31T20:48:16.7003032Z Prepare all required actions
build-desktop (ubuntu-22.04)	Set up job	2026-07-31T20:48:16.7053526Z Getting action download info
build-desktop (ubuntu-22.04)	Set up job	2026-07-31T20:48:16.9347850Z Download action repository 'actions/checkout@v4' (SHA:11d5960a326750d5838078e36cf38b85af677262)
build-desktop (ubuntu-22.04)	Set up job	2026-07-31T20:48:17.2489747Z Download action repository 'actions/setup-node@v4' (SHA:49933ea5288caeca8642d1e84afbd3f7d6820020)
build-desktop (ubuntu-22.04)	Set up job	2026-07-31T20:48:17.3955558Z Download action repository 'dtolnay/rust-toolchain@stable' (SHA:4cda84d5c5c54efe2404f9d843567869ab1699d4)
build-desktop (ubuntu-22.04)	Set up job	2026-07-31T20:48:17.5032647Z Download action repository 'tauri-apps/tauri-action@v0.5.2' (SHA:efcf29f3275be7c39922887eede87441f012b79b)
build-desktop (ubuntu-22.04)	Set up job	2026-07-31T20:48:17.7678221Z Download action repository 'actions/upload-artifact@v4' (SHA:ea165f8d65b6e75b540449e92b4886f43607fa02)
build-desktop (ubuntu-22.04)	Set up job	2026-07-31T20:48:18.1074237Z Complete job name: build-desktop (ubuntu-22.04)
build-desktop (ubuntu-22.04)	Run actions/checkout@v4	﻿2026-07-31T20:48:18.1897833Z Node 20 is being deprecated. This workflow is running with Node 24 by default. If you need to temporarily use Node 20, you can set the ACTIONS_ALLOW_USE_UNSECURE_NODE_VERSION=true environment variable. For more information see: https://github.blog/changelog/2025-09-19-deprecation-of-node-20-on-github-actions-runners/
build-desktop (ubuntu-22.04)	Run actions/checkout@v4	2026-07-31T20:48:18.1906502Z ##[group]Run actions/checkout@v4
build-desktop (ubuntu-22.04)	Run actions/checkout@v4	2026-07-31T20:48:18.1907605Z with:
build-desktop (ubuntu-22.04)	Run actions/checkout@v4	2026-07-31T20:48:18.1908113Z   repository: sudo0bora/BoraPlayer
build-desktop (ubuntu-22.04)	Run actions/checkout@v4	2026-07-31T20:48:18.1912282Z   token: ***
build-desktop (ubuntu-22.04)	Run actions/checkout@v4	2026-07-31T20:48:18.1912748Z   ssh-strict: true
build-desktop (ubuntu-22.04)	Run actions/checkout@v4	2026-07-31T20:48:18.1913214Z   ssh-user: git
build-desktop (ubuntu-22.04)	Run actions/checkout@v4	2026-07-31T20:48:18.1913689Z   persist-credentials: true
build-desktop (ubuntu-22.04)	Run actions/checkout@v4	2026-07-31T20:48:18.1914202Z   clean: true
build-desktop (ubuntu-22.04)	Run actions/checkout@v4	2026-07-31T20:48:18.1914670Z   sparse-checkout-cone-mode: true
build-desktop (ubuntu-22.04)	Run actions/checkout@v4	2026-07-31T20:48:18.1915223Z   fetch-depth: 1
build-desktop (ubuntu-22.04)	Run actions/checkout@v4	2026-07-31T20:48:18.1915679Z   fetch-tags: false
build-desktop (ubuntu-22.04)	Run actions/checkout@v4	2026-07-31T20:48:18.1916459Z   show-progress: true
build-desktop (ubuntu-22.04)	Run actions/checkout@v4	2026-07-31T20:48:18.1917333Z   lfs: false
build-desktop (ubuntu-22.04)	Run actions/checkout@v4	2026-07-31T20:48:18.1917836Z   submodules: false
build-desktop (ubuntu-22.04)	Run actions/checkout@v4	2026-07-31T20:48:18.1918376Z   set-safe-directory: true
build-desktop (ubuntu-22.04)	Run actions/checkout@v4	2026-07-31T20:48:18.1918925Z   allow-unsafe-pr-checkout: false
build-desktop (ubuntu-22.04)	Run actions/checkout@v4	2026-07-31T20:48:18.1920158Z ##[endgroup]
build-desktop (ubuntu-22.04)	Run actions/checkout@v4	2026-07-31T20:48:18.2952043Z Syncing repository: sudo0bora/BoraPlayer
build-desktop (ubuntu-22.04)	Run actions/checkout@v4	2026-07-31T20:48:18.2954884Z ##[group]Getting Git version info
build-desktop (ubuntu-22.04)	Run actions/checkout@v4	2026-07-31T20:48:18.2956198Z Working directory is '/home/runner/work/BoraPlayer/BoraPlayer'
build-desktop (ubuntu-22.04)	Run actions/checkout@v4	2026-07-31T20:48:18.2958296Z [command]/usr/bin/git version
build-desktop (ubuntu-22.04)	Run actions/checkout@v4	2026-07-31T20:48:18.3001577Z git version 2.54.0
build-desktop (ubuntu-22.04)	Run actions/checkout@v4	2026-07-31T20:48:18.3069728Z ##[endgroup]
build-desktop (ubuntu-22.04)	Run actions/checkout@v4	2026-07-31T20:48:18.3080133Z Temporarily overriding HOME='/home/runner/work/_temp/9621be4c-10ed-4bb7-992d-849454bbb091' before making global git config changes
build-desktop (ubuntu-22.04)	Run actions/checkout@v4	2026-07-31T20:48:18.3083431Z Adding repository directory to the temporary git global config as a safe directory
build-desktop (ubuntu-22.04)	Run actions/checkout@v4	2026-07-31T20:48:18.3086295Z [command]/usr/bin/git config --global --add safe.directory /home/runner/work/BoraPlayer/BoraPlayer
build-desktop (ubuntu-22.04)	Run actions/checkout@v4	2026-07-31T20:48:18.3123243Z Deleting the contents of '/home/runner/work/BoraPlayer/BoraPlayer'
build-desktop (ubuntu-22.04)	Run actions/checkout@v4	2026-07-31T20:48:18.3128588Z ##[group]Initializing the repository
build-desktop (ubuntu-22.04)	Run actions/checkout@v4	2026-07-31T20:48:18.3133569Z [command]/usr/bin/git init /home/runner/work/BoraPlayer/BoraPlayer
build-desktop (ubuntu-22.04)	Run actions/checkout@v4	2026-07-31T20:48:18.3229712Z hint: Using 'master' as the name for the initial branch. This default branch name
build-desktop (ubuntu-22.04)	Run actions/checkout@v4	2026-07-31T20:48:18.3231801Z hint: will change to "main" in Git 3.0. To configure the initial branch name
build-desktop (ubuntu-22.04)	Run actions/checkout@v4	2026-07-31T20:48:18.3236275Z hint: to use in all of your new repositories, which will suppress this warning,
build-desktop (ubuntu-22.04)	Run actions/checkout@v4	2026-07-31T20:48:18.3238174Z hint: call:
build-desktop (ubuntu-22.04)	Run actions/checkout@v4	2026-07-31T20:48:18.3239119Z hint:
build-desktop (ubuntu-22.04)	Run actions/checkout@v4	2026-07-31T20:48:18.3240258Z hint: 	git config --global init.defaultBranch <name>
build-desktop (ubuntu-22.04)	Run actions/checkout@v4	2026-07-31T20:48:18.3241653Z hint:
build-desktop (ubuntu-22.04)	Run actions/checkout@v4	2026-07-31T20:48:18.3242933Z hint: Names commonly chosen instead of 'master' are 'main', 'trunk' and
build-desktop (ubuntu-22.04)	Run actions/checkout@v4	2026-07-31T20:48:18.3334864Z hint: 'development'. The just-created branch can be renamed via this command:
build-desktop (ubuntu-22.04)	Run actions/checkout@v4	2026-07-31T20:48:18.3340954Z hint:
build-desktop (ubuntu-22.04)	Run actions/checkout@v4	2026-07-31T20:48:18.3342179Z hint: 	git branch -m <name>
build-desktop (ubuntu-22.04)	Run actions/checkout@v4	2026-07-31T20:48:18.3343266Z hint:
build-desktop (ubuntu-22.04)	Run actions/checkout@v4	2026-07-31T20:48:18.3344696Z hint: Disable this message with "git config set advice.defaultBranchName false"
build-desktop (ubuntu-22.04)	Run actions/checkout@v4	2026-07-31T20:48:18.3346831Z Initialized empty Git repository in /home/runner/work/BoraPlayer/BoraPlayer/.git/
build-desktop (ubuntu-22.04)	Run actions/checkout@v4	2026-07-31T20:48:18.3350877Z [command]/usr/bin/git remote add origin https://github.com/sudo0bora/BoraPlayer
build-desktop (ubuntu-22.04)	Run actions/checkout@v4	2026-07-31T20:48:18.3354336Z ##[endgroup]
build-desktop (ubuntu-22.04)	Run actions/checkout@v4	2026-07-31T20:48:18.3355918Z ##[group]Disabling automatic garbage collection
build-desktop (ubuntu-22.04)	Run actions/checkout@v4	2026-07-31T20:48:18.3357576Z [command]/usr/bin/git config --local gc.auto 0
build-desktop (ubuntu-22.04)	Run actions/checkout@v4	2026-07-31T20:48:18.3360624Z ##[endgroup]
build-desktop (ubuntu-22.04)	Run actions/checkout@v4	2026-07-31T20:48:18.3362316Z ##[group]Setting up auth
build-desktop (ubuntu-22.04)	Run actions/checkout@v4	2026-07-31T20:48:18.3363911Z [command]/usr/bin/git config --local --name-only --get-regexp core\.sshCommand
build-desktop (ubuntu-22.04)	Run actions/checkout@v4	2026-07-31T20:48:18.3369123Z [command]/usr/bin/git submodule foreach --recursive sh -c "git config --local --name-only --get-regexp 'core\.sshCommand' && git config --local --unset-all 'core.sshCommand' || :"
build-desktop (ubuntu-22.04)	Run actions/checkout@v4	2026-07-31T20:48:18.3733484Z [command]/usr/bin/git config --local --name-only --get-regexp http\.https\:\/\/github\.com\/\.extraheader
build-desktop (ubuntu-22.04)	Run actions/checkout@v4	2026-07-31T20:48:18.3773192Z [command]/usr/bin/git submodule foreach --recursive sh -c "git config --local --name-only --get-regexp 'http\.https\:\/\/github\.com\/\.extraheader' && git config --local --unset-all 'http.https://github.com/.extraheader' || :"
build-desktop (ubuntu-22.04)	Run actions/checkout@v4	2026-07-31T20:48:18.4039622Z [command]/usr/bin/git config --local --name-only --get-regexp ^includeIf\.gitdir:
build-desktop (ubuntu-22.04)	Run actions/checkout@v4	2026-07-31T20:48:18.4076481Z [command]/usr/bin/git submodule foreach --recursive git config --local --show-origin --name-only --get-regexp remote.origin.url
build-desktop (ubuntu-22.04)	Run actions/checkout@v4	2026-07-31T20:48:18.4323592Z [command]/usr/bin/git config --local http.https://github.com/.extraheader AUTHORIZATION: basic ***
build-desktop (ubuntu-22.04)	Run actions/checkout@v4	2026-07-31T20:48:18.4391333Z ##[endgroup]
build-desktop (ubuntu-22.04)	Run actions/checkout@v4	2026-07-31T20:48:18.4392531Z ##[group]Fetching the repository
build-desktop (ubuntu-22.04)	Run actions/checkout@v4	2026-07-31T20:48:18.4401757Z [command]/usr/bin/git -c protocol.version=2 fetch --no-tags --prune --no-recurse-submodules --depth=1 origin +47ba75aed8ceb48e24bfda51dece7cae99004825:refs/tags/v1.0.15
build-desktop (ubuntu-22.04)	Run actions/checkout@v4	2026-07-31T20:48:35.4285549Z From https://github.com/sudo0bora/BoraPlayer
build-desktop (ubuntu-22.04)	Run actions/checkout@v4	2026-07-31T20:48:35.4286367Z  * [new ref]         47ba75aed8ceb48e24bfda51dece7cae99004825 -> v1.0.15
build-desktop (ubuntu-22.04)	Run actions/checkout@v4	2026-07-31T20:48:35.4313241Z ##[endgroup]
build-desktop (ubuntu-22.04)	Run actions/checkout@v4	2026-07-31T20:48:35.4316691Z ##[group]Determining the checkout info
build-desktop (ubuntu-22.04)	Run actions/checkout@v4	2026-07-31T20:48:35.4317942Z ##[endgroup]
build-desktop (ubuntu-22.04)	Run actions/checkout@v4	2026-07-31T20:48:35.4323003Z [command]/usr/bin/git sparse-checkout disable
build-desktop (ubuntu-22.04)	Run actions/checkout@v4	2026-07-31T20:48:35.4370479Z [command]/usr/bin/git config --local --unset-all extensions.worktreeConfig
build-desktop (ubuntu-22.04)	Run actions/checkout@v4	2026-07-31T20:48:35.4403146Z ##[group]Checking out the ref
build-desktop (ubuntu-22.04)	Run actions/checkout@v4	2026-07-31T20:48:35.4407210Z [command]/usr/bin/git checkout --progress --force refs/tags/v1.0.15
build-desktop (ubuntu-22.04)	Run actions/checkout@v4	2026-07-31T20:48:35.6496629Z Note: switching to 'refs/tags/v1.0.15'.
build-desktop (ubuntu-22.04)	Run actions/checkout@v4	2026-07-31T20:48:35.6497388Z 
build-desktop (ubuntu-22.04)	Run actions/checkout@v4	2026-07-31T20:48:35.6497795Z You are in 'detached HEAD' state. You can look around, make experimental
build-desktop (ubuntu-22.04)	Run actions/checkout@v4	2026-07-31T20:48:35.6498692Z changes and commit them, and you can discard any commits you make in this
build-desktop (ubuntu-22.04)	Run actions/checkout@v4	2026-07-31T20:48:35.6499697Z state without impacting any branches by switching back to a branch.
build-desktop (ubuntu-22.04)	Run actions/checkout@v4	2026-07-31T20:48:35.6500087Z 
build-desktop (ubuntu-22.04)	Run actions/checkout@v4	2026-07-31T20:48:35.6500330Z If you want to create a new branch to retain commits you create, you may
build-desktop (ubuntu-22.04)	Run actions/checkout@v4	2026-07-31T20:48:35.6501026Z do so (now or later) by using -c with the switch command. Example:
build-desktop (ubuntu-22.04)	Run actions/checkout@v4	2026-07-31T20:48:35.6501348Z 
build-desktop (ubuntu-22.04)	Run actions/checkout@v4	2026-07-31T20:48:35.6501475Z   git switch -c <new-branch-name>
build-desktop (ubuntu-22.04)	Run actions/checkout@v4	2026-07-31T20:48:35.6501686Z 
build-desktop (ubuntu-22.04)	Run actions/checkout@v4	2026-07-31T20:48:35.6501805Z Or undo this operation with:
build-desktop (ubuntu-22.04)	Run actions/checkout@v4	2026-07-31T20:48:35.6501982Z 
build-desktop (ubuntu-22.04)	Run actions/checkout@v4	2026-07-31T20:48:35.6502086Z   git switch -
build-desktop (ubuntu-22.04)	Run actions/checkout@v4	2026-07-31T20:48:35.6502247Z 
build-desktop (ubuntu-22.04)	Run actions/checkout@v4	2026-07-31T20:48:35.6502791Z Turn off this advice by setting config variable advice.detachedHead to false
build-desktop (ubuntu-22.04)	Run actions/checkout@v4	2026-07-31T20:48:35.6503250Z 
build-desktop (ubuntu-22.04)	Run actions/checkout@v4	2026-07-31T20:48:35.6503651Z HEAD is now at 47ba75a Drop iOS job, fix desktop artifact paths
build-desktop (ubuntu-22.04)	Run actions/checkout@v4	2026-07-31T20:48:35.6516781Z ##[endgroup]
build-desktop (ubuntu-22.04)	Run actions/checkout@v4	2026-07-31T20:48:35.6562130Z [command]/usr/bin/git log -1 --format=%H
build-desktop (ubuntu-22.04)	Run actions/checkout@v4	2026-07-31T20:48:35.6591231Z 47ba75aed8ceb48e24bfda51dece7cae99004825
build-desktop (ubuntu-22.04)	Setup Node.js	﻿2026-07-31T20:48:35.6871571Z Node 20 is being deprecated. This workflow is running with Node 24 by default. If you need to temporarily use Node 20, you can set the ACTIONS_ALLOW_USE_UNSECURE_NODE_VERSION=true environment variable. For more information see: https://github.blog/changelog/2025-09-19-deprecation-of-node-20-on-github-actions-runners/
build-desktop (ubuntu-22.04)	Setup Node.js	2026-07-31T20:48:35.6873603Z ##[group]Run actions/setup-node@v4
build-desktop (ubuntu-22.04)	Setup Node.js	2026-07-31T20:48:35.6873893Z with:
build-desktop (ubuntu-22.04)	Setup Node.js	2026-07-31T20:48:35.6874106Z   node-version: 20
build-desktop (ubuntu-22.04)	Setup Node.js	2026-07-31T20:48:35.6874322Z   cache: npm
build-desktop (ubuntu-22.04)	Setup Node.js	2026-07-31T20:48:35.6874531Z   always-auth: false
build-desktop (ubuntu-22.04)	Setup Node.js	2026-07-31T20:48:35.6874756Z   check-latest: false
build-desktop (ubuntu-22.04)	Setup Node.js	2026-07-31T20:48:35.6877756Z   token: ***
build-desktop (ubuntu-22.04)	Setup Node.js	2026-07-31T20:48:35.6877988Z ##[endgroup]
build-desktop (ubuntu-22.04)	Setup Node.js	2026-07-31T20:48:35.8291988Z Attempting to download 20...
build-desktop (ubuntu-22.04)	Setup Node.js	2026-07-31T20:48:35.8399044Z (node:2120) [DEP0040] DeprecationWarning: The `punycode` module is deprecated. Please use a userland alternative instead.
build-desktop (ubuntu-22.04)	Setup Node.js	2026-07-31T20:48:35.8400251Z (Use `node --trace-deprecation ...` to show where the warning was created)
build-desktop (ubuntu-22.04)	Setup Node.js	2026-07-31T20:48:36.3485532Z Acquiring 20.20.2 - x64 from https://github.com/actions/node-versions/releases/download/20.20.2-23521894959/node-20.20.2-linux-x64.tar.gz
build-desktop (ubuntu-22.04)	Setup Node.js	2026-07-31T20:48:36.7034356Z Extracting ...
build-desktop (ubuntu-22.04)	Setup Node.js	2026-07-31T20:48:36.7145388Z [command]/usr/bin/tar xz --strip 1 --warning=no-unknown-keyword --overwrite -C /home/runner/work/_temp/6ff946ec-2900-4540-9b07-1ceb58e91766 -f /home/runner/work/_temp/4b3fb9c7-f06e-4444-a1cd-e274441e83f5
build-desktop (ubuntu-22.04)	Setup Node.js	2026-07-31T20:48:37.7107384Z Adding to the cache ...
build-desktop (ubuntu-22.04)	Setup Node.js	2026-07-31T20:48:39.6098428Z ##[group]Environment details
build-desktop (ubuntu-22.04)	Setup Node.js	2026-07-31T20:48:39.9989736Z node: v20.20.2
build-desktop (ubuntu-22.04)	Setup Node.js	2026-07-31T20:48:39.9990261Z npm: 10.8.2
build-desktop (ubuntu-22.04)	Setup Node.js	2026-07-31T20:48:39.9993094Z yarn: 1.22.22
build-desktop (ubuntu-22.04)	Setup Node.js	2026-07-31T20:48:39.9993715Z ##[endgroup]
build-desktop (ubuntu-22.04)	Setup Node.js	2026-07-31T20:48:40.0014017Z [command]/opt/hostedtoolcache/node/20.20.2/x64/bin/npm config get cache
build-desktop (ubuntu-22.04)	Setup Node.js	2026-07-31T20:48:40.1130522Z /home/runner/.npm
build-desktop (ubuntu-22.04)	Setup Node.js	2026-07-31T20:48:40.2206350Z Cache hit for: node-cache-Linux-x64-npm-c8e80d0812daf71951473a9e7adb664a9c1de07c743d886625b6082795fc50fe
build-desktop (ubuntu-22.04)	Setup Node.js	2026-07-31T20:48:40.2340097Z (node:2120) [DEP0169] DeprecationWarning: `url.parse()` behavior is not standardized and prone to errors that have security implications. Use the WHATWG URL API instead. CVEs are not issued for `url.parse()` vulnerabilities.
build-desktop (ubuntu-22.04)	Setup Node.js	2026-07-31T20:48:40.3620049Z Received 2060 of 2060 (100.0%), 0.1 MBs/sec
build-desktop (ubuntu-22.04)	Setup Node.js	2026-07-31T20:48:40.3620851Z Cache Size: ~0 MB (2060 B)
build-desktop (ubuntu-22.04)	Setup Node.js	2026-07-31T20:48:40.3649551Z [command]/usr/bin/tar -xf /home/runner/work/_temp/16e35e3b-ed46-466c-9ede-122cfb2f491f/cache.tzst -P -C /home/runner/work/BoraPlayer/BoraPlayer --use-compress-program unzstd
build-desktop (ubuntu-22.04)	Setup Node.js	2026-07-31T20:48:40.3719327Z Cache restored successfully
build-desktop (ubuntu-22.04)	Setup Node.js	2026-07-31T20:48:40.3724289Z Cache restored from key: node-cache-Linux-x64-npm-c8e80d0812daf71951473a9e7adb664a9c1de07c743d886625b6082795fc50fe
build-desktop (ubuntu-22.04)	Install Rust stable	﻿2026-07-31T20:48:40.4018734Z ##[group]Run dtolnay/rust-toolchain@stable
build-desktop (ubuntu-22.04)	Install Rust stable	2026-07-31T20:48:40.4019083Z with:
build-desktop (ubuntu-22.04)	Install Rust stable	2026-07-31T20:48:40.4019299Z   toolchain: stable
build-desktop (ubuntu-22.04)	Install Rust stable	2026-07-31T20:48:40.4019548Z ##[endgroup]
build-desktop (ubuntu-22.04)	Install Rust stable	2026-07-31T20:48:40.4112003Z ##[start-action display=Run : parse toolchain version;id=__dtolnay_rust-toolchain.parse]
build-desktop (ubuntu-22.04)	Install Rust stable	2026-07-31T20:48:40.4147382Z ##[group]Run : parse toolchain version
build-desktop (ubuntu-22.04)	Install Rust stable	2026-07-31T20:48:40.4147771Z [36;1m: parse toolchain version[0m
build-desktop (ubuntu-22.04)	Install Rust stable	2026-07-31T20:48:40.4148088Z [36;1mif [[ -z $toolchain ]]; then[0m
build-desktop (ubuntu-22.04)	Install Rust stable	2026-07-31T20:48:40.4148646Z [36;1m  # GitHub does not enforce `required: true` inputs itself. https://github.com/actions/runner/issues/1070[0m
build-desktop (ubuntu-22.04)	Install Rust stable	2026-07-31T20:48:40.4149233Z [36;1m  echo "'toolchain' is a required input" >&2[0m
build-desktop (ubuntu-22.04)	Install Rust stable	2026-07-31T20:48:40.4149548Z [36;1m  exit 1[0m
build-desktop (ubuntu-22.04)	Install Rust stable	2026-07-31T20:48:40.4149914Z [36;1melif [[ $toolchain =~ ^stable' '[0-9]+' '(year|month|week|day)s?' 'ago$ ]]; then[0m
build-desktop (ubuntu-22.04)	Install Rust stable	2026-07-31T20:48:40.4150361Z [36;1m  if [[ Linux == macOS ]]; then[0m
build-desktop (ubuntu-22.04)	Install Rust stable	2026-07-31T20:48:40.4150912Z [36;1m    echo "toolchain=1.$((($(date -v-$(sed 's/stable \([0-9]*\) \(.\).*/\1\2/' <<< $toolchain) +%s)/60/60/24-16569)/7/6))" >> $GITHUB_OUTPUT[0m
build-desktop (ubuntu-22.04)	Install Rust stable	2026-07-31T20:48:40.4151516Z [36;1m  else[0m
build-desktop (ubuntu-22.04)	Install Rust stable	2026-07-31T20:48:40.4151955Z [36;1m    echo "toolchain=1.$((($(date --date "${toolchain#stable }" +%s)/60/60/24-16569)/7/6))" >> $GITHUB_OUTPUT[0m
build-desktop (ubuntu-22.04)	Install Rust stable	2026-07-31T20:48:40.4152433Z [36;1m  fi[0m
build-desktop (ubuntu-22.04)	Install Rust stable	2026-07-31T20:48:40.4153067Z [36;1melif [[ $toolchain =~ ^stable' 'minus' '[0-9]+' 'releases?$ ]]; then[0m
build-desktop (ubuntu-22.04)	Install Rust stable	2026-07-31T20:48:40.4153663Z [36;1m  echo "toolchain=1.$((($(date +%s)/60/60/24-16569)/7/6-${toolchain//[^0-9]/}))" >> $GITHUB_OUTPUT[0m
build-desktop (ubuntu-22.04)	Install Rust stable	2026-07-31T20:48:40.4154150Z [36;1melif [[ $toolchain =~ ^1\.[0-9]+$ ]]; then[0m
build-desktop (ubuntu-22.04)	Install Rust stable	2026-07-31T20:48:40.4154728Z [36;1m  echo "toolchain=1.$((i=${toolchain#1.}, c=($(date +%s)/60/60/24-16569)/7/6, i+9*i*(10*i<=c)+90*i*(100*i<=c)))" >> $GITHUB_OUTPUT[0m
build-desktop (ubuntu-22.04)	Install Rust stable	2026-07-31T20:48:40.4155260Z [36;1melse[0m
build-desktop (ubuntu-22.04)	Install Rust stable	2026-07-31T20:48:40.4155527Z [36;1m  echo "toolchain=$toolchain" >> $GITHUB_OUTPUT[0m
build-desktop (ubuntu-22.04)	Install Rust stable	2026-07-31T20:48:40.4155842Z [36;1mfi[0m
build-desktop (ubuntu-22.04)	Install Rust stable	2026-07-31T20:48:40.4269184Z shell: /usr/bin/bash --noprofile --norc -e -o pipefail {0}
build-desktop (ubuntu-22.04)	Install Rust stable	2026-07-31T20:48:40.4269605Z env:
build-desktop (ubuntu-22.04)	Install Rust stable	2026-07-31T20:48:40.4269840Z   toolchain: stable
build-desktop (ubuntu-22.04)	Install Rust stable	2026-07-31T20:48:40.4270376Z ##[endgroup]
build-desktop (ubuntu-22.04)	Install Rust stable	2026-07-31T20:48:40.4406409Z ##[end-action id=__dtolnay_rust-toolchain.parse;outcome=success;conclusion=success;duration_ms=29]
build-desktop (ubuntu-22.04)	Install Rust stable	2026-07-31T20:48:40.4414516Z ##[start-action display=Run : construct rustup command line;id=__dtolnay_rust-toolchain.flags]
build-desktop (ubuntu-22.04)	Install Rust stable	2026-07-31T20:48:40.4431400Z ##[group]Run : construct rustup command line
build-desktop (ubuntu-22.04)	Install Rust stable	2026-07-31T20:48:40.4431751Z [36;1m: construct rustup command line[0m
build-desktop (ubuntu-22.04)	Install Rust stable	2026-07-31T20:48:40.4432222Z [36;1mecho "targets=$(for t in ${targets//,/ }; do echo -n ' --target' $t; done)" >> $GITHUB_OUTPUT[0m
build-desktop (ubuntu-22.04)	Install Rust stable	2026-07-31T20:48:40.4432873Z [36;1mecho "components=$(for c in ${components//,/ }; do echo -n ' --component' $c; done)" >> $GITHUB_OUTPUT[0m
build-desktop (ubuntu-22.04)	Install Rust stable	2026-07-31T20:48:40.4433375Z [36;1mecho "downgrade=" >> $GITHUB_OUTPUT[0m
build-desktop (ubuntu-22.04)	Install Rust stable	2026-07-31T20:48:40.4485872Z shell: /usr/bin/bash --noprofile --norc -e -o pipefail {0}
build-desktop (ubuntu-22.04)	Install Rust stable	2026-07-31T20:48:40.4486247Z env:
build-desktop (ubuntu-22.04)	Install Rust stable	2026-07-31T20:48:40.4486444Z   targets: 
build-desktop (ubuntu-22.04)	Install Rust stable	2026-07-31T20:48:40.4486651Z   components: 
build-desktop (ubuntu-22.04)	Install Rust stable	2026-07-31T20:48:40.4487308Z ##[endgroup]
build-desktop (ubuntu-22.04)	Install Rust stable	2026-07-31T20:48:40.4582216Z ##[end-action id=__dtolnay_rust-toolchain.flags;outcome=success;conclusion=success;duration_ms=16]
build-desktop (ubuntu-22.04)	Install Rust stable	2026-07-31T20:48:40.4586731Z ##[start-action display=Run : set $CARGO_HOME;id=__dtolnay_rust-toolchain.__run]
build-desktop (ubuntu-22.04)	Install Rust stable	2026-07-31T20:48:40.4641108Z ##[group]Run : set $CARGO_HOME
build-desktop (ubuntu-22.04)	Install Rust stable	2026-07-31T20:48:40.4641563Z [36;1m: set $CARGO_HOME[0m
build-desktop (ubuntu-22.04)	Install Rust stable	2026-07-31T20:48:40.4642120Z [36;1mecho CARGO_HOME=${CARGO_HOME:-"$HOME/.cargo"} >> $GITHUB_ENV[0m
build-desktop (ubuntu-22.04)	Install Rust stable	2026-07-31T20:48:40.4714633Z shell: /usr/bin/bash --noprofile --norc -e -o pipefail {0}
build-desktop (ubuntu-22.04)	Install Rust stable	2026-07-31T20:48:40.4715226Z ##[endgroup]
build-desktop (ubuntu-22.04)	Install Rust stable	2026-07-31T20:48:40.4815986Z ##[end-action id=__dtolnay_rust-toolchain.__run;outcome=success;conclusion=success;duration_ms=22]
build-desktop (ubuntu-22.04)	Install Rust stable	2026-07-31T20:48:40.4819476Z ##[start-action display=Run : install rustup if needed;id=__dtolnay_rust-toolchain.__run_2]
build-desktop (ubuntu-22.04)	Install Rust stable	2026-07-31T20:48:40.4848883Z ##[group]Run : install rustup if needed
build-desktop (ubuntu-22.04)	Install Rust stable	2026-07-31T20:48:40.4849400Z [36;1m: install rustup if needed[0m
build-desktop (ubuntu-22.04)	Install Rust stable	2026-07-31T20:48:40.4849928Z [36;1mif ! command -v rustup &>/dev/null; then[0m
build-desktop (ubuntu-22.04)	Install Rust stable	2026-07-31T20:48:40.4851262Z [36;1m  curl --proto '=https' --tlsv1.2 --retry 10 --retry-connrefused --location --silent --show-error --fail https://sh.rustup.rs | sh -s -- --default-toolchain none -y[0m
build-desktop (ubuntu-22.04)	Install Rust stable	2026-07-31T20:48:40.4852592Z [36;1m  echo "$CARGO_HOME/bin" >> $GITHUB_PATH[0m
build-desktop (ubuntu-22.04)	Install Rust stable	2026-07-31T20:48:40.4853084Z [36;1mfi[0m
build-desktop (ubuntu-22.04)	Install Rust stable	2026-07-31T20:48:40.4925581Z shell: /usr/bin/bash --noprofile --norc -e -o pipefail {0}
build-desktop (ubuntu-22.04)	Install Rust stable	2026-07-31T20:48:40.4926162Z env:
build-desktop (ubuntu-22.04)	Install Rust stable	2026-07-31T20:48:40.4926487Z   CARGO_HOME: /home/runner/.cargo
build-desktop (ubuntu-22.04)	Install Rust stable	2026-07-31T20:48:40.4927087Z ##[endgroup]
build-desktop (ubuntu-22.04)	Install Rust stable	2026-07-31T20:48:40.5028619Z ##[end-action id=__dtolnay_rust-toolchain.__run_2;outcome=success;conclusion=success;duration_ms=20]
build-desktop (ubuntu-22.04)	Install Rust stable	2026-07-31T20:48:40.5034044Z ##[start-action display=Run : install rustup if needed on windows;id=__dtolnay_rust-toolchain.__run_3]
build-desktop (ubuntu-22.04)	Install Rust stable	2026-07-31T20:48:40.5041548Z ##[end-action id=__dtolnay_rust-toolchain.__run_3;outcome=skipped;conclusion=skipped;duration_ms=0]
build-desktop (ubuntu-22.04)	Install Rust stable	2026-07-31T20:48:40.5046335Z ##[start-action display=rustup toolchain install stable;id=__dtolnay_rust-toolchain.__run_4]
build-desktop (ubuntu-22.04)	Install Rust stable	2026-07-31T20:48:40.5070521Z ##[group]Run rustup toolchain install stable --profile minimal --no-self-update
build-desktop (ubuntu-22.04)	Install Rust stable	2026-07-31T20:48:40.5071487Z [36;1mrustup toolchain install stable --profile minimal --no-self-update[0m
build-desktop (ubuntu-22.04)	Install Rust stable	2026-07-31T20:48:40.5144655Z shell: /usr/bin/bash --noprofile --norc -e -o pipefail {0}
build-desktop (ubuntu-22.04)	Install Rust stable	2026-07-31T20:48:40.5145293Z env:
build-desktop (ubuntu-22.04)	Install Rust stable	2026-07-31T20:48:40.5145630Z   CARGO_HOME: /home/runner/.cargo
build-desktop (ubuntu-22.04)	Install Rust stable	2026-07-31T20:48:40.5146096Z   RUSTUP_PERMIT_COPY_RENAME: 1
build-desktop (ubuntu-22.04)	Install Rust stable	2026-07-31T20:48:40.5146512Z ##[endgroup]
build-desktop (ubuntu-22.04)	Install Rust stable	2026-07-31T20:48:42.0602399Z info: syncing channel updates for stable-x86_64-unknown-linux-gnu
build-desktop (ubuntu-22.04)	Install Rust stable	2026-07-31T20:48:42.1518620Z 
build-desktop (ubuntu-22.04)	Install Rust stable	2026-07-31T20:48:42.1641079Z   stable-x86_64-unknown-linux-gnu unchanged - rustc 1.97.1 (8bab26f4f 2026-07-14)
build-desktop (ubuntu-22.04)	Install Rust stable	2026-07-31T20:48:42.1642011Z 
build-desktop (ubuntu-22.04)	Install Rust stable	2026-07-31T20:48:42.1677415Z ##[end-action id=__dtolnay_rust-toolchain.__run_4;outcome=success;conclusion=success;duration_ms=1662]
build-desktop (ubuntu-22.04)	Install Rust stable	2026-07-31T20:48:42.1685067Z ##[start-action display=Run rustup default stable;id=__dtolnay_rust-toolchain.__run_5]
build-desktop (ubuntu-22.04)	Install Rust stable	2026-07-31T20:48:42.1709809Z ##[group]Run rustup default stable
build-desktop (ubuntu-22.04)	Install Rust stable	2026-07-31T20:48:42.1710323Z [36;1mrustup default stable[0m
build-desktop (ubuntu-22.04)	Install Rust stable	2026-07-31T20:48:42.1770163Z shell: /usr/bin/bash --noprofile --norc -e -o pipefail {0}
build-desktop (ubuntu-22.04)	Install Rust stable	2026-07-31T20:48:42.1770533Z env:
build-desktop (ubuntu-22.04)	Install Rust stable	2026-07-31T20:48:42.1770752Z   CARGO_HOME: /home/runner/.cargo
build-desktop (ubuntu-22.04)	Install Rust stable	2026-07-31T20:48:42.1771027Z ##[endgroup]
build-desktop (ubuntu-22.04)	Install Rust stable	2026-07-31T20:48:42.1904189Z info: using existing install for stable-x86_64-unknown-linux-gnu
build-desktop (ubuntu-22.04)	Install Rust stable	2026-07-31T20:48:42.1911827Z info: default toolchain set to stable-x86_64-unknown-linux-gnu
build-desktop (ubuntu-22.04)	Install Rust stable	2026-07-31T20:48:42.1912361Z 
build-desktop (ubuntu-22.04)	Install Rust stable	2026-07-31T20:48:42.2009588Z   stable-x86_64-unknown-linux-gnu unchanged - rustc 1.97.1 (8bab26f4f 2026-07-14)
build-desktop (ubuntu-22.04)	Install Rust stable	2026-07-31T20:48:42.2010140Z 
build-desktop (ubuntu-22.04)	Install Rust stable	2026-07-31T20:48:42.2028862Z ##[end-action id=__dtolnay_rust-toolchain.__run_5;outcome=success;conclusion=success;duration_ms=34]
build-desktop (ubuntu-22.04)	Install Rust stable	2026-07-31T20:48:42.2033205Z ##[start-action display=Run : create cachekey;id=__dtolnay_rust-toolchain.rustc-version]
build-desktop (ubuntu-22.04)	Install Rust stable	2026-07-31T20:48:42.2050723Z ##[group]Run : create cachekey
build-desktop (ubuntu-22.04)	Install Rust stable	2026-07-31T20:48:42.2051019Z [36;1m: create cachekey[0m
build-desktop (ubuntu-22.04)	Install Rust stable	2026-07-31T20:48:42.2051532Z [36;1mDATE=$(rustc +stable --version --verbose | sed -ne 's/^commit-date: \(20[0-9][0-9]\)-\([01][0-9]\)-\([0-3][0-9]\)$/\1\2\3/p')[0m
build-desktop (ubuntu-22.04)	Install Rust stable	2026-07-31T20:48:42.2052361Z [36;1mHASH=$(rustc +stable --version --verbose | sed -ne 's/^commit-hash: //p')[0m
build-desktop (ubuntu-22.04)	Install Rust stable	2026-07-31T20:48:42.2052883Z [36;1mecho "cachekey=$(echo $DATE$HASH | head -c12)" >> $GITHUB_OUTPUT[0m
build-desktop (ubuntu-22.04)	Install Rust stable	2026-07-31T20:48:42.2107696Z shell: /usr/bin/bash --noprofile --norc -e -o pipefail {0}
build-desktop (ubuntu-22.04)	Install Rust stable	2026-07-31T20:48:42.2108052Z env:
build-desktop (ubuntu-22.04)	Install Rust stable	2026-07-31T20:48:42.2108260Z   CARGO_HOME: /home/runner/.cargo
build-desktop (ubuntu-22.04)	Install Rust stable	2026-07-31T20:48:42.2108517Z ##[endgroup]
build-desktop (ubuntu-22.04)	Install Rust stable	2026-07-31T20:48:42.2885762Z ##[end-action id=__dtolnay_rust-toolchain.rustc-version;outcome=success;conclusion=success;duration_ms=85]
build-desktop (ubuntu-22.04)	Install Rust stable	2026-07-31T20:48:42.2889131Z ##[start-action display=Run : disable incremental compilation;id=__dtolnay_rust-toolchain.__run_6]
build-desktop (ubuntu-22.04)	Install Rust stable	2026-07-31T20:48:42.2905654Z ##[group]Run : disable incremental compilation
build-desktop (ubuntu-22.04)	Install Rust stable	2026-07-31T20:48:42.2906018Z [36;1m: disable incremental compilation[0m
build-desktop (ubuntu-22.04)	Install Rust stable	2026-07-31T20:48:42.2906345Z [36;1mif [ -z "${CARGO_INCREMENTAL+set}" ]; then[0m
build-desktop (ubuntu-22.04)	Install Rust stable	2026-07-31T20:48:42.2906679Z [36;1m  echo CARGO_INCREMENTAL=0 >> $GITHUB_ENV[0m
build-desktop (ubuntu-22.04)	Install Rust stable	2026-07-31T20:48:42.2907248Z [36;1mfi[0m
build-desktop (ubuntu-22.04)	Install Rust stable	2026-07-31T20:48:42.2968771Z shell: /usr/bin/bash --noprofile --norc -e -o pipefail {0}
build-desktop (ubuntu-22.04)	Install Rust stable	2026-07-31T20:48:42.2969131Z env:
build-desktop (ubuntu-22.04)	Install Rust stable	2026-07-31T20:48:42.2969335Z   CARGO_HOME: /home/runner/.cargo
build-desktop (ubuntu-22.04)	Install Rust stable	2026-07-31T20:48:42.2969600Z ##[endgroup]
build-desktop (ubuntu-22.04)	Install Rust stable	2026-07-31T20:48:42.3071493Z ##[end-action id=__dtolnay_rust-toolchain.__run_6;outcome=success;conclusion=success;duration_ms=18]
build-desktop (ubuntu-22.04)	Install Rust stable	2026-07-31T20:48:42.3073620Z ##[start-action display=Run : enable colors in Cargo output;id=__dtolnay_rust-toolchain.__run_7]
build-desktop (ubuntu-22.04)	Install Rust stable	2026-07-31T20:48:42.3098806Z ##[group]Run : enable colors in Cargo output
build-desktop (ubuntu-22.04)	Install Rust stable	2026-07-31T20:48:42.3099366Z [36;1m: enable colors in Cargo output[0m
build-desktop (ubuntu-22.04)	Install Rust stable	2026-07-31T20:48:42.3099910Z [36;1mif [ -z "${CARGO_TERM_COLOR+set}" ]; then[0m
build-desktop (ubuntu-22.04)	Install Rust stable	2026-07-31T20:48:42.3100524Z [36;1m  echo CARGO_TERM_COLOR=always >> $GITHUB_ENV[0m
build-desktop (ubuntu-22.04)	Install Rust stable	2026-07-31T20:48:42.3101045Z [36;1mfi[0m
build-desktop (ubuntu-22.04)	Install Rust stable	2026-07-31T20:48:42.3158015Z shell: /usr/bin/bash --noprofile --norc -e -o pipefail {0}
build-desktop (ubuntu-22.04)	Install Rust stable	2026-07-31T20:48:42.3158370Z env:
build-desktop (ubuntu-22.04)	Install Rust stable	2026-07-31T20:48:42.3158577Z   CARGO_HOME: /home/runner/.cargo
build-desktop (ubuntu-22.04)	Install Rust stable	2026-07-31T20:48:42.3158846Z   CARGO_INCREMENTAL: 0
build-desktop (ubuntu-22.04)	Install Rust stable	2026-07-31T20:48:42.3159079Z ##[endgroup]
build-desktop (ubuntu-22.04)	Install Rust stable	2026-07-31T20:48:42.3240204Z ##[end-action id=__dtolnay_rust-toolchain.__run_7;outcome=success;conclusion=success;duration_ms=16]
build-desktop (ubuntu-22.04)	Install Rust stable	2026-07-31T20:48:42.3244568Z ##[start-action display=Run : enable Cargo sparse registry;id=__dtolnay_rust-toolchain.__run_8]
build-desktop (ubuntu-22.04)	Install Rust stable	2026-07-31T20:48:42.3260688Z ##[group]Run : enable Cargo sparse registry
build-desktop (ubuntu-22.04)	Install Rust stable	2026-07-31T20:48:42.3261030Z [36;1m: enable Cargo sparse registry[0m
build-desktop (ubuntu-22.04)	Install Rust stable	2026-07-31T20:48:42.3261487Z [36;1m# implemented in 1.66, stabilized in 1.68, made default in 1.70[0m
build-desktop (ubuntu-22.04)	Install Rust stable	2026-07-31T20:48:42.3262365Z [36;1mif [ -z "${CARGO_REGISTRIES_CRATES_IO_PROTOCOL+set}" -o -f "/home/runner/work/_temp"/.implicit_cargo_registries_crates_io_protocol ]; then[0m
build-desktop (ubuntu-22.04)	Install Rust stable	2026-07-31T20:48:42.3263109Z [36;1m  if rustc +stable --version --verbose | grep -q '^release: 1\.6[89]\.'; then[0m
build-desktop (ubuntu-22.04)	Install Rust stable	2026-07-31T20:48:42.3263689Z [36;1m    touch "/home/runner/work/_temp"/.implicit_cargo_registries_crates_io_protocol || true[0m
build-desktop (ubuntu-22.04)	Install Rust stable	2026-07-31T20:48:42.3264253Z [36;1m    echo CARGO_REGISTRIES_CRATES_IO_PROTOCOL=sparse >> $GITHUB_ENV[0m
build-desktop (ubuntu-22.04)	Install Rust stable	2026-07-31T20:48:42.3264757Z [36;1m  elif rustc +stable --version --verbose | grep -q '^release: 1\.6[67]\.'; then[0m
build-desktop (ubuntu-22.04)	Install Rust stable	2026-07-31T20:48:42.3265331Z [36;1m    touch "/home/runner/work/_temp"/.implicit_cargo_registries_crates_io_protocol || true[0m
build-desktop (ubuntu-22.04)	Install Rust stable	2026-07-31T20:48:42.3265853Z [36;1m    echo CARGO_REGISTRIES_CRATES_IO_PROTOCOL=git >> $GITHUB_ENV[0m
build-desktop (ubuntu-22.04)	Install Rust stable	2026-07-31T20:48:42.3266201Z [36;1m  fi[0m
build-desktop (ubuntu-22.04)	Install Rust stable	2026-07-31T20:48:42.3266405Z [36;1mfi[0m
build-desktop (ubuntu-22.04)	Install Rust stable	2026-07-31T20:48:42.3315293Z shell: /usr/bin/bash --noprofile --norc -e -o pipefail {0}
build-desktop (ubuntu-22.04)	Install Rust stable	2026-07-31T20:48:42.3315810Z env:
build-desktop (ubuntu-22.04)	Install Rust stable	2026-07-31T20:48:42.3316016Z   CARGO_HOME: /home/runner/.cargo
build-desktop (ubuntu-22.04)	Install Rust stable	2026-07-31T20:48:42.3316275Z   CARGO_INCREMENTAL: 0
build-desktop (ubuntu-22.04)	Install Rust stable	2026-07-31T20:48:42.3316500Z   CARGO_TERM_COLOR: always
build-desktop (ubuntu-22.04)	Install Rust stable	2026-07-31T20:48:42.3316727Z ##[endgroup]
build-desktop (ubuntu-22.04)	Install Rust stable	2026-07-31T20:48:42.3757270Z ##[end-action id=__dtolnay_rust-toolchain.__run_8;outcome=success;conclusion=success;duration_ms=51]
build-desktop (ubuntu-22.04)	Install Rust stable	2026-07-31T20:48:42.3763303Z ##[start-action display=Run : work around spurious network errors in curl 8.0;id=__dtolnay_rust-toolchain.__run_9]
build-desktop (ubuntu-22.04)	Install Rust stable	2026-07-31T20:48:42.3791004Z ##[group]Run : work around spurious network errors in curl 8.0
build-desktop (ubuntu-22.04)	Install Rust stable	2026-07-31T20:48:42.3791773Z [36;1m: work around spurious network errors in curl 8.0[0m
build-desktop (ubuntu-22.04)	Install Rust stable	2026-07-31T20:48:42.3792792Z [36;1m# https://rust-lang.zulipchat.com/#narrow/stream/246057-t-cargo/topic/timeout.20investigation[0m
build-desktop (ubuntu-22.04)	Install Rust stable	2026-07-31T20:48:42.3793973Z [36;1mif rustc +stable --version --verbose | grep -q '^release: 1\.7[01]\.'; then[0m
build-desktop (ubuntu-22.04)	Install Rust stable	2026-07-31T20:48:42.3795167Z [36;1m  echo CARGO_HTTP_MULTIPLEXING=false >> $GITHUB_ENV[0m
build-desktop (ubuntu-22.04)	Install Rust stable	2026-07-31T20:48:42.3795786Z [36;1mfi[0m
build-desktop (ubuntu-22.04)	Install Rust stable	2026-07-31T20:48:42.3874482Z shell: /usr/bin/bash --noprofile --norc -e -o pipefail {0}
build-desktop (ubuntu-22.04)	Install Rust stable	2026-07-31T20:48:42.3875091Z env:
build-desktop (ubuntu-22.04)	Install Rust stable	2026-07-31T20:48:42.3875426Z   CARGO_HOME: /home/runner/.cargo
build-desktop (ubuntu-22.04)	Install Rust stable	2026-07-31T20:48:42.3875880Z   CARGO_INCREMENTAL: 0
build-desktop (ubuntu-22.04)	Install Rust stable	2026-07-31T20:48:42.3876270Z   CARGO_TERM_COLOR: always
build-desktop (ubuntu-22.04)	Install Rust stable	2026-07-31T20:48:42.3876856Z ##[endgroup]
build-desktop (ubuntu-22.04)	Install Rust stable	2026-07-31T20:48:42.4154971Z ##[end-action id=__dtolnay_rust-toolchain.__run_9;outcome=success;conclusion=success;duration_ms=39]
build-desktop (ubuntu-22.04)	Install Rust stable	2026-07-31T20:48:42.4159270Z ##[start-action display=Run rustc +stable --version --verbose;id=__dtolnay_rust-toolchain.__run_10]
build-desktop (ubuntu-22.04)	Install Rust stable	2026-07-31T20:48:42.4175322Z ##[group]Run rustc +stable --version --verbose
build-desktop (ubuntu-22.04)	Install Rust stable	2026-07-31T20:48:42.4175673Z [36;1mrustc +stable --version --verbose[0m
build-desktop (ubuntu-22.04)	Install Rust stable	2026-07-31T20:48:42.4229869Z shell: /usr/bin/bash --noprofile --norc -e -o pipefail {0}
build-desktop (ubuntu-22.04)	Install Rust stable	2026-07-31T20:48:42.4230245Z env:
build-desktop (ubuntu-22.04)	Install Rust stable	2026-07-31T20:48:42.4230459Z   CARGO_HOME: /home/runner/.cargo
build-desktop (ubuntu-22.04)	Install Rust stable	2026-07-31T20:48:42.4230728Z   CARGO_INCREMENTAL: 0
build-desktop (ubuntu-22.04)	Install Rust stable	2026-07-31T20:48:42.4230967Z   CARGO_TERM_COLOR: always
build-desktop (ubuntu-22.04)	Install Rust stable	2026-07-31T20:48:42.4231197Z ##[endgroup]
build-desktop (ubuntu-22.04)	Install Rust stable	2026-07-31T20:48:42.4437172Z rustc 1.97.1 (8bab26f4f 2026-07-14)
build-desktop (ubuntu-22.04)	Install Rust stable	2026-07-31T20:48:42.4437977Z binary: rustc
build-desktop (ubuntu-22.04)	Install Rust stable	2026-07-31T20:48:42.4438946Z commit-hash: 8bab26f4f68e0e26f0bb7960be334d5b520ea452
build-desktop (ubuntu-22.04)	Install Rust stable	2026-07-31T20:48:42.4439808Z commit-date: 2026-07-14
build-desktop (ubuntu-22.04)	Install Rust stable	2026-07-31T20:48:42.4440486Z host: x86_64-unknown-linux-gnu
build-desktop (ubuntu-22.04)	Install Rust stable	2026-07-31T20:48:42.4441114Z release: 1.97.1
build-desktop (ubuntu-22.04)	Install Rust stable	2026-07-31T20:48:42.4441716Z LLVM version: 22.1.6
build-desktop (ubuntu-22.04)	Install Rust stable	2026-07-31T20:48:42.4463604Z ##[end-action id=__dtolnay_rust-toolchain.__run_10;outcome=success;conclusion=success;duration_ms=30]
build-desktop (ubuntu-22.04)	Install Linux Dependencies	﻿2026-07-31T20:48:42.4540315Z ##[group]Run sudo apt-get update
build-desktop (ubuntu-22.04)	Install Linux Dependencies	2026-07-31T20:48:42.4540849Z [36;1msudo apt-get update[0m
build-desktop (ubuntu-22.04)	Install Linux Dependencies	2026-07-31T20:48:42.4542019Z [36;1msudo apt-get install -y libwebkit2gtk-4.1-dev libsoup-3.0-dev libappindicator3-dev librsvg2-dev patchelf build-essential libssl-dev libgtk-3-dev[0m
build-desktop (ubuntu-22.04)	Install Linux Dependencies	2026-07-31T20:48:42.4613765Z shell: /usr/bin/bash -e {0}
build-desktop (ubuntu-22.04)	Install Linux Dependencies	2026-07-31T20:48:42.4614192Z env:
build-desktop (ubuntu-22.04)	Install Linux Dependencies	2026-07-31T20:48:42.4614520Z   CARGO_HOME: /home/runner/.cargo
build-desktop (ubuntu-22.04)	Install Linux Dependencies	2026-07-31T20:48:42.4614958Z   CARGO_INCREMENTAL: 0
build-desktop (ubuntu-22.04)	Install Linux Dependencies	2026-07-31T20:48:42.4615331Z   CARGO_TERM_COLOR: always
build-desktop (ubuntu-22.04)	Install Linux Dependencies	2026-07-31T20:48:42.4615711Z ##[endgroup]
build-desktop (ubuntu-22.04)	Install Linux Dependencies	2026-07-31T20:48:42.6044199Z Get:1 file:/etc/apt/apt-mirrors.txt Mirrorlist [144 B]
build-desktop (ubuntu-22.04)	Install Linux Dependencies	2026-07-31T20:48:42.6691841Z Hit:2 http://azure.archive.ubuntu.com/ubuntu jammy InRelease
build-desktop (ubuntu-22.04)	Install Linux Dependencies	2026-07-31T20:48:42.6725509Z Get:3 http://azure.archive.ubuntu.com/ubuntu jammy-updates InRelease [128 kB]
build-desktop (ubuntu-22.04)	Install Linux Dependencies	2026-07-31T20:48:42.6784938Z Get:4 http://azure.archive.ubuntu.com/ubuntu jammy-backports InRelease [127 kB]
build-desktop (ubuntu-22.04)	Install Linux Dependencies	2026-07-31T20:48:42.6829083Z Hit:6 https://packages.microsoft.com/repos/azure-cli jammy InRelease
build-desktop (ubuntu-22.04)	Install Linux Dependencies	2026-07-31T20:48:42.6839026Z Get:5 http://azure.archive.ubuntu.com/ubuntu jammy-security InRelease [129 kB]
build-desktop (ubuntu-22.04)	Install Linux Dependencies	2026-07-31T20:48:42.6878056Z Get:7 https://packages.microsoft.com/ubuntu/22.04/prod jammy InRelease [3632 B]
build-desktop (ubuntu-22.04)	Install Linux Dependencies	2026-07-31T20:48:42.7861328Z Get:8 https://dl.google.com/linux/chrome-stable/deb stable InRelease [2548 B]
build-desktop (ubuntu-22.04)	Install Linux Dependencies	2026-07-31T20:48:42.9071157Z Get:9 http://azure.archive.ubuntu.com/ubuntu jammy-updates/main amd64 Packages [3683 kB]
build-desktop (ubuntu-22.04)	Install Linux Dependencies	2026-07-31T20:48:42.9354661Z Get:10 http://azure.archive.ubuntu.com/ubuntu jammy-updates/main Translation-en [552 kB]
build-desktop (ubuntu-22.04)	Install Linux Dependencies	2026-07-31T20:48:42.9430035Z Get:11 http://azure.archive.ubuntu.com/ubuntu jammy-updates/restricted amd64 Packages [6346 kB]
build-desktop (ubuntu-22.04)	Install Linux Dependencies	2026-07-31T20:48:42.9826588Z Get:12 http://azure.archive.ubuntu.com/ubuntu jammy-updates/restricted Translation-en [1215 kB]
build-desktop (ubuntu-22.04)	Install Linux Dependencies	2026-07-31T20:48:42.9964357Z Get:13 http://azure.archive.ubuntu.com/ubuntu jammy-updates/universe amd64 Packages [1279 kB]
build-desktop (ubuntu-22.04)	Install Linux Dependencies	2026-07-31T20:48:43.0192649Z Get:14 http://azure.archive.ubuntu.com/ubuntu jammy-updates/universe Translation-en [322 kB]
build-desktop (ubuntu-22.04)	Install Linux Dependencies	2026-07-31T20:48:43.0208494Z Get:15 http://azure.archive.ubuntu.com/ubuntu jammy-updates/multiverse amd64 Packages [76.5 kB]
build-desktop (ubuntu-22.04)	Install Linux Dependencies	2026-07-31T20:48:43.0210162Z Get:16 http://azure.archive.ubuntu.com/ubuntu jammy-updates/multiverse Translation-en [15.9 kB]
build-desktop (ubuntu-22.04)	Install Linux Dependencies	2026-07-31T20:48:43.2029980Z Get:17 http://azure.archive.ubuntu.com/ubuntu jammy-security/main amd64 Packages [3414 kB]
build-desktop (ubuntu-22.04)	Install Linux Dependencies	2026-07-31T20:48:43.2240329Z Get:18 http://azure.archive.ubuntu.com/ubuntu jammy-security/main Translation-en [482 kB]
build-desktop (ubuntu-22.04)	Install Linux Dependencies	2026-07-31T20:48:43.2580011Z Get:25 https://packages.microsoft.com/ubuntu/22.04/prod jammy/main armhf Packages [21.9 kB]
build-desktop (ubuntu-22.04)	Install Linux Dependencies	2026-07-31T20:48:43.2611206Z Get:26 https://packages.microsoft.com/ubuntu/22.04/prod jammy/main arm64 Packages [287 kB]
build-desktop (ubuntu-22.04)	Install Linux Dependencies	2026-07-31T20:48:43.2689061Z Get:27 https://packages.microsoft.com/ubuntu/22.04/prod jammy/main amd64 Packages [481 kB]
build-desktop (ubuntu-22.04)	Install Linux Dependencies	2026-07-31T20:48:43.2758284Z Get:19 http://azure.archive.ubuntu.com/ubuntu jammy-security/restricted amd64 Packages [6110 kB]
build-desktop (ubuntu-22.04)	Install Linux Dependencies	2026-07-31T20:48:43.3100071Z Get:20 http://azure.archive.ubuntu.com/ubuntu jammy-security/restricted Translation-en [1173 kB]
build-desktop (ubuntu-22.04)	Install Linux Dependencies	2026-07-31T20:48:43.3198336Z Get:21 http://azure.archive.ubuntu.com/ubuntu jammy-security/universe amd64 Packages [1046 kB]
build-desktop (ubuntu-22.04)	Install Linux Dependencies	2026-07-31T20:48:43.3253941Z Get:22 http://azure.archive.ubuntu.com/ubuntu jammy-security/universe Translation-en [234 kB]
build-desktop (ubuntu-22.04)	Install Linux Dependencies	2026-07-31T20:48:43.3264108Z Get:23 http://azure.archive.ubuntu.com/ubuntu jammy-security/multiverse amd64 Packages [69.1 kB]
build-desktop (ubuntu-22.04)	Install Linux Dependencies	2026-07-31T20:48:43.3308719Z Get:24 http://azure.archive.ubuntu.com/ubuntu jammy-security/multiverse Translation-en [12.9 kB]
build-desktop (ubuntu-22.04)	Install Linux Dependencies	2026-07-31T20:48:43.3460323Z Get:28 https://dl.google.com/linux/chrome-stable/deb stable/main amd64 Packages [1409 B]
build-desktop (ubuntu-22.04)	Install Linux Dependencies	2026-07-31T20:48:48.2123635Z Fetched 27.2 MB in 3s (8578 kB/s)
build-desktop (ubuntu-22.04)	Install Linux Dependencies	2026-07-31T20:48:49.2178745Z Reading package lists...
build-desktop (ubuntu-22.04)	Install Linux Dependencies	2026-07-31T20:48:49.2810425Z Reading package lists...
build-desktop (ubuntu-22.04)	Install Linux Dependencies	2026-07-31T20:48:49.4946341Z Building dependency tree...
build-desktop (ubuntu-22.04)	Install Linux Dependencies	2026-07-31T20:48:49.4958308Z Reading state information...
build-desktop (ubuntu-22.04)	Install Linux Dependencies	2026-07-31T20:48:49.6671828Z build-essential is already the newest version (12.9ubuntu3).
build-desktop (ubuntu-22.04)	Install Linux Dependencies	2026-07-31T20:48:49.6672684Z build-essential set to manually installed.
build-desktop (ubuntu-22.04)	Install Linux Dependencies	2026-07-31T20:48:49.6673383Z patchelf is already the newest version (0.14.3-1).
build-desktop (ubuntu-22.04)	Install Linux Dependencies	2026-07-31T20:48:49.6674284Z librsvg2-dev is already the newest version (2.52.5+dfsg-3ubuntu0.2).
build-desktop (ubuntu-22.04)	Install Linux Dependencies	2026-07-31T20:48:49.6675094Z librsvg2-dev set to manually installed.
build-desktop (ubuntu-22.04)	Install Linux Dependencies	2026-07-31T20:48:49.6675858Z The following additional packages will be installed:
build-desktop (ubuntu-22.04)	Install Linux Dependencies	2026-07-31T20:48:49.6676819Z   bubblewrap gir1.2-appindicator3-0.1 gir1.2-atk-1.0 gir1.2-atspi-2.0
build-desktop (ubuntu-22.04)	Install Linux Dependencies	2026-07-31T20:48:49.6678243Z   gir1.2-dazzle-1.0 gir1.2-dbusmenu-glib-0.4 gir1.2-gtk-3.0
build-desktop (ubuntu-22.04)	Install Linux Dependencies	2026-07-31T20:48:49.6679171Z   gir1.2-harfbuzz-0.0 gir1.2-json-1.0 gir1.2-pango-1.0 gir1.2-polkit-1.0
build-desktop (ubuntu-22.04)	Install Linux Dependencies	2026-07-31T20:48:49.6680015Z   gir1.2-soup-3.0 gstreamer1.0-gl gstreamer1.0-plugins-base
build-desktop (ubuntu-22.04)	Install Linux Dependencies	2026-07-31T20:48:49.6680888Z   gstreamer1.0-plugins-good gstreamer1.0-x libaa1 libappindicator3-1
build-desktop (ubuntu-22.04)	Install Linux Dependencies	2026-07-31T20:48:49.6681855Z   libasyncns0 libatk-bridge2.0-dev libatk1.0-dev libatspi2.0-dev libavc1394-0
build-desktop (ubuntu-22.04)	Install Linux Dependencies	2026-07-31T20:48:49.6682831Z   libcaca0 libcdparanoia0 libdatrie-dev libdazzle-1.0-0 libdazzle-1.0-dev
build-desktop (ubuntu-22.04)	Install Linux Dependencies	2026-07-31T20:48:49.6683823Z   libdazzle-common libdbus-1-dev libdbus-glib-1-dev libdbus-glib-1-dev-bin
build-desktop (ubuntu-22.04)	Install Linux Dependencies	2026-07-31T20:48:49.6684864Z   libdbusmenu-glib-dev libdv4 libegl-dev libegl-mesa0 libegl1 libegl1-mesa-dev
build-desktop (ubuntu-22.04)	Install Linux Dependencies	2026-07-31T20:48:49.6686662Z   libepoxy-dev libevdev2 libflac8 libfribidi-dev libgl-dev libgles-dev
build-desktop (ubuntu-22.04)	Install Linux Dependencies	2026-07-31T20:48:49.6687704Z   libgles1 libgles2 libglvnd-core-dev libglvnd-dev libglx-dev
build-desktop (ubuntu-22.04)	Install Linux Dependencies	2026-07-31T20:48:49.6688477Z   libgraphene-1.0-0 libgraphite2-dev libgstreamer-gl1.0-0
build-desktop (ubuntu-22.04)	Install Linux Dependencies	2026-07-31T20:48:49.6689300Z   libgstreamer-plugins-base1.0-0 libgstreamer-plugins-good1.0-0
build-desktop (ubuntu-22.04)	Install Linux Dependencies	2026-07-31T20:48:49.6690193Z   libharfbuzz-dev libharfbuzz-gobject0 libharfbuzz-icu0 libhyphen0
build-desktop (ubuntu-22.04)	Install Linux Dependencies	2026-07-31T20:48:49.6691016Z   libiec61883-0 libjack-jackd2-0 libjavascriptcoregtk-4.1-0
build-desktop (ubuntu-22.04)	Install Linux Dependencies	2026-07-31T20:48:49.6691955Z   libjavascriptcoregtk-4.1-dev libjson-glib-dev libmanette-0.2-0 libmp3lame0
build-desktop (ubuntu-22.04)	Install Linux Dependencies	2026-07-31T20:48:49.6692884Z   libmpg123-0 libnghttp2-dev libopengl-dev libopengl0 libopus0 liborc-0.4-0
build-desktop (ubuntu-22.04)	Install Linux Dependencies	2026-07-31T20:48:49.6693538Z   libpango1.0-dev libpangoxft-1.0-0 libpipewire-0.3-0 libpipewire-0.3-common
build-desktop (ubuntu-22.04)	Install Linux Dependencies	2026-07-31T20:48:49.6694417Z   libpipewire-0.3-modules libpolkit-gobject-1-dev libpsl-dev libpulse0
build-desktop (ubuntu-22.04)	Install Linux Dependencies	2026-07-31T20:48:49.6694948Z   libraw1394-11 libsamplerate0 libshout3 libsndfile1 libsoup-3.0-0
build-desktop (ubuntu-22.04)	Install Linux Dependencies	2026-07-31T20:48:49.6695456Z   libsoup-3.0-common libspa-0.2-modules libspeex1 libssl3 libsysprof-4
build-desktop (ubuntu-22.04)	Install Linux Dependencies	2026-07-31T20:48:49.6696117Z   libsysprof-4-dev libsysprof-ui-4 libtag1v5 libtag1v5-vanilla libthai-dev
build-desktop (ubuntu-22.04)	Install Linux Dependencies	2026-07-31T20:48:49.6696760Z   libtheora0 libtwolame0 libv4l-0 libv4lconvert0 libvisual-0.4-0 libvorbisenc2
build-desktop (ubuntu-22.04)	Install Linux Dependencies	2026-07-31T20:48:49.6697602Z   libvpx7 libwavpack1 libwayland-bin libwayland-dev libwebkit2gtk-4.1-0
build-desktop (ubuntu-22.04)	Install Linux Dependencies	2026-07-31T20:48:49.6698459Z   libwebrtc-audio-processing1 libwoff1 libxcomposite-dev libxcursor-dev
build-desktop (ubuntu-22.04)	Install Linux Dependencies	2026-07-31T20:48:49.6699394Z   libxdamage-dev libxfixes-dev libxft-dev libxi-dev libxinerama-dev
build-desktop (ubuntu-22.04)	Install Linux Dependencies	2026-07-31T20:48:49.6700375Z   libxkbcommon-dev libxrandr-dev libxtst-dev libxv1 pango1.0-tools pipewire
build-desktop (ubuntu-22.04)	Install Linux Dependencies	2026-07-31T20:48:49.6701226Z   pipewire-bin pipewire-media-session rtkit wayland-protocols xdg-dbus-proxy
build-desktop (ubuntu-22.04)	Install Linux Dependencies	2026-07-31T20:48:49.6701719Z   xdg-desktop-portal xdg-desktop-portal-gtk
build-desktop (ubuntu-22.04)	Install Linux Dependencies	2026-07-31T20:48:49.6702040Z Suggested packages:
build-desktop (ubuntu-22.04)	Install Linux Dependencies	2026-07-31T20:48:49.6702601Z   gvfs indicator-application libdatrie-doc libdazzle-doc libdazzle-tools
build-desktop (ubuntu-22.04)	Install Linux Dependencies	2026-07-31T20:48:49.6703666Z   libdv-bin oss-compat libgraphite2-utils libvisual-0.4-plugins libgtk-3-doc
build-desktop (ubuntu-22.04)	Install Linux Dependencies	2026-07-31T20:48:49.6704717Z   jackd2 libjson-glib-doc libnghttp2-doc opus-tools libpango1.0-doc pulseaudio
build-desktop (ubuntu-22.04)	Install Linux Dependencies	2026-07-31T20:48:49.6705328Z   libraw1394-doc libsoup-3.0-doc speex libssl-doc libthai-doc libwayland-doc
build-desktop (ubuntu-22.04)	Install Linux Dependencies	2026-07-31T20:48:49.6705920Z   gstreamer1.0-libav gstreamer1.0-plugins-bad gstreamer1.0-alsa graphicsmagick
build-desktop (ubuntu-22.04)	Install Linux Dependencies	2026-07-31T20:48:49.6706631Z   accountsservice evince xdg-desktop-portal-gnome
build-desktop (ubuntu-22.04)	Install Linux Dependencies	2026-07-31T20:48:49.7256769Z The following NEW packages will be installed:
build-desktop (ubuntu-22.04)	Install Linux Dependencies	2026-07-31T20:48:49.7258316Z   bubblewrap gir1.2-appindicator3-0.1 gir1.2-atk-1.0 gir1.2-atspi-2.0
build-desktop (ubuntu-22.04)	Install Linux Dependencies	2026-07-31T20:48:49.7259211Z   gir1.2-dazzle-1.0 gir1.2-dbusmenu-glib-0.4 gir1.2-gtk-3.0
build-desktop (ubuntu-22.04)	Install Linux Dependencies	2026-07-31T20:48:49.7260078Z   gir1.2-harfbuzz-0.0 gir1.2-json-1.0 gir1.2-pango-1.0 gir1.2-polkit-1.0
build-desktop (ubuntu-22.04)	Install Linux Dependencies	2026-07-31T20:48:49.7261098Z   gir1.2-soup-3.0 gstreamer1.0-gl gstreamer1.0-plugins-base
build-desktop (ubuntu-22.04)	Install Linux Dependencies	2026-07-31T20:48:49.7262226Z   gstreamer1.0-plugins-good gstreamer1.0-x libaa1 libappindicator3-1
build-desktop (ubuntu-22.04)	Install Linux Dependencies	2026-07-31T20:48:49.7263152Z   libappindicator3-dev libasyncns0 libatk-bridge2.0-dev libatk1.0-dev
build-desktop (ubuntu-22.04)	Install Linux Dependencies	2026-07-31T20:48:49.7264056Z   libatspi2.0-dev libavc1394-0 libcaca0 libcdparanoia0 libdatrie-dev
build-desktop (ubuntu-22.04)	Install Linux Dependencies	2026-07-31T20:48:49.7265026Z   libdazzle-1.0-0 libdazzle-1.0-dev libdazzle-common libdbus-1-dev
build-desktop (ubuntu-22.04)	Install Linux Dependencies	2026-07-31T20:48:49.7265960Z   libdbus-glib-1-dev libdbus-glib-1-dev-bin libdbusmenu-glib-dev libdv4
build-desktop (ubuntu-22.04)	Install Linux Dependencies	2026-07-31T20:48:49.7267218Z   libegl-dev libegl-mesa0 libegl1 libegl1-mesa-dev libepoxy-dev libevdev2
build-desktop (ubuntu-22.04)	Install Linux Dependencies	2026-07-31T20:48:49.7268398Z   libflac8 libfribidi-dev libgl-dev libgles-dev libgles1 libgles2
build-desktop (ubuntu-22.04)	Install Linux Dependencies	2026-07-31T20:48:49.7269360Z   libglvnd-core-dev libglvnd-dev libglx-dev libgraphene-1.0-0 libgraphite2-dev
build-desktop (ubuntu-22.04)	Install Linux Dependencies	2026-07-31T20:48:49.7270286Z   libgstreamer-gl1.0-0 libgstreamer-plugins-base1.0-0
build-desktop (ubuntu-22.04)	Install Linux Dependencies	2026-07-31T20:48:49.7271058Z   libgstreamer-plugins-good1.0-0 libgtk-3-dev libharfbuzz-dev
build-desktop (ubuntu-22.04)	Install Linux Dependencies	2026-07-31T20:48:49.7272196Z   libharfbuzz-gobject0 libharfbuzz-icu0 libhyphen0 libiec61883-0
build-desktop (ubuntu-22.04)	Install Linux Dependencies	2026-07-31T20:48:49.7273241Z   libjack-jackd2-0 libjavascriptcoregtk-4.1-0 libjavascriptcoregtk-4.1-dev
build-desktop (ubuntu-22.04)	Install Linux Dependencies	2026-07-31T20:48:49.7274484Z   libjson-glib-dev libmanette-0.2-0 libmp3lame0 libmpg123-0 libnghttp2-dev
build-desktop (ubuntu-22.04)	Install Linux Dependencies	2026-07-31T20:48:49.7275624Z   libopengl-dev libopengl0 libopus0 liborc-0.4-0 libpango1.0-dev
build-desktop (ubuntu-22.04)	Install Linux Dependencies	2026-07-31T20:48:49.7303182Z   libpangoxft-1.0-0 libpipewire-0.3-0 libpipewire-0.3-common
build-desktop (ubuntu-22.04)	Install Linux Dependencies	2026-07-31T20:48:49.7304012Z   libpipewire-0.3-modules libpolkit-gobject-1-dev libpsl-dev libpulse0
build-desktop (ubuntu-22.04)	Install Linux Dependencies	2026-07-31T20:48:49.7304709Z   libraw1394-11 libsamplerate0 libshout3 libsndfile1 libsoup-3.0-0
build-desktop (ubuntu-22.04)	Install Linux Dependencies	2026-07-31T20:48:49.7305401Z   libsoup-3.0-common libsoup-3.0-dev libspa-0.2-modules libspeex1 libsysprof-4
build-desktop (ubuntu-22.04)	Install Linux Dependencies	2026-07-31T20:48:49.7306118Z   libsysprof-4-dev libsysprof-ui-4 libtag1v5 libtag1v5-vanilla libthai-dev
build-desktop (ubuntu-22.04)	Install Linux Dependencies	2026-07-31T20:48:49.7306826Z   libtheora0 libtwolame0 libv4l-0 libv4lconvert0 libvisual-0.4-0 libvorbisenc2
build-desktop (ubuntu-22.04)	Install Linux Dependencies	2026-07-31T20:48:49.7307832Z   libvpx7 libwavpack1 libwayland-bin libwayland-dev libwebkit2gtk-4.1-0
build-desktop (ubuntu-22.04)	Install Linux Dependencies	2026-07-31T20:48:49.7308533Z   libwebkit2gtk-4.1-dev libwebrtc-audio-processing1 libwoff1 libxcomposite-dev
build-desktop (ubuntu-22.04)	Install Linux Dependencies	2026-07-31T20:48:49.7309204Z   libxcursor-dev libxdamage-dev libxfixes-dev libxft-dev libxi-dev
build-desktop (ubuntu-22.04)	Install Linux Dependencies	2026-07-31T20:48:49.7309825Z   libxinerama-dev libxkbcommon-dev libxrandr-dev libxtst-dev libxv1
build-desktop (ubuntu-22.04)	Install Linux Dependencies	2026-07-31T20:48:49.7310457Z   pango1.0-tools pipewire pipewire-bin pipewire-media-session rtkit
build-desktop (ubuntu-22.04)	Install Linux Dependencies	2026-07-31T20:48:49.7311159Z   wayland-protocols xdg-dbus-proxy xdg-desktop-portal xdg-desktop-portal-gtk
build-desktop (ubuntu-22.04)	Install Linux Dependencies	2026-07-31T20:48:49.7311801Z The following packages will be upgraded:
build-desktop (ubuntu-22.04)	Install Linux Dependencies	2026-07-31T20:48:49.7312272Z   libssl-dev libssl3
build-desktop (ubuntu-22.04)	Install Linux Dependencies	2026-07-31T20:48:49.7475737Z 2 upgraded, 130 newly installed, 0 to remove and 85 not upgraded.
build-desktop (ubuntu-22.04)	Install Linux Dependencies	2026-07-31T20:48:49.7476386Z Need to get 59.6 MB of archives.
build-desktop (ubuntu-22.04)	Install Linux Dependencies	2026-07-31T20:48:49.7477124Z After this operation, 215 MB of additional disk space will be used.
build-desktop (ubuntu-22.04)	Install Linux Dependencies	2026-07-31T20:48:49.7477749Z Get:1 file:/etc/apt/apt-mirrors.txt Mirrorlist [144 B]
build-desktop (ubuntu-22.04)	Install Linux Dependencies	2026-07-31T20:48:49.8112273Z Get:2 http://azure.archive.ubuntu.com/ubuntu jammy-updates/main amd64 libssl-dev amd64 3.0.2-0ubuntu1.26 [2377 kB]
build-desktop (ubuntu-22.04)	Install Linux Dependencies	2026-07-31T20:48:50.0423076Z Get:3 http://azure.archive.ubuntu.com/ubuntu jammy-updates/main amd64 libssl3 amd64 3.0.2-0ubuntu1.26 [1906 kB]
build-desktop (ubuntu-22.04)	Install Linux Dependencies	2026-07-31T20:48:50.1692431Z Get:4 http://azure.archive.ubuntu.com/ubuntu jammy-updates/main amd64 bubblewrap amd64 0.6.1-1ubuntu0.1 [46.3 kB]
build-desktop (ubuntu-22.04)	Install Linux Dependencies	2026-07-31T20:48:50.1921866Z Get:5 http://azure.archive.ubuntu.com/ubuntu jammy/main amd64 gir1.2-atk-1.0 amd64 2.36.0-3build1 [21.0 kB]
build-desktop (ubuntu-22.04)	Install Linux Dependencies	2026-07-31T20:48:50.2157468Z Get:6 http://azure.archive.ubuntu.com/ubuntu jammy-updates/main amd64 gir1.2-harfbuzz-0.0 amd64 2.7.4-1ubuntu3.2 [31.6 kB]
build-desktop (ubuntu-22.04)	Install Linux Dependencies	2026-07-31T20:48:50.2382094Z Get:7 http://azure.archive.ubuntu.com/ubuntu jammy-updates/main amd64 libpangoxft-1.0-0 amd64 1.50.6+ds-2ubuntu1 [31.0 kB]
build-desktop (ubuntu-22.04)	Install Linux Dependencies	2026-07-31T20:48:50.2606606Z Get:8 http://azure.archive.ubuntu.com/ubuntu jammy-updates/main amd64 gir1.2-pango-1.0 amd64 1.50.6+ds-2ubuntu1 [44.0 kB]
build-desktop (ubuntu-22.04)	Install Linux Dependencies	2026-07-31T20:48:50.2844495Z Get:9 http://azure.archive.ubuntu.com/ubuntu jammy-updates/main amd64 gir1.2-gtk-3.0 amd64 3.24.33-1ubuntu2.2 [240 kB]
build-desktop (ubuntu-22.04)	Install Linux Dependencies	2026-07-31T20:48:50.3172302Z Get:10 http://azure.archive.ubuntu.com/ubuntu jammy/universe amd64 libappindicator3-1 amd64 12.10.1+20.10.20200706.1-0ubuntu1 [23.2 kB]
build-desktop (ubuntu-22.04)	Install Linux Dependencies	2026-07-31T20:48:50.3468383Z Get:11 http://azure.archive.ubuntu.com/ubuntu jammy/universe amd64 gir1.2-appindicator3-0.1 amd64 12.10.1+20.10.20200706.1-0ubuntu1 [3452 B]
build-desktop (ubuntu-22.04)	Install Linux Dependencies	2026-07-31T20:48:50.3755813Z Get:12 http://azure.archive.ubuntu.com/ubuntu jammy/main amd64 gir1.2-atspi-2.0 amd64 2.44.0-3 [18.1 kB]
build-desktop (ubuntu-22.04)	Install Linux Dependencies	2026-07-31T20:48:50.4052356Z Get:13 http://azure.archive.ubuntu.com/ubuntu jammy/main amd64 libdazzle-common all 3.44.0-1 [3400 B]
build-desktop (ubuntu-22.04)	Install Linux Dependencies	2026-07-31T20:48:50.4338550Z Get:14 http://azure.archive.ubuntu.com/ubuntu jammy/main amd64 libdazzle-1.0-0 amd64 3.44.0-1 [356 kB]
build-desktop (ubuntu-22.04)	Install Linux Dependencies	2026-07-31T20:48:50.4850891Z Get:15 http://azure.archive.ubuntu.com/ubuntu jammy/main amd64 gir1.2-dazzle-1.0 amd64 3.44.0-1 [36.7 kB]
build-desktop (ubuntu-22.04)	Install Linux Dependencies	2026-07-31T20:48:50.5158266Z Get:16 http://azure.archive.ubuntu.com/ubuntu jammy/main amd64 gir1.2-dbusmenu-glib-0.4 amd64 16.04.1+18.10.20180917-0ubuntu8 [6624 B]
build-desktop (ubuntu-22.04)	Install Linux Dependencies	2026-07-31T20:48:50.5452274Z Get:17 http://azure.archive.ubuntu.com/ubuntu jammy/main amd64 gir1.2-json-1.0 amd64 1.6.6-1build1 [8874 B]
build-desktop (ubuntu-22.04)	Install Linux Dependencies	2026-07-31T20:48:50.5753219Z Get:18 http://azure.archive.ubuntu.com/ubuntu jammy-updates/main amd64 gir1.2-polkit-1.0 amd64 0.105-33ubuntu0.1 [7768 B]
build-desktop (ubuntu-22.04)	Install Linux Dependencies	2026-07-31T20:48:50.5984085Z Get:19 http://azure.archive.ubuntu.com/ubuntu jammy-updates/universe amd64 libsoup-3.0-common all 3.0.7-0ubuntu1 [62.1 kB]
build-desktop (ubuntu-22.04)	Install Linux Dependencies	2026-07-31T20:48:50.6647726Z Get:20 http://azure.archive.ubuntu.com/ubuntu jammy-updates/universe amd64 libsoup-3.0-0 amd64 3.0.7-0ubuntu1 [278 kB]
build-desktop (ubuntu-22.04)	Install Linux Dependencies	2026-07-31T20:48:50.7005631Z Get:21 http://azure.archive.ubuntu.com/ubuntu jammy-updates/universe amd64 gir1.2-soup-3.0 amd64 3.0.7-0ubuntu1 [21.8 kB]
build-desktop (ubuntu-22.04)	Install Linux Dependencies	2026-07-31T20:48:50.7234403Z Get:22 http://azure.archive.ubuntu.com/ubuntu jammy/main amd64 libgraphene-1.0-0 amd64 1.10.8-1 [48.2 kB]
build-desktop (ubuntu-22.04)	Install Linux Dependencies	2026-07-31T20:48:50.7463185Z Get:23 http://azure.archive.ubuntu.com/ubuntu jammy-updates/main amd64 libegl-mesa0 amd64 23.2.1-1ubuntu3.1~22.04.4 [118 kB]
build-desktop (ubuntu-22.04)	Install Linux Dependencies	2026-07-31T20:48:50.7722877Z Get:24 http://azure.archive.ubuntu.com/ubuntu jammy/main amd64 libegl1 amd64 1.4.0-1 [28.6 kB]
build-desktop (ubuntu-22.04)	Install Linux Dependencies	2026-07-31T20:48:50.8029504Z Get:25 http://azure.archive.ubuntu.com/ubuntu jammy-updates/main amd64 liborc-0.4-0 amd64 1:0.4.32-2ubuntu0.1 [228 kB]
build-desktop (ubuntu-22.04)	Install Linux Dependencies	2026-07-31T20:48:50.8398134Z Get:26 http://azure.archive.ubuntu.com/ubuntu jammy-updates/main amd64 libgstreamer-plugins-base1.0-0 amd64 1.20.1-1ubuntu0.6 [848 kB]
build-desktop (ubuntu-22.04)	Install Linux Dependencies	2026-07-31T20:48:50.8848869Z Get:27 http://azure.archive.ubuntu.com/ubuntu jammy-updates/main amd64 libgstreamer-gl1.0-0 amd64 1.20.1-1ubuntu0.6 [204 kB]
build-desktop (ubuntu-22.04)	Install Linux Dependencies	2026-07-31T20:48:50.9183742Z Get:28 http://azure.archive.ubuntu.com/ubuntu jammy-updates/main amd64 gstreamer1.0-gl amd64 1.20.1-1ubuntu0.6 [125 kB]
build-desktop (ubuntu-22.04)	Install Linux Dependencies	2026-07-31T20:48:50.9494686Z Get:29 http://azure.archive.ubuntu.com/ubuntu jammy/main amd64 libcdparanoia0 amd64 3.10.2+debian-14build2 [49.3 kB]
build-desktop (ubuntu-22.04)	Install Linux Dependencies	2026-07-31T20:48:50.9774221Z Get:30 http://azure.archive.ubuntu.com/ubuntu jammy/main amd64 libopus0 amd64 1.3.1-0.1build2 [203 kB]
build-desktop (ubuntu-22.04)	Install Linux Dependencies	2026-07-31T20:48:51.0058761Z Get:31 http://azure.archive.ubuntu.com/ubuntu jammy/main amd64 libtheora0 amd64 1.1.1+dfsg.1-15ubuntu4 [209 kB]
build-desktop (ubuntu-22.04)	Install Linux Dependencies	2026-07-31T20:48:51.0348493Z Get:32 http://azure.archive.ubuntu.com/ubuntu jammy/main amd64 libvisual-0.4-0 amd64 0.4.0-17build2 [108 kB]
build-desktop (ubuntu-22.04)	Install Linux Dependencies	2026-07-31T20:48:51.0628900Z Get:33 http://azure.archive.ubuntu.com/ubuntu jammy/main amd64 libvorbisenc2 amd64 1.3.7-1build2 [82.6 kB]
build-desktop (ubuntu-22.04)	Install Linux Dependencies	2026-07-31T20:48:51.0906154Z Get:34 http://azure.archive.ubuntu.com/ubuntu jammy-updates/main amd64 gstreamer1.0-plugins-base amd64 1.20.1-1ubuntu0.6 [712 kB]
build-desktop (ubuntu-22.04)	Install Linux Dependencies	2026-07-31T20:48:51.1341796Z Get:35 http://azure.archive.ubuntu.com/ubuntu jammy/main amd64 libaa1 amd64 1.4p5-50build1 [51.9 kB]
build-desktop (ubuntu-22.04)	Install Linux Dependencies	2026-07-31T20:48:51.1617887Z Get:36 http://azure.archive.ubuntu.com/ubuntu jammy/main amd64 libraw1394-11 amd64 2.1.2-2build2 [27.0 kB]
build-desktop (ubuntu-22.04)	Install Linux Dependencies	2026-07-31T20:48:51.1890129Z Get:37 http://azure.archive.ubuntu.com/ubuntu jammy/main amd64 libavc1394-0 amd64 0.5.4-5build2 [17.0 kB]
build-desktop (ubuntu-22.04)	Install Linux Dependencies	2026-07-31T20:48:51.2582688Z Get:38 http://azure.archive.ubuntu.com/ubuntu jammy-updates/main amd64 libcaca0 amd64 0.99.beta19-2.2ubuntu4.2 [224 kB]
build-desktop (ubuntu-22.04)	Install Linux Dependencies	2026-07-31T20:48:51.2875947Z Get:39 http://azure.archive.ubuntu.com/ubuntu jammy/main amd64 libdv4 amd64 1.0.0-14build1 [61.9 kB]
build-desktop (ubuntu-22.04)	Install Linux Dependencies	2026-07-31T20:48:51.3158378Z Get:40 http://azure.archive.ubuntu.com/ubuntu jammy-updates/main amd64 libflac8 amd64 1.3.3-2ubuntu0.2 [111 kB]
build-desktop (ubuntu-22.04)	Install Linux Dependencies	2026-07-31T20:48:51.3454065Z Get:41 http://azure.archive.ubuntu.com/ubuntu jammy-updates/main amd64 libgstreamer-plugins-good1.0-0 amd64 1.20.3-0ubuntu1.7 [30.6 kB]
build-desktop (ubuntu-22.04)	Install Linux Dependencies	2026-07-31T20:48:51.3728279Z Get:42 http://azure.archive.ubuntu.com/ubuntu jammy/main amd64 libiec61883-0 amd64 1.2.0-4build3 [25.9 kB]
build-desktop (ubuntu-22.04)	Install Linux Dependencies	2026-07-31T20:48:51.4002792Z Get:43 http://azure.archive.ubuntu.com/ubuntu jammy/main amd64 libsamplerate0 amd64 0.2.2-1build1 [1359 kB]
build-desktop (ubuntu-22.04)	Install Linux Dependencies	2026-07-31T20:48:51.4563299Z Get:44 http://azure.archive.ubuntu.com/ubuntu jammy/main amd64 libjack-jackd2-0 amd64 1.9.20~dfsg-1 [293 kB]
build-desktop (ubuntu-22.04)	Install Linux Dependencies	2026-07-31T20:48:51.4909683Z Get:45 http://azure.archive.ubuntu.com/ubuntu jammy/main amd64 libmp3lame0 amd64 3.100-3build2 [141 kB]
build-desktop (ubuntu-22.04)	Install Linux Dependencies	2026-07-31T20:48:51.5188103Z Get:46 http://azure.archive.ubuntu.com/ubuntu jammy-updates/main amd64 libmpg123-0 amd64 1.29.3-1ubuntu0.1 [172 kB]
build-desktop (ubuntu-22.04)	Install Linux Dependencies	2026-07-31T20:48:51.5471088Z Get:47 http://azure.archive.ubuntu.com/ubuntu jammy/main amd64 libasyncns0 amd64 0.8-6build2 [12.8 kB]
build-desktop (ubuntu-22.04)	Install Linux Dependencies	2026-07-31T20:48:51.5739827Z Get:48 http://azure.archive.ubuntu.com/ubuntu jammy-updates/main amd64 libsndfile1 amd64 1.0.31-2ubuntu0.2 [196 kB]
build-desktop (ubuntu-22.04)	Install Linux Dependencies	2026-07-31T20:48:51.6025287Z Get:49 http://azure.archive.ubuntu.com/ubuntu jammy-updates/main amd64 libpulse0 amd64 1:15.99.1+dfsg1-1ubuntu2.2 [298 kB]
build-desktop (ubuntu-22.04)	Install Linux Dependencies	2026-07-31T20:48:51.6328406Z Get:50 http://azure.archive.ubuntu.com/ubuntu jammy/main amd64 libspeex1 amd64 1.2~rc1.2-1.1ubuntu3 [57.9 kB]
build-desktop (ubuntu-22.04)	Install Linux Dependencies	2026-07-31T20:48:51.6642968Z Get:51 http://azure.archive.ubuntu.com/ubuntu jammy/main amd64 libshout3 amd64 2.4.5-1build3 [54.5 kB]
build-desktop (ubuntu-22.04)	Install Linux Dependencies	2026-07-31T20:48:51.6946143Z Get:52 http://azure.archive.ubuntu.com/ubuntu jammy/main amd64 libtag1v5-vanilla amd64 1.11.1+dfsg.1-3ubuntu3 [304 kB]
build-desktop (ubuntu-22.04)	Install Linux Dependencies	2026-07-31T20:48:51.7328077Z Get:53 http://azure.archive.ubuntu.com/ubuntu jammy/main amd64 libtag1v5 amd64 1.11.1+dfsg.1-3ubuntu3 [11.5 kB]
build-desktop (ubuntu-22.04)	Install Linux Dependencies	2026-07-31T20:48:51.7623500Z Get:54 http://azure.archive.ubuntu.com/ubuntu jammy/main amd64 libtwolame0 amd64 0.4.0-2build2 [52.5 kB]
build-desktop (ubuntu-22.04)	Install Linux Dependencies	2026-07-31T20:48:51.7931916Z Get:55 http://azure.archive.ubuntu.com/ubuntu jammy/main amd64 libv4lconvert0 amd64 1.22.1-2build1 [82.4 kB]
build-desktop (ubuntu-22.04)	Install Linux Dependencies	2026-07-31T20:48:51.8678929Z Get:56 http://azure.archive.ubuntu.com/ubuntu jammy/main amd64 libv4l-0 amd64 1.22.1-2build1 [44.9 kB]
build-desktop (ubuntu-22.04)	Install Linux Dependencies	2026-07-31T20:48:51.9002064Z Get:57 http://azure.archive.ubuntu.com/ubuntu jammy-updates/main amd64 libvpx7 amd64 1.11.0-2ubuntu2.5 [1078 kB]
build-desktop (ubuntu-22.04)	Install Linux Dependencies	2026-07-31T20:48:51.9747133Z Get:58 http://azure.archive.ubuntu.com/ubuntu jammy/main amd64 libwavpack1 amd64 5.4.0-1build2 [83.7 kB]
build-desktop (ubuntu-22.04)	Install Linux Dependencies	2026-07-31T20:48:52.0048105Z Get:59 http://azure.archive.ubuntu.com/ubuntu jammy-updates/main amd64 gstreamer1.0-plugins-good amd64 1.20.3-0ubuntu1.7 [2006 kB]
build-desktop (ubuntu-22.04)	Install Linux Dependencies	2026-07-31T20:48:52.1188612Z Get:60 http://azure.archive.ubuntu.com/ubuntu jammy/main amd64 libxv1 amd64 2:1.0.11-1build2 [11.2 kB]
build-desktop (ubuntu-22.04)	Install Linux Dependencies	2026-07-31T20:48:52.1488151Z Get:61 http://azure.archive.ubuntu.com/ubuntu jammy-updates/main amd64 gstreamer1.0-x amd64 1.20.1-1ubuntu0.6 [85.1 kB]
build-desktop (ubuntu-22.04)	Install Linux Dependencies	2026-07-31T20:48:52.1810598Z Get:62 http://azure.archive.ubuntu.com/ubuntu jammy-updates/main amd64 libdbus-1-dev amd64 1.12.20-2ubuntu4.1 [188 kB]
build-desktop (ubuntu-22.04)	Install Linux Dependencies	2026-07-31T20:48:52.2182307Z Get:63 http://azure.archive.ubuntu.com/ubuntu jammy/main amd64 libdbus-glib-1-dev-bin amd64 0.112-2build1 [41.9 kB]
build-desktop (ubuntu-22.04)	Install Linux Dependencies	2026-07-31T20:48:52.2475545Z Get:64 http://azure.archive.ubuntu.com/ubuntu jammy/main amd64 libdbus-glib-1-dev amd64 0.112-2build1 [80.6 kB]
build-desktop (ubuntu-22.04)	Install Linux Dependencies	2026-07-31T20:48:52.2787715Z Get:65 http://azure.archive.ubuntu.com/ubuntu jammy/main amd64 libdbusmenu-glib-dev amd64 16.04.1+18.10.20180917-0ubuntu8 [73.8 kB]
build-desktop (ubuntu-22.04)	Install Linux Dependencies	2026-07-31T20:48:52.3081251Z Get:66 http://azure.archive.ubuntu.com/ubuntu jammy/main amd64 libatk1.0-dev amd64 2.36.0-3build1 [96.6 kB]
build-desktop (ubuntu-22.04)	Install Linux Dependencies	2026-07-31T20:48:52.3355838Z Get:67 http://azure.archive.ubuntu.com/ubuntu jammy/main amd64 libxfixes-dev amd64 1:6.0.0-1 [12.2 kB]
build-desktop (ubuntu-22.04)	Install Linux Dependencies	2026-07-31T20:48:52.3621664Z Get:68 http://azure.archive.ubuntu.com/ubuntu jammy/main amd64 libxi-dev amd64 2:1.8-1build1 [193 kB]
build-desktop (ubuntu-22.04)	Install Linux Dependencies	2026-07-31T20:48:52.3927658Z Get:69 http://azure.archive.ubuntu.com/ubuntu jammy/main amd64 libxtst-dev amd64 2:1.2.3-1build4 [16.3 kB]
build-desktop (ubuntu-22.04)	Install Linux Dependencies	2026-07-31T20:48:52.4193504Z Get:70 http://azure.archive.ubuntu.com/ubuntu jammy/main amd64 libatspi2.0-dev amd64 2.44.0-3 [71.5 kB]
build-desktop (ubuntu-22.04)	Install Linux Dependencies	2026-07-31T20:48:52.4465865Z Get:71 http://azure.archive.ubuntu.com/ubuntu jammy/main amd64 libatk-bridge2.0-dev amd64 2.38.0-3 [2954 B]
build-desktop (ubuntu-22.04)	Install Linux Dependencies	2026-07-31T20:48:52.4737537Z Get:72 http://azure.archive.ubuntu.com/ubuntu jammy/main amd64 libglx-dev amd64 1.4.0-1 [14.1 kB]
build-desktop (ubuntu-22.04)	Install Linux Dependencies	2026-07-31T20:48:52.5029257Z Get:73 http://azure.archive.ubuntu.com/ubuntu jammy/main amd64 libgl-dev amd64 1.4.0-1 [101 kB]
build-desktop (ubuntu-22.04)	Install Linux Dependencies	2026-07-31T20:48:52.5338782Z Get:74 http://azure.archive.ubuntu.com/ubuntu jammy/main amd64 libegl-dev amd64 1.4.0-1 [18.0 kB]
build-desktop (ubuntu-22.04)	Install Linux Dependencies	2026-07-31T20:48:52.6077952Z Get:75 http://azure.archive.ubuntu.com/ubuntu jammy/main amd64 libglvnd-core-dev amd64 1.4.0-1 [12.7 kB]
build-desktop (ubuntu-22.04)	Install Linux Dependencies	2026-07-31T20:48:52.6370459Z Get:76 http://azure.archive.ubuntu.com/ubuntu jammy/main amd64 libgles1 amd64 1.4.0-1 [11.5 kB]
build-desktop (ubuntu-22.04)	Install Linux Dependencies	2026-07-31T20:48:52.6663452Z Get:77 http://azure.archive.ubuntu.com/ubuntu jammy/main amd64 libgles2 amd64 1.4.0-1 [18.0 kB]
build-desktop (ubuntu-22.04)	Install Linux Dependencies	2026-07-31T20:48:52.6946738Z Get:78 http://azure.archive.ubuntu.com/ubuntu jammy/main amd64 libgles-dev amd64 1.4.0-1 [49.4 kB]
build-desktop (ubuntu-22.04)	Install Linux Dependencies	2026-07-31T20:48:52.7241321Z Get:79 http://azure.archive.ubuntu.com/ubuntu jammy/main amd64 libopengl0 amd64 1.4.0-1 [36.5 kB]
build-desktop (ubuntu-22.04)	Install Linux Dependencies	2026-07-31T20:48:52.7544471Z Get:80 http://azure.archive.ubuntu.com/ubuntu jammy/main amd64 libopengl-dev amd64 1.4.0-1 [3400 B]
build-desktop (ubuntu-22.04)	Install Linux Dependencies	2026-07-31T20:48:52.7837518Z Get:81 http://azure.archive.ubuntu.com/ubuntu jammy/main amd64 libglvnd-dev amd64 1.4.0-1 [3162 B]
build-desktop (ubuntu-22.04)	Install Linux Dependencies	2026-07-31T20:48:52.8128902Z Get:82 http://azure.archive.ubuntu.com/ubuntu jammy-updates/main amd64 libegl1-mesa-dev amd64 23.2.1-1ubuntu3.1~22.04.4 [11.3 kB]
build-desktop (ubuntu-22.04)	Install Linux Dependencies	2026-07-31T20:48:52.8417893Z Get:83 http://azure.archive.ubuntu.com/ubuntu jammy/main amd64 libepoxy-dev amd64 1.5.10-1 [132 kB]
build-desktop (ubuntu-22.04)	Install Linux Dependencies	2026-07-31T20:48:52.8719670Z Get:84 http://azure.archive.ubuntu.com/ubuntu jammy-updates/main amd64 libfribidi-dev amd64 1.0.8-2ubuntu3.1 [64.8 kB]
build-desktop (ubuntu-22.04)	Install Linux Dependencies	2026-07-31T20:48:52.9013109Z Get:85 http://azure.archive.ubuntu.com/ubuntu jammy-updates/main amd64 libharfbuzz-icu0 amd64 2.7.4-1ubuntu3.2 [5890 B]
build-desktop (ubuntu-22.04)	Install Linux Dependencies	2026-07-31T20:48:52.9309854Z Get:86 http://azure.archive.ubuntu.com/ubuntu jammy-updates/main amd64 libharfbuzz-gobject0 amd64 2.7.4-1ubuntu3.2 [26.0 kB]
build-desktop (ubuntu-22.04)	Install Linux Dependencies	2026-07-31T20:48:52.9601190Z Get:87 http://azure.archive.ubuntu.com/ubuntu jammy-updates/main amd64 libgraphite2-dev amd64 1.3.14-1ubuntu0.1 [14.7 kB]
build-desktop (ubuntu-22.04)	Install Linux Dependencies	2026-07-31T20:48:52.9892040Z Get:88 http://azure.archive.ubuntu.com/ubuntu jammy-updates/main amd64 libharfbuzz-dev amd64 2.7.4-1ubuntu3.2 [554 kB]
build-desktop (ubuntu-22.04)	Install Linux Dependencies	2026-07-31T20:48:53.0231472Z Get:89 http://azure.archive.ubuntu.com/ubuntu jammy/main amd64 libdatrie-dev amd64 0.2.13-2 [19.7 kB]
build-desktop (ubuntu-22.04)	Install Linux Dependencies	2026-07-31T20:48:53.0546826Z Get:90 http://azure.archive.ubuntu.com/ubuntu jammy/main amd64 libthai-dev amd64 0.1.29-1build1 [26.4 kB]
build-desktop (ubuntu-22.04)	Install Linux Dependencies	2026-07-31T20:48:53.0846525Z Get:91 http://azure.archive.ubuntu.com/ubuntu jammy/main amd64 libxft-dev amd64 2.3.4-1 [52.4 kB]
build-desktop (ubuntu-22.04)	Install Linux Dependencies	2026-07-31T20:48:53.1146128Z Get:92 http://azure.archive.ubuntu.com/ubuntu jammy-updates/main amd64 pango1.0-tools amd64 1.50.6+ds-2ubuntu1 [45.8 kB]
build-desktop (ubuntu-22.04)	Install Linux Dependencies	2026-07-31T20:48:53.1438586Z Get:93 http://azure.archive.ubuntu.com/ubuntu jammy-updates/main amd64 libpango1.0-dev amd64 1.50.6+ds-2ubuntu1 [154 kB]
build-desktop (ubuntu-22.04)	Install Linux Dependencies	2026-07-31T20:48:53.2178001Z Get:94 http://azure.archive.ubuntu.com/ubuntu jammy-updates/main amd64 libwayland-bin amd64 1.20.0-1ubuntu0.1 [20.4 kB]
build-desktop (ubuntu-22.04)	Install Linux Dependencies	2026-07-31T20:48:53.2448935Z Get:95 http://azure.archive.ubuntu.com/ubuntu jammy-updates/main amd64 libwayland-dev amd64 1.20.0-1ubuntu0.1 [69.5 kB]
build-desktop (ubuntu-22.04)	Install Linux Dependencies	2026-07-31T20:48:53.2724972Z Get:96 http://azure.archive.ubuntu.com/ubuntu jammy/main amd64 libxcomposite-dev amd64 1:0.4.5-1build2 [9326 B]
build-desktop (ubuntu-22.04)	Install Linux Dependencies	2026-07-31T20:48:53.2995152Z Get:97 http://azure.archive.ubuntu.com/ubuntu jammy/main amd64 libxcursor-dev amd64 1:1.2.0-2build4 [28.2 kB]
build-desktop (ubuntu-22.04)	Install Linux Dependencies	2026-07-31T20:48:53.3271449Z Get:98 http://azure.archive.ubuntu.com/ubuntu jammy/main amd64 libxdamage-dev amd64 1:1.1.5-2build2 [5264 B]
build-desktop (ubuntu-22.04)	Install Linux Dependencies	2026-07-31T20:48:53.3544284Z Get:99 http://azure.archive.ubuntu.com/ubuntu jammy/main amd64 libxinerama-dev amd64 2:1.1.4-3 [8104 B]
build-desktop (ubuntu-22.04)	Install Linux Dependencies	2026-07-31T20:48:53.3815786Z Get:100 http://azure.archive.ubuntu.com/ubuntu jammy/main amd64 libxkbcommon-dev amd64 1.4.0-1 [54.9 kB]
build-desktop (ubuntu-22.04)	Install Linux Dependencies	2026-07-31T20:48:53.4090296Z Get:101 http://azure.archive.ubuntu.com/ubuntu jammy/main amd64 libxrandr-dev amd64 2:1.5.2-1build1 [26.7 kB]
build-desktop (ubuntu-22.04)	Install Linux Dependencies	2026-07-31T20:48:53.4364992Z Get:102 http://azure.archive.ubuntu.com/ubuntu jammy/main amd64 wayland-protocols all 1.25-1 [70.6 kB]
build-desktop (ubuntu-22.04)	Install Linux Dependencies	2026-07-31T20:48:53.4622096Z Get:103 http://azure.archive.ubuntu.com/ubuntu jammy-updates/main amd64 libgtk-3-dev amd64 3.24.33-1ubuntu2.2 [1082 kB]
build-desktop (ubuntu-22.04)	Install Linux Dependencies	2026-07-31T20:48:53.4950275Z Get:104 http://azure.archive.ubuntu.com/ubuntu jammy/universe amd64 libappindicator3-dev amd64 12.10.1+20.10.20200706.1-0ubuntu1 [11.9 kB]
build-desktop (ubuntu-22.04)	Install Linux Dependencies	2026-07-31T20:48:53.5185130Z Get:105 http://azure.archive.ubuntu.com/ubuntu jammy/main amd64 libdazzle-1.0-dev amd64 3.44.0-1 [121 kB]
build-desktop (ubuntu-22.04)	Install Linux Dependencies	2026-07-31T20:48:53.5437688Z Get:106 http://azure.archive.ubuntu.com/ubuntu jammy/main amd64 libhyphen0 amd64 2.8.8-7build2 [28.2 kB]
build-desktop (ubuntu-22.04)	Install Linux Dependencies	2026-07-31T20:48:53.5681325Z Get:107 http://azure.archive.ubuntu.com/ubuntu jammy-updates/main amd64 libjavascriptcoregtk-4.1-0 amd64 2.50.4-0ubuntu0.22.04.1 [9518 kB]
build-desktop (ubuntu-22.04)	Install Linux Dependencies	2026-07-31T20:48:53.6841978Z Get:108 http://azure.archive.ubuntu.com/ubuntu jammy-updates/main amd64 libjavascriptcoregtk-4.1-dev amd64 2.50.4-0ubuntu0.22.04.1 [69.7 kB]
build-desktop (ubuntu-22.04)	Install Linux Dependencies	2026-07-31T20:48:53.7088414Z Get:109 http://azure.archive.ubuntu.com/ubuntu jammy/main amd64 libjson-glib-dev amd64 1.6.6-1build1 [96.7 kB]
build-desktop (ubuntu-22.04)	Install Linux Dependencies	2026-07-31T20:48:53.7342763Z Get:110 http://azure.archive.ubuntu.com/ubuntu jammy/main amd64 libevdev2 amd64 1.12.1+dfsg-1 [39.5 kB]
build-desktop (ubuntu-22.04)	Install Linux Dependencies	2026-07-31T20:48:53.7588806Z Get:111 http://azure.archive.ubuntu.com/ubuntu jammy/main amd64 libmanette-0.2-0 amd64 0.2.6-3build1 [30.4 kB]
build-desktop (ubuntu-22.04)	Install Linux Dependencies	2026-07-31T20:48:53.7836771Z Get:112 http://azure.archive.ubuntu.com/ubuntu jammy-updates/main amd64 libnghttp2-dev amd64 1.43.0-1ubuntu0.4 [117 kB]
build-desktop (ubuntu-22.04)	Install Linux Dependencies	2026-07-31T20:48:53.8092956Z Get:113 http://azure.archive.ubuntu.com/ubuntu jammy/main amd64 libwebrtc-audio-processing1 amd64 0.3.1-0ubuntu5 [291 kB]
build-desktop (ubuntu-22.04)	Install Linux Dependencies	2026-07-31T20:48:53.8372345Z Get:114 http://azure.archive.ubuntu.com/ubuntu jammy-updates/main amd64 libspa-0.2-modules amd64 0.3.48-1ubuntu3.2 [546 kB]
build-desktop (ubuntu-22.04)	Install Linux Dependencies	2026-07-31T20:48:53.8718478Z Get:115 http://azure.archive.ubuntu.com/ubuntu jammy-updates/main amd64 libpipewire-0.3-0 amd64 0.3.48-1ubuntu3.2 [274 kB]
build-desktop (ubuntu-22.04)	Install Linux Dependencies	2026-07-31T20:48:53.8979848Z Get:116 http://azure.archive.ubuntu.com/ubuntu jammy-updates/main amd64 libpipewire-0.3-common all 0.3.48-1ubuntu3.2 [4278 B]
build-desktop (ubuntu-22.04)	Install Linux Dependencies	2026-07-31T20:48:53.9229157Z Get:117 http://azure.archive.ubuntu.com/ubuntu jammy-updates/main amd64 libpipewire-0.3-modules amd64 0.3.48-1ubuntu3.2 [525 kB]
build-desktop (ubuntu-22.04)	Install Linux Dependencies	2026-07-31T20:48:53.9534627Z Get:118 http://azure.archive.ubuntu.com/ubuntu jammy-updates/main amd64 libpolkit-gobject-1-dev amd64 0.105-33ubuntu0.1 [65.4 kB]
build-desktop (ubuntu-22.04)	Install Linux Dependencies	2026-07-31T20:48:53.9869648Z Get:119 http://azure.archive.ubuntu.com/ubuntu jammy/main amd64 libpsl-dev amd64 0.21.0-1.2build2 [77.9 kB]
build-desktop (ubuntu-22.04)	Install Linux Dependencies	2026-07-31T20:48:54.0135589Z Get:120 http://azure.archive.ubuntu.com/ubuntu jammy/universe amd64 libsysprof-4 amd64 3.44.0-1 [136 kB]
build-desktop (ubuntu-22.04)	Install Linux Dependencies	2026-07-31T20:48:54.0819477Z Get:121 http://azure.archive.ubuntu.com/ubuntu jammy/universe amd64 libsysprof-ui-4 amd64 3.44.0-1 [146 kB]
build-desktop (ubuntu-22.04)	Install Linux Dependencies	2026-07-31T20:48:54.1116065Z Get:122 http://azure.archive.ubuntu.com/ubuntu jammy/universe amd64 libsysprof-4-dev amd64 3.44.0-1 [54.7 kB]
build-desktop (ubuntu-22.04)	Install Linux Dependencies	2026-07-31T20:48:54.1347042Z Get:123 http://azure.archive.ubuntu.com/ubuntu jammy-updates/universe amd64 libsoup-3.0-dev amd64 3.0.7-0ubuntu1 [102 kB]
build-desktop (ubuntu-22.04)	Install Linux Dependencies	2026-07-31T20:48:54.1571084Z Get:124 http://azure.archive.ubuntu.com/ubuntu jammy-updates/main amd64 xdg-dbus-proxy amd64 0.1.3-1ubuntu0.1 [24.9 kB]
build-desktop (ubuntu-22.04)	Install Linux Dependencies	2026-07-31T20:48:54.1788305Z Get:125 http://azure.archive.ubuntu.com/ubuntu jammy/main amd64 libwoff1 amd64 1.0.2-1build4 [45.2 kB]
build-desktop (ubuntu-22.04)	Install Linux Dependencies	2026-07-31T20:48:54.2076161Z Get:126 http://azure.archive.ubuntu.com/ubuntu jammy-updates/universe amd64 libwebkit2gtk-4.1-0 amd64 2.50.4-0ubuntu0.22.04.1 [27.3 MB]
build-desktop (ubuntu-22.04)	Install Linux Dependencies	2026-07-31T20:48:54.7999845Z Get:127 http://azure.archive.ubuntu.com/ubuntu jammy-updates/universe amd64 libwebkit2gtk-4.1-dev amd64 2.50.4-0ubuntu0.22.04.1 [288 kB]
build-desktop (ubuntu-22.04)	Install Linux Dependencies	2026-07-31T20:48:54.8291735Z Get:128 http://azure.archive.ubuntu.com/ubuntu jammy-updates/main amd64 pipewire-bin amd64 0.3.48-1ubuntu3.2 [312 kB]
build-desktop (ubuntu-22.04)	Install Linux Dependencies	2026-07-31T20:48:54.8595197Z Get:129 http://azure.archive.ubuntu.com/ubuntu jammy-updates/main amd64 pipewire amd64 0.3.48-1ubuntu3.2 [3978 B]
build-desktop (ubuntu-22.04)	Install Linux Dependencies	2026-07-31T20:48:54.8838466Z Get:130 http://azure.archive.ubuntu.com/ubuntu jammy/main amd64 pipewire-media-session amd64 0.4.1-2ubuntu1 [128 kB]
build-desktop (ubuntu-22.04)	Install Linux Dependencies	2026-07-31T20:48:54.9106883Z Get:131 http://azure.archive.ubuntu.com/ubuntu jammy/main amd64 rtkit amd64 0.13-4build2 [35.1 kB]
build-desktop (ubuntu-22.04)	Install Linux Dependencies	2026-07-31T20:48:54.9330295Z Get:132 http://azure.archive.ubuntu.com/ubuntu jammy-updates/main amd64 xdg-desktop-portal amd64 1.14.4-1ubuntu2~22.04.2 [265 kB]
build-desktop (ubuntu-22.04)	Install Linux Dependencies	2026-07-31T20:48:54.9612754Z Get:133 http://azure.archive.ubuntu.com/ubuntu jammy/main amd64 xdg-desktop-portal-gtk amd64 1.14.0-1build1 [87.4 kB]
build-desktop (ubuntu-22.04)	Install Linux Dependencies	2026-07-31T20:48:55.4705387Z Preconfiguring packages ...
build-desktop (ubuntu-22.04)	Install Linux Dependencies	2026-07-31T20:48:55.5286777Z Fetched 59.6 MB in 5s (11.4 MB/s)
build-desktop (ubuntu-22.04)	Install Linux Dependencies	2026-07-31T20:48:55.5840751Z (Reading database ... 
build-desktop (ubuntu-22.04)	Install Linux Dependencies	2026-07-31T20:48:55.5841256Z (Reading database ... 5%
build-desktop (ubuntu-22.04)	Install Linux Dependencies	2026-07-31T20:48:55.5841689Z (Reading database ... 10%
build-desktop (ubuntu-22.04)	Install Linux Dependencies	2026-07-31T20:48:55.5842077Z (Reading database ... 15%
build-desktop (ubuntu-22.04)	Install Linux Dependencies	2026-07-31T20:48:55.5842443Z (Reading database ... 20%
build-desktop (ubuntu-22.04)	Install Linux Dependencies	2026-07-31T20:48:55.5842823Z (Reading database ... 25%
build-desktop (ubuntu-22.04)	Install Linux Dependencies	2026-07-31T20:48:55.5843193Z (Reading database ... 30%
build-desktop (ubuntu-22.04)	Install Linux Dependencies	2026-07-31T20:48:55.5843550Z (Reading database ... 35%
build-desktop (ubuntu-22.04)	Install Linux Dependencies	2026-07-31T20:48:55.5843924Z (Reading database ... 40%
build-desktop (ubuntu-22.04)	Install Linux Dependencies	2026-07-31T20:48:55.5844278Z (Reading database ... 45%
build-desktop (ubuntu-22.04)	Install Linux Dependencies	2026-07-31T20:48:55.5844638Z (Reading database ... 50%
build-desktop (ubuntu-22.04)	Install Linux Dependencies	2026-07-31T20:48:55.6843466Z (Reading database ... 55%
build-desktop (ubuntu-22.04)	Install Linux Dependencies	2026-07-31T20:48:55.7203454Z (Reading database ... 60%
build-desktop (ubuntu-22.04)	Install Linux Dependencies	2026-07-31T20:48:55.7727144Z (Reading database ... 65%
build-desktop (ubuntu-22.04)	Install Linux Dependencies	2026-07-31T20:48:55.9247866Z (Reading database ... 70%
build-desktop (ubuntu-22.04)	Install Linux Dependencies	2026-07-31T20:48:56.1328090Z (Reading database ... 75%
build-desktop (ubuntu-22.04)	Install Linux Dependencies	2026-07-31T20:48:56.2335068Z (Reading database ... 80%
build-desktop (ubuntu-22.04)	Install Linux Dependencies	2026-07-31T20:48:56.4562820Z (Reading database ... 85%
build-desktop (ubuntu-22.04)	Install Linux Dependencies	2026-07-31T20:48:56.6840668Z (Reading database ... 90%
build-desktop (ubuntu-22.04)	Install Linux Dependencies	2026-07-31T20:48:56.8288197Z (Reading database ... 95%
build-desktop (ubuntu-22.04)	Install Linux Dependencies	2026-07-31T20:48:56.8288806Z (Reading database ... 100%
build-desktop (ubuntu-22.04)	Install Linux Dependencies	2026-07-31T20:48:56.8289702Z (Reading database ... 259812 files and directories currently installed.)
build-desktop (ubuntu-22.04)	Install Linux Dependencies	2026-07-31T20:48:56.8345722Z Preparing to unpack .../libssl-dev_3.0.2-0ubuntu1.26_amd64.deb ...
build-desktop (ubuntu-22.04)	Install Linux Dependencies	2026-07-31T20:48:56.8387411Z Unpacking libssl-dev:amd64 (3.0.2-0ubuntu1.26) over (3.0.2-0ubuntu1.25) ...
build-desktop (ubuntu-22.04)	Install Linux Dependencies	2026-07-31T20:48:56.9539456Z Preparing to unpack .../libssl3_3.0.2-0ubuntu1.26_amd64.deb ...
build-desktop (ubuntu-22.04)	Install Linux Dependencies	2026-07-31T20:48:56.9576007Z Unpacking libssl3:amd64 (3.0.2-0ubuntu1.26) over (3.0.2-0ubuntu1.25) ...
build-desktop (ubuntu-22.04)	Install Linux Dependencies	2026-07-31T20:48:57.0282046Z Setting up libssl3:amd64 (3.0.2-0ubuntu1.26) ...
build-desktop (ubuntu-22.04)	Install Linux Dependencies	2026-07-31T20:48:57.1590738Z Selecting previously unselected package bubblewrap.
build-desktop (ubuntu-22.04)	Install Linux Dependencies	2026-07-31T20:48:57.1669293Z (Reading database ... 
build-desktop (ubuntu-22.04)	Install Linux Dependencies	2026-07-31T20:48:57.1669824Z (Reading database ... 5%
build-desktop (ubuntu-22.04)	Install Linux Dependencies	2026-07-31T20:48:57.1670285Z (Reading database ... 10%
build-desktop (ubuntu-22.04)	Install Linux Dependencies	2026-07-31T20:48:57.1670734Z (Reading database ... 15%
build-desktop (ubuntu-22.04)	Install Linux Dependencies	2026-07-31T20:48:57.1671170Z (Reading database ... 20%
build-desktop (ubuntu-22.04)	Install Linux Dependencies	2026-07-31T20:48:57.1671607Z (Reading database ... 25%
build-desktop (ubuntu-22.04)	Install Linux Dependencies	2026-07-31T20:48:57.1672458Z (Reading database ... 30%
build-desktop (ubuntu-22.04)	Install Linux Dependencies	2026-07-31T20:48:57.1672897Z (Reading database ... 35%
build-desktop (ubuntu-22.04)	Install Linux Dependencies	2026-07-31T20:48:57.1673325Z (Reading database ... 40%
build-desktop (ubuntu-22.04)	Install Linux Dependencies	2026-07-31T20:48:57.1673748Z (Reading database ... 45%
build-desktop (ubuntu-22.04)	Install Linux Dependencies	2026-07-31T20:48:57.1704880Z (Reading database ... 50%
build-desktop (ubuntu-22.04)	Install Linux Dependencies	2026-07-31T20:48:57.1705403Z (Reading database ... 55%
build-desktop (ubuntu-22.04)	Install Linux Dependencies	2026-07-31T20:48:57.1735921Z (Reading database ... 60%
build-desktop (ubuntu-22.04)	Install Linux Dependencies	2026-07-31T20:48:57.1832441Z (Reading database ... 65%
build-desktop (ubuntu-22.04)	Install Linux Dependencies	2026-07-31T20:48:57.1866384Z (Reading database ... 70%
build-desktop (ubuntu-22.04)	Install Linux Dependencies	2026-07-31T20:48:57.2007098Z (Reading database ... 75%
build-desktop (ubuntu-22.04)	Install Linux Dependencies	2026-07-31T20:48:57.2070667Z (Reading database ... 80%
build-desktop (ubuntu-22.04)	Install Linux Dependencies	2026-07-31T20:48:57.2263580Z (Reading database ... 85%
build-desktop (ubuntu-22.04)	Install Linux Dependencies	2026-07-31T20:48:57.2485068Z (Reading database ... 90%
build-desktop (ubuntu-22.04)	Install Linux Dependencies	2026-07-31T20:48:57.2585497Z (Reading database ... 95%
build-desktop (ubuntu-22.04)	Install Linux Dependencies	2026-07-31T20:48:57.2586033Z (Reading database ... 100%
build-desktop (ubuntu-22.04)	Install Linux Dependencies	2026-07-31T20:48:57.2586829Z (Reading database ... 259812 files and directories currently installed.)
build-desktop (ubuntu-22.04)	Install Linux Dependencies	2026-07-31T20:48:57.2638433Z Preparing to unpack .../000-bubblewrap_0.6.1-1ubuntu0.1_amd64.deb ...
build-desktop (ubuntu-22.04)	Install Linux Dependencies	2026-07-31T20:48:57.2646663Z Unpacking bubblewrap (0.6.1-1ubuntu0.1) ...
build-desktop (ubuntu-22.04)	Install Linux Dependencies	2026-07-31T20:48:57.3035125Z Selecting previously unselected package gir1.2-atk-1.0:amd64.
build-desktop (ubuntu-22.04)	Install Linux Dependencies	2026-07-31T20:48:57.3223573Z Preparing to unpack .../001-gir1.2-atk-1.0_2.36.0-3build1_amd64.deb ...
build-desktop (ubuntu-22.04)	Install Linux Dependencies	2026-07-31T20:48:57.3232482Z Unpacking gir1.2-atk-1.0:amd64 (2.36.0-3build1) ...
build-desktop (ubuntu-22.04)	Install Linux Dependencies	2026-07-31T20:48:57.3438671Z Selecting previously unselected package gir1.2-harfbuzz-0.0:amd64.
build-desktop (ubuntu-22.04)	Install Linux Dependencies	2026-07-31T20:48:57.3626828Z Preparing to unpack .../002-gir1.2-harfbuzz-0.0_2.7.4-1ubuntu3.2_amd64.deb ...
build-desktop (ubuntu-22.04)	Install Linux Dependencies	2026-07-31T20:48:57.3640729Z Unpacking gir1.2-harfbuzz-0.0:amd64 (2.7.4-1ubuntu3.2) ...
build-desktop (ubuntu-22.04)	Install Linux Dependencies	2026-07-31T20:48:57.3863740Z Selecting previously unselected package libpangoxft-1.0-0:amd64.
build-desktop (ubuntu-22.04)	Install Linux Dependencies	2026-07-31T20:48:57.4053018Z Preparing to unpack .../003-libpangoxft-1.0-0_1.50.6+ds-2ubuntu1_amd64.deb ...
build-desktop (ubuntu-22.04)	Install Linux Dependencies	2026-07-31T20:48:57.4062464Z Unpacking libpangoxft-1.0-0:amd64 (1.50.6+ds-2ubuntu1) ...
build-desktop (ubuntu-22.04)	Install Linux Dependencies	2026-07-31T20:48:57.4322557Z Selecting previously unselected package gir1.2-pango-1.0:amd64.
build-desktop (ubuntu-22.04)	Install Linux Dependencies	2026-07-31T20:48:57.4510865Z Preparing to unpack .../004-gir1.2-pango-1.0_1.50.6+ds-2ubuntu1_amd64.deb ...
build-desktop (ubuntu-22.04)	Install Linux Dependencies	2026-07-31T20:48:57.4519378Z Unpacking gir1.2-pango-1.0:amd64 (1.50.6+ds-2ubuntu1) ...
build-desktop (ubuntu-22.04)	Install Linux Dependencies	2026-07-31T20:48:57.4732222Z Selecting previously unselected package gir1.2-gtk-3.0:amd64.
build-desktop (ubuntu-22.04)	Install Linux Dependencies	2026-07-31T20:48:57.4921431Z Preparing to unpack .../005-gir1.2-gtk-3.0_3.24.33-1ubuntu2.2_amd64.deb ...
build-desktop (ubuntu-22.04)	Install Linux Dependencies	2026-07-31T20:48:57.4930023Z Unpacking gir1.2-gtk-3.0:amd64 (3.24.33-1ubuntu2.2) ...
build-desktop (ubuntu-22.04)	Install Linux Dependencies	2026-07-31T20:48:57.5178889Z Selecting previously unselected package libappindicator3-1.
build-desktop (ubuntu-22.04)	Install Linux Dependencies	2026-07-31T20:48:57.5368427Z Preparing to unpack .../006-libappindicator3-1_12.10.1+20.10.20200706.1-0ubuntu1_amd64.deb ...
build-desktop (ubuntu-22.04)	Install Linux Dependencies	2026-07-31T20:48:57.5398021Z Unpacking libappindicator3-1 (12.10.1+20.10.20200706.1-0ubuntu1) ...
build-desktop (ubuntu-22.04)	Install Linux Dependencies	2026-07-31T20:48:57.5633046Z Selecting previously unselected package gir1.2-appindicator3-0.1.
build-desktop (ubuntu-22.04)	Install Linux Dependencies	2026-07-31T20:48:57.5825294Z Preparing to unpack .../007-gir1.2-appindicator3-0.1_12.10.1+20.10.20200706.1-0ubuntu1_amd64.deb ...
build-desktop (ubuntu-22.04)	Install Linux Dependencies	2026-07-31T20:48:57.5834216Z Unpacking gir1.2-appindicator3-0.1 (12.10.1+20.10.20200706.1-0ubuntu1) ...
build-desktop (ubuntu-22.04)	Install Linux Dependencies	2026-07-31T20:48:57.6037414Z Selecting previously unselected package gir1.2-atspi-2.0:amd64.
build-desktop (ubuntu-22.04)	Install Linux Dependencies	2026-07-31T20:48:57.6228887Z Preparing to unpack .../008-gir1.2-atspi-2.0_2.44.0-3_amd64.deb ...
build-desktop (ubuntu-22.04)	Install Linux Dependencies	2026-07-31T20:48:57.6236501Z Unpacking gir1.2-atspi-2.0:amd64 (2.44.0-3) ...
build-desktop (ubuntu-22.04)	Install Linux Dependencies	2026-07-31T20:48:57.6440722Z Selecting previously unselected package libdazzle-common.
build-desktop (ubuntu-22.04)	Install Linux Dependencies	2026-07-31T20:48:57.6630927Z Preparing to unpack .../009-libdazzle-common_3.44.0-1_all.deb ...
build-desktop (ubuntu-22.04)	Install Linux Dependencies	2026-07-31T20:48:57.6641627Z Unpacking libdazzle-common (3.44.0-1) ...
build-desktop (ubuntu-22.04)	Install Linux Dependencies	2026-07-31T20:48:57.6851572Z Selecting previously unselected package libdazzle-1.0-0:amd64.
build-desktop (ubuntu-22.04)	Install Linux Dependencies	2026-07-31T20:48:57.7040511Z Preparing to unpack .../010-libdazzle-1.0-0_3.44.0-1_amd64.deb ...
build-desktop (ubuntu-22.04)	Install Linux Dependencies	2026-07-31T20:48:57.7049280Z Unpacking libdazzle-1.0-0:amd64 (3.44.0-1) ...
build-desktop (ubuntu-22.04)	Install Linux Dependencies	2026-07-31T20:48:57.7284985Z Selecting previously unselected package gir1.2-dazzle-1.0:amd64.
build-desktop (ubuntu-22.04)	Install Linux Dependencies	2026-07-31T20:48:57.7475318Z Preparing to unpack .../011-gir1.2-dazzle-1.0_3.44.0-1_amd64.deb ...
build-desktop (ubuntu-22.04)	Install Linux Dependencies	2026-07-31T20:48:57.7486895Z Unpacking gir1.2-dazzle-1.0:amd64 (3.44.0-1) ...
build-desktop (ubuntu-22.04)	Install Linux Dependencies	2026-07-31T20:48:57.7711897Z Selecting previously unselected package gir1.2-dbusmenu-glib-0.4:amd64.
build-desktop (ubuntu-22.04)	Install Linux Dependencies	2026-07-31T20:48:57.7900776Z Preparing to unpack .../012-gir1.2-dbusmenu-glib-0.4_16.04.1+18.10.20180917-0ubuntu8_amd64.deb ...
build-desktop (ubuntu-22.04)	Install Linux Dependencies	2026-07-31T20:48:57.7909155Z Unpacking gir1.2-dbusmenu-glib-0.4:amd64 (16.04.1+18.10.20180917-0ubuntu8) ...
build-desktop (ubuntu-22.04)	Install Linux Dependencies	2026-07-31T20:48:57.8100635Z Selecting previously unselected package gir1.2-json-1.0:amd64.
build-desktop (ubuntu-22.04)	Install Linux Dependencies	2026-07-31T20:48:57.8287861Z Preparing to unpack .../013-gir1.2-json-1.0_1.6.6-1build1_amd64.deb ...
build-desktop (ubuntu-22.04)	Install Linux Dependencies	2026-07-31T20:48:57.8295808Z Unpacking gir1.2-json-1.0:amd64 (1.6.6-1build1) ...
build-desktop (ubuntu-22.04)	Install Linux Dependencies	2026-07-31T20:48:57.8490992Z Selecting previously unselected package gir1.2-polkit-1.0.
build-desktop (ubuntu-22.04)	Install Linux Dependencies	2026-07-31T20:48:57.8678791Z Preparing to unpack .../014-gir1.2-polkit-1.0_0.105-33ubuntu0.1_amd64.deb ...
build-desktop (ubuntu-22.04)	Install Linux Dependencies	2026-07-31T20:48:57.8685877Z Unpacking gir1.2-polkit-1.0 (0.105-33ubuntu0.1) ...
build-desktop (ubuntu-22.04)	Install Linux Dependencies	2026-07-31T20:48:57.8887632Z Selecting previously unselected package libsoup-3.0-common.
build-desktop (ubuntu-22.04)	Install Linux Dependencies	2026-07-31T20:48:57.9074703Z Preparing to unpack .../015-libsoup-3.0-common_3.0.7-0ubuntu1_all.deb ...
build-desktop (ubuntu-22.04)	Install Linux Dependencies	2026-07-31T20:48:57.9083289Z Unpacking libsoup-3.0-common (3.0.7-0ubuntu1) ...
build-desktop (ubuntu-22.04)	Install Linux Dependencies	2026-07-31T20:48:58.0433958Z Selecting previously unselected package libsoup-3.0-0:amd64.
build-desktop (ubuntu-22.04)	Install Linux Dependencies	2026-07-31T20:48:58.0628936Z Preparing to unpack .../016-libsoup-3.0-0_3.0.7-0ubuntu1_amd64.deb ...
build-desktop (ubuntu-22.04)	Install Linux Dependencies	2026-07-31T20:48:58.0638815Z Unpacking libsoup-3.0-0:amd64 (3.0.7-0ubuntu1) ...
build-desktop (ubuntu-22.04)	Install Linux Dependencies	2026-07-31T20:48:58.0882180Z Selecting previously unselected package gir1.2-soup-3.0:amd64.
build-desktop (ubuntu-22.04)	Install Linux Dependencies	2026-07-31T20:48:58.1074792Z Preparing to unpack .../017-gir1.2-soup-3.0_3.0.7-0ubuntu1_amd64.deb ...
build-desktop (ubuntu-22.04)	Install Linux Dependencies	2026-07-31T20:48:58.1083304Z Unpacking gir1.2-soup-3.0:amd64 (3.0.7-0ubuntu1) ...
build-desktop (ubuntu-22.04)	Install Linux Dependencies	2026-07-31T20:48:58.1299226Z Selecting previously unselected package libgraphene-1.0-0:amd64.
build-desktop (ubuntu-22.04)	Install Linux Dependencies	2026-07-31T20:48:58.1491739Z Preparing to unpack .../018-libgraphene-1.0-0_1.10.8-1_amd64.deb ...
build-desktop (ubuntu-22.04)	Install Linux Dependencies	2026-07-31T20:48:58.1499985Z Unpacking libgraphene-1.0-0:amd64 (1.10.8-1) ...
build-desktop (ubuntu-22.04)	Install Linux Dependencies	2026-07-31T20:48:58.1721501Z Selecting previously unselected package libegl-mesa0:amd64.
build-desktop (ubuntu-22.04)	Install Linux Dependencies	2026-07-31T20:48:58.1912661Z Preparing to unpack .../019-libegl-mesa0_23.2.1-1ubuntu3.1~22.04.4_amd64.deb ...
build-desktop (ubuntu-22.04)	Install Linux Dependencies	2026-07-31T20:48:58.1922724Z Unpacking libegl-mesa0:amd64 (23.2.1-1ubuntu3.1~22.04.4) ...
build-desktop (ubuntu-22.04)	Install Linux Dependencies	2026-07-31T20:48:58.2168982Z Selecting previously unselected package libegl1:amd64.
build-desktop (ubuntu-22.04)	Install Linux Dependencies	2026-07-31T20:48:58.2356454Z Preparing to unpack .../020-libegl1_1.4.0-1_amd64.deb ...
build-desktop (ubuntu-22.04)	Install Linux Dependencies	2026-07-31T20:48:58.2364838Z Unpacking libegl1:amd64 (1.4.0-1) ...
build-desktop (ubuntu-22.04)	Install Linux Dependencies	2026-07-31T20:48:58.2584202Z Selecting previously unselected package liborc-0.4-0:amd64.
build-desktop (ubuntu-22.04)	Install Linux Dependencies	2026-07-31T20:48:58.2773084Z Preparing to unpack .../021-liborc-0.4-0_1%3a0.4.32-2ubuntu0.1_amd64.deb ...
build-desktop (ubuntu-22.04)	Install Linux Dependencies	2026-07-31T20:48:58.2782291Z Unpacking liborc-0.4-0:amd64 (1:0.4.32-2ubuntu0.1) ...
build-desktop (ubuntu-22.04)	Install Linux Dependencies	2026-07-31T20:48:58.3045275Z Selecting previously unselected package libgstreamer-plugins-base1.0-0:amd64.
build-desktop (ubuntu-22.04)	Install Linux Dependencies	2026-07-31T20:48:58.3235852Z Preparing to unpack .../022-libgstreamer-plugins-base1.0-0_1.20.1-1ubuntu0.6_amd64.deb ...
build-desktop (ubuntu-22.04)	Install Linux Dependencies	2026-07-31T20:48:58.3244423Z Unpacking libgstreamer-plugins-base1.0-0:amd64 (1.20.1-1ubuntu0.6) ...
build-desktop (ubuntu-22.04)	Install Linux Dependencies	2026-07-31T20:48:58.3587604Z Selecting previously unselected package libgstreamer-gl1.0-0:amd64.
build-desktop (ubuntu-22.04)	Install Linux Dependencies	2026-07-31T20:48:58.3775638Z Preparing to unpack .../023-libgstreamer-gl1.0-0_1.20.1-1ubuntu0.6_amd64.deb ...
build-desktop (ubuntu-22.04)	Install Linux Dependencies	2026-07-31T20:48:58.3784593Z Unpacking libgstreamer-gl1.0-0:amd64 (1.20.1-1ubuntu0.6) ...
build-desktop (ubuntu-22.04)	Install Linux Dependencies	2026-07-31T20:48:58.4013509Z Selecting previously unselected package gstreamer1.0-gl:amd64.
build-desktop (ubuntu-22.04)	Install Linux Dependencies	2026-07-31T20:48:58.4202708Z Preparing to unpack .../024-gstreamer1.0-gl_1.20.1-1ubuntu0.6_amd64.deb ...
build-desktop (ubuntu-22.04)	Install Linux Dependencies	2026-07-31T20:48:58.4213271Z Unpacking gstreamer1.0-gl:amd64 (1.20.1-1ubuntu0.6) ...
build-desktop (ubuntu-22.04)	Install Linux Dependencies	2026-07-31T20:48:58.4473486Z Selecting previously unselected package libcdparanoia0:amd64.
build-desktop (ubuntu-22.04)	Install Linux Dependencies	2026-07-31T20:48:58.4662879Z Preparing to unpack .../025-libcdparanoia0_3.10.2+debian-14build2_amd64.deb ...
build-desktop (ubuntu-22.04)	Install Linux Dependencies	2026-07-31T20:48:58.4672379Z Unpacking libcdparanoia0:amd64 (3.10.2+debian-14build2) ...
build-desktop (ubuntu-22.04)	Install Linux Dependencies	2026-07-31T20:48:58.4903139Z Selecting previously unselected package libopus0:amd64.
build-desktop (ubuntu-22.04)	Install Linux Dependencies	2026-07-31T20:48:58.5091799Z Preparing to unpack .../026-libopus0_1.3.1-0.1build2_amd64.deb ...
build-desktop (ubuntu-22.04)	Install Linux Dependencies	2026-07-31T20:48:58.5100558Z Unpacking libopus0:amd64 (1.3.1-0.1build2) ...
build-desktop (ubuntu-22.04)	Install Linux Dependencies	2026-07-31T20:48:58.5356997Z Selecting previously unselected package libtheora0:amd64.
build-desktop (ubuntu-22.04)	Install Linux Dependencies	2026-07-31T20:48:58.5546650Z Preparing to unpack .../027-libtheora0_1.1.1+dfsg.1-15ubuntu4_amd64.deb ...
build-desktop (ubuntu-22.04)	Install Linux Dependencies	2026-07-31T20:48:58.5556181Z Unpacking libtheora0:amd64 (1.1.1+dfsg.1-15ubuntu4) ...
build-desktop (ubuntu-22.04)	Install Linux Dependencies	2026-07-31T20:48:58.5812571Z Selecting previously unselected package libvisual-0.4-0:amd64.
build-desktop (ubuntu-22.04)	Install Linux Dependencies	2026-07-31T20:48:58.6003655Z Preparing to unpack .../028-libvisual-0.4-0_0.4.0-17build2_amd64.deb ...
build-desktop (ubuntu-22.04)	Install Linux Dependencies	2026-07-31T20:48:58.6012226Z Unpacking libvisual-0.4-0:amd64 (0.4.0-17build2) ...
build-desktop (ubuntu-22.04)	Install Linux Dependencies	2026-07-31T20:48:58.6250893Z Selecting previously unselected package libvorbisenc2:amd64.
build-desktop (ubuntu-22.04)	Install Linux Dependencies	2026-07-31T20:48:58.6440253Z Preparing to unpack .../029-libvorbisenc2_1.3.7-1build2_amd64.deb ...
build-desktop (ubuntu-22.04)	Install Linux Dependencies	2026-07-31T20:48:58.6466544Z Unpacking libvorbisenc2:amd64 (1.3.7-1build2) ...
build-desktop (ubuntu-22.04)	Install Linux Dependencies	2026-07-31T20:48:58.6691213Z Selecting previously unselected package gstreamer1.0-plugins-base:amd64.
build-desktop (ubuntu-22.04)	Install Linux Dependencies	2026-07-31T20:48:58.6882154Z Preparing to unpack .../030-gstreamer1.0-plugins-base_1.20.1-1ubuntu0.6_amd64.deb ...
build-desktop (ubuntu-22.04)	Install Linux Dependencies	2026-07-31T20:48:58.6891199Z Unpacking gstreamer1.0-plugins-base:amd64 (1.20.1-1ubuntu0.6) ...
build-desktop (ubuntu-22.04)	Install Linux Dependencies	2026-07-31T20:48:58.7211298Z Selecting previously unselected package libaa1:amd64.
build-desktop (ubuntu-22.04)	Install Linux Dependencies	2026-07-31T20:48:58.7401375Z Preparing to unpack .../031-libaa1_1.4p5-50build1_amd64.deb ...
build-desktop (ubuntu-22.04)	Install Linux Dependencies	2026-07-31T20:48:58.7410212Z Unpacking libaa1:amd64 (1.4p5-50build1) ...
build-desktop (ubuntu-22.04)	Install Linux Dependencies	2026-07-31T20:48:58.7630077Z Selecting previously unselected package libraw1394-11:amd64.
build-desktop (ubuntu-22.04)	Install Linux Dependencies	2026-07-31T20:48:58.7818033Z Preparing to unpack .../032-libraw1394-11_2.1.2-2build2_amd64.deb ...
build-desktop (ubuntu-22.04)	Install Linux Dependencies	2026-07-31T20:48:58.7827630Z Unpacking libraw1394-11:amd64 (2.1.2-2build2) ...
build-desktop (ubuntu-22.04)	Install Linux Dependencies	2026-07-31T20:48:58.8050657Z Selecting previously unselected package libavc1394-0:amd64.
build-desktop (ubuntu-22.04)	Install Linux Dependencies	2026-07-31T20:48:58.8238618Z Preparing to unpack .../033-libavc1394-0_0.5.4-5build2_amd64.deb ...
build-desktop (ubuntu-22.04)	Install Linux Dependencies	2026-07-31T20:48:58.8246930Z Unpacking libavc1394-0:amd64 (0.5.4-5build2) ...
build-desktop (ubuntu-22.04)	Install Linux Dependencies	2026-07-31T20:48:58.8457769Z Selecting previously unselected package libcaca0:amd64.
build-desktop (ubuntu-22.04)	Install Linux Dependencies	2026-07-31T20:48:58.8643809Z Preparing to unpack .../034-libcaca0_0.99.beta19-2.2ubuntu4.2_amd64.deb ...
build-desktop (ubuntu-22.04)	Install Linux Dependencies	2026-07-31T20:48:58.8653127Z Unpacking libcaca0:amd64 (0.99.beta19-2.2ubuntu4.2) ...
build-desktop (ubuntu-22.04)	Install Linux Dependencies	2026-07-31T20:48:58.8907776Z Selecting previously unselected package libdv4:amd64.
build-desktop (ubuntu-22.04)	Install Linux Dependencies	2026-07-31T20:48:58.9095817Z Preparing to unpack .../035-libdv4_1.0.0-14build1_amd64.deb ...
build-desktop (ubuntu-22.04)	Install Linux Dependencies	2026-07-31T20:48:58.9104741Z Unpacking libdv4:amd64 (1.0.0-14build1) ...
build-desktop (ubuntu-22.04)	Install Linux Dependencies	2026-07-31T20:48:58.9347856Z Selecting previously unselected package libflac8:amd64.
build-desktop (ubuntu-22.04)	Install Linux Dependencies	2026-07-31T20:48:58.9536472Z Preparing to unpack .../036-libflac8_1.3.3-2ubuntu0.2_amd64.deb ...
build-desktop (ubuntu-22.04)	Install Linux Dependencies	2026-07-31T20:48:58.9545645Z Unpacking libflac8:amd64 (1.3.3-2ubuntu0.2) ...
build-desktop (ubuntu-22.04)	Install Linux Dependencies	2026-07-31T20:48:58.9792759Z Selecting previously unselected package libgstreamer-plugins-good1.0-0:amd64.
build-desktop (ubuntu-22.04)	Install Linux Dependencies	2026-07-31T20:48:58.9982138Z Preparing to unpack .../037-libgstreamer-plugins-good1.0-0_1.20.3-0ubuntu1.7_amd64.deb ...
build-desktop (ubuntu-22.04)	Install Linux Dependencies	2026-07-31T20:48:58.9989943Z Unpacking libgstreamer-plugins-good1.0-0:amd64 (1.20.3-0ubuntu1.7) ...
build-desktop (ubuntu-22.04)	Install Linux Dependencies	2026-07-31T20:48:59.0211775Z Selecting previously unselected package libiec61883-0:amd64.
build-desktop (ubuntu-22.04)	Install Linux Dependencies	2026-07-31T20:48:59.0398965Z Preparing to unpack .../038-libiec61883-0_1.2.0-4build3_amd64.deb ...
build-desktop (ubuntu-22.04)	Install Linux Dependencies	2026-07-31T20:48:59.0413068Z Unpacking libiec61883-0:amd64 (1.2.0-4build3) ...
build-desktop (ubuntu-22.04)	Install Linux Dependencies	2026-07-31T20:48:59.0633635Z Selecting previously unselected package libsamplerate0:amd64.
build-desktop (ubuntu-22.04)	Install Linux Dependencies	2026-07-31T20:48:59.0822303Z Preparing to unpack .../039-libsamplerate0_0.2.2-1build1_amd64.deb ...
build-desktop (ubuntu-22.04)	Install Linux Dependencies	2026-07-31T20:48:59.0831248Z Unpacking libsamplerate0:amd64 (0.2.2-1build1) ...
build-desktop (ubuntu-22.04)	Install Linux Dependencies	2026-07-31T20:48:59.1113481Z Selecting previously unselected package libjack-jackd2-0:amd64.
build-desktop (ubuntu-22.04)	Install Linux Dependencies	2026-07-31T20:48:59.1306633Z Preparing to unpack .../040-libjack-jackd2-0_1.9.20~dfsg-1_amd64.deb ...
build-desktop (ubuntu-22.04)	Install Linux Dependencies	2026-07-31T20:48:59.1315297Z Unpacking libjack-jackd2-0:amd64 (1.9.20~dfsg-1) ...
build-desktop (ubuntu-22.04)	Install Linux Dependencies	2026-07-31T20:48:59.1583239Z Selecting previously unselected package libmp3lame0:amd64.
build-desktop (ubuntu-22.04)	Install Linux Dependencies	2026-07-31T20:48:59.1775001Z Preparing to unpack .../041-libmp3lame0_3.100-3build2_amd64.deb ...
build-desktop (ubuntu-22.04)	Install Linux Dependencies	2026-07-31T20:48:59.1786522Z Unpacking libmp3lame0:amd64 (3.100-3build2) ...
build-desktop (ubuntu-22.04)	Install Linux Dependencies	2026-07-31T20:48:59.2019725Z Selecting previously unselected package libmpg123-0:amd64.
build-desktop (ubuntu-22.04)	Install Linux Dependencies	2026-07-31T20:48:59.2209763Z Preparing to unpack .../042-libmpg123-0_1.29.3-1ubuntu0.1_amd64.deb ...
build-desktop (ubuntu-22.04)	Install Linux Dependencies	2026-07-31T20:48:59.2219422Z Unpacking libmpg123-0:amd64 (1.29.3-1ubuntu0.1) ...
build-desktop (ubuntu-22.04)	Install Linux Dependencies	2026-07-31T20:48:59.2453463Z Selecting previously unselected package libasyncns0:amd64.
build-desktop (ubuntu-22.04)	Install Linux Dependencies	2026-07-31T20:48:59.2643921Z Preparing to unpack .../043-libasyncns0_0.8-6build2_amd64.deb ...
build-desktop (ubuntu-22.04)	Install Linux Dependencies	2026-07-31T20:48:59.2653391Z Unpacking libasyncns0:amd64 (0.8-6build2) ...
build-desktop (ubuntu-22.04)	Install Linux Dependencies	2026-07-31T20:48:59.2870830Z Selecting previously unselected package libsndfile1:amd64.
build-desktop (ubuntu-22.04)	Install Linux Dependencies	2026-07-31T20:48:59.3061561Z Preparing to unpack .../044-libsndfile1_1.0.31-2ubuntu0.2_amd64.deb ...
build-desktop (ubuntu-22.04)	Install Linux Dependencies	2026-07-31T20:48:59.3079626Z Unpacking libsndfile1:amd64 (1.0.31-2ubuntu0.2) ...
build-desktop (ubuntu-22.04)	Install Linux Dependencies	2026-07-31T20:48:59.3339456Z Selecting previously unselected package libpulse0:amd64.
build-desktop (ubuntu-22.04)	Install Linux Dependencies	2026-07-31T20:48:59.3530400Z Preparing to unpack .../045-libpulse0_1%3a15.99.1+dfsg1-1ubuntu2.2_amd64.deb ...
build-desktop (ubuntu-22.04)	Install Linux Dependencies	2026-07-31T20:48:59.3715140Z Unpacking libpulse0:amd64 (1:15.99.1+dfsg1-1ubuntu2.2) ...
build-desktop (ubuntu-22.04)	Install Linux Dependencies	2026-07-31T20:48:59.3982551Z Selecting previously unselected package libspeex1:amd64.
build-desktop (ubuntu-22.04)	Install Linux Dependencies	2026-07-31T20:48:59.4175693Z Preparing to unpack .../046-libspeex1_1.2~rc1.2-1.1ubuntu3_amd64.deb ...
build-desktop (ubuntu-22.04)	Install Linux Dependencies	2026-07-31T20:48:59.4185709Z Unpacking libspeex1:amd64 (1.2~rc1.2-1.1ubuntu3) ...
build-desktop (ubuntu-22.04)	Install Linux Dependencies	2026-07-31T20:48:59.4409945Z Selecting previously unselected package libshout3:amd64.
build-desktop (ubuntu-22.04)	Install Linux Dependencies	2026-07-31T20:48:59.4601462Z Preparing to unpack .../047-libshout3_2.4.5-1build3_amd64.deb ...
build-desktop (ubuntu-22.04)	Install Linux Dependencies	2026-07-31T20:48:59.4610978Z Unpacking libshout3:amd64 (2.4.5-1build3) ...
build-desktop (ubuntu-22.04)	Install Linux Dependencies	2026-07-31T20:48:59.4844267Z Selecting previously unselected package libtag1v5-vanilla:amd64.
build-desktop (ubuntu-22.04)	Install Linux Dependencies	2026-07-31T20:48:59.5035284Z Preparing to unpack .../048-libtag1v5-vanilla_1.11.1+dfsg.1-3ubuntu3_amd64.deb ...
build-desktop (ubuntu-22.04)	Install Linux Dependencies	2026-07-31T20:48:59.5044016Z Unpacking libtag1v5-vanilla:amd64 (1.11.1+dfsg.1-3ubuntu3) ...
build-desktop (ubuntu-22.04)	Install Linux Dependencies	2026-07-31T20:48:59.5282759Z Selecting previously unselected package libtag1v5:amd64.
build-desktop (ubuntu-22.04)	Install Linux Dependencies	2026-07-31T20:48:59.5470597Z Preparing to unpack .../049-libtag1v5_1.11.1+dfsg.1-3ubuntu3_amd64.deb ...
build-desktop (ubuntu-22.04)	Install Linux Dependencies	2026-07-31T20:48:59.5479214Z Unpacking libtag1v5:amd64 (1.11.1+dfsg.1-3ubuntu3) ...
build-desktop (ubuntu-22.04)	Install Linux Dependencies	2026-07-31T20:48:59.5691317Z Selecting previously unselected package libtwolame0:amd64.
build-desktop (ubuntu-22.04)	Install Linux Dependencies	2026-07-31T20:48:59.5879388Z Preparing to unpack .../050-libtwolame0_0.4.0-2build2_amd64.deb ...
build-desktop (ubuntu-22.04)	Install Linux Dependencies	2026-07-31T20:48:59.5889420Z Unpacking libtwolame0:amd64 (0.4.0-2build2) ...
build-desktop (ubuntu-22.04)	Install Linux Dependencies	2026-07-31T20:48:59.6111478Z Selecting previously unselected package libv4lconvert0:amd64.
build-desktop (ubuntu-22.04)	Install Linux Dependencies	2026-07-31T20:48:59.6301444Z Preparing to unpack .../051-libv4lconvert0_1.22.1-2build1_amd64.deb ...
build-desktop (ubuntu-22.04)	Install Linux Dependencies	2026-07-31T20:48:59.6309894Z Unpacking libv4lconvert0:amd64 (1.22.1-2build1) ...
build-desktop (ubuntu-22.04)	Install Linux Dependencies	2026-07-31T20:48:59.6549523Z Selecting previously unselected package libv4l-0:amd64.
build-desktop (ubuntu-22.04)	Install Linux Dependencies	2026-07-31T20:48:59.6737721Z Preparing to unpack .../052-libv4l-0_1.22.1-2build1_amd64.deb ...
build-desktop (ubuntu-22.04)	Install Linux Dependencies	2026-07-31T20:48:59.6747510Z Unpacking libv4l-0:amd64 (1.22.1-2build1) ...
build-desktop (ubuntu-22.04)	Install Linux Dependencies	2026-07-31T20:48:59.6988937Z Selecting previously unselected package libvpx7:amd64.
build-desktop (ubuntu-22.04)	Install Linux Dependencies	2026-07-31T20:48:59.7176809Z Preparing to unpack .../053-libvpx7_1.11.0-2ubuntu2.5_amd64.deb ...
build-desktop (ubuntu-22.04)	Install Linux Dependencies	2026-07-31T20:48:59.7186190Z Unpacking libvpx7:amd64 (1.11.0-2ubuntu2.5) ...
build-desktop (ubuntu-22.04)	Install Linux Dependencies	2026-07-31T20:48:59.7528172Z Selecting previously unselected package libwavpack1:amd64.
build-desktop (ubuntu-22.04)	Install Linux Dependencies	2026-07-31T20:48:59.7717498Z Preparing to unpack .../054-libwavpack1_5.4.0-1build2_amd64.deb ...
build-desktop (ubuntu-22.04)	Install Linux Dependencies	2026-07-31T20:48:59.7726109Z Unpacking libwavpack1:amd64 (5.4.0-1build2) ...
build-desktop (ubuntu-22.04)	Install Linux Dependencies	2026-07-31T20:48:59.7943711Z Selecting previously unselected package gstreamer1.0-plugins-good:amd64.
build-desktop (ubuntu-22.04)	Install Linux Dependencies	2026-07-31T20:48:59.8131865Z Preparing to unpack .../055-gstreamer1.0-plugins-good_1.20.3-0ubuntu1.7_amd64.deb ...
build-desktop (ubuntu-22.04)	Install Linux Dependencies	2026-07-31T20:48:59.8141035Z Unpacking gstreamer1.0-plugins-good:amd64 (1.20.3-0ubuntu1.7) ...
build-desktop (ubuntu-22.04)	Install Linux Dependencies	2026-07-31T20:48:59.8716132Z Selecting previously unselected package libxv1:amd64.
build-desktop (ubuntu-22.04)	Install Linux Dependencies	2026-07-31T20:48:59.8907722Z Preparing to unpack .../056-libxv1_2%3a1.0.11-1build2_amd64.deb ...
build-desktop (ubuntu-22.04)	Install Linux Dependencies	2026-07-31T20:48:59.8916356Z Unpacking libxv1:amd64 (2:1.0.11-1build2) ...
build-desktop (ubuntu-22.04)	Install Linux Dependencies	2026-07-31T20:48:59.9119845Z Selecting previously unselected package gstreamer1.0-x:amd64.
build-desktop (ubuntu-22.04)	Install Linux Dependencies	2026-07-31T20:48:59.9309649Z Preparing to unpack .../057-gstreamer1.0-x_1.20.1-1ubuntu0.6_amd64.deb ...
build-desktop (ubuntu-22.04)	Install Linux Dependencies	2026-07-31T20:48:59.9318635Z Unpacking gstreamer1.0-x:amd64 (1.20.1-1ubuntu0.6) ...
build-desktop (ubuntu-22.04)	Install Linux Dependencies	2026-07-31T20:48:59.9537741Z Selecting previously unselected package libdbus-1-dev:amd64.
build-desktop (ubuntu-22.04)	Install Linux Dependencies	2026-07-31T20:48:59.9729049Z Preparing to unpack .../058-libdbus-1-dev_1.12.20-2ubuntu4.1_amd64.deb ...
build-desktop (ubuntu-22.04)	Install Linux Dependencies	2026-07-31T20:48:59.9738051Z Unpacking libdbus-1-dev:amd64 (1.12.20-2ubuntu4.1) ...
build-desktop (ubuntu-22.04)	Install Linux Dependencies	2026-07-31T20:49:00.0174074Z Selecting previously unselected package libdbus-glib-1-dev-bin.
build-desktop (ubuntu-22.04)	Install Linux Dependencies	2026-07-31T20:49:00.0368211Z Preparing to unpack .../059-libdbus-glib-1-dev-bin_0.112-2build1_amd64.deb ...
build-desktop (ubuntu-22.04)	Install Linux Dependencies	2026-07-31T20:49:00.0377478Z Unpacking libdbus-glib-1-dev-bin (0.112-2build1) ...
build-desktop (ubuntu-22.04)	Install Linux Dependencies	2026-07-31T20:49:00.0592910Z Selecting previously unselected package libdbus-glib-1-dev:amd64.
build-desktop (ubuntu-22.04)	Install Linux Dependencies	2026-07-31T20:49:00.0786774Z Preparing to unpack .../060-libdbus-glib-1-dev_0.112-2build1_amd64.deb ...
build-desktop (ubuntu-22.04)	Install Linux Dependencies	2026-07-31T20:49:00.0808391Z Unpacking libdbus-glib-1-dev:amd64 (0.112-2build1) ...
build-desktop (ubuntu-22.04)	Install Linux Dependencies	2026-07-31T20:49:00.1044422Z Selecting previously unselected package libdbusmenu-glib-dev:amd64.
build-desktop (ubuntu-22.04)	Install Linux Dependencies	2026-07-31T20:49:00.1236355Z Preparing to unpack .../061-libdbusmenu-glib-dev_16.04.1+18.10.20180917-0ubuntu8_amd64.deb ...
build-desktop (ubuntu-22.04)	Install Linux Dependencies	2026-07-31T20:49:00.1245683Z Unpacking libdbusmenu-glib-dev:amd64 (16.04.1+18.10.20180917-0ubuntu8) ...
build-desktop (ubuntu-22.04)	Install Linux Dependencies	2026-07-31T20:49:00.1621955Z Selecting previously unselected package libatk1.0-dev:amd64.
build-desktop (ubuntu-22.04)	Install Linux Dependencies	2026-07-31T20:49:00.1815303Z Preparing to unpack .../062-libatk1.0-dev_2.36.0-3build1_amd64.deb ...
build-desktop (ubuntu-22.04)	Install Linux Dependencies	2026-07-31T20:49:00.1824627Z Unpacking libatk1.0-dev:amd64 (2.36.0-3build1) ...
build-desktop (ubuntu-22.04)	Install Linux Dependencies	2026-07-31T20:49:00.2128313Z Selecting previously unselected package libxfixes-dev:amd64.
build-desktop (ubuntu-22.04)	Install Linux Dependencies	2026-07-31T20:49:00.2321544Z Preparing to unpack .../063-libxfixes-dev_1%3a6.0.0-1_amd64.deb ...
build-desktop (ubuntu-22.04)	Install Linux Dependencies	2026-07-31T20:49:00.2330165Z Unpacking libxfixes-dev:amd64 (1:6.0.0-1) ...
build-desktop (ubuntu-22.04)	Install Linux Dependencies	2026-07-31T20:49:00.2607559Z Selecting previously unselected package libxi-dev:amd64.
build-desktop (ubuntu-22.04)	Install Linux Dependencies	2026-07-31T20:49:00.2800340Z Preparing to unpack .../064-libxi-dev_2%3a1.8-1build1_amd64.deb ...
build-desktop (ubuntu-22.04)	Install Linux Dependencies	2026-07-31T20:49:00.2809203Z Unpacking libxi-dev:amd64 (2:1.8-1build1) ...
build-desktop (ubuntu-22.04)	Install Linux Dependencies	2026-07-31T20:49:00.3190802Z Selecting previously unselected package libxtst-dev:amd64.
build-desktop (ubuntu-22.04)	Install Linux Dependencies	2026-07-31T20:49:00.3382200Z Preparing to unpack .../065-libxtst-dev_2%3a1.2.3-1build4_amd64.deb ...
build-desktop (ubuntu-22.04)	Install Linux Dependencies	2026-07-31T20:49:00.3390402Z Unpacking libxtst-dev:amd64 (2:1.2.3-1build4) ...
build-desktop (ubuntu-22.04)	Install Linux Dependencies	2026-07-31T20:49:00.3620543Z Selecting previously unselected package libatspi2.0-dev:amd64.
build-desktop (ubuntu-22.04)	Install Linux Dependencies	2026-07-31T20:49:00.3811709Z Preparing to unpack .../066-libatspi2.0-dev_2.44.0-3_amd64.deb ...
build-desktop (ubuntu-22.04)	Install Linux Dependencies	2026-07-31T20:49:00.3821823Z Unpacking libatspi2.0-dev:amd64 (2.44.0-3) ...
build-desktop (ubuntu-22.04)	Install Linux Dependencies	2026-07-31T20:49:00.4101460Z Selecting previously unselected package libatk-bridge2.0-dev:amd64.
build-desktop (ubuntu-22.04)	Install Linux Dependencies	2026-07-31T20:49:00.4296048Z Preparing to unpack .../067-libatk-bridge2.0-dev_2.38.0-3_amd64.deb ...
build-desktop (ubuntu-22.04)	Install Linux Dependencies	2026-07-31T20:49:00.4305495Z Unpacking libatk-bridge2.0-dev:amd64 (2.38.0-3) ...
build-desktop (ubuntu-22.04)	Install Linux Dependencies	2026-07-31T20:49:00.4511397Z Selecting previously unselected package libglx-dev:amd64.
build-desktop (ubuntu-22.04)	Install Linux Dependencies	2026-07-31T20:49:00.4699801Z Preparing to unpack .../068-libglx-dev_1.4.0-1_amd64.deb ...
build-desktop (ubuntu-22.04)	Install Linux Dependencies	2026-07-31T20:49:00.4708447Z Unpacking libglx-dev:amd64 (1.4.0-1) ...
build-desktop (ubuntu-22.04)	Install Linux Dependencies	2026-07-31T20:49:00.4923663Z Selecting previously unselected package libgl-dev:amd64.
build-desktop (ubuntu-22.04)	Install Linux Dependencies	2026-07-31T20:49:00.5112885Z Preparing to unpack .../069-libgl-dev_1.4.0-1_amd64.deb ...
build-desktop (ubuntu-22.04)	Install Linux Dependencies	2026-07-31T20:49:00.5122565Z Unpacking libgl-dev:amd64 (1.4.0-1) ...
build-desktop (ubuntu-22.04)	Install Linux Dependencies	2026-07-31T20:49:00.5400206Z Selecting previously unselected package libegl-dev:amd64.
build-desktop (ubuntu-22.04)	Install Linux Dependencies	2026-07-31T20:49:00.5591370Z Preparing to unpack .../070-libegl-dev_1.4.0-1_amd64.deb ...
build-desktop (ubuntu-22.04)	Install Linux Dependencies	2026-07-31T20:49:00.5599469Z Unpacking libegl-dev:amd64 (1.4.0-1) ...
build-desktop (ubuntu-22.04)	Install Linux Dependencies	2026-07-31T20:49:00.5821332Z Selecting previously unselected package libglvnd-core-dev:amd64.
build-desktop (ubuntu-22.04)	Install Linux Dependencies	2026-07-31T20:49:00.6010548Z Preparing to unpack .../071-libglvnd-core-dev_1.4.0-1_amd64.deb ...
build-desktop (ubuntu-22.04)	Install Linux Dependencies	2026-07-31T20:49:00.6022080Z Unpacking libglvnd-core-dev:amd64 (1.4.0-1) ...
build-desktop (ubuntu-22.04)	Install Linux Dependencies	2026-07-31T20:49:00.6249261Z Selecting previously unselected package libgles1:amd64.
build-desktop (ubuntu-22.04)	Install Linux Dependencies	2026-07-31T20:49:00.6438708Z Preparing to unpack .../072-libgles1_1.4.0-1_amd64.deb ...
build-desktop (ubuntu-22.04)	Install Linux Dependencies	2026-07-31T20:49:00.6448839Z Unpacking libgles1:amd64 (1.4.0-1) ...
build-desktop (ubuntu-22.04)	Install Linux Dependencies	2026-07-31T20:49:00.6682714Z Selecting previously unselected package libgles2:amd64.
build-desktop (ubuntu-22.04)	Install Linux Dependencies	2026-07-31T20:49:00.6873964Z Preparing to unpack .../073-libgles2_1.4.0-1_amd64.deb ...
build-desktop (ubuntu-22.04)	Install Linux Dependencies	2026-07-31T20:49:00.6883447Z Unpacking libgles2:amd64 (1.4.0-1) ...
build-desktop (ubuntu-22.04)	Install Linux Dependencies	2026-07-31T20:49:00.7118843Z Selecting previously unselected package libgles-dev:amd64.
build-desktop (ubuntu-22.04)	Install Linux Dependencies	2026-07-31T20:49:00.7307646Z Preparing to unpack .../074-libgles-dev_1.4.0-1_amd64.deb ...
build-desktop (ubuntu-22.04)	Install Linux Dependencies	2026-07-31T20:49:00.7317027Z Unpacking libgles-dev:amd64 (1.4.0-1) ...
build-desktop (ubuntu-22.04)	Install Linux Dependencies	2026-07-31T20:49:00.7604636Z Selecting previously unselected package libopengl0:amd64.
build-desktop (ubuntu-22.04)	Install Linux Dependencies	2026-07-31T20:49:00.7795588Z Preparing to unpack .../075-libopengl0_1.4.0-1_amd64.deb ...
build-desktop (ubuntu-22.04)	Install Linux Dependencies	2026-07-31T20:49:00.7804211Z Unpacking libopengl0:amd64 (1.4.0-1) ...
build-desktop (ubuntu-22.04)	Install Linux Dependencies	2026-07-31T20:49:00.8024399Z Selecting previously unselected package libopengl-dev:amd64.
build-desktop (ubuntu-22.04)	Install Linux Dependencies	2026-07-31T20:49:00.8216385Z Preparing to unpack .../076-libopengl-dev_1.4.0-1_amd64.deb ...
build-desktop (ubuntu-22.04)	Install Linux Dependencies	2026-07-31T20:49:00.8224177Z Unpacking libopengl-dev:amd64 (1.4.0-1) ...
build-desktop (ubuntu-22.04)	Install Linux Dependencies	2026-07-31T20:49:00.8438461Z Selecting previously unselected package libglvnd-dev:amd64.
build-desktop (ubuntu-22.04)	Install Linux Dependencies	2026-07-31T20:49:00.8629117Z Preparing to unpack .../077-libglvnd-dev_1.4.0-1_amd64.deb ...
build-desktop (ubuntu-22.04)	Install Linux Dependencies	2026-07-31T20:49:00.8638377Z Unpacking libglvnd-dev:amd64 (1.4.0-1) ...
build-desktop (ubuntu-22.04)	Install Linux Dependencies	2026-07-31T20:49:00.8872927Z Selecting previously unselected package libegl1-mesa-dev:amd64.
build-desktop (ubuntu-22.04)	Install Linux Dependencies	2026-07-31T20:49:00.9064568Z Preparing to unpack .../078-libegl1-mesa-dev_23.2.1-1ubuntu3.1~22.04.4_amd64.deb ...
build-desktop (ubuntu-22.04)	Install Linux Dependencies	2026-07-31T20:49:00.9072715Z Unpacking libegl1-mesa-dev:amd64 (23.2.1-1ubuntu3.1~22.04.4) ...
build-desktop (ubuntu-22.04)	Install Linux Dependencies	2026-07-31T20:49:00.9283124Z Selecting previously unselected package libepoxy-dev:amd64.
build-desktop (ubuntu-22.04)	Install Linux Dependencies	2026-07-31T20:49:00.9472758Z Preparing to unpack .../079-libepoxy-dev_1.5.10-1_amd64.deb ...
build-desktop (ubuntu-22.04)	Install Linux Dependencies	2026-07-31T20:49:00.9481765Z Unpacking libepoxy-dev:amd64 (1.5.10-1) ...
build-desktop (ubuntu-22.04)	Install Linux Dependencies	2026-07-31T20:49:00.9745253Z Selecting previously unselected package libfribidi-dev:amd64.
build-desktop (ubuntu-22.04)	Install Linux Dependencies	2026-07-31T20:49:00.9936310Z Preparing to unpack .../080-libfribidi-dev_1.0.8-2ubuntu3.1_amd64.deb ...
build-desktop (ubuntu-22.04)	Install Linux Dependencies	2026-07-31T20:49:00.9944766Z Unpacking libfribidi-dev:amd64 (1.0.8-2ubuntu3.1) ...
build-desktop (ubuntu-22.04)	Install Linux Dependencies	2026-07-31T20:49:01.0253041Z Selecting previously unselected package libharfbuzz-icu0:amd64.
build-desktop (ubuntu-22.04)	Install Linux Dependencies	2026-07-31T20:49:01.0445248Z Preparing to unpack .../081-libharfbuzz-icu0_2.7.4-1ubuntu3.2_amd64.deb ...
build-desktop (ubuntu-22.04)	Install Linux Dependencies	2026-07-31T20:49:01.0458777Z Unpacking libharfbuzz-icu0:amd64 (2.7.4-1ubuntu3.2) ...
build-desktop (ubuntu-22.04)	Install Linux Dependencies	2026-07-31T20:49:01.0686697Z Selecting previously unselected package libharfbuzz-gobject0:amd64.
build-desktop (ubuntu-22.04)	Install Linux Dependencies	2026-07-31T20:49:01.0877291Z Preparing to unpack .../082-libharfbuzz-gobject0_2.7.4-1ubuntu3.2_amd64.deb ...
build-desktop (ubuntu-22.04)	Install Linux Dependencies	2026-07-31T20:49:01.0886399Z Unpacking libharfbuzz-gobject0:amd64 (2.7.4-1ubuntu3.2) ...
build-desktop (ubuntu-22.04)	Install Linux Dependencies	2026-07-31T20:49:01.1109009Z Selecting previously unselected package libgraphite2-dev:amd64.
build-desktop (ubuntu-22.04)	Install Linux Dependencies	2026-07-31T20:49:01.1298679Z Preparing to unpack .../083-libgraphite2-dev_1.3.14-1ubuntu0.1_amd64.deb ...
build-desktop (ubuntu-22.04)	Install Linux Dependencies	2026-07-31T20:49:01.1435705Z Unpacking libgraphite2-dev:amd64 (1.3.14-1ubuntu0.1) ...
build-desktop (ubuntu-22.04)	Install Linux Dependencies	2026-07-31T20:49:01.1656681Z Selecting previously unselected package libharfbuzz-dev:amd64.
build-desktop (ubuntu-22.04)	Install Linux Dependencies	2026-07-31T20:49:01.1847361Z Preparing to unpack .../084-libharfbuzz-dev_2.7.4-1ubuntu3.2_amd64.deb ...
build-desktop (ubuntu-22.04)	Install Linux Dependencies	2026-07-31T20:49:01.1858322Z Unpacking libharfbuzz-dev:amd64 (2.7.4-1ubuntu3.2) ...
build-desktop (ubuntu-22.04)	Install Linux Dependencies	2026-07-31T20:49:01.2253716Z Selecting previously unselected package libdatrie-dev:amd64.
build-desktop (ubuntu-22.04)	Install Linux Dependencies	2026-07-31T20:49:01.2444620Z Preparing to unpack .../085-libdatrie-dev_0.2.13-2_amd64.deb ...
build-desktop (ubuntu-22.04)	Install Linux Dependencies	2026-07-31T20:49:01.2454635Z Unpacking libdatrie-dev:amd64 (0.2.13-2) ...
build-desktop (ubuntu-22.04)	Install Linux Dependencies	2026-07-31T20:49:01.2674470Z Selecting previously unselected package libthai-dev:amd64.
build-desktop (ubuntu-22.04)	Install Linux Dependencies	2026-07-31T20:49:01.2866565Z Preparing to unpack .../086-libthai-dev_0.1.29-1build1_amd64.deb ...
build-desktop (ubuntu-22.04)	Install Linux Dependencies	2026-07-31T20:49:01.2877529Z Unpacking libthai-dev:amd64 (0.1.29-1build1) ...
build-desktop (ubuntu-22.04)	Install Linux Dependencies	2026-07-31T20:49:01.3132239Z Selecting previously unselected package libxft-dev:amd64.
build-desktop (ubuntu-22.04)	Install Linux Dependencies	2026-07-31T20:49:01.3324403Z Preparing to unpack .../087-libxft-dev_2.3.4-1_amd64.deb ...
build-desktop (ubuntu-22.04)	Install Linux Dependencies	2026-07-31T20:49:01.3332349Z Unpacking libxft-dev:amd64 (2.3.4-1) ...
build-desktop (ubuntu-22.04)	Install Linux Dependencies	2026-07-31T20:49:01.3557566Z Selecting previously unselected package pango1.0-tools.
build-desktop (ubuntu-22.04)	Install Linux Dependencies	2026-07-31T20:49:01.3749245Z Preparing to unpack .../088-pango1.0-tools_1.50.6+ds-2ubuntu1_amd64.deb ...
build-desktop (ubuntu-22.04)	Install Linux Dependencies	2026-07-31T20:49:01.3755748Z Unpacking pango1.0-tools (1.50.6+ds-2ubuntu1) ...
build-desktop (ubuntu-22.04)	Install Linux Dependencies	2026-07-31T20:49:01.3977941Z Selecting previously unselected package libpango1.0-dev:amd64.
build-desktop (ubuntu-22.04)	Install Linux Dependencies	2026-07-31T20:49:01.4168983Z Preparing to unpack .../089-libpango1.0-dev_1.50.6+ds-2ubuntu1_amd64.deb ...
build-desktop (ubuntu-22.04)	Install Linux Dependencies	2026-07-31T20:49:01.4177747Z Unpacking libpango1.0-dev:amd64 (1.50.6+ds-2ubuntu1) ...
build-desktop (ubuntu-22.04)	Install Linux Dependencies	2026-07-31T20:49:01.4519311Z Selecting previously unselected package libwayland-bin.
build-desktop (ubuntu-22.04)	Install Linux Dependencies	2026-07-31T20:49:01.4710333Z Preparing to unpack .../090-libwayland-bin_1.20.0-1ubuntu0.1_amd64.deb ...
build-desktop (ubuntu-22.04)	Install Linux Dependencies	2026-07-31T20:49:01.4720589Z Unpacking libwayland-bin (1.20.0-1ubuntu0.1) ...
build-desktop (ubuntu-22.04)	Install Linux Dependencies	2026-07-31T20:49:01.5000832Z Selecting previously unselected package libwayland-dev:amd64.
build-desktop (ubuntu-22.04)	Install Linux Dependencies	2026-07-31T20:49:01.5192565Z Preparing to unpack .../091-libwayland-dev_1.20.0-1ubuntu0.1_amd64.deb ...
build-desktop (ubuntu-22.04)	Install Linux Dependencies	2026-07-31T20:49:01.5252985Z Unpacking libwayland-dev:amd64 (1.20.0-1ubuntu0.1) ...
build-desktop (ubuntu-22.04)	Install Linux Dependencies	2026-07-31T20:49:01.5518932Z Selecting previously unselected package libxcomposite-dev:amd64.
build-desktop (ubuntu-22.04)	Install Linux Dependencies	2026-07-31T20:49:01.5709829Z Preparing to unpack .../092-libxcomposite-dev_1%3a0.4.5-1build2_amd64.deb ...
build-desktop (ubuntu-22.04)	Install Linux Dependencies	2026-07-31T20:49:01.5718793Z Unpacking libxcomposite-dev:amd64 (1:0.4.5-1build2) ...
build-desktop (ubuntu-22.04)	Install Linux Dependencies	2026-07-31T20:49:01.5943523Z Selecting previously unselected package libxcursor-dev:amd64.
build-desktop (ubuntu-22.04)	Install Linux Dependencies	2026-07-31T20:49:01.6131852Z Preparing to unpack .../093-libxcursor-dev_1%3a1.2.0-2build4_amd64.deb ...
build-desktop (ubuntu-22.04)	Install Linux Dependencies	2026-07-31T20:49:01.6140129Z Unpacking libxcursor-dev:amd64 (1:1.2.0-2build4) ...
build-desktop (ubuntu-22.04)	Install Linux Dependencies	2026-07-31T20:49:01.6380209Z Selecting previously unselected package libxdamage-dev:amd64.
build-desktop (ubuntu-22.04)	Install Linux Dependencies	2026-07-31T20:49:01.6568331Z Preparing to unpack .../094-libxdamage-dev_1%3a1.1.5-2build2_amd64.deb ...
build-desktop (ubuntu-22.04)	Install Linux Dependencies	2026-07-31T20:49:01.6577720Z Unpacking libxdamage-dev:amd64 (1:1.1.5-2build2) ...
build-desktop (ubuntu-22.04)	Install Linux Dependencies	2026-07-31T20:49:01.6781722Z Selecting previously unselected package libxinerama-dev:amd64.
build-desktop (ubuntu-22.04)	Install Linux Dependencies	2026-07-31T20:49:01.6969098Z Preparing to unpack .../095-libxinerama-dev_2%3a1.1.4-3_amd64.deb ...
build-desktop (ubuntu-22.04)	Install Linux Dependencies	2026-07-31T20:49:01.6978934Z Unpacking libxinerama-dev:amd64 (2:1.1.4-3) ...
build-desktop (ubuntu-22.04)	Install Linux Dependencies	2026-07-31T20:49:01.7199044Z Selecting previously unselected package libxkbcommon-dev:amd64.
build-desktop (ubuntu-22.04)	Install Linux Dependencies	2026-07-31T20:49:01.7391117Z Preparing to unpack .../096-libxkbcommon-dev_1.4.0-1_amd64.deb ...
build-desktop (ubuntu-22.04)	Install Linux Dependencies	2026-07-31T20:49:01.7399066Z Unpacking libxkbcommon-dev:amd64 (1.4.0-1) ...
build-desktop (ubuntu-22.04)	Install Linux Dependencies	2026-07-31T20:49:01.7629089Z Selecting previously unselected package libxrandr-dev:amd64.
build-desktop (ubuntu-22.04)	Install Linux Dependencies	2026-07-31T20:49:01.7818263Z Preparing to unpack .../097-libxrandr-dev_2%3a1.5.2-1build1_amd64.deb ...
build-desktop (ubuntu-22.04)	Install Linux Dependencies	2026-07-31T20:49:01.7829327Z Unpacking libxrandr-dev:amd64 (2:1.5.2-1build1) ...
build-desktop (ubuntu-22.04)	Install Linux Dependencies	2026-07-31T20:49:01.8064531Z Selecting previously unselected package wayland-protocols.
build-desktop (ubuntu-22.04)	Install Linux Dependencies	2026-07-31T20:49:01.8251548Z Preparing to unpack .../098-wayland-protocols_1.25-1_all.deb ...
build-desktop (ubuntu-22.04)	Install Linux Dependencies	2026-07-31T20:49:01.8260569Z Unpacking wayland-protocols (1.25-1) ...
build-desktop (ubuntu-22.04)	Install Linux Dependencies	2026-07-31T20:49:01.8563610Z Selecting previously unselected package libgtk-3-dev:amd64.
build-desktop (ubuntu-22.04)	Install Linux Dependencies	2026-07-31T20:49:01.8755451Z Preparing to unpack .../099-libgtk-3-dev_3.24.33-1ubuntu2.2_amd64.deb ...
build-desktop (ubuntu-22.04)	Install Linux Dependencies	2026-07-31T20:49:01.8764595Z Unpacking libgtk-3-dev:amd64 (3.24.33-1ubuntu2.2) ...
build-desktop (ubuntu-22.04)	Install Linux Dependencies	2026-07-31T20:49:02.0214572Z Selecting previously unselected package libappindicator3-dev.
build-desktop (ubuntu-22.04)	Install Linux Dependencies	2026-07-31T20:49:02.0410597Z Preparing to unpack .../100-libappindicator3-dev_12.10.1+20.10.20200706.1-0ubuntu1_amd64.deb ...
build-desktop (ubuntu-22.04)	Install Linux Dependencies	2026-07-31T20:49:02.0420082Z Unpacking libappindicator3-dev (12.10.1+20.10.20200706.1-0ubuntu1) ...
build-desktop (ubuntu-22.04)	Install Linux Dependencies	2026-07-31T20:49:02.0649224Z Selecting previously unselected package libdazzle-1.0-dev:amd64.
build-desktop (ubuntu-22.04)	Install Linux Dependencies	2026-07-31T20:49:02.0844706Z Preparing to unpack .../101-libdazzle-1.0-dev_3.44.0-1_amd64.deb ...
build-desktop (ubuntu-22.04)	Install Linux Dependencies	2026-07-31T20:49:02.0853520Z Unpacking libdazzle-1.0-dev:amd64 (3.44.0-1) ...
build-desktop (ubuntu-22.04)	Install Linux Dependencies	2026-07-31T20:49:02.1411572Z Selecting previously unselected package libhyphen0:amd64.
build-desktop (ubuntu-22.04)	Install Linux Dependencies	2026-07-31T20:49:02.1608815Z Preparing to unpack .../102-libhyphen0_2.8.8-7build2_amd64.deb ...
build-desktop (ubuntu-22.04)	Install Linux Dependencies	2026-07-31T20:49:02.1618856Z Unpacking libhyphen0:amd64 (2.8.8-7build2) ...
build-desktop (ubuntu-22.04)	Install Linux Dependencies	2026-07-31T20:49:02.1849700Z Selecting previously unselected package libjavascriptcoregtk-4.1-0:amd64.
build-desktop (ubuntu-22.04)	Install Linux Dependencies	2026-07-31T20:49:02.2041662Z Preparing to unpack .../103-libjavascriptcoregtk-4.1-0_2.50.4-0ubuntu0.22.04.1_amd64.deb ...
build-desktop (ubuntu-22.04)	Install Linux Dependencies	2026-07-31T20:49:02.2052251Z Unpacking libjavascriptcoregtk-4.1-0:amd64 (2.50.4-0ubuntu0.22.04.1) ...
build-desktop (ubuntu-22.04)	Install Linux Dependencies	2026-07-31T20:49:02.3452655Z Selecting previously unselected package libjavascriptcoregtk-4.1-dev:amd64.
build-desktop (ubuntu-22.04)	Install Linux Dependencies	2026-07-31T20:49:02.3648646Z Preparing to unpack .../104-libjavascriptcoregtk-4.1-dev_2.50.4-0ubuntu0.22.04.1_amd64.deb ...
build-desktop (ubuntu-22.04)	Install Linux Dependencies	2026-07-31T20:49:02.3657761Z Unpacking libjavascriptcoregtk-4.1-dev:amd64 (2.50.4-0ubuntu0.22.04.1) ...
build-desktop (ubuntu-22.04)	Install Linux Dependencies	2026-07-31T20:49:02.3935548Z Selecting previously unselected package libjson-glib-dev:amd64.
build-desktop (ubuntu-22.04)	Install Linux Dependencies	2026-07-31T20:49:02.4129640Z Preparing to unpack .../105-libjson-glib-dev_1.6.6-1build1_amd64.deb ...
build-desktop (ubuntu-22.04)	Install Linux Dependencies	2026-07-31T20:49:02.4139371Z Unpacking libjson-glib-dev:amd64 (1.6.6-1build1) ...
build-desktop (ubuntu-22.04)	Install Linux Dependencies	2026-07-31T20:49:02.4468614Z Selecting previously unselected package libevdev2:amd64.
build-desktop (ubuntu-22.04)	Install Linux Dependencies	2026-07-31T20:49:02.4661833Z Preparing to unpack .../106-libevdev2_1.12.1+dfsg-1_amd64.deb ...
build-desktop (ubuntu-22.04)	Install Linux Dependencies	2026-07-31T20:49:02.4674270Z Unpacking libevdev2:amd64 (1.12.1+dfsg-1) ...
build-desktop (ubuntu-22.04)	Install Linux Dependencies	2026-07-31T20:49:02.4901035Z Selecting previously unselected package libmanette-0.2-0:amd64.
build-desktop (ubuntu-22.04)	Install Linux Dependencies	2026-07-31T20:49:02.5093984Z Preparing to unpack .../107-libmanette-0.2-0_0.2.6-3build1_amd64.deb ...
build-desktop (ubuntu-22.04)	Install Linux Dependencies	2026-07-31T20:49:02.5102715Z Unpacking libmanette-0.2-0:amd64 (0.2.6-3build1) ...
build-desktop (ubuntu-22.04)	Install Linux Dependencies	2026-07-31T20:49:02.5324855Z Selecting previously unselected package libnghttp2-dev.
build-desktop (ubuntu-22.04)	Install Linux Dependencies	2026-07-31T20:49:02.5517607Z Preparing to unpack .../108-libnghttp2-dev_1.43.0-1ubuntu0.4_amd64.deb ...
build-desktop (ubuntu-22.04)	Install Linux Dependencies	2026-07-31T20:49:02.5525584Z Unpacking libnghttp2-dev (1.43.0-1ubuntu0.4) ...
build-desktop (ubuntu-22.04)	Install Linux Dependencies	2026-07-31T20:49:02.5778737Z Selecting previously unselected package libwebrtc-audio-processing1:amd64.
build-desktop (ubuntu-22.04)	Install Linux Dependencies	2026-07-31T20:49:02.5972528Z Preparing to unpack .../109-libwebrtc-audio-processing1_0.3.1-0ubuntu5_amd64.deb ...
build-desktop (ubuntu-22.04)	Install Linux Dependencies	2026-07-31T20:49:02.5981778Z Unpacking libwebrtc-audio-processing1:amd64 (0.3.1-0ubuntu5) ...
build-desktop (ubuntu-22.04)	Install Linux Dependencies	2026-07-31T20:49:02.6222393Z Selecting previously unselected package libspa-0.2-modules:amd64.
build-desktop (ubuntu-22.04)	Install Linux Dependencies	2026-07-31T20:49:02.6413660Z Preparing to unpack .../110-libspa-0.2-modules_0.3.48-1ubuntu3.2_amd64.deb ...
build-desktop (ubuntu-22.04)	Install Linux Dependencies	2026-07-31T20:49:02.6426239Z Unpacking libspa-0.2-modules:amd64 (0.3.48-1ubuntu3.2) ...
build-desktop (ubuntu-22.04)	Install Linux Dependencies	2026-07-31T20:49:02.6753909Z Selecting previously unselected package libpipewire-0.3-0:amd64.
build-desktop (ubuntu-22.04)	Install Linux Dependencies	2026-07-31T20:49:02.6947203Z Preparing to unpack .../111-libpipewire-0.3-0_0.3.48-1ubuntu3.2_amd64.deb ...
build-desktop (ubuntu-22.04)	Install Linux Dependencies	2026-07-31T20:49:02.6955654Z Unpacking libpipewire-0.3-0:amd64 (0.3.48-1ubuntu3.2) ...
build-desktop (ubuntu-22.04)	Install Linux Dependencies	2026-07-31T20:49:02.7202089Z Selecting previously unselected package libpipewire-0.3-common.
build-desktop (ubuntu-22.04)	Install Linux Dependencies	2026-07-31T20:49:02.7394175Z Preparing to unpack .../112-libpipewire-0.3-common_0.3.48-1ubuntu3.2_all.deb ...
build-desktop (ubuntu-22.04)	Install Linux Dependencies	2026-07-31T20:49:02.7404173Z Unpacking libpipewire-0.3-common (0.3.48-1ubuntu3.2) ...
build-desktop (ubuntu-22.04)	Install Linux Dependencies	2026-07-31T20:49:02.7604569Z Selecting previously unselected package libpipewire-0.3-modules:amd64.
build-desktop (ubuntu-22.04)	Install Linux Dependencies	2026-07-31T20:49:02.7794223Z Preparing to unpack .../113-libpipewire-0.3-modules_0.3.48-1ubuntu3.2_amd64.deb ...
build-desktop (ubuntu-22.04)	Install Linux Dependencies	2026-07-31T20:49:02.7803777Z Unpacking libpipewire-0.3-modules:amd64 (0.3.48-1ubuntu3.2) ...
build-desktop (ubuntu-22.04)	Install Linux Dependencies	2026-07-31T20:49:02.8124162Z Selecting previously unselected package libpolkit-gobject-1-dev.
build-desktop (ubuntu-22.04)	Install Linux Dependencies	2026-07-31T20:49:02.8312936Z Preparing to unpack .../114-libpolkit-gobject-1-dev_0.105-33ubuntu0.1_amd64.deb ...
build-desktop (ubuntu-22.04)	Install Linux Dependencies	2026-07-31T20:49:02.8321644Z Unpacking libpolkit-gobject-1-dev (0.105-33ubuntu0.1) ...
build-desktop (ubuntu-22.04)	Install Linux Dependencies	2026-07-31T20:49:02.8602064Z Selecting previously unselected package libpsl-dev:amd64.
build-desktop (ubuntu-22.04)	Install Linux Dependencies	2026-07-31T20:49:02.8790949Z Preparing to unpack .../115-libpsl-dev_0.21.0-1.2build2_amd64.deb ...
build-desktop (ubuntu-22.04)	Install Linux Dependencies	2026-07-31T20:49:02.8800482Z Unpacking libpsl-dev:amd64 (0.21.0-1.2build2) ...
build-desktop (ubuntu-22.04)	Install Linux Dependencies	2026-07-31T20:49:02.9057861Z Selecting previously unselected package libsysprof-4:amd64.
build-desktop (ubuntu-22.04)	Install Linux Dependencies	2026-07-31T20:49:02.9250337Z Preparing to unpack .../116-libsysprof-4_3.44.0-1_amd64.deb ...
build-desktop (ubuntu-22.04)	Install Linux Dependencies	2026-07-31T20:49:02.9259798Z Unpacking libsysprof-4:amd64 (3.44.0-1) ...
build-desktop (ubuntu-22.04)	Install Linux Dependencies	2026-07-31T20:49:02.9499456Z Selecting previously unselected package libsysprof-ui-4:amd64.
build-desktop (ubuntu-22.04)	Install Linux Dependencies	2026-07-31T20:49:02.9691831Z Preparing to unpack .../117-libsysprof-ui-4_3.44.0-1_amd64.deb ...
build-desktop (ubuntu-22.04)	Install Linux Dependencies	2026-07-31T20:49:02.9702236Z Unpacking libsysprof-ui-4:amd64 (3.44.0-1) ...
build-desktop (ubuntu-22.04)	Install Linux Dependencies	2026-07-31T20:49:02.9927371Z Selecting previously unselected package libsysprof-4-dev:amd64.
build-desktop (ubuntu-22.04)	Install Linux Dependencies	2026-07-31T20:49:03.0116852Z Preparing to unpack .../118-libsysprof-4-dev_3.44.0-1_amd64.deb ...
build-desktop (ubuntu-22.04)	Install Linux Dependencies	2026-07-31T20:49:03.0125046Z Unpacking libsysprof-4-dev:amd64 (3.44.0-1) ...
build-desktop (ubuntu-22.04)	Install Linux Dependencies	2026-07-31T20:49:03.0438250Z Selecting previously unselected package libsoup-3.0-dev:amd64.
build-desktop (ubuntu-22.04)	Install Linux Dependencies	2026-07-31T20:49:03.0631366Z Preparing to unpack .../119-libsoup-3.0-dev_3.0.7-0ubuntu1_amd64.deb ...
build-desktop (ubuntu-22.04)	Install Linux Dependencies	2026-07-31T20:49:03.0640624Z Unpacking libsoup-3.0-dev:amd64 (3.0.7-0ubuntu1) ...
build-desktop (ubuntu-22.04)	Install Linux Dependencies	2026-07-31T20:49:03.0943207Z Selecting previously unselected package xdg-dbus-proxy.
build-desktop (ubuntu-22.04)	Install Linux Dependencies	2026-07-31T20:49:03.1132592Z Preparing to unpack .../120-xdg-dbus-proxy_0.1.3-1ubuntu0.1_amd64.deb ...
build-desktop (ubuntu-22.04)	Install Linux Dependencies	2026-07-31T20:49:03.1140957Z Unpacking xdg-dbus-proxy (0.1.3-1ubuntu0.1) ...
build-desktop (ubuntu-22.04)	Install Linux Dependencies	2026-07-31T20:49:03.1364815Z Selecting previously unselected package libwoff1:amd64.
build-desktop (ubuntu-22.04)	Install Linux Dependencies	2026-07-31T20:49:03.1553014Z Preparing to unpack .../121-libwoff1_1.0.2-1build4_amd64.deb ...
build-desktop (ubuntu-22.04)	Install Linux Dependencies	2026-07-31T20:49:03.1563045Z Unpacking libwoff1:amd64 (1.0.2-1build4) ...
build-desktop (ubuntu-22.04)	Install Linux Dependencies	2026-07-31T20:49:03.1795360Z Selecting previously unselected package libwebkit2gtk-4.1-0:amd64.
build-desktop (ubuntu-22.04)	Install Linux Dependencies	2026-07-31T20:49:03.1986023Z Preparing to unpack .../122-libwebkit2gtk-4.1-0_2.50.4-0ubuntu0.22.04.1_amd64.deb ...
build-desktop (ubuntu-22.04)	Install Linux Dependencies	2026-07-31T20:49:03.1993977Z Unpacking libwebkit2gtk-4.1-0:amd64 (2.50.4-0ubuntu0.22.04.1) ...
build-desktop (ubuntu-22.04)	Install Linux Dependencies	2026-07-31T20:49:03.5185685Z Selecting previously unselected package libwebkit2gtk-4.1-dev.
build-desktop (ubuntu-22.04)	Install Linux Dependencies	2026-07-31T20:49:03.5379726Z Preparing to unpack .../123-libwebkit2gtk-4.1-dev_2.50.4-0ubuntu0.22.04.1_amd64.deb ...
build-desktop (ubuntu-22.04)	Install Linux Dependencies	2026-07-31T20:49:03.5388806Z Unpacking libwebkit2gtk-4.1-dev (2.50.4-0ubuntu0.22.04.1) ...
build-desktop (ubuntu-22.04)	Install Linux Dependencies	2026-07-31T20:49:03.6103437Z Selecting previously unselected package pipewire-bin.
build-desktop (ubuntu-22.04)	Install Linux Dependencies	2026-07-31T20:49:03.6302076Z Preparing to unpack .../124-pipewire-bin_0.3.48-1ubuntu3.2_amd64.deb ...
build-desktop (ubuntu-22.04)	Install Linux Dependencies	2026-07-31T20:49:03.6748187Z Unpacking pipewire-bin (0.3.48-1ubuntu3.2) ...
build-desktop (ubuntu-22.04)	Install Linux Dependencies	2026-07-31T20:49:03.7230134Z Selecting previously unselected package pipewire:amd64.
build-desktop (ubuntu-22.04)	Install Linux Dependencies	2026-07-31T20:49:03.7427123Z Preparing to unpack .../125-pipewire_0.3.48-1ubuntu3.2_amd64.deb ...
build-desktop (ubuntu-22.04)	Install Linux Dependencies	2026-07-31T20:49:03.7435200Z Unpacking pipewire:amd64 (0.3.48-1ubuntu3.2) ...
build-desktop (ubuntu-22.04)	Install Linux Dependencies	2026-07-31T20:49:03.7650971Z Selecting previously unselected package pipewire-media-session.
build-desktop (ubuntu-22.04)	Install Linux Dependencies	2026-07-31T20:49:03.7844805Z Preparing to unpack .../126-pipewire-media-session_0.4.1-2ubuntu1_amd64.deb ...
build-desktop (ubuntu-22.04)	Install Linux Dependencies	2026-07-31T20:49:03.7853937Z Unpacking pipewire-media-session (0.4.1-2ubuntu1) ...
build-desktop (ubuntu-22.04)	Install Linux Dependencies	2026-07-31T20:49:03.8104298Z Selecting previously unselected package rtkit.
build-desktop (ubuntu-22.04)	Install Linux Dependencies	2026-07-31T20:49:03.8297913Z Preparing to unpack .../127-rtkit_0.13-4build2_amd64.deb ...
build-desktop (ubuntu-22.04)	Install Linux Dependencies	2026-07-31T20:49:03.8362966Z Unpacking rtkit (0.13-4build2) ...
build-desktop (ubuntu-22.04)	Install Linux Dependencies	2026-07-31T20:49:03.8702516Z Selecting previously unselected package xdg-desktop-portal.
build-desktop (ubuntu-22.04)	Install Linux Dependencies	2026-07-31T20:49:03.8893732Z Preparing to unpack .../128-xdg-desktop-portal_1.14.4-1ubuntu2~22.04.2_amd64.deb ...
build-desktop (ubuntu-22.04)	Install Linux Dependencies	2026-07-31T20:49:03.8901702Z Unpacking xdg-desktop-portal (1.14.4-1ubuntu2~22.04.2) ...
build-desktop (ubuntu-22.04)	Install Linux Dependencies	2026-07-31T20:49:03.9171746Z Selecting previously unselected package xdg-desktop-portal-gtk.
build-desktop (ubuntu-22.04)	Install Linux Dependencies	2026-07-31T20:49:03.9367945Z Preparing to unpack .../129-xdg-desktop-portal-gtk_1.14.0-1build1_amd64.deb ...
build-desktop (ubuntu-22.04)	Install Linux Dependencies	2026-07-31T20:49:03.9377597Z Unpacking xdg-desktop-portal-gtk (1.14.0-1build1) ...
build-desktop (ubuntu-22.04)	Install Linux Dependencies	2026-07-31T20:49:03.9966261Z Setting up libpipewire-0.3-common (0.3.48-1ubuntu3.2) ...
build-desktop (ubuntu-22.04)	Install Linux Dependencies	2026-07-31T20:49:03.9989357Z Setting up bubblewrap (0.6.1-1ubuntu0.1) ...
build-desktop (ubuntu-22.04)	Install Linux Dependencies	2026-07-31T20:49:04.0036358Z Setting up libcdparanoia0:amd64 (3.10.2+debian-14build2) ...
build-desktop (ubuntu-22.04)	Install Linux Dependencies	2026-07-31T20:49:04.0066693Z Setting up libnghttp2-dev (1.43.0-1ubuntu0.4) ...
build-desktop (ubuntu-22.04)	Install Linux Dependencies	2026-07-31T20:49:04.0090679Z Setting up libraw1394-11:amd64 (2.1.2-2build2) ...
build-desktop (ubuntu-22.04)	Install Linux Dependencies	2026-07-31T20:49:04.0112782Z Setting up rtkit (0.13-4build2) ...
build-desktop (ubuntu-22.04)	Install Linux Dependencies	2026-07-31T20:49:04.2712739Z Setting up libtag1v5-vanilla:amd64 (1.11.1+dfsg.1-3ubuntu3) ...
build-desktop (ubuntu-22.04)	Install Linux Dependencies	2026-07-31T20:49:04.2734188Z Setting up libharfbuzz-icu0:amd64 (2.7.4-1ubuntu3.2) ...
build-desktop (ubuntu-22.04)	Install Linux Dependencies	2026-07-31T20:49:04.2754675Z Setting up libmpg123-0:amd64 (1.29.3-1ubuntu0.1) ...
build-desktop (ubuntu-22.04)	Install Linux Dependencies	2026-07-31T20:49:04.2774743Z Setting up libspeex1:amd64 (1.2~rc1.2-1.1ubuntu3) ...
build-desktop (ubuntu-22.04)	Install Linux Dependencies	2026-07-31T20:49:04.2794828Z Setting up libcaca0:amd64 (0.99.beta19-2.2ubuntu4.2) ...
build-desktop (ubuntu-22.04)	Install Linux Dependencies	2026-07-31T20:49:04.2814729Z Setting up libpangoxft-1.0-0:amd64 (1.50.6+ds-2ubuntu1) ...
build-desktop (ubuntu-22.04)	Install Linux Dependencies	2026-07-31T20:49:04.2834897Z Setting up gir1.2-dbusmenu-glib-0.4:amd64 (16.04.1+18.10.20180917-0ubuntu8) ...
build-desktop (ubuntu-22.04)	Install Linux Dependencies	2026-07-31T20:49:04.2856596Z Setting up libglvnd-core-dev:amd64 (1.4.0-1) ...
build-desktop (ubuntu-22.04)	Install Linux Dependencies	2026-07-31T20:49:04.2876677Z Setting up libtwolame0:amd64 (0.4.0-2build2) ...
build-desktop (ubuntu-22.04)	Install Linux Dependencies	2026-07-31T20:49:04.2916421Z Setting up libwoff1:amd64 (1.0.2-1build4) ...
build-desktop (ubuntu-22.04)	Install Linux Dependencies	2026-07-31T20:49:04.2938837Z Setting up libhyphen0:amd64 (2.8.8-7build2) ...
build-desktop (ubuntu-22.04)	Install Linux Dependencies	2026-07-31T20:49:04.2960410Z Setting up libvisual-0.4-0:amd64 (0.4.0-17build2) ...
build-desktop (ubuntu-22.04)	Install Linux Dependencies	2026-07-31T20:49:04.2981915Z Setting up gir1.2-atk-1.0:amd64 (2.36.0-3build1) ...
build-desktop (ubuntu-22.04)	Install Linux Dependencies	2026-07-31T20:49:04.3002204Z Setting up libfribidi-dev:amd64 (1.0.8-2ubuntu3.1) ...
build-desktop (ubuntu-22.04)	Install Linux Dependencies	2026-07-31T20:49:04.3022952Z Setting up libxkbcommon-dev:amd64 (1.4.0-1) ...
build-desktop (ubuntu-22.04)	Install Linux Dependencies	2026-07-31T20:49:04.3042987Z Setting up pango1.0-tools (1.50.6+ds-2ubuntu1) ...
build-desktop (ubuntu-22.04)	Install Linux Dependencies	2026-07-31T20:49:04.3065652Z Setting up libdbus-glib-1-dev-bin (0.112-2build1) ...
build-desktop (ubuntu-22.04)	Install Linux Dependencies	2026-07-31T20:49:04.3086385Z Setting up libwebrtc-audio-processing1:amd64 (0.3.1-0ubuntu5) ...
build-desktop (ubuntu-22.04)	Install Linux Dependencies	2026-07-31T20:49:04.3107793Z Setting up libharfbuzz-gobject0:amd64 (2.7.4-1ubuntu3.2) ...
build-desktop (ubuntu-22.04)	Install Linux Dependencies	2026-07-31T20:49:04.3127951Z Setting up gir1.2-atspi-2.0:amd64 (2.44.0-3) ...
build-desktop (ubuntu-22.04)	Install Linux Dependencies	2026-07-31T20:49:04.3149172Z Setting up libsoup-3.0-common (3.0.7-0ubuntu1) ...
build-desktop (ubuntu-22.04)	Install Linux Dependencies	2026-07-31T20:49:04.3169347Z Setting up gir1.2-harfbuzz-0.0:amd64 (2.7.4-1ubuntu3.2) ...
build-desktop (ubuntu-22.04)	Install Linux Dependencies	2026-07-31T20:49:04.3189388Z Setting up libopengl0:amd64 (1.4.0-1) ...
build-desktop (ubuntu-22.04)	Install Linux Dependencies	2026-07-31T20:49:04.3213757Z Setting up libappindicator3-1 (12.10.1+20.10.20200706.1-0ubuntu1) ...
build-desktop (ubuntu-22.04)	Install Linux Dependencies	2026-07-31T20:49:04.3234446Z Setting up libpsl-dev:amd64 (0.21.0-1.2build2) ...
build-desktop (ubuntu-22.04)	Install Linux Dependencies	2026-07-31T20:49:04.3254707Z Setting up libflac8:amd64 (1.3.3-2ubuntu0.2) ...
build-desktop (ubuntu-22.04)	Install Linux Dependencies	2026-07-31T20:49:04.3275807Z Setting up libxfixes-dev:amd64 (1:6.0.0-1) ...
build-desktop (ubuntu-22.04)	Install Linux Dependencies	2026-07-31T20:49:04.3297063Z Setting up libwayland-bin (1.20.0-1ubuntu0.1) ...
build-desktop (ubuntu-22.04)	Install Linux Dependencies	2026-07-31T20:49:04.3318757Z Setting up libgraphite2-dev:amd64 (1.3.14-1ubuntu0.1) ...
build-desktop (ubuntu-22.04)	Install Linux Dependencies	2026-07-31T20:49:04.3339615Z Setting up gir1.2-pango-1.0:amd64 (1.50.6+ds-2ubuntu1) ...
build-desktop (ubuntu-22.04)	Install Linux Dependencies	2026-07-31T20:49:04.3360472Z Setting up libxrandr-dev:amd64 (2:1.5.2-1build1) ...
build-desktop (ubuntu-22.04)	Install Linux Dependencies	2026-07-31T20:49:04.3382091Z Setting up libegl-mesa0:amd64 (23.2.1-1ubuntu3.1~22.04.4) ...
build-desktop (ubuntu-22.04)	Install Linux Dependencies	2026-07-31T20:49:04.3403028Z Setting up libjavascriptcoregtk-4.1-0:amd64 (2.50.4-0ubuntu0.22.04.1) ...
build-desktop (ubuntu-22.04)	Install Linux Dependencies	2026-07-31T20:49:04.3423312Z Setting up libgles2:amd64 (1.4.0-1) ...
build-desktop (ubuntu-22.04)	Install Linux Dependencies	2026-07-31T20:49:04.3443777Z Setting up libdbus-1-dev:amd64 (1.12.20-2ubuntu4.1) ...
build-desktop (ubuntu-22.04)	Install Linux Dependencies	2026-07-31T20:49:04.3464088Z Setting up libspa-0.2-modules:amd64 (0.3.48-1ubuntu3.2) ...
build-desktop (ubuntu-22.04)	Install Linux Dependencies	2026-07-31T20:49:04.3486408Z Setting up libgles1:amd64 (1.4.0-1) ...
build-desktop (ubuntu-22.04)	Install Linux Dependencies	2026-07-31T20:49:04.3508609Z Setting up libpipewire-0.3-0:amd64 (0.3.48-1ubuntu3.2) ...
build-desktop (ubuntu-22.04)	Install Linux Dependencies	2026-07-31T20:49:04.3534709Z Setting up libopus0:amd64 (1.3.1-0.1build2) ...
build-desktop (ubuntu-22.04)	Install Linux Dependencies	2026-07-31T20:49:04.3555676Z Setting up libxv1:amd64 (2:1.0.11-1build2) ...
build-desktop (ubuntu-22.04)	Install Linux Dependencies	2026-07-31T20:49:04.3577203Z Setting up libssl-dev:amd64 (3.0.2-0ubuntu1.26) ...
build-desktop (ubuntu-22.04)	Install Linux Dependencies	2026-07-31T20:49:04.3599945Z Setting up liborc-0.4-0:amd64 (1:0.4.32-2ubuntu0.1) ...
build-desktop (ubuntu-22.04)	Install Linux Dependencies	2026-07-31T20:49:04.3621119Z Setting up libxinerama-dev:amd64 (2:1.1.4-3) ...
build-desktop (ubuntu-22.04)	Install Linux Dependencies	2026-07-31T20:49:04.3642652Z Setting up xdg-dbus-proxy (0.1.3-1ubuntu0.1) ...
build-desktop (ubuntu-22.04)	Install Linux Dependencies	2026-07-31T20:49:04.3664682Z Setting up wayland-protocols (1.25-1) ...
build-desktop (ubuntu-22.04)	Install Linux Dependencies	2026-07-31T20:49:04.3689726Z Setting up libtag1v5:amd64 (1.11.1+dfsg.1-3ubuntu3) ...
build-desktop (ubuntu-22.04)	Install Linux Dependencies	2026-07-31T20:49:04.3711313Z Setting up libdatrie-dev:amd64 (0.2.13-2) ...
build-desktop (ubuntu-22.04)	Install Linux Dependencies	2026-07-31T20:49:04.3733134Z Setting up libdv4:amd64 (1.0.0-14build1) ...
build-desktop (ubuntu-22.04)	Install Linux Dependencies	2026-07-31T20:49:04.3755236Z Setting up libasyncns0:amd64 (0.8-6build2) ...
build-desktop (ubuntu-22.04)	Install Linux Dependencies	2026-07-31T20:49:04.3777031Z Setting up gir1.2-polkit-1.0 (0.105-33ubuntu0.1) ...
build-desktop (ubuntu-22.04)	Install Linux Dependencies	2026-07-31T20:49:04.3798249Z Setting up libwavpack1:amd64 (5.4.0-1build2) ...
build-desktop (ubuntu-22.04)	Install Linux Dependencies	2026-07-31T20:49:04.3819889Z Setting up libdazzle-common (3.44.0-1) ...
build-desktop (ubuntu-22.04)	Install Linux Dependencies	2026-07-31T20:49:04.3844257Z Setting up libtheora0:amd64 (1.1.1+dfsg.1-15ubuntu4) ...
build-desktop (ubuntu-22.04)	Install Linux Dependencies	2026-07-31T20:49:04.3867246Z Setting up libv4lconvert0:amd64 (1.22.1-2build1) ...
build-desktop (ubuntu-22.04)	Install Linux Dependencies	2026-07-31T20:49:04.3887840Z Setting up libegl1:amd64 (1.4.0-1) ...
build-desktop (ubuntu-22.04)	Install Linux Dependencies	2026-07-31T20:49:04.3908345Z Setting up libglx-dev:amd64 (1.4.0-1) ...
build-desktop (ubuntu-22.04)	Install Linux Dependencies	2026-07-31T20:49:04.3929408Z Setting up gir1.2-json-1.0:amd64 (1.6.6-1build1) ...
build-desktop (ubuntu-22.04)	Install Linux Dependencies	2026-07-31T20:49:04.3949958Z Setting up libvpx7:amd64 (1.11.0-2ubuntu2.5) ...
build-desktop (ubuntu-22.04)	Install Linux Dependencies	2026-07-31T20:49:04.3970327Z Setting up libopengl-dev:amd64 (1.4.0-1) ...
build-desktop (ubuntu-22.04)	Install Linux Dependencies	2026-07-31T20:49:04.4012599Z Setting up libsysprof-4:amd64 (3.44.0-1) ...
build-desktop (ubuntu-22.04)	Install Linux Dependencies	2026-07-31T20:49:04.4036688Z Setting up libxi-dev:amd64 (2:1.8-1build1) ...
build-desktop (ubuntu-22.04)	Install Linux Dependencies	2026-07-31T20:49:04.4059142Z Setting up libsamplerate0:amd64 (0.2.2-1build1) ...
build-desktop (ubuntu-22.04)	Install Linux Dependencies	2026-07-31T20:49:04.4081637Z Setting up libevdev2:amd64 (1.12.1+dfsg-1) ...
build-desktop (ubuntu-22.04)	Install Linux Dependencies	2026-07-31T20:49:04.4103714Z Setting up libgl-dev:amd64 (1.4.0-1) ...
build-desktop (ubuntu-22.04)	Install Linux Dependencies	2026-07-31T20:49:04.4126181Z Setting up libjavascriptcoregtk-4.1-dev:amd64 (2.50.4-0ubuntu0.22.04.1) ...
build-desktop (ubuntu-22.04)	Install Linux Dependencies	2026-07-31T20:49:04.4152537Z Setting up libmp3lame0:amd64 (3.100-3build2) ...
build-desktop (ubuntu-22.04)	Install Linux Dependencies	2026-07-31T20:49:04.4176840Z Setting up libgraphene-1.0-0:amd64 (1.10.8-1) ...
build-desktop (ubuntu-22.04)	Install Linux Dependencies	2026-07-31T20:49:04.4199912Z Setting up libatk1.0-dev:amd64 (2.36.0-3build1) ...
build-desktop (ubuntu-22.04)	Install Linux Dependencies	2026-07-31T20:49:04.4223696Z Setting up libvorbisenc2:amd64 (1.3.7-1build2) ...
build-desktop (ubuntu-22.04)	Install Linux Dependencies	2026-07-31T20:49:04.4246183Z Setting up libaa1:amd64 (1.4p5-50build1) ...
build-desktop (ubuntu-22.04)	Install Linux Dependencies	2026-07-31T20:49:04.4269664Z Setting up libiec61883-0:amd64 (1.2.0-4build3) ...
build-desktop (ubuntu-22.04)	Install Linux Dependencies	2026-07-31T20:49:04.4292153Z Setting up libxft-dev:amd64 (2.3.4-1) ...
build-desktop (ubuntu-22.04)	Install Linux Dependencies	2026-07-31T20:49:04.4317339Z Setting up libxtst-dev:amd64 (2:1.2.3-1build4) ...
build-desktop (ubuntu-22.04)	Install Linux Dependencies	2026-07-31T20:49:04.4338973Z Setting up libxdamage-dev:amd64 (1:1.1.5-2build2) ...
build-desktop (ubuntu-22.04)	Install Linux Dependencies	2026-07-31T20:49:04.4362518Z Setting up libavc1394-0:amd64 (0.5.4-5build2) ...
build-desktop (ubuntu-22.04)	Install Linux Dependencies	2026-07-31T20:49:04.4385442Z Setting up libatspi2.0-dev:amd64 (2.44.0-3) ...
build-desktop (ubuntu-22.04)	Install Linux Dependencies	2026-07-31T20:49:04.4408554Z Setting up libharfbuzz-dev:amd64 (2.7.4-1ubuntu3.2) ...
build-desktop (ubuntu-22.04)	Install Linux Dependencies	2026-07-31T20:49:04.4430784Z Setting up libdazzle-1.0-0:amd64 (3.44.0-1) ...
build-desktop (ubuntu-22.04)	Install Linux Dependencies	2026-07-31T20:49:04.4581056Z Setting up xdg-desktop-portal (1.14.4-1ubuntu2~22.04.2) ...
build-desktop (ubuntu-22.04)	Install Linux Dependencies	2026-07-31T20:49:04.5637632Z Created symlink /etc/systemd/user/graphical-session-pre.target.wants/xdg-desktop-portal-rewrite-launchers.service → /usr/lib/systemd/user/xdg-desktop-portal-rewrite-launchers.service.
build-desktop (ubuntu-22.04)	Install Linux Dependencies	2026-07-31T20:49:04.5668642Z Setting up libegl-dev:amd64 (1.4.0-1) ...
build-desktop (ubuntu-22.04)	Install Linux Dependencies	2026-07-31T20:49:04.5691525Z Setting up libdbus-glib-1-dev:amd64 (0.112-2build1) ...
build-desktop (ubuntu-22.04)	Install Linux Dependencies	2026-07-31T20:49:04.5711693Z Setting up libxcomposite-dev:amd64 (1:0.4.5-1build2) ...
build-desktop (ubuntu-22.04)	Install Linux Dependencies	2026-07-31T20:49:04.5737591Z Setting up libxcursor-dev:amd64 (1:1.2.0-2build4) ...
build-desktop (ubuntu-22.04)	Install Linux Dependencies	2026-07-31T20:49:04.5760604Z Setting up libmanette-0.2-0:amd64 (0.2.6-3build1) ...
build-desktop (ubuntu-22.04)	Install Linux Dependencies	2026-07-31T20:49:04.5782573Z Setting up libjson-glib-dev:amd64 (1.6.6-1build1) ...
build-desktop (ubuntu-22.04)	Install Linux Dependencies	2026-07-31T20:49:04.5802075Z Setting up libepoxy-dev:amd64 (1.5.10-1) ...
build-desktop (ubuntu-22.04)	Install Linux Dependencies	2026-07-31T20:49:04.5823592Z Setting up libsoup-3.0-0:amd64 (3.0.7-0ubuntu1) ...
build-desktop (ubuntu-22.04)	Install Linux Dependencies	2026-07-31T20:49:04.5843659Z Setting up gir1.2-gtk-3.0:amd64 (3.24.33-1ubuntu2.2) ...
build-desktop (ubuntu-22.04)	Install Linux Dependencies	2026-07-31T20:49:04.5867427Z Setting up libgstreamer-plugins-base1.0-0:amd64 (1.20.1-1ubuntu0.6) ...
build-desktop (ubuntu-22.04)	Install Linux Dependencies	2026-07-31T20:49:04.5889396Z Setting up libatk-bridge2.0-dev:amd64 (2.38.0-3) ...
build-desktop (ubuntu-22.04)	Install Linux Dependencies	2026-07-31T20:49:04.5909959Z Setting up libwayland-dev:amd64 (1.20.0-1ubuntu0.1) ...
build-desktop (ubuntu-22.04)	Install Linux Dependencies	2026-07-31T20:49:04.5931600Z Setting up libv4l-0:amd64 (1.22.1-2build1) ...
build-desktop (ubuntu-22.04)	Install Linux Dependencies	2026-07-31T20:49:04.5952935Z Setting up libgstreamer-plugins-good1.0-0:amd64 (1.20.3-0ubuntu1.7) ...
build-desktop (ubuntu-22.04)	Install Linux Dependencies	2026-07-31T20:49:04.5973826Z Setting up libgstreamer-gl1.0-0:amd64 (1.20.1-1ubuntu0.6) ...
build-desktop (ubuntu-22.04)	Install Linux Dependencies	2026-07-31T20:49:04.5994416Z Setting up gstreamer1.0-plugins-base:amd64 (1.20.1-1ubuntu0.6) ...
build-desktop (ubuntu-22.04)	Install Linux Dependencies	2026-07-31T20:49:04.6015230Z Setting up gir1.2-appindicator3-0.1 (12.10.1+20.10.20200706.1-0ubuntu1) ...
build-desktop (ubuntu-22.04)	Install Linux Dependencies	2026-07-31T20:49:04.6037106Z Setting up libshout3:amd64 (2.4.5-1build3) ...
build-desktop (ubuntu-22.04)	Install Linux Dependencies	2026-07-31T20:49:04.6059388Z Setting up libpolkit-gobject-1-dev (0.105-33ubuntu0.1) ...
build-desktop (ubuntu-22.04)	Install Linux Dependencies	2026-07-31T20:49:04.6080581Z Setting up libdbusmenu-glib-dev:amd64 (16.04.1+18.10.20180917-0ubuntu8) ...
build-desktop (ubuntu-22.04)	Install Linux Dependencies	2026-07-31T20:49:04.6102602Z Setting up libthai-dev:amd64 (0.1.29-1build1) ...
build-desktop (ubuntu-22.04)	Install Linux Dependencies	2026-07-31T20:49:04.6123790Z Setting up gir1.2-soup-3.0:amd64 (3.0.7-0ubuntu1) ...
build-desktop (ubuntu-22.04)	Install Linux Dependencies	2026-07-31T20:49:04.6144785Z Setting up libjack-jackd2-0:amd64 (1.9.20~dfsg-1) ...
build-desktop (ubuntu-22.04)	Install Linux Dependencies	2026-07-31T20:49:04.6166705Z Setting up libsysprof-ui-4:amd64 (3.44.0-1) ...
build-desktop (ubuntu-22.04)	Install Linux Dependencies	2026-07-31T20:49:04.6188189Z Setting up libsndfile1:amd64 (1.0.31-2ubuntu0.2) ...
build-desktop (ubuntu-22.04)	Install Linux Dependencies	2026-07-31T20:49:04.6229292Z Setting up libgles-dev:amd64 (1.4.0-1) ...
build-desktop (ubuntu-22.04)	Install Linux Dependencies	2026-07-31T20:49:04.6251592Z Setting up gir1.2-dazzle-1.0:amd64 (3.44.0-1) ...
build-desktop (ubuntu-22.04)	Install Linux Dependencies	2026-07-31T20:49:04.6273865Z Setting up gstreamer1.0-gl:amd64 (1.20.1-1ubuntu0.6) ...
build-desktop (ubuntu-22.04)	Install Linux Dependencies	2026-07-31T20:49:04.6295736Z Setting up xdg-desktop-portal-gtk (1.14.0-1build1) ...
build-desktop (ubuntu-22.04)	Install Linux Dependencies	2026-07-31T20:49:04.6316297Z Setting up gstreamer1.0-x:amd64 (1.20.1-1ubuntu0.6) ...
build-desktop (ubuntu-22.04)	Install Linux Dependencies	2026-07-31T20:49:04.6337348Z Setting up libpulse0:amd64 (1:15.99.1+dfsg1-1ubuntu2.2) ...
build-desktop (ubuntu-22.04)	Install Linux Dependencies	2026-07-31T20:49:04.6415082Z Setting up gstreamer1.0-plugins-good:amd64 (1.20.3-0ubuntu1.7) ...
build-desktop (ubuntu-22.04)	Install Linux Dependencies	2026-07-31T20:49:04.6437247Z Setting up libglvnd-dev:amd64 (1.4.0-1) ...
build-desktop (ubuntu-22.04)	Install Linux Dependencies	2026-07-31T20:49:04.6459180Z Setting up libpipewire-0.3-modules:amd64 (0.3.48-1ubuntu3.2) ...
build-desktop (ubuntu-22.04)	Install Linux Dependencies	2026-07-31T20:49:04.6481347Z Setting up libpango1.0-dev:amd64 (1.50.6+ds-2ubuntu1) ...
build-desktop (ubuntu-22.04)	Install Linux Dependencies	2026-07-31T20:49:04.6501764Z Setting up libegl1-mesa-dev:amd64 (23.2.1-1ubuntu3.1~22.04.4) ...
build-desktop (ubuntu-22.04)	Install Linux Dependencies	2026-07-31T20:49:04.6525073Z Setting up libgtk-3-dev:amd64 (3.24.33-1ubuntu2.2) ...
build-desktop (ubuntu-22.04)	Install Linux Dependencies	2026-07-31T20:49:04.6546681Z Setting up libwebkit2gtk-4.1-0:amd64 (2.50.4-0ubuntu0.22.04.1) ...
build-desktop (ubuntu-22.04)	Install Linux Dependencies	2026-07-31T20:49:04.6567266Z Setting up libdazzle-1.0-dev:amd64 (3.44.0-1) ...
build-desktop (ubuntu-22.04)	Install Linux Dependencies	2026-07-31T20:49:04.6588975Z Setting up libappindicator3-dev (12.10.1+20.10.20200706.1-0ubuntu1) ...
build-desktop (ubuntu-22.04)	Install Linux Dependencies	2026-07-31T20:49:04.6609107Z Setting up pipewire-bin (0.3.48-1ubuntu3.2) ...
build-desktop (ubuntu-22.04)	Install Linux Dependencies	2026-07-31T20:49:04.7056636Z Setting up libsysprof-4-dev:amd64 (3.44.0-1) ...
build-desktop (ubuntu-22.04)	Install Linux Dependencies	2026-07-31T20:49:04.7077880Z Setting up pipewire:amd64 (0.3.48-1ubuntu3.2) ...
build-desktop (ubuntu-22.04)	Install Linux Dependencies	2026-07-31T20:49:04.8124334Z Created symlink /etc/systemd/user/default.target.wants/pipewire.service → /usr/lib/systemd/user/pipewire.service.
build-desktop (ubuntu-22.04)	Install Linux Dependencies	2026-07-31T20:49:04.8126315Z Created symlink /etc/systemd/user/sockets.target.wants/pipewire.socket → /usr/lib/systemd/user/pipewire.socket.
build-desktop (ubuntu-22.04)	Install Linux Dependencies	2026-07-31T20:49:04.9180259Z Setting up libsoup-3.0-dev:amd64 (3.0.7-0ubuntu1) ...
build-desktop (ubuntu-22.04)	Install Linux Dependencies	2026-07-31T20:49:04.9200460Z Setting up libwebkit2gtk-4.1-dev (2.50.4-0ubuntu0.22.04.1) ...
build-desktop (ubuntu-22.04)	Install Linux Dependencies	2026-07-31T20:49:04.9224231Z Setting up pipewire-media-session (0.4.1-2ubuntu1) ...
build-desktop (ubuntu-22.04)	Install Linux Dependencies	2026-07-31T20:49:05.0304066Z Created symlink /etc/systemd/user/pipewire-session-manager.service → /usr/lib/systemd/user/pipewire-media-session.service.
build-desktop (ubuntu-22.04)	Install Linux Dependencies	2026-07-31T20:49:05.0305481Z Created symlink /etc/systemd/user/pipewire.service.wants/pipewire-media-session.service → /usr/lib/systemd/user/pipewire-media-session.service.
build-desktop (ubuntu-22.04)	Install Linux Dependencies	2026-07-31T20:49:05.0348350Z Processing triggers for libc-bin (2.35-0ubuntu3.13) ...
build-desktop (ubuntu-22.04)	Install Linux Dependencies	2026-07-31T20:49:05.1327162Z Processing triggers for man-db (2.10.2-1) ...
build-desktop (ubuntu-22.04)	Install Linux Dependencies	2026-07-31T20:49:05.1349200Z Not building database; man-db/auto-update is not 'true'.
build-desktop (ubuntu-22.04)	Install Linux Dependencies	2026-07-31T20:49:05.1368680Z Processing triggers for dbus (1.12.20-2ubuntu4.1) ...
build-desktop (ubuntu-22.04)	Install Linux Dependencies	2026-07-31T20:49:05.1444382Z Processing triggers for mailcap (3.70+nmu1ubuntu1.22.04.1) ...
build-desktop (ubuntu-22.04)	Install Linux Dependencies	2026-07-31T20:49:05.7793667Z 
build-desktop (ubuntu-22.04)	Install Linux Dependencies	2026-07-31T20:49:05.7794601Z Running kernel seems to be up-to-date.
build-desktop (ubuntu-22.04)	Install Linux Dependencies	2026-07-31T20:49:05.7795130Z 
build-desktop (ubuntu-22.04)	Install Linux Dependencies	2026-07-31T20:49:05.7795401Z Services to be restarted:
build-desktop (ubuntu-22.04)	Install Linux Dependencies	2026-07-31T20:49:05.7887776Z  systemctl restart packagekit.service
build-desktop (ubuntu-22.04)	Install Linux Dependencies	2026-07-31T20:49:05.7932392Z  systemctl restart php8.1-fpm.service
build-desktop (ubuntu-22.04)	Install Linux Dependencies	2026-07-31T20:49:05.7976341Z  systemctl restart ssh.service
build-desktop (ubuntu-22.04)	Install Linux Dependencies	2026-07-31T20:49:05.8022863Z  systemctl restart systemd-journald.service
build-desktop (ubuntu-22.04)	Install Linux Dependencies	2026-07-31T20:49:05.8158555Z  /etc/needrestart/restart.d/systemd-manager
build-desktop (ubuntu-22.04)	Install Linux Dependencies	2026-07-31T20:49:05.8205457Z  systemctl restart systemd-networkd.service
build-desktop (ubuntu-22.04)	Install Linux Dependencies	2026-07-31T20:49:05.8252340Z  systemctl restart systemd-resolved.service
build-desktop (ubuntu-22.04)	Install Linux Dependencies	2026-07-31T20:49:05.8298468Z  systemctl restart systemd-udevd.service
build-desktop (ubuntu-22.04)	Install Linux Dependencies	2026-07-31T20:49:05.8385660Z 
build-desktop (ubuntu-22.04)	Install Linux Dependencies	2026-07-31T20:49:05.8387619Z Service restarts being deferred:
build-desktop (ubuntu-22.04)	Install Linux Dependencies	2026-07-31T20:49:05.8388261Z  systemctl restart hosted-compute-agent.service
build-desktop (ubuntu-22.04)	Install Linux Dependencies	2026-07-31T20:49:05.8388939Z  systemctl restart systemd-logind.service
build-desktop (ubuntu-22.04)	Install Linux Dependencies	2026-07-31T20:49:05.8389506Z  systemctl restart user@1001.service
build-desktop (ubuntu-22.04)	Install Linux Dependencies	2026-07-31T20:49:05.8390034Z  systemctl restart walinuxagent.service
build-desktop (ubuntu-22.04)	Install Linux Dependencies	2026-07-31T20:49:05.8390378Z 
build-desktop (ubuntu-22.04)	Install Linux Dependencies	2026-07-31T20:49:05.8390635Z No containers need to be restarted.
build-desktop (ubuntu-22.04)	Install Linux Dependencies	2026-07-31T20:49:05.8390949Z 
build-desktop (ubuntu-22.04)	Install Linux Dependencies	2026-07-31T20:49:05.8391260Z No user sessions are running outdated binaries.
build-desktop (ubuntu-22.04)	Install Linux Dependencies	2026-07-31T20:49:05.8391639Z 
build-desktop (ubuntu-22.04)	Install Linux Dependencies	2026-07-31T20:49:05.8392157Z No VM guests are running outdated hypervisor (qemu) binaries on this host.
build-desktop (ubuntu-22.04)	Install frontend dependencies	﻿2026-07-31T20:49:07.0702439Z ##[group]Run npm install
build-desktop (ubuntu-22.04)	Install frontend dependencies	2026-07-31T20:49:07.0702755Z [36;1mnpm install[0m
build-desktop (ubuntu-22.04)	Install frontend dependencies	2026-07-31T20:49:07.0758021Z shell: /usr/bin/bash -e {0}
build-desktop (ubuntu-22.04)	Install frontend dependencies	2026-07-31T20:49:07.0758298Z env:
build-desktop (ubuntu-22.04)	Install frontend dependencies	2026-07-31T20:49:07.0758510Z   CARGO_HOME: /home/runner/.cargo
build-desktop (ubuntu-22.04)	Install frontend dependencies	2026-07-31T20:49:07.0758795Z   CARGO_INCREMENTAL: 0
build-desktop (ubuntu-22.04)	Install frontend dependencies	2026-07-31T20:49:07.0759033Z   CARGO_TERM_COLOR: always
build-desktop (ubuntu-22.04)	Install frontend dependencies	2026-07-31T20:49:07.0759270Z ##[endgroup]
build-desktop (ubuntu-22.04)	Install frontend dependencies	2026-07-31T20:49:07.5482709Z 
build-desktop (ubuntu-22.04)	Install frontend dependencies	2026-07-31T20:49:07.5483246Z up to date, audited 4 packages in 405ms
build-desktop (ubuntu-22.04)	Install frontend dependencies	2026-07-31T20:49:07.5483687Z 
build-desktop (ubuntu-22.04)	Install frontend dependencies	2026-07-31T20:49:07.5483986Z 1 package is looking for funding
build-desktop (ubuntu-22.04)	Install frontend dependencies	2026-07-31T20:49:07.5484529Z   run `npm fund` for details
build-desktop (ubuntu-22.04)	Install frontend dependencies	2026-07-31T20:49:07.5493068Z 
build-desktop (ubuntu-22.04)	Install frontend dependencies	2026-07-31T20:49:07.5493331Z found 0 vulnerabilities
build-desktop (ubuntu-22.04)	Build Tauri Desktop	﻿2026-07-31T20:49:07.5634196Z Node 20 is being deprecated. This workflow is running with Node 24 by default. If you need to temporarily use Node 20, you can set the ACTIONS_ALLOW_USE_UNSECURE_NODE_VERSION=true environment variable. For more information see: https://github.blog/changelog/2025-09-19-deprecation-of-node-20-on-github-actions-runners/
build-desktop (ubuntu-22.04)	Build Tauri Desktop	2026-07-31T20:49:07.5635545Z ##[group]Run tauri-apps/tauri-action@v0.5.2
build-desktop (ubuntu-22.04)	Build Tauri Desktop	2026-07-31T20:49:07.5635837Z with:
build-desktop (ubuntu-22.04)	Build Tauri Desktop	2026-07-31T20:49:07.5636039Z   releaseDraft: false
build-desktop (ubuntu-22.04)	Build Tauri Desktop	2026-07-31T20:49:07.5636264Z   prerelease: false
build-desktop (ubuntu-22.04)	Build Tauri Desktop	2026-07-31T20:49:07.5636488Z   projectPath: .
build-desktop (ubuntu-22.04)	Build Tauri Desktop	2026-07-31T20:49:07.5636700Z   includeDebug: false
build-desktop (ubuntu-22.04)	Build Tauri Desktop	2026-07-31T20:49:07.5637213Z   includeRelease: true
build-desktop (ubuntu-22.04)	Build Tauri Desktop	2026-07-31T20:49:07.5637487Z   includeUpdaterJson: true
build-desktop (ubuntu-22.04)	Build Tauri Desktop	2026-07-31T20:49:07.5637748Z   updaterJsonKeepUniversal: false
build-desktop (ubuntu-22.04)	Build Tauri Desktop	2026-07-31T20:49:07.5638009Z env:
build-desktop (ubuntu-22.04)	Build Tauri Desktop	2026-07-31T20:49:07.5638208Z   CARGO_HOME: /home/runner/.cargo
build-desktop (ubuntu-22.04)	Build Tauri Desktop	2026-07-31T20:49:07.5638467Z   CARGO_INCREMENTAL: 0
build-desktop (ubuntu-22.04)	Build Tauri Desktop	2026-07-31T20:49:07.5638695Z   CARGO_TERM_COLOR: always
build-desktop (ubuntu-22.04)	Build Tauri Desktop	2026-07-31T20:49:07.5641714Z   GITHUB_TOKEN: ***
build-desktop (ubuntu-22.04)	Build Tauri Desktop	2026-07-31T20:49:07.5641951Z ##[endgroup]
build-desktop (ubuntu-22.04)	Build Tauri Desktop	2026-07-31T20:49:07.6833722Z running npm [ 'run', 'tauri', 'build' ]
build-desktop (ubuntu-22.04)	Build Tauri Desktop	2026-07-31T20:49:07.8281838Z 
build-desktop (ubuntu-22.04)	Build Tauri Desktop	2026-07-31T20:49:07.8282338Z > tauri
build-desktop (ubuntu-22.04)	Build Tauri Desktop	2026-07-31T20:49:07.8282757Z > tauri build
build-desktop (ubuntu-22.04)	Build Tauri Desktop	2026-07-31T20:49:07.8282996Z 
build-desktop (ubuntu-22.04)	Build Tauri Desktop	2026-07-31T20:49:09.2413301Z         Info Looking up installed tauri packages to check mismatched versions...
build-desktop (ubuntu-22.04)	Build Tauri Desktop	2026-07-31T20:49:10.0447843Z [1m[92m    Updating[0m crates.io index
build-desktop (ubuntu-22.04)	Build Tauri Desktop	2026-07-31T20:49:10.9089669Z [1m[92m     Locking[0m 425 packages to latest compatible versions
build-desktop (ubuntu-22.04)	Build Tauri Desktop	2026-07-31T20:49:10.9176381Z [1m[92m      Adding[0m generic-array v0.14.7 [1m[33m(available: v0.14.9)[0m
build-desktop (ubuntu-22.04)	Build Tauri Desktop	2026-07-31T20:49:10.9621715Z [1m[92m      Adding[0m toml v0.8.2 [1m[33m(available: v0.8.23)[0m
build-desktop (ubuntu-22.04)	Build Tauri Desktop	2026-07-31T20:49:10.9630148Z [1m[92m      Adding[0m toml_datetime v0.6.3 [1m[33m(available: v0.6.11)[0m
build-desktop (ubuntu-22.04)	Build Tauri Desktop	2026-07-31T20:49:10.9639851Z [1m[92m      Adding[0m toml_edit v0.20.2 [1m[33m(available: v0.20.7)[0m
build-desktop (ubuntu-22.04)	Build Tauri Desktop	2026-07-31T20:49:10.9988163Z [1m[92m Downloading[0m crates ...
build-desktop (ubuntu-22.04)	Build Tauri Desktop	2026-07-31T20:49:11.0455670Z [1m[92m  Downloaded[0m proc-macro-crate v1.3.1
build-desktop (ubuntu-22.04)	Build Tauri Desktop	2026-07-31T20:49:11.0534699Z [1m[92m  Downloaded[0m adler2 v2.0.1
build-desktop (ubuntu-22.04)	Build Tauri Desktop	2026-07-31T20:49:11.0695704Z [1m[92m  Downloaded[0m ctor-proc-macro v0.0.7
build-desktop (ubuntu-22.04)	Build Tauri Desktop	2026-07-31T20:49:11.0705989Z [1m[92m  Downloaded[0m equivalent v1.0.2
build-desktop (ubuntu-22.04)	Build Tauri Desktop	2026-07-31T20:49:11.0717047Z [1m[92m  Downloaded[0m cssparser-macros v0.6.1
build-desktop (ubuntu-22.04)	Build Tauri Desktop	2026-07-31T20:49:11.0724699Z [1m[92m  Downloaded[0m ctor v0.8.0
build-desktop (ubuntu-22.04)	Build Tauri Desktop	2026-07-31T20:49:11.0737997Z [1m[92m  Downloaded[0m futures-io v0.3.33
build-desktop (ubuntu-22.04)	Build Tauri Desktop	2026-07-31T20:49:11.0746679Z [1m[92m  Downloaded[0m hex v0.4.3
build-desktop (ubuntu-22.04)	Build Tauri Desktop	2026-07-31T20:49:11.0765302Z [1m[92m  Downloaded[0m tauri-plugin v2.6.3
build-desktop (ubuntu-22.04)	Build Tauri Desktop	2026-07-31T20:49:11.0779211Z [1m[92m  Downloaded[0m darling v0.23.0
build-desktop (ubuntu-22.04)	Build Tauri Desktop	2026-07-31T20:49:11.0843823Z [1m[92m  Downloaded[0m dyn-clone v1.0.20
build-desktop (ubuntu-22.04)	Build Tauri Desktop	2026-07-31T20:49:11.0862638Z [1m[92m  Downloaded[0m dpi v0.1.2
build-desktop (ubuntu-22.04)	Build Tauri Desktop	2026-07-31T20:49:11.0874084Z [1m[92m  Downloaded[0m dunce v1.0.5
build-desktop (ubuntu-22.04)	Build Tauri Desktop	2026-07-31T20:49:11.0883931Z [1m[92m  Downloaded[0m displaydoc v0.2.7
build-desktop (ubuntu-22.04)	Build Tauri Desktop	2026-07-31T20:49:11.0906885Z [1m[92m  Downloaded[0m embed-resource v3.0.11
build-desktop (ubuntu-22.04)	Build Tauri Desktop	2026-07-31T20:49:11.0926185Z [1m[92m  Downloaded[0m fastrand v2.5.0
build-desktop (ubuntu-22.04)	Build Tauri Desktop	2026-07-31T20:49:11.0942706Z [1m[92m  Downloaded[0m dirs v6.0.0
build-desktop (ubuntu-22.04)	Build Tauri Desktop	2026-07-31T20:49:11.0958216Z [1m[92m  Downloaded[0m fdeflate v0.3.7
build-desktop (ubuntu-22.04)	Build Tauri Desktop	2026-07-31T20:49:11.0977557Z [1m[92m  Downloaded[0m erased-serde v0.4.10
build-desktop (ubuntu-22.04)	Build Tauri Desktop	2026-07-31T20:49:11.1003861Z [1m[92m  Downloaded[0m icu_normalizer_data v2.2.0
build-desktop (ubuntu-22.04)	Build Tauri Desktop	2026-07-31T20:49:11.1028402Z [1m[92m  Downloaded[0m dirs-sys v0.5.0
build-desktop (ubuntu-22.04)	Build Tauri Desktop	2026-07-31T20:49:11.1040377Z [1m[92m  Downloaded[0m dom_query v0.27.0
build-desktop (ubuntu-22.04)	Build Tauri Desktop	2026-07-31T20:49:11.1160976Z [1m[92m  Downloaded[0m derive_more-impl v2.1.1
build-desktop (ubuntu-22.04)	Build Tauri Desktop	2026-07-31T20:49:11.1220587Z [1m[92m  Downloaded[0m fern v0.7.1
build-desktop (ubuntu-22.04)	Build Tauri Desktop	2026-07-31T20:49:11.1270097Z [1m[92m  Downloaded[0m gdk-pixbuf-sys v0.18.0
build-desktop (ubuntu-22.04)	Build Tauri Desktop	2026-07-31T20:49:11.1284392Z [1m[92m  Downloaded[0m gdkx11 v0.18.2
build-desktop (ubuntu-22.04)	Build Tauri Desktop	2026-07-31T20:49:11.1306421Z [1m[92m  Downloaded[0m tauri v2.11.5
build-desktop (ubuntu-22.04)	Build Tauri Desktop	2026-07-31T20:49:11.1474965Z [1m[92m  Downloaded[0m generic-array v0.14.7
build-desktop (ubuntu-22.04)	Build Tauri Desktop	2026-07-31T20:49:11.1489968Z [1m[92m  Downloaded[0m dlopen2 v0.8.2
build-desktop (ubuntu-22.04)	Build Tauri Desktop	2026-07-31T20:49:11.1525844Z [1m[92m  Downloaded[0m form_urlencoded v1.2.2
build-desktop (ubuntu-22.04)	Build Tauri Desktop	2026-07-31T20:49:11.1534444Z [1m[92m  Downloaded[0m futures-channel v0.3.33
build-desktop (ubuntu-22.04)	Build Tauri Desktop	2026-07-31T20:49:11.1554767Z [1m[92m  Downloaded[0m futures-task v0.3.33
build-desktop (ubuntu-22.04)	Build Tauri Desktop	2026-07-31T20:49:11.1567064Z [1m[92m  Downloaded[0m hashbrown v0.17.1
build-desktop (ubuntu-22.04)	Build Tauri Desktop	2026-07-31T20:49:11.1624946Z [1m[92m  Downloaded[0m heck v0.4.1
build-desktop (ubuntu-22.04)	Build Tauri Desktop	2026-07-31T20:49:11.1638801Z [1m[92m  Downloaded[0m heck v0.5.0
build-desktop (ubuntu-22.04)	Build Tauri Desktop	2026-07-31T20:49:11.1652292Z [1m[92m  Downloaded[0m new_debug_unreachable v1.0.6
build-desktop (ubuntu-22.04)	Build Tauri Desktop	2026-07-31T20:49:11.1663437Z [1m[92m  Downloaded[0m num-conv v0.2.2
build-desktop (ubuntu-22.04)	Build Tauri Desktop	2026-07-31T20:49:11.1672348Z [1m[92m  Downloaded[0m num_threads v0.1.7
build-desktop (ubuntu-22.04)	Build Tauri Desktop	2026-07-31T20:49:11.1683019Z [1m[92m  Downloaded[0m option-ext v0.2.0
build-desktop (ubuntu-22.04)	Build Tauri Desktop	2026-07-31T20:49:11.1691664Z [1m[92m  Downloaded[0m futures-sink v0.3.33
build-desktop (ubuntu-22.04)	Build Tauri Desktop	2026-07-31T20:49:11.1700868Z [1m[92m  Downloaded[0m gdkwayland-sys v0.18.2
build-desktop (ubuntu-22.04)	Build Tauri Desktop	2026-07-31T20:49:11.1708558Z [1m[92m  Downloaded[0m idna_adapter v1.2.2
build-desktop (ubuntu-22.04)	Build Tauri Desktop	2026-07-31T20:49:11.1717656Z [1m[92m  Downloaded[0m javascriptcore-rs-sys v1.1.1
build-desktop (ubuntu-22.04)	Build Tauri Desktop	2026-07-31T20:49:11.1730776Z [1m[92m  Downloaded[0m percent-encoding v2.3.2
build-desktop (ubuntu-22.04)	Build Tauri Desktop	2026-07-31T20:49:11.1739421Z [1m[92m  Downloaded[0m powerfmt v0.2.0
build-desktop (ubuntu-22.04)	Build Tauri Desktop	2026-07-31T20:49:11.1750874Z [1m[92m  Downloaded[0m siphasher v1.0.3
build-desktop (ubuntu-22.04)	Build Tauri Desktop	2026-07-31T20:49:11.1765058Z [1m[92m  Downloaded[0m phf_shared v0.13.1
build-desktop (ubuntu-22.04)	Build Tauri Desktop	2026-07-31T20:49:11.1774720Z [1m[92m  Downloaded[0m serialize-to-javascript v0.1.2
build-desktop (ubuntu-22.04)	Build Tauri Desktop	2026-07-31T20:49:11.1785618Z [1m[92m  Downloaded[0m serde_repr v0.1.21
build-desktop (ubuntu-22.04)	Build Tauri Desktop	2026-07-31T20:49:11.1808094Z [1m[92m  Downloaded[0m serialize-to-javascript-impl v0.1.2
build-desktop (ubuntu-22.04)	Build Tauri Desktop	2026-07-31T20:49:11.1815095Z [1m[92m  Downloaded[0m phf_generator v0.13.1
build-desktop (ubuntu-22.04)	Build Tauri Desktop	2026-07-31T20:49:11.1826985Z [1m[92m  Downloaded[0m serde_spanned v0.6.9
build-desktop (ubuntu-22.04)	Build Tauri Desktop	2026-07-31T20:49:11.1837784Z [1m[92m  Downloaded[0m fnv v1.0.7
build-desktop (ubuntu-22.04)	Build Tauri Desktop	2026-07-31T20:49:11.1847180Z [1m[92m  Downloaded[0m futures-macro v0.3.33
build-desktop (ubuntu-22.04)	Build Tauri Desktop	2026-07-31T20:49:11.1859561Z [1m[92m  Downloaded[0m gdkx11-sys v0.18.2
build-desktop (ubuntu-22.04)	Build Tauri Desktop	2026-07-31T20:49:11.1869119Z [1m[92m  Downloaded[0m markup5ever v0.38.0
build-desktop (ubuntu-22.04)	Build Tauri Desktop	2026-07-31T20:49:11.1880452Z [1m[92m  Downloaded[0m mime v0.3.17
build-desktop (ubuntu-22.04)	Build Tauri Desktop	2026-07-31T20:49:11.1894686Z [1m[92m  Downloaded[0m proc-macro-error-attr v1.0.4
build-desktop (ubuntu-22.04)	Build Tauri Desktop	2026-07-31T20:49:11.1906839Z [1m[92m  Downloaded[0m ref-cast v1.0.26
build-desktop (ubuntu-22.04)	Build Tauri Desktop	2026-07-31T20:49:11.1939014Z [1m[92m  Downloaded[0m stable_deref_trait v1.2.1
build-desktop (ubuntu-22.04)	Build Tauri Desktop	2026-07-31T20:49:11.1948197Z [1m[92m  Downloaded[0m string_cache_codegen v0.6.1
build-desktop (ubuntu-22.04)	Build Tauri Desktop	2026-07-31T20:49:11.1955032Z [1m[92m  Downloaded[0m libappindicator-sys v0.9.0
build-desktop (ubuntu-22.04)	Build Tauri Desktop	2026-07-31T20:49:11.1962546Z [1m[92m  Downloaded[0m scopeguard v1.2.0
build-desktop (ubuntu-22.04)	Build Tauri Desktop	2026-07-31T20:49:11.1975303Z [1m[92m  Downloaded[0m serde_spanned v1.1.1
build-desktop (ubuntu-22.04)	Build Tauri Desktop	2026-07-31T20:49:11.1987153Z [1m[92m  Downloaded[0m phf_codegen v0.13.1
build-desktop (ubuntu-22.04)	Build Tauri Desktop	2026-07-31T20:49:11.1996731Z [1m[92m  Downloaded[0m ref-cast-impl v1.0.26
build-desktop (ubuntu-22.04)	Build Tauri Desktop	2026-07-31T20:49:11.2005535Z [1m[92m  Downloaded[0m rustc-hash v2.1.3
build-desktop (ubuntu-22.04)	Build Tauri Desktop	2026-07-31T20:49:11.2019637Z [1m[92m  Downloaded[0m rustc_version v0.4.1
build-desktop (ubuntu-22.04)	Build Tauri Desktop	2026-07-31T20:49:11.2033079Z [1m[92m  Downloaded[0m field-offset v0.3.6
build-desktop (ubuntu-22.04)	Build Tauri Desktop	2026-07-31T20:49:11.2044998Z [1m[92m  Downloaded[0m precomputed-hash v0.1.1
build-desktop (ubuntu-22.04)	Build Tauri Desktop	2026-07-31T20:49:11.2051598Z [1m[92m  Downloaded[0m proc-macro-crate v2.0.2
build-desktop (ubuntu-22.04)	Build Tauri Desktop	2026-07-31T20:49:11.2064936Z [1m[92m  Downloaded[0m same-file v1.0.6
build-desktop (ubuntu-22.04)	Build Tauri Desktop	2026-07-31T20:49:11.2079308Z [1m[92m  Downloaded[0m unic-char-range v0.9.0
build-desktop (ubuntu-22.04)	Build Tauri Desktop	2026-07-31T20:49:11.2094066Z [1m[92m  Downloaded[0m unic-ucd-version v0.9.0
build-desktop (ubuntu-22.04)	Build Tauri Desktop	2026-07-31T20:49:11.2104055Z [1m[92m  Downloaded[0m darling_macro v0.23.0
build-desktop (ubuntu-22.04)	Build Tauri Desktop	2026-07-31T20:49:11.2110731Z [1m[92m  Downloaded[0m dtor v0.3.0
build-desktop (ubuntu-22.04)	Build Tauri Desktop	2026-07-31T20:49:11.2121747Z [1m[92m  Downloaded[0m futures-core v0.3.33
build-desktop (ubuntu-22.04)	Build Tauri Desktop	2026-07-31T20:49:11.2135910Z [1m[92m  Downloaded[0m pango-sys v0.18.0
build-desktop (ubuntu-22.04)	Build Tauri Desktop	2026-07-31T20:49:11.2151783Z [1m[92m  Downloaded[0m pin-project-lite v0.2.17
build-desktop (ubuntu-22.04)	Build Tauri Desktop	2026-07-31T20:49:11.2216228Z [1m[92m  Downloaded[0m potential_utf v0.1.5
build-desktop (ubuntu-22.04)	Build Tauri Desktop	2026-07-31T20:49:11.2229734Z [1m[92m  Downloaded[0m proc-macro-error v1.0.4
build-desktop (ubuntu-22.04)	Build Tauri Desktop	2026-07-31T20:49:11.2267366Z [1m[92m  Downloaded[0m servo_arc v0.4.3
build-desktop (ubuntu-22.04)	Build Tauri Desktop	2026-07-31T20:49:11.2276111Z [1m[92m  Downloaded[0m sha2 v0.10.9
build-desktop (ubuntu-22.04)	Build Tauri Desktop	2026-07-31T20:49:11.2304259Z [1m[92m  Downloaded[0m shlex v2.0.1
build-desktop (ubuntu-22.04)	Build Tauri Desktop	2026-07-31T20:49:11.2318529Z [1m[92m  Downloaded[0m simd-adler32 v0.3.10
build-desktop (ubuntu-22.04)	Build Tauri Desktop	2026-07-31T20:49:11.2338289Z [1m[92m  Downloaded[0m slab v0.4.12
build-desktop (ubuntu-22.04)	Build Tauri Desktop	2026-07-31T20:49:11.2351578Z [1m[92m  Downloaded[0m soup3-sys v0.5.0
build-desktop (ubuntu-22.04)	Build Tauri Desktop	2026-07-31T20:49:11.2366120Z [1m[92m  Downloaded[0m string_cache v0.9.0
build-desktop (ubuntu-22.04)	Build Tauri Desktop	2026-07-31T20:49:11.2382951Z [1m[92m  Downloaded[0m synstructure v0.13.2
build-desktop (ubuntu-22.04)	Build Tauri Desktop	2026-07-31T20:49:11.2393540Z [1m[92m  Downloaded[0m system-deps v6.2.2
build-desktop (ubuntu-22.04)	Build Tauri Desktop	2026-07-31T20:49:11.2416131Z [1m[92m  Downloaded[0m dtoa-short v0.3.5
build-desktop (ubuntu-22.04)	Build Tauri Desktop	2026-07-31T20:49:11.2424643Z [1m[92m  Downloaded[0m lock_api v0.4.14
build-desktop (ubuntu-22.04)	Build Tauri Desktop	2026-07-31T20:49:11.2437890Z [1m[92m  Downloaded[0m memoffset v0.9.1
build-desktop (ubuntu-22.04)	Build Tauri Desktop	2026-07-31T20:49:11.2450890Z [1m[92m  Downloaded[0m phf_macros v0.13.1
build-desktop (ubuntu-22.04)	Build Tauri Desktop	2026-07-31T20:49:11.2461283Z [1m[92m  Downloaded[0m pkg-config v0.3.33
build-desktop (ubuntu-22.04)	Build Tauri Desktop	2026-07-31T20:49:11.2477947Z [1m[92m  Downloaded[0m raw-window-handle v0.6.2
build-desktop (ubuntu-22.04)	Build Tauri Desktop	2026-07-31T20:49:11.2496958Z [1m[92m  Downloaded[0m schemars_derive v0.8.22
build-desktop (ubuntu-22.04)	Build Tauri Desktop	2026-07-31T20:49:11.2513694Z [1m[92m  Downloaded[0m serde-untagged v0.1.9
build-desktop (ubuntu-22.04)	Build Tauri Desktop	2026-07-31T20:49:11.2531180Z [1m[92m  Downloaded[0m strsim v0.11.1
build-desktop (ubuntu-22.04)	Build Tauri Desktop	2026-07-31T20:49:11.2544763Z [1m[92m  Downloaded[0m dlopen2_derive v0.4.3
build-desktop (ubuntu-22.04)	Build Tauri Desktop	2026-07-31T20:49:11.2554465Z [1m[92m  Downloaded[0m ident_case v1.0.1
build-desktop (ubuntu-22.04)	Build Tauri Desktop	2026-07-31T20:49:11.2563175Z [1m[92m  Downloaded[0m phf v0.13.1
build-desktop (ubuntu-22.04)	Build Tauri Desktop	2026-07-31T20:49:11.2576242Z [1m[92m  Downloaded[0m tinyvec_macros v0.1.1
build-desktop (ubuntu-22.04)	Build Tauri Desktop	2026-07-31T20:49:11.2584911Z [1m[92m  Downloaded[0m unic-ucd-ident v0.9.0
build-desktop (ubuntu-22.04)	Build Tauri Desktop	2026-07-31T20:49:11.2602760Z [1m[92m  Downloaded[0m utf8_iter v1.0.4
build-desktop (ubuntu-22.04)	Build Tauri Desktop	2026-07-31T20:49:11.2613552Z [1m[92m  Downloaded[0m zerofrom v0.1.8
build-desktop (ubuntu-22.04)	Build Tauri Desktop	2026-07-31T20:49:11.2623636Z [1m[92m  Downloaded[0m cpufeatures v0.2.17
build-desktop (ubuntu-22.04)	Build Tauri Desktop	2026-07-31T20:49:11.2638805Z [1m[92m  Downloaded[0m json-patch v3.0.1
build-desktop (ubuntu-22.04)	Build Tauri Desktop	2026-07-31T20:49:11.2663104Z [1m[92m  Downloaded[0m jsonptr v0.6.3
build-desktop (ubuntu-22.04)	Build Tauri Desktop	2026-07-31T20:49:11.2690303Z [1m[92m  Downloaded[0m keyboard-types v0.7.0
build-desktop (ubuntu-22.04)	Build Tauri Desktop	2026-07-31T20:49:11.2708114Z [1m[92m  Downloaded[0m unic-common v0.9.0
build-desktop (ubuntu-22.04)	Build Tauri Desktop	2026-07-31T20:49:11.2716085Z [1m[92m  Downloaded[0m zerofrom-derive v0.1.7
build-desktop (ubuntu-22.04)	Build Tauri Desktop	2026-07-31T20:49:11.2726804Z [1m[92m  Downloaded[0m pango v0.18.3
build-desktop (ubuntu-22.04)	Build Tauri Desktop	2026-07-31T20:49:11.2777664Z [1m[92m  Downloaded[0m parking_lot v0.12.5
build-desktop (ubuntu-22.04)	Build Tauri Desktop	2026-07-31T20:49:11.2804278Z [1m[92m  Downloaded[0m parking_lot_core v0.9.12
build-desktop (ubuntu-22.04)	Build Tauri Desktop	2026-07-31T20:49:11.2826925Z [1m[92m  Downloaded[0m smallvec v1.15.2
build-desktop (ubuntu-22.04)	Build Tauri Desktop	2026-07-31T20:49:11.2842682Z [1m[92m  Downloaded[0m litemap v0.8.2
build-desktop (ubuntu-22.04)	Build Tauri Desktop	2026-07-31T20:49:11.2867327Z [1m[92m  Downloaded[0m quote v1.0.47
build-desktop (ubuntu-22.04)	Build Tauri Desktop	2026-07-31T20:49:11.2896457Z [1m[92m  Downloaded[0m semver v1.0.28
build-desktop (ubuntu-22.04)	Build Tauri Desktop	2026-07-31T20:49:11.2921925Z [1m[92m  Downloaded[0m serde_with_macros v3.21.0
build-desktop (ubuntu-22.04)	Build Tauri Desktop	2026-07-31T20:49:11.2941864Z [1m[92m  Downloaded[0m libloading v0.7.4
build-desktop (ubuntu-22.04)	Build Tauri Desktop	2026-07-31T20:49:11.2966148Z [1m[92m  Downloaded[0m serde_derive_internals v0.29.1
build-desktop (ubuntu-22.04)	Build Tauri Desktop	2026-07-31T20:49:11.2981700Z [1m[92m  Downloaded[0m dtor-proc-macro v0.0.6
build-desktop (ubuntu-22.04)	Build Tauri Desktop	2026-07-31T20:49:11.2989985Z [1m[92m  Downloaded[0m gtk3-macros v0.18.2
build-desktop (ubuntu-22.04)	Build Tauri Desktop	2026-07-31T20:49:11.2999752Z [1m[92m  Downloaded[0m itoa v1.0.18
build-desktop (ubuntu-22.04)	Build Tauri Desktop	2026-07-31T20:49:11.3014985Z [1m[92m  Downloaded[0m once_cell v1.21.4
build-desktop (ubuntu-22.04)	Build Tauri Desktop	2026-07-31T20:49:11.3042196Z [1m[92m  Downloaded[0m plist v1.10.0
build-desktop (ubuntu-22.04)	Build Tauri Desktop	2026-07-31T20:49:11.3086496Z [1m[92m  Downloaded[0m soup3 v0.5.0
build-desktop (ubuntu-22.04)	Build Tauri Desktop	2026-07-31T20:49:11.3132377Z [1m[92m  Downloaded[0m target-lexicon v0.12.16
build-desktop (ubuntu-22.04)	Build Tauri Desktop	2026-07-31T20:49:11.3154296Z [1m[92m  Downloaded[0m typeid v1.0.3
build-desktop (ubuntu-22.04)	Build Tauri Desktop	2026-07-31T20:49:11.3167587Z [1m[92m  Downloaded[0m block-buffer v0.10.4
build-desktop (ubuntu-22.04)	Build Tauri Desktop	2026-07-31T20:49:11.3178361Z [1m[92m  Downloaded[0m foldhash v0.2.0
build-desktop (ubuntu-22.04)	Build Tauri Desktop	2026-07-31T20:49:11.3191512Z [1m[92m  Downloaded[0m futures-executor v0.3.33
build-desktop (ubuntu-22.04)	Build Tauri Desktop	2026-07-31T20:49:11.3206163Z [1m[92m  Downloaded[0m gdk-pixbuf v0.18.5
build-desktop (ubuntu-22.04)	Build Tauri Desktop	2026-07-31T20:49:11.3230900Z [1m[92m  Downloaded[0m gobject-sys v0.18.0
build-desktop (ubuntu-22.04)	Build Tauri Desktop	2026-07-31T20:49:11.3245673Z [1m[92m  Downloaded[0m libappindicator v0.9.0
build-desktop (ubuntu-22.04)	Build Tauri Desktop	2026-07-31T20:49:11.3271454Z [1m[92m  Downloaded[0m tauri-build v2.6.3
build-desktop (ubuntu-22.04)	Build Tauri Desktop	2026-07-31T20:49:11.3288878Z [1m[92m  Downloaded[0m thiserror-impl v1.0.69
build-desktop (ubuntu-22.04)	Build Tauri Desktop	2026-07-31T20:49:11.3302607Z [1m[92m  Downloaded[0m time-core v0.1.9
build-desktop (ubuntu-22.04)	Build Tauri Desktop	2026-07-31T20:49:11.3313919Z [1m[92m  Downloaded[0m version-compare v0.2.1
build-desktop (ubuntu-22.04)	Build Tauri Desktop	2026-07-31T20:49:11.3327824Z [1m[92m  Downloaded[0m version_check v0.9.5
build-desktop (ubuntu-22.04)	Build Tauri Desktop	2026-07-31T20:49:11.3341008Z [1m[92m  Downloaded[0m yoke-derive v0.8.2
build-desktop (ubuntu-22.04)	Build Tauri Desktop	2026-07-31T20:49:11.3352917Z [1m[92m  Downloaded[0m cairo-sys-rs v0.18.2
build-desktop (ubuntu-22.04)	Build Tauri Desktop	2026-07-31T20:49:11.3363340Z [1m[92m  Downloaded[0m cargo-platform v0.1.9
build-desktop (ubuntu-22.04)	Build Tauri Desktop	2026-07-31T20:49:11.3375719Z [1m[92m  Downloaded[0m flate2 v1.1.9
build-desktop (ubuntu-22.04)	Build Tauri Desktop	2026-07-31T20:49:11.3431015Z [1m[92m  Downloaded[0m glob v0.3.4
build-desktop (ubuntu-22.04)	Build Tauri Desktop	2026-07-31T20:49:11.3446736Z [1m[92m  Downloaded[0m num-traits v0.2.19
build-desktop (ubuntu-22.04)	Build Tauri Desktop	2026-07-31T20:49:11.3475484Z [1m[92m  Downloaded[0m toml_datetime v1.1.1+spec-1.1.0
build-desktop (ubuntu-22.04)	Build Tauri Desktop	2026-07-31T20:49:11.3488613Z [1m[92m  Downloaded[0m alloc-no-stdlib v2.0.4
build-desktop (ubuntu-22.04)	Build Tauri Desktop	2026-07-31T20:49:11.3506649Z [1m[92m  Downloaded[0m deranged v0.5.8
build-desktop (ubuntu-22.04)	Build Tauri Desktop	2026-07-31T20:49:11.3521481Z [1m[92m  Downloaded[0m javascriptcore-rs v1.1.2
build-desktop (ubuntu-22.04)	Build Tauri Desktop	2026-07-31T20:49:11.3550712Z [1m[92m  Downloaded[0m proc-macro2 v1.0.107
build-desktop (ubuntu-22.04)	Build Tauri Desktop	2026-07-31T20:49:11.3582256Z [1m[92m  Downloaded[0m schemars v0.8.22
build-desktop (ubuntu-22.04)	Build Tauri Desktop	2026-07-31T20:49:11.3723725Z [1m[92m  Downloaded[0m serde_core v1.0.229
build-desktop (ubuntu-22.04)	Build Tauri Desktop	2026-07-31T20:49:11.3753849Z [1m[92m  Downloaded[0m serde_derive v1.0.229
build-desktop (ubuntu-22.04)	Build Tauri Desktop	2026-07-31T20:49:11.3786537Z [1m[92m  Downloaded[0m socket2 v0.6.5
build-desktop (ubuntu-22.04)	Build Tauri Desktop	2026-07-31T20:49:11.3806380Z [1m[92m  Downloaded[0m tauri-winres v0.3.6
build-desktop (ubuntu-22.04)	Build Tauri Desktop	2026-07-31T20:49:11.3824623Z [1m[92m  Downloaded[0m thiserror v1.0.69
build-desktop (ubuntu-22.04)	Build Tauri Desktop	2026-07-31T20:49:11.3886325Z [1m[92m  Downloaded[0m toml_datetime v0.6.3
build-desktop (ubuntu-22.04)	Build Tauri Desktop	2026-07-31T20:49:11.3896450Z [1m[92m  Downloaded[0m unic-char-property v0.9.0
build-desktop (ubuntu-22.04)	Build Tauri Desktop	2026-07-31T20:49:11.3910057Z [1m[92m  Downloaded[0m zerovec-derive v0.11.3
build-desktop (ubuntu-22.04)	Build Tauri Desktop	2026-07-31T20:49:11.3925828Z [1m[92m  Downloaded[0m autocfg v1.5.1
build-desktop (ubuntu-22.04)	Build Tauri Desktop	2026-07-31T20:49:11.3946698Z [1m[92m  Downloaded[0m unicode-ident v1.0.24
build-desktop (ubuntu-22.04)	Build Tauri Desktop	2026-07-31T20:49:11.3976988Z [1m[92m  Downloaded[0m alloc-stdlib v0.2.4
build-desktop (ubuntu-22.04)	Build Tauri Desktop	2026-07-31T20:49:11.3989876Z [1m[92m  Downloaded[0m anyhow v1.0.104
build-desktop (ubuntu-22.04)	Build Tauri Desktop	2026-07-31T20:49:11.4033632Z [1m[92m  Downloaded[0m atk v0.18.2
build-desktop (ubuntu-22.04)	Build Tauri Desktop	2026-07-31T20:49:11.4071753Z [1m[92m  Downloaded[0m bit-set v0.8.0
build-desktop (ubuntu-22.04)	Build Tauri Desktop	2026-07-31T20:49:11.4085526Z [1m[92m  Downloaded[0m byteorder v1.5.0
build-desktop (ubuntu-22.04)	Build Tauri Desktop	2026-07-31T20:49:11.4102375Z [1m[92m  Downloaded[0m cfg-if v1.0.4
build-desktop (ubuntu-22.04)	Build Tauri Desktop	2026-07-31T20:49:11.4116238Z [1m[92m  Downloaded[0m crypto-common v0.1.7
build-desktop (ubuntu-22.04)	Build Tauri Desktop	2026-07-31T20:49:11.4126067Z [1m[92m  Downloaded[0m dtoa v1.0.11
build-desktop (ubuntu-22.04)	Build Tauri Desktop	2026-07-31T20:49:11.4142678Z [1m[92m  Downloaded[0m tinystr v0.8.3
build-desktop (ubuntu-22.04)	Build Tauri Desktop	2026-07-31T20:49:11.4164452Z [1m[92m  Downloaded[0m bitflags v1.3.2
build-desktop (ubuntu-22.04)	Build Tauri Desktop	2026-07-31T20:49:11.4200239Z [1m[92m  Downloaded[0m thiserror v2.0.19
build-desktop (ubuntu-22.04)	Build Tauri Desktop	2026-07-31T20:49:11.4270928Z [1m[92m  Downloaded[0m toml_datetime v0.7.5+spec-1.1.0
build-desktop (ubuntu-22.04)	Build Tauri Desktop	2026-07-31T20:49:11.4284039Z [1m[92m  Downloaded[0m toml_writer v1.1.2+spec-1.1.0
build-desktop (ubuntu-22.04)	Build Tauri Desktop	2026-07-31T20:49:11.4298210Z [1m[92m  Downloaded[0m walkdir v2.5.0
build-desktop (ubuntu-22.04)	Build Tauri Desktop	2026-07-31T20:49:11.4317622Z [1m[92m  Downloaded[0m web_atoms v0.2.5
build-desktop (ubuntu-22.04)	Build Tauri Desktop	2026-07-31T20:49:11.4329761Z [1m[92m  Downloaded[0m webkit2gtk-sys v2.0.2
build-desktop (ubuntu-22.04)	Build Tauri Desktop	2026-07-31T20:49:11.4344100Z [1m[92m  Downloaded[0m writeable v0.6.3
build-desktop (ubuntu-22.04)	Build Tauri Desktop	2026-07-31T20:49:11.4365166Z [1m[92m  Downloaded[0m atk-sys v0.18.2
build-desktop (ubuntu-22.04)	Build Tauri Desktop	2026-07-31T20:49:11.4380038Z [1m[92m  Downloaded[0m bs58 v0.5.1
build-desktop (ubuntu-22.04)	Build Tauri Desktop	2026-07-31T20:49:11.4405422Z [1m[92m  Downloaded[0m find-msvc-tools v0.1.9
build-desktop (ubuntu-22.04)	Build Tauri Desktop	2026-07-31T20:49:11.4422475Z [1m[92m  Downloaded[0m iana-time-zone v0.1.65
build-desktop (ubuntu-22.04)	Build Tauri Desktop	2026-07-31T20:49:11.4453246Z [1m[92m  Downloaded[0m infer v0.19.0
build-desktop (ubuntu-22.04)	Build Tauri Desktop	2026-07-31T20:49:11.4476157Z [1m[92m  Downloaded[0m log v0.4.33
build-desktop (ubuntu-22.04)	Build Tauri Desktop	2026-07-31T20:49:11.4503077Z [1m[92m  Downloaded[0m schemars v0.9.0
build-desktop (ubuntu-22.04)	Build Tauri Desktop	2026-07-31T20:49:11.4659122Z [1m[92m  Downloaded[0m selectors v0.36.1
build-desktop (ubuntu-22.04)	Build Tauri Desktop	2026-07-31T20:49:11.4683878Z [1m[92m  Downloaded[0m tendril v0.5.1
build-desktop (ubuntu-22.04)	Build Tauri Desktop	2026-07-31T20:49:11.4704830Z [1m[92m  Downloaded[0m yoke v0.8.3
build-desktop (ubuntu-22.04)	Build Tauri Desktop	2026-07-31T20:49:11.4724049Z [1m[92m  Downloaded[0m zmij v1.0.23
build-desktop (ubuntu-22.04)	Build Tauri Desktop	2026-07-31T20:49:11.4743246Z [1m[92m  Downloaded[0m bit-vec v0.8.0
build-desktop (ubuntu-22.04)	Build Tauri Desktop	2026-07-31T20:49:11.4760130Z [1m[92m  Downloaded[0m cargo_toml v0.22.3
build-desktop (ubuntu-22.04)	Build Tauri Desktop	2026-07-31T20:49:11.4773958Z [1m[92m  Downloaded[0m digest v0.10.7
build-desktop (ubuntu-22.04)	Build Tauri Desktop	2026-07-31T20:49:11.4793347Z [1m[92m  Downloaded[0m muda v0.19.3
build-desktop (ubuntu-22.04)	Build Tauri Desktop	2026-07-31T20:49:11.4836242Z [1m[92m  Downloaded[0m serde v1.0.229
build-desktop (ubuntu-22.04)	Build Tauri Desktop	2026-07-31T20:49:11.4874646Z [1m[92m  Downloaded[0m tauri-codegen v2.6.3
build-desktop (ubuntu-22.04)	Build Tauri Desktop	2026-07-31T20:49:11.4891363Z [1m[92m  Downloaded[0m tauri-macros v2.6.3
build-desktop (ubuntu-22.04)	Build Tauri Desktop	2026-07-31T20:49:11.4907839Z [1m[92m  Downloaded[0m time-macros v0.2.32
build-desktop (ubuntu-22.04)	Build Tauri Desktop	2026-07-31T20:49:11.4934168Z [1m[92m  Downloaded[0m icu_properties v2.2.0
build-desktop (ubuntu-22.04)	Build Tauri Desktop	2026-07-31T20:49:11.4959100Z [1m[92m  Downloaded[0m thiserror-impl v2.0.19
build-desktop (ubuntu-22.04)	Build Tauri Desktop	2026-07-31T20:49:11.4974274Z [1m[92m  Downloaded[0m tinyvec v1.12.0
build-desktop (ubuntu-22.04)	Build Tauri Desktop	2026-07-31T20:49:11.5002560Z [1m[92m  Downloaded[0m tray-icon v0.24.2
build-desktop (ubuntu-22.04)	Build Tauri Desktop	2026-07-31T20:49:11.5028952Z [1m[92m  Downloaded[0m urlpattern v0.3.0
build-desktop (ubuntu-22.04)	Build Tauri Desktop	2026-07-31T20:49:11.5048574Z [1m[92m  Downloaded[0m glib-macros v0.18.5
build-desktop (ubuntu-22.04)	Build Tauri Desktop	2026-07-31T20:49:11.5076188Z [1m[92m  Downloaded[0m tauri-runtime v2.11.3
build-desktop (ubuntu-22.04)	Build Tauri Desktop	2026-07-31T20:49:11.5093636Z [1m[92m  Downloaded[0m cairo-rs v0.18.5
build-desktop (ubuntu-22.04)	Build Tauri Desktop	2026-07-31T20:49:11.5128776Z [1m[92m  Downloaded[0m cfg-expr v0.15.8
build-desktop (ubuntu-22.04)	Build Tauri Desktop	2026-07-31T20:49:11.5161249Z [1m[92m  Downloaded[0m cookie v0.18.1
build-desktop (ubuntu-22.04)	Build Tauri Desktop	2026-07-31T20:49:11.5187045Z [1m[92m  Downloaded[0m getrandom v0.4.3
build-desktop (ubuntu-22.04)	Build Tauri Desktop	2026-07-31T20:49:11.5227619Z [1m[92m  Downloaded[0m html5ever v0.38.0
build-desktop (ubuntu-22.04)	Build Tauri Desktop	2026-07-31T20:49:11.5266486Z [1m[92m  Downloaded[0m icu_locale_core v2.2.0
build-desktop (ubuntu-22.04)	Build Tauri Desktop	2026-07-31T20:49:11.5343405Z [1m[92m  Downloaded[0m icu_normalizer v2.2.0
build-desktop (ubuntu-22.04)	Build Tauri Desktop	2026-07-31T20:49:11.5382825Z [1m[92m  Downloaded[0m icu_provider v2.2.0
build-desktop (ubuntu-22.04)	Build Tauri Desktop	2026-07-31T20:49:11.5410978Z [1m[92m  Downloaded[0m indexmap v1.9.3
build-desktop (ubuntu-22.04)	Build Tauri Desktop	2026-07-31T20:49:11.5444866Z [1m[92m  Downloaded[0m memchr v2.8.3
build-desktop (ubuntu-22.04)	Build Tauri Desktop	2026-07-31T20:49:11.5505480Z [1m[92m  Downloaded[0m miniz_oxide v0.8.9
build-desktop (ubuntu-22.04)	Build Tauri Desktop	2026-07-31T20:49:11.5532254Z [1m[92m  Downloaded[0m schemars v1.2.2
build-desktop (ubuntu-22.04)	Build Tauri Desktop	2026-07-31T20:49:11.5747711Z [1m[92m  Downloaded[0m toml v0.9.12+spec-1.1.0
build-desktop (ubuntu-22.04)	Build Tauri Desktop	2026-07-31T20:49:11.5793066Z [1m[92m  Downloaded[0m toml v1.1.4+spec-1.1.0
build-desktop (ubuntu-22.04)	Build Tauri Desktop	2026-07-31T20:49:11.5839950Z [1m[92m  Downloaded[0m toml_parser v1.1.3+spec-1.1.0
build-desktop (ubuntu-22.04)	Build Tauri Desktop	2026-07-31T20:49:11.5864688Z [1m[92m  Downloaded[0m uuid v1.24.0
build-desktop (ubuntu-22.04)	Build Tauri Desktop	2026-07-31T20:49:11.5896271Z [1m[92m  Downloaded[0m x11-dl v2.21.0
build-desktop (ubuntu-22.04)	Build Tauri Desktop	2026-07-31T20:49:11.5930407Z [1m[92m  Downloaded[0m zerotrie v0.2.4
build-desktop (ubuntu-22.04)	Build Tauri Desktop	2026-07-31T20:49:11.5973253Z [1m[92m  Downloaded[0m bitflags v2.13.1
build-desktop (ubuntu-22.04)	Build Tauri Desktop	2026-07-31T20:49:11.6023221Z [1m[92m  Downloaded[0m bytes v1.12.1
build-desktop (ubuntu-22.04)	Build Tauri Desktop	2026-07-31T20:49:11.6061609Z [1m[92m  Downloaded[0m camino v1.2.5
build-desktop (ubuntu-22.04)	Build Tauri Desktop	2026-07-31T20:49:11.6078943Z [1m[92m  Downloaded[0m cfb v0.7.3
build-desktop (ubuntu-22.04)	Build Tauri Desktop	2026-07-31T20:49:11.6118893Z [1m[92m  Downloaded[0m crc32fast v1.5.0
build-desktop (ubuntu-22.04)	Build Tauri Desktop	2026-07-31T20:49:11.6138996Z [1m[92m  Downloaded[0m cssparser v0.36.0
build-desktop (ubuntu-22.04)	Build Tauri Desktop	2026-07-31T20:49:11.6164833Z [1m[92m  Downloaded[0m gdk-sys v0.18.2
build-desktop (ubuntu-22.04)	Build Tauri Desktop	2026-07-31T20:49:11.6187099Z [1m[92m  Downloaded[0m gio-sys v0.18.1
build-desktop (ubuntu-22.04)	Build Tauri Desktop	2026-07-31T20:49:11.6215748Z [1m[92m  Downloaded[0m ico v0.5.0
build-desktop (ubuntu-22.04)	Build Tauri Desktop	2026-07-31T20:49:11.6247838Z [1m[92m  Downloaded[0m mio v1.2.2
build-desktop (ubuntu-22.04)	Build Tauri Desktop	2026-07-31T20:49:11.6315582Z [1m[92m  Downloaded[0m png v0.17.16
build-desktop (ubuntu-22.04)	Build Tauri Desktop	2026-07-31T20:49:11.6357239Z [1m[92m  Downloaded[0m png v0.18.1
build-desktop (ubuntu-22.04)	Build Tauri Desktop	2026-07-31T20:49:11.6401971Z [1m[92m  Downloaded[0m tauri-runtime-wry v2.11.4
build-desktop (ubuntu-22.04)	Build Tauri Desktop	2026-07-31T20:49:11.6430317Z [1m[92m  Downloaded[0m toml_edit v0.19.15
build-desktop (ubuntu-22.04)	Build Tauri Desktop	2026-07-31T20:49:11.6650186Z [1m[92m  Downloaded[0m typenum v1.20.1
build-desktop (ubuntu-22.04)	Build Tauri Desktop	2026-07-31T20:49:11.6688933Z [1m[92m  Downloaded[0m x11 v2.21.0
build-desktop (ubuntu-22.04)	Build Tauri Desktop	2026-07-31T20:49:11.6722852Z [1m[92m  Downloaded[0m base64 v0.22.1
build-desktop (ubuntu-22.04)	Build Tauri Desktop	2026-07-31T20:49:11.6764550Z [1m[92m  Downloaded[0m cargo_metadata v0.19.2
build-desktop (ubuntu-22.04)	Build Tauri Desktop	2026-07-31T20:49:11.6783863Z [1m[92m  Downloaded[0m cc v1.4.0
build-desktop (ubuntu-22.04)	Build Tauri Desktop	2026-07-31T20:49:11.6815521Z [1m[92m  Downloaded[0m crossbeam-utils v0.8.22
build-desktop (ubuntu-22.04)	Build Tauri Desktop	2026-07-31T20:49:11.6845472Z [1m[92m  Downloaded[0m darling_core v0.23.0
build-desktop (ubuntu-22.04)	Build Tauri Desktop	2026-07-31T20:49:11.6906070Z [1m[92m  Downloaded[0m gdk v0.18.2
build-desktop (ubuntu-22.04)	Build Tauri Desktop	2026-07-31T20:49:11.6971507Z [1m[92m  Downloaded[0m getrandom v0.3.4
build-desktop (ubuntu-22.04)	Build Tauri Desktop	2026-07-31T20:49:11.7008587Z [1m[92m  Downloaded[0m glib-sys v0.18.1
build-desktop (ubuntu-22.04)	Build Tauri Desktop	2026-07-31T20:49:11.7030598Z [1m[92m  Downloaded[0m icu_collections v2.2.0
build-desktop (ubuntu-22.04)	Build Tauri Desktop	2026-07-31T20:49:11.7099457Z [1m[92m  Downloaded[0m tauri-plugin-log v2.9.0
build-desktop (ubuntu-22.04)	Build Tauri Desktop	2026-07-31T20:49:11.7131602Z [1m[92m  Downloaded[0m toml v0.8.2
build-desktop (ubuntu-22.04)	Build Tauri Desktop	2026-07-31T20:49:11.7166171Z [1m[92m  Downloaded[0m url v2.5.8
build-desktop (ubuntu-22.04)	Build Tauri Desktop	2026-07-31T20:49:11.7194241Z [1m[92m  Downloaded[0m webkit2gtk v2.0.2
build-desktop (ubuntu-22.04)	Build Tauri Desktop	2026-07-31T20:49:11.7261563Z [1m[92m  Downloaded[0m dbus v0.9.12
build-desktop (ubuntu-22.04)	Build Tauri Desktop	2026-07-31T20:49:11.7307474Z [1m[92m  Downloaded[0m derive_more v2.1.1
build-desktop (ubuntu-22.04)	Build Tauri Desktop	2026-07-31T20:49:11.7451066Z [1m[92m  Downloaded[0m hashbrown v0.12.3
build-desktop (ubuntu-22.04)	Build Tauri Desktop	2026-07-31T20:49:11.7491613Z [1m[92m  Downloaded[0m indexmap v2.14.0
build-desktop (ubuntu-22.04)	Build Tauri Desktop	2026-07-31T20:49:11.7537424Z [1m[92m  Downloaded[0m regex v1.13.1
build-desktop (ubuntu-22.04)	Build Tauri Desktop	2026-07-31T20:49:11.7595462Z [1m[92m  Downloaded[0m toml_edit v0.20.2
build-desktop (ubuntu-22.04)	Build Tauri Desktop	2026-07-31T20:49:11.7821000Z [1m[92m  Downloaded[0m unicode-segmentation v1.13.3
build-desktop (ubuntu-22.04)	Build Tauri Desktop	2026-07-31T20:49:11.7852979Z [1m[92m  Downloaded[0m zerovec v0.11.6
build-desktop (ubuntu-22.04)	Build Tauri Desktop	2026-07-31T20:49:11.7918776Z [1m[92m  Downloaded[0m crossbeam-channel v0.5.16
build-desktop (ubuntu-22.04)	Build Tauri Desktop	2026-07-31T20:49:11.7962952Z [1m[92m  Downloaded[0m http v1.5.0
build-desktop (ubuntu-22.04)	Build Tauri Desktop	2026-07-31T20:49:11.8003496Z [1m[92m  Downloaded[0m serde_json v1.0.151
build-desktop (ubuntu-22.04)	Build Tauri Desktop	2026-07-31T20:49:11.8084683Z [1m[92m  Downloaded[0m gtk-sys v0.18.2
build-desktop (ubuntu-22.04)	Build Tauri Desktop	2026-07-31T20:49:11.8121426Z [1m[92m  Downloaded[0m aho-corasick v1.1.4
build-desktop (ubuntu-22.04)	Build Tauri Desktop	2026-07-31T20:49:11.8178830Z [1m[92m  Downloaded[0m futures-util v0.3.33
build-desktop (ubuntu-22.04)	Build Tauri Desktop	2026-07-31T20:49:11.8324446Z [1m[92m  Downloaded[0m icu_properties_data v2.2.0
build-desktop (ubuntu-22.04)	Build Tauri Desktop	2026-07-31T20:49:11.8440862Z [1m[92m  Downloaded[0m serde_with v3.21.0
build-desktop (ubuntu-22.04)	Build Tauri Desktop	2026-07-31T20:49:11.8583623Z [1m[92m  Downloaded[0m tauri-utils v2.9.3
build-desktop (ubuntu-22.04)	Build Tauri Desktop	2026-07-31T20:49:11.8629291Z [1m[92m  Downloaded[0m idna v1.1.0
build-desktop (ubuntu-22.04)	Build Tauri Desktop	2026-07-31T20:49:11.8667404Z [1m[92m  Downloaded[0m winnow v0.5.40
build-desktop (ubuntu-22.04)	Build Tauri Desktop	2026-07-31T20:49:11.8761387Z [1m[92m  Downloaded[0m winnow v1.0.4
build-desktop (ubuntu-22.04)	Build Tauri Desktop	2026-07-31T20:49:11.8867202Z [1m[92m  Downloaded[0m quick-xml v0.41.0
build-desktop (ubuntu-22.04)	Build Tauri Desktop	2026-07-31T20:49:11.8931436Z [1m[92m  Downloaded[0m syn v1.0.109
build-desktop (ubuntu-22.04)	Build Tauri Desktop	2026-07-31T20:49:11.9034121Z [1m[92m  Downloaded[0m winnow v0.7.15
build-desktop (ubuntu-22.04)	Build Tauri Desktop	2026-07-31T20:49:11.9138732Z [1m[92m  Downloaded[0m wry v0.55.1
build-desktop (ubuntu-22.04)	Build Tauri Desktop	2026-07-31T20:49:11.9222363Z [1m[92m  Downloaded[0m brotli-decompressor v5.0.3
build-desktop (ubuntu-22.04)	Build Tauri Desktop	2026-07-31T20:49:11.9285411Z [1m[92m  Downloaded[0m gio v0.18.4
build-desktop (ubuntu-22.04)	Build Tauri Desktop	2026-07-31T20:49:11.9468821Z [1m[92m  Downloaded[0m chrono v0.4.45
build-desktop (ubuntu-22.04)	Build Tauri Desktop	2026-07-31T20:49:11.9541354Z [1m[92m  Downloaded[0m glib v0.18.5
build-desktop (ubuntu-22.04)	Build Tauri Desktop	2026-07-31T20:49:11.9657907Z [1m[92m  Downloaded[0m syn v2.0.119
build-desktop (ubuntu-22.04)	Build Tauri Desktop	2026-07-31T20:49:11.9774779Z [1m[92m  Downloaded[0m syn v3.0.3
build-desktop (ubuntu-22.04)	Build Tauri Desktop	2026-07-31T20:49:11.9890059Z [1m[92m  Downloaded[0m tao v0.35.3
build-desktop (ubuntu-22.04)	Build Tauri Desktop	2026-07-31T20:49:12.0008953Z [1m[92m  Downloaded[0m time v0.3.54
build-desktop (ubuntu-22.04)	Build Tauri Desktop	2026-07-31T20:49:12.0169649Z [1m[92m  Downloaded[0m regex-syntax v0.8.11
build-desktop (ubuntu-22.04)	Build Tauri Desktop	2026-07-31T20:49:12.0242315Z [1m[92m  Downloaded[0m gtk v0.18.2
build-desktop (ubuntu-22.04)	Build Tauri Desktop	2026-07-31T20:49:12.0516156Z [1m[92m  Downloaded[0m regex-automata v0.4.16
build-desktop (ubuntu-22.04)	Build Tauri Desktop	2026-07-31T20:49:12.0669742Z [1m[92m  Downloaded[0m brotli v8.0.4
build-desktop (ubuntu-22.04)	Build Tauri Desktop	2026-07-31T20:49:12.0828154Z [1m[92m  Downloaded[0m libc v0.2.189
build-desktop (ubuntu-22.04)	Build Tauri Desktop	2026-07-31T20:49:12.1310403Z [1m[92m  Downloaded[0m tokio v1.53.1
build-desktop (ubuntu-22.04)	Build Tauri Desktop	2026-07-31T20:49:12.1806016Z [1m[92m  Downloaded[0m libdbus-sys v0.2.7
build-desktop (ubuntu-22.04)	Build Tauri Desktop	2026-07-31T20:49:12.5054946Z [1m[92m   Compiling[0m proc-macro2 v1.0.107
build-desktop (ubuntu-22.04)	Build Tauri Desktop	2026-07-31T20:49:12.5056067Z [1m[92m   Compiling[0m unicode-ident v1.0.24
build-desktop (ubuntu-22.04)	Build Tauri Desktop	2026-07-31T20:49:12.5057280Z [1m[92m   Compiling[0m quote v1.0.47
build-desktop (ubuntu-22.04)	Build Tauri Desktop	2026-07-31T20:49:12.5058841Z [1m[92m   Compiling[0m serde_core v1.0.229
build-desktop (ubuntu-22.04)	Build Tauri Desktop	2026-07-31T20:49:15.1526256Z [1m[92m   Compiling[0m serde v1.0.229
build-desktop (ubuntu-22.04)	Build Tauri Desktop	2026-07-31T20:49:17.0732943Z [1m[92m   Compiling[0m smallvec v1.15.2
build-desktop (ubuntu-22.04)	Build Tauri Desktop	2026-07-31T20:49:17.0758063Z [1m[92m   Compiling[0m hashbrown v0.17.1
build-desktop (ubuntu-22.04)	Build Tauri Desktop	2026-07-31T20:49:17.3765659Z [1m[92m   Compiling[0m equivalent v1.0.2
build-desktop (ubuntu-22.04)	Build Tauri Desktop	2026-07-31T20:49:17.4047350Z [1m[92m   Compiling[0m libc v0.2.189
build-desktop (ubuntu-22.04)	Build Tauri Desktop	2026-07-31T20:49:17.6752812Z [1m[92m   Compiling[0m pkg-config v0.3.33
build-desktop (ubuntu-22.04)	Build Tauri Desktop	2026-07-31T20:49:17.7795102Z [1m[92m   Compiling[0m indexmap v2.14.0
build-desktop (ubuntu-22.04)	Build Tauri Desktop	2026-07-31T20:49:18.2602602Z [1m[92m   Compiling[0m winnow v0.5.40
build-desktop (ubuntu-22.04)	Build Tauri Desktop	2026-07-31T20:49:18.4520029Z [1m[92m   Compiling[0m syn v3.0.3
build-desktop (ubuntu-22.04)	Build Tauri Desktop	2026-07-31T20:49:18.5579418Z [1m[92m   Compiling[0m syn v2.0.119
build-desktop (ubuntu-22.04)	Build Tauri Desktop	2026-07-31T20:49:19.3797507Z [1m[92m   Compiling[0m heck v0.5.0
build-desktop (ubuntu-22.04)	Build Tauri Desktop	2026-07-31T20:49:19.5368595Z [1m[92m   Compiling[0m target-lexicon v0.12.16
build-desktop (ubuntu-22.04)	Build Tauri Desktop	2026-07-31T20:49:20.0338643Z [1m[92m   Compiling[0m version-compare v0.2.1
build-desktop (ubuntu-22.04)	Build Tauri Desktop	2026-07-31T20:49:20.1123675Z [1m[92m   Compiling[0m cfg-expr v0.15.8
build-desktop (ubuntu-22.04)	Build Tauri Desktop	2026-07-31T20:49:20.8270786Z [1m[92m   Compiling[0m serde_derive v1.0.229
build-desktop (ubuntu-22.04)	Build Tauri Desktop	2026-07-31T20:49:21.5377267Z [1m[92m   Compiling[0m displaydoc v0.2.7
build-desktop (ubuntu-22.04)	Build Tauri Desktop	2026-07-31T20:49:22.1568625Z [1m[92m   Compiling[0m synstructure v0.13.2
build-desktop (ubuntu-22.04)	Build Tauri Desktop	2026-07-31T20:49:22.6695015Z [1m[92m   Compiling[0m version_check v0.9.5
build-desktop (ubuntu-22.04)	Build Tauri Desktop	2026-07-31T20:49:22.8966442Z [1m[92m   Compiling[0m thiserror v1.0.69
build-desktop (ubuntu-22.04)	Build Tauri Desktop	2026-07-31T20:49:23.0566418Z [1m[92m   Compiling[0m siphasher v1.0.3
build-desktop (ubuntu-22.04)	Build Tauri Desktop	2026-07-31T20:49:23.2078370Z [1m[92m   Compiling[0m phf_shared v0.13.1
build-desktop (ubuntu-22.04)	Build Tauri Desktop	2026-07-31T20:49:23.3969848Z [1m[92m   Compiling[0m fastrand v2.5.0
build-desktop (ubuntu-22.04)	Build Tauri Desktop	2026-07-31T20:49:23.4288795Z [1m[92m   Compiling[0m zerofrom-derive v0.1.7
build-desktop (ubuntu-22.04)	Build Tauri Desktop	2026-07-31T20:49:23.4863901Z [1m[92m   Compiling[0m yoke-derive v0.8.2
build-desktop (ubuntu-22.04)	Build Tauri Desktop	2026-07-31T20:49:23.5338521Z [1m[92m   Compiling[0m zerovec-derive v0.11.3
build-desktop (ubuntu-22.04)	Build Tauri Desktop	2026-07-31T20:49:24.2128519Z [1m[92m   Compiling[0m toml_datetime v0.6.3
build-desktop (ubuntu-22.04)	Build Tauri Desktop	2026-07-31T20:49:24.3628926Z [1m[92m   Compiling[0m serde_spanned v0.6.9
build-desktop (ubuntu-22.04)	Build Tauri Desktop	2026-07-31T20:49:24.4405926Z [1m[92m   Compiling[0m toml_edit v0.20.2
build-desktop (ubuntu-22.04)	Build Tauri Desktop	2026-07-31T20:49:24.4624940Z [1m[92m   Compiling[0m thiserror-impl v1.0.69
build-desktop (ubuntu-22.04)	Build Tauri Desktop	2026-07-31T20:49:24.5088609Z [1m[92m   Compiling[0m icu_properties_data v2.2.0
build-desktop (ubuntu-22.04)	Build Tauri Desktop	2026-07-31T20:49:24.5622672Z [1m[92m   Compiling[0m icu_normalizer_data v2.2.0
build-desktop (ubuntu-22.04)	Build Tauri Desktop	2026-07-31T20:49:24.6148827Z [1m[92m   Compiling[0m phf_generator v0.13.1
build-desktop (ubuntu-22.04)	Build Tauri Desktop	2026-07-31T20:49:24.6618606Z [1m[92m   Compiling[0m stable_deref_trait v1.2.1
build-desktop (ubuntu-22.04)	Build Tauri Desktop	2026-07-31T20:49:24.7039834Z [1m[92m   Compiling[0m memchr v2.8.3
build-desktop (ubuntu-22.04)	Build Tauri Desktop	2026-07-31T20:49:24.7558613Z [1m[92m   Compiling[0m cfg-if v1.0.4
build-desktop (ubuntu-22.04)	Build Tauri Desktop	2026-07-31T20:49:24.7934964Z [1m[92m   Compiling[0m zmij v1.0.23
build-desktop (ubuntu-22.04)	Build Tauri Desktop	2026-07-31T20:49:24.9448677Z [1m[92m   Compiling[0m zerofrom v0.1.8
build-desktop (ubuntu-22.04)	Build Tauri Desktop	2026-07-31T20:49:25.0408431Z [1m[92m   Compiling[0m autocfg v1.5.1
build-desktop (ubuntu-22.04)	Build Tauri Desktop	2026-07-31T20:49:25.4638611Z [1m[92m   Compiling[0m yoke v0.8.3
build-desktop (ubuntu-22.04)	Build Tauri Desktop	2026-07-31T20:49:25.6361843Z [1m[92m   Compiling[0m semver v1.0.28
build-desktop (ubuntu-22.04)	Build Tauri Desktop	2026-07-31T20:49:26.1048625Z [1m[92m   Compiling[0m toml v0.8.2
build-desktop (ubuntu-22.04)	Build Tauri Desktop	2026-07-31T20:49:26.1628637Z [1m[92m   Compiling[0m parking_lot_core v0.9.12
build-desktop (ubuntu-22.04)	Build Tauri Desktop	2026-07-31T20:49:26.3053070Z [1m[92m   Compiling[0m zerovec v0.11.6
build-desktop (ubuntu-22.04)	Build Tauri Desktop	2026-07-31T20:49:26.5508651Z [1m[92m   Compiling[0m system-deps v6.2.2
build-desktop (ubuntu-22.04)	Build Tauri Desktop	2026-07-31T20:49:26.8605891Z [1m[92m   Compiling[0m phf_macros v0.13.1
build-desktop (ubuntu-22.04)	Build Tauri Desktop	2026-07-31T20:49:26.8804464Z [1m[92m   Compiling[0m proc-macro-error-attr v1.0.4
build-desktop (ubuntu-22.04)	Build Tauri Desktop	2026-07-31T20:49:26.9778686Z [1m[92m   Compiling[0m syn v1.0.109
build-desktop (ubuntu-22.04)	Build Tauri Desktop	2026-07-31T20:49:27.1468598Z [1m[92m   Compiling[0m typeid v1.0.3
build-desktop (ubuntu-22.04)	Build Tauri Desktop	2026-07-31T20:49:27.3079689Z [1m[92m   Compiling[0m proc-macro-error v1.0.4
build-desktop (ubuntu-22.04)	Build Tauri Desktop	2026-07-31T20:49:27.3132614Z [1m[92m   Compiling[0m thiserror v2.0.19
build-desktop (ubuntu-22.04)	Build Tauri Desktop	2026-07-31T20:49:27.3778863Z [1m[92m   Compiling[0m glib-sys v0.18.1
build-desktop (ubuntu-22.04)	Build Tauri Desktop	2026-07-31T20:49:27.4018582Z [1m[92m   Compiling[0m gobject-sys v0.18.0
build-desktop (ubuntu-22.04)	Build Tauri Desktop	2026-07-31T20:49:27.4268990Z [1m[92m   Compiling[0m gio-sys v0.18.1
build-desktop (ubuntu-22.04)	Build Tauri Desktop	2026-07-31T20:49:27.5089059Z [1m[92m   Compiling[0m num-conv v0.2.2
build-desktop (ubuntu-22.04)	Build Tauri Desktop	2026-07-31T20:49:27.5740599Z [1m[92m   Compiling[0m time-core v0.1.9
build-desktop (ubuntu-22.04)	Build Tauri Desktop	2026-07-31T20:49:27.6165416Z [1m[92m   Compiling[0m gdk-sys v0.18.2
build-desktop (ubuntu-22.04)	Build Tauri Desktop	2026-07-31T20:49:27.7758562Z [1m[92m   Compiling[0m tinystr v0.8.3
build-desktop (ubuntu-22.04)	Build Tauri Desktop	2026-07-31T20:49:27.9288803Z [1m[92m   Compiling[0m phf_codegen v0.13.1
build-desktop (ubuntu-22.04)	Build Tauri Desktop	2026-07-31T20:49:28.0596509Z [1m[92m   Compiling[0m itoa v1.0.18
build-desktop (ubuntu-22.04)	Build Tauri Desktop	2026-07-31T20:49:28.1898905Z [1m[92m   Compiling[0m futures-core v0.3.33
build-desktop (ubuntu-22.04)	Build Tauri Desktop	2026-07-31T20:49:28.2784551Z [1m[92m   Compiling[0m strsim v0.11.1
build-desktop (ubuntu-22.04)	Build Tauri Desktop	2026-07-31T20:49:28.3743219Z [1m[92m   Compiling[0m writeable v0.6.3
build-desktop (ubuntu-22.04)	Build Tauri Desktop	2026-07-31T20:49:28.5228511Z [1m[92m   Compiling[0m litemap v0.8.2
build-desktop (ubuntu-22.04)	Build Tauri Desktop	2026-07-31T20:49:28.5375453Z [1m[92m   Compiling[0m pin-project-lite v0.2.17
build-desktop (ubuntu-22.04)	Build Tauri Desktop	2026-07-31T20:49:28.5439384Z [1m[92m   Compiling[0m ident_case v1.0.1
build-desktop (ubuntu-22.04)	Build Tauri Desktop	2026-07-31T20:49:28.5938725Z [1m[92m   Compiling[0m erased-serde v0.4.10
build-desktop (ubuntu-22.04)	Build Tauri Desktop	2026-07-31T20:49:28.6115427Z [1m[92m   Compiling[0m darling_core v0.23.0
build-desktop (ubuntu-22.04)	Build Tauri Desktop	2026-07-31T20:49:28.6598494Z [1m[92m   Compiling[0m icu_locale_core v2.2.0
build-desktop (ubuntu-22.04)	Build Tauri Desktop	2026-07-31T20:49:29.1268667Z [1m[92m   Compiling[0m potential_utf v0.1.5
build-desktop (ubuntu-22.04)	Build Tauri Desktop	2026-07-31T20:49:29.2178202Z [1m[92m   Compiling[0m zerotrie v0.2.4
build-desktop (ubuntu-22.04)	Build Tauri Desktop	2026-07-31T20:49:29.4629011Z [1m[92m   Compiling[0m futures-macro v0.3.33
build-desktop (ubuntu-22.04)	Build Tauri Desktop	2026-07-31T20:49:29.8698538Z [1m[92m   Compiling[0m thiserror-impl v2.0.19
build-desktop (ubuntu-22.04)	Build Tauri Desktop	2026-07-31T20:49:30.1088470Z [1m[92m   Compiling[0m utf8_iter v1.0.4
build-desktop (ubuntu-22.04)	Build Tauri Desktop	2026-07-31T20:49:30.1938909Z [1m[92m   Compiling[0m futures-task v0.3.33
build-desktop (ubuntu-22.04)	Build Tauri Desktop	2026-07-31T20:49:30.3138720Z [1m[92m   Compiling[0m once_cell v1.21.4
build-desktop (ubuntu-22.04)	Build Tauri Desktop	2026-07-31T20:49:30.5068512Z [1m[92m   Compiling[0m slab v0.4.12
build-desktop (ubuntu-22.04)	Build Tauri Desktop	2026-07-31T20:49:30.6618554Z [1m[92m   Compiling[0m futures-util v0.3.33
build-desktop (ubuntu-22.04)	Build Tauri Desktop	2026-07-31T20:49:30.9638467Z [1m[92m   Compiling[0m icu_collections v2.2.0
build-desktop (ubuntu-22.04)	Build Tauri Desktop	2026-07-31T20:49:31.3218712Z [1m[92m   Compiling[0m darling_macro v0.23.0
build-desktop (ubuntu-22.04)	Build Tauri Desktop	2026-07-31T20:49:31.3898648Z [1m[92m   Compiling[0m icu_provider v2.2.0
build-desktop (ubuntu-22.04)	Build Tauri Desktop	2026-07-31T20:49:31.5706398Z [1m[92m   Compiling[0m proc-macro-crate v2.0.2
build-desktop (ubuntu-22.04)	Build Tauri Desktop	2026-07-31T20:49:31.5748033Z [1m[92m   Compiling[0m rustc_version v0.4.1
build-desktop (ubuntu-22.04)	Build Tauri Desktop	2026-07-31T20:49:31.7378602Z [1m[92m   Compiling[0m bitflags v2.13.1
build-desktop (ubuntu-22.04)	Build Tauri Desktop	2026-07-31T20:49:31.8284392Z [1m[92m   Compiling[0m heck v0.4.1
build-desktop (ubuntu-22.04)	Build Tauri Desktop	2026-07-31T20:49:31.9738585Z [1m[92m   Compiling[0m new_debug_unreachable v1.0.6
build-desktop (ubuntu-22.04)	Build Tauri Desktop	2026-07-31T20:49:31.9797979Z [1m[92m   Compiling[0m anyhow v1.0.104
build-desktop (ubuntu-22.04)	Build Tauri Desktop	2026-07-31T20:49:32.0098634Z [1m[92m   Compiling[0m scopeguard v1.2.0
build-desktop (ubuntu-22.04)	Build Tauri Desktop	2026-07-31T20:49:32.0579056Z [1m[92m   Compiling[0m lock_api v0.4.14
build-desktop (ubuntu-22.04)	Build Tauri Desktop	2026-07-31T20:49:32.0998687Z [1m[92m   Compiling[0m glib-macros v0.18.5
build-desktop (ubuntu-22.04)	Build Tauri Desktop	2026-07-31T20:49:32.3758898Z [1m[92m   Compiling[0m darling v0.23.0
build-desktop (ubuntu-22.04)	Build Tauri Desktop	2026-07-31T20:49:32.4208635Z [1m[92m   Compiling[0m futures-channel v0.3.33
build-desktop (ubuntu-22.04)	Build Tauri Desktop	2026-07-31T20:49:32.5118576Z [1m[92m   Compiling[0m phf v0.13.1
build-desktop (ubuntu-22.04)	Build Tauri Desktop	2026-07-31T20:49:32.6267989Z [1m[92m   Compiling[0m pango-sys v0.18.0
build-desktop (ubuntu-22.04)	Build Tauri Desktop	2026-07-31T20:49:32.6292664Z [1m[92m   Compiling[0m gdk-pixbuf-sys v0.18.0
build-desktop (ubuntu-22.04)	Build Tauri Desktop	2026-07-31T20:49:32.7728829Z [1m[92m   Compiling[0m futures-executor v0.3.33
build-desktop (ubuntu-22.04)	Build Tauri Desktop	2026-07-31T20:49:32.7794578Z [1m[92m   Compiling[0m cairo-sys-rs v0.18.2
build-desktop (ubuntu-22.04)	Build Tauri Desktop	2026-07-31T20:49:32.8473177Z [1m[92m   Compiling[0m string_cache_codegen v0.6.1
build-desktop (ubuntu-22.04)	Build Tauri Desktop	2026-07-31T20:49:32.9126691Z [1m[92m   Compiling[0m serde_json v1.0.151
build-desktop (ubuntu-22.04)	Build Tauri Desktop	2026-07-31T20:49:33.0161134Z [1m[92m   Compiling[0m precomputed-hash v0.1.1
build-desktop (ubuntu-22.04)	Build Tauri Desktop	2026-07-31T20:49:33.0582417Z [1m[92m   Compiling[0m winnow v1.0.4
build-desktop (ubuntu-22.04)	Build Tauri Desktop	2026-07-31T20:49:33.1912271Z [1m[92m   Compiling[0m getrandom v0.4.3
build-desktop (ubuntu-22.04)	Build Tauri Desktop	2026-07-31T20:49:33.1950529Z [1m[92m   Compiling[0m web_atoms v0.2.5
build-desktop (ubuntu-22.04)	Build Tauri Desktop	2026-07-31T20:49:33.3388923Z [1m[92m   Compiling[0m toml_parser v1.1.3+spec-1.1.0
build-desktop (ubuntu-22.04)	Build Tauri Desktop	2026-07-31T20:49:33.6148215Z [1m[92m   Compiling[0m parking_lot v0.12.5
build-desktop (ubuntu-22.04)	Build Tauri Desktop	2026-07-31T20:49:33.7928670Z [1m[92m   Compiling[0m serde_with_macros v3.21.0
build-desktop (ubuntu-22.04)	Build Tauri Desktop	2026-07-31T20:49:33.9024486Z [1m[92m   Compiling[0m icu_normalizer v2.2.0
build-desktop (ubuntu-22.04)	Build Tauri Desktop	2026-07-31T20:49:33.9105516Z [1m[92m   Compiling[0m icu_properties v2.2.0
build-desktop (ubuntu-22.04)	Build Tauri Desktop	2026-07-31T20:49:34.3568121Z [1m[92m   Compiling[0m atk-sys v0.18.2
build-desktop (ubuntu-22.04)	Build Tauri Desktop	2026-07-31T20:49:34.5058426Z [1m[92m   Compiling[0m serde_spanned v1.1.1
build-desktop (ubuntu-22.04)	Build Tauri Desktop	2026-07-31T20:49:34.6658390Z [1m[92m   Compiling[0m ctor-proc-macro v0.0.7
build-desktop (ubuntu-22.04)	Build Tauri Desktop	2026-07-31T20:49:34.7548929Z [1m[92m   Compiling[0m toml_writer v1.1.2+spec-1.1.0
build-desktop (ubuntu-22.04)	Build Tauri Desktop	2026-07-31T20:49:34.8838612Z [1m[92m   Compiling[0m string_cache v0.9.0
build-desktop (ubuntu-22.04)	Build Tauri Desktop	2026-07-31T20:49:34.9108562Z [1m[92m   Compiling[0m glib v0.18.5
build-desktop (ubuntu-22.04)	Build Tauri Desktop	2026-07-31T20:49:35.0248832Z [1m[92m   Compiling[0m idna_adapter v1.2.2
build-desktop (ubuntu-22.04)	Build Tauri Desktop	2026-07-31T20:49:35.8908656Z [1m[92m   Compiling[0m log v0.4.33
build-desktop (ubuntu-22.04)	Build Tauri Desktop	2026-07-31T20:49:35.9778649Z [1m[92m   Compiling[0m percent-encoding v2.3.2
build-desktop (ubuntu-22.04)	Build Tauri Desktop	2026-07-31T20:49:36.0158545Z [1m[92m   Compiling[0m dtoa v1.0.11
build-desktop (ubuntu-22.04)	Build Tauri Desktop	2026-07-31T20:49:36.0912826Z [1m[92m   Compiling[0m form_urlencoded v1.2.2
build-desktop (ubuntu-22.04)	Build Tauri Desktop	2026-07-31T20:49:36.1108729Z [1m[92m   Compiling[0m dtoa-short v0.3.5
build-desktop (ubuntu-22.04)	Build Tauri Desktop	2026-07-31T20:49:36.1808611Z [1m[92m   Compiling[0m uuid v1.24.0
build-desktop (ubuntu-22.04)	Build Tauri Desktop	2026-07-31T20:49:36.4640747Z [1m[92m   Compiling[0m idna v1.1.0
build-desktop (ubuntu-22.04)	Build Tauri Desktop	2026-07-31T20:49:36.7982188Z [1m[92m   Compiling[0m tendril v0.5.1
build-desktop (ubuntu-22.04)	Build Tauri Desktop	2026-07-31T20:49:37.0119693Z [1m[92m   Compiling[0m selectors v0.36.1
build-desktop (ubuntu-22.04)	Build Tauri Desktop	2026-07-31T20:49:37.0508670Z [1m[92m   Compiling[0m aho-corasick v1.1.4
build-desktop (ubuntu-22.04)	Build Tauri Desktop	2026-07-31T20:49:37.2015965Z [1m[92m   Compiling[0m indexmap v1.9.3
build-desktop (ubuntu-22.04)	Build Tauri Desktop	2026-07-31T20:49:37.2439265Z [1m[92m   Compiling[0m derive_more-impl v2.1.1
build-desktop (ubuntu-22.04)	Build Tauri Desktop	2026-07-31T20:49:37.3058729Z [1m[92m   Compiling[0m cssparser-macros v0.6.1
build-desktop (ubuntu-22.04)	Build Tauri Desktop	2026-07-31T20:49:37.5618490Z [1m[92m   Compiling[0m toml_datetime v1.1.1+spec-1.1.0
build-desktop (ubuntu-22.04)	Build Tauri Desktop	2026-07-31T20:49:37.7842324Z [1m[92m   Compiling[0m unic-common v0.9.0
build-desktop (ubuntu-22.04)	Build Tauri Desktop	2026-07-31T20:49:37.8381189Z [1m[92m   Compiling[0m alloc-no-stdlib v2.0.4
build-desktop (ubuntu-22.04)	Build Tauri Desktop	2026-07-31T20:49:37.9043492Z [1m[92m   Compiling[0m unic-char-range v0.9.0
build-desktop (ubuntu-22.04)	Build Tauri Desktop	2026-07-31T20:49:37.9768638Z [1m[92m   Compiling[0m regex-syntax v0.8.11
build-desktop (ubuntu-22.04)	Build Tauri Desktop	2026-07-31T20:49:38.0408785Z [1m[92m   Compiling[0m camino v1.2.5
build-desktop (ubuntu-22.04)	Build Tauri Desktop	2026-07-31T20:49:38.2148410Z [1m[92m   Compiling[0m gio v0.18.4
build-desktop (ubuntu-22.04)	Build Tauri Desktop	2026-07-31T20:49:38.3108718Z [1m[92m   Compiling[0m byteorder v1.5.0
build-desktop (ubuntu-22.04)	Build Tauri Desktop	2026-07-31T20:49:38.5283386Z [1m[92m   Compiling[0m derive_more v2.1.1
build-desktop (ubuntu-22.04)	Build Tauri Desktop	2026-07-31T20:49:38.5993376Z [1m[92m   Compiling[0m unic-char-property v0.9.0
build-desktop (ubuntu-22.04)	Build Tauri Desktop	2026-07-31T20:49:38.6608637Z [1m[92m   Compiling[0m alloc-stdlib v0.2.4
build-desktop (ubuntu-22.04)	Build Tauri Desktop	2026-07-31T20:49:38.7539030Z [1m[92m   Compiling[0m unic-ucd-version v0.9.0
build-desktop (ubuntu-22.04)	Build Tauri Desktop	2026-07-31T20:49:38.7708538Z [1m[92m   Compiling[0m toml v1.1.4+spec-1.1.0
build-desktop (ubuntu-22.04)	Build Tauri Desktop	2026-07-31T20:49:38.8102860Z [1m[92m   Compiling[0m cssparser v0.36.0
build-desktop (ubuntu-22.04)	Build Tauri Desktop	2026-07-31T20:49:39.5969360Z [1m[92m   Compiling[0m regex-automata v0.4.16
build-desktop (ubuntu-22.04)	Build Tauri Desktop	2026-07-31T20:49:40.1828369Z [1m[92m   Compiling[0m markup5ever v0.38.0
build-desktop (ubuntu-22.04)	Build Tauri Desktop	2026-07-31T20:49:40.3728600Z [1m[92m   Compiling[0m url v2.5.8
build-desktop (ubuntu-22.04)	Build Tauri Desktop	2026-07-31T20:49:41.1357493Z [1m[92m   Compiling[0m gtk-sys v0.18.2
build-desktop (ubuntu-22.04)	Build Tauri Desktop	2026-07-31T20:49:41.1617880Z [1m[92m   Compiling[0m servo_arc v0.4.3
build-desktop (ubuntu-22.04)	Build Tauri Desktop	2026-07-31T20:49:41.2759698Z [1m[92m   Compiling[0m serde_derive_internals v0.29.1
build-desktop (ubuntu-22.04)	Build Tauri Desktop	2026-07-31T20:49:41.4678447Z [1m[92m   Compiling[0m bit-vec v0.8.0
build-desktop (ubuntu-22.04)	Build Tauri Desktop	2026-07-31T20:49:41.6454284Z [1m[92m   Compiling[0m futures-io v0.3.33
build-desktop (ubuntu-22.04)	Build Tauri Desktop	2026-07-31T20:49:41.7838556Z [1m[92m   Compiling[0m rustc-hash v2.1.3
build-desktop (ubuntu-22.04)	Build Tauri Desktop	2026-07-31T20:49:41.8548991Z [1m[92m   Compiling[0m powerfmt v0.2.0
build-desktop (ubuntu-22.04)	Build Tauri Desktop	2026-07-31T20:49:41.9898739Z [1m[92m   Compiling[0m deranged v0.5.8
build-desktop (ubuntu-22.04)	Build Tauri Desktop	2026-07-31T20:49:42.1168633Z [1m[92m   Compiling[0m fnv v1.0.7
build-desktop (ubuntu-22.04)	Build Tauri Desktop	2026-07-31T20:49:42.1688577Z [1m[92m   Compiling[0m hashbrown v0.12.3
build-desktop (ubuntu-22.04)	Build Tauri Desktop	2026-07-31T20:49:42.6188503Z [1m[92m   Compiling[0m schemars v0.8.22
build-desktop (ubuntu-22.04)	Build Tauri Desktop	2026-07-31T20:49:42.7398426Z [1m[92m   Compiling[0m cfb v0.7.3
build-desktop (ubuntu-22.04)	Build Tauri Desktop	2026-07-31T20:49:43.0967242Z [1m[92m   Compiling[0m time v0.3.54
build-desktop (ubuntu-22.04)	Build Tauri Desktop	2026-07-31T20:49:43.1198618Z [1m[92m   Compiling[0m schemars_derive v0.8.22
build-desktop (ubuntu-22.04)	Build Tauri Desktop	2026-07-31T20:49:45.2565770Z [1m[92m   Compiling[0m bit-set v0.8.0
build-desktop (ubuntu-22.04)	Build Tauri Desktop	2026-07-31T20:49:45.3728536Z [1m[92m   Compiling[0m regex v1.13.1
build-desktop (ubuntu-22.04)	Build Tauri Desktop	2026-07-31T20:49:45.7364352Z [1m[92m   Compiling[0m html5ever v0.38.0
build-desktop (ubuntu-22.04)	Build Tauri Desktop	2026-07-31T20:49:46.1616520Z [1m[92m   Compiling[0m unic-ucd-ident v0.9.0
build-desktop (ubuntu-22.04)	Build Tauri Desktop	2026-07-31T20:49:46.3358592Z [1m[92m   Compiling[0m brotli-decompressor v5.0.3
build-desktop (ubuntu-22.04)	Build Tauri Desktop	2026-07-31T20:49:47.0818444Z [1m[92m   Compiling[0m jsonptr v0.6.3
build-desktop (ubuntu-22.04)	Build Tauri Desktop	2026-07-31T20:49:47.2448678Z [1m[92m   Compiling[0m quick-xml v0.41.0
build-desktop (ubuntu-22.04)	Build Tauri Desktop	2026-07-31T20:49:47.4647699Z [1m[92m   Compiling[0m cargo-platform v0.1.9
build-desktop (ubuntu-22.04)	Build Tauri Desktop	2026-07-31T20:49:47.6435251Z [1m[92m   Compiling[0m foldhash v0.2.0
build-desktop (ubuntu-22.04)	Build Tauri Desktop	2026-07-31T20:49:47.7818505Z [1m[92m   Compiling[0m dyn-clone v1.0.20
build-desktop (ubuntu-22.04)	Build Tauri Desktop	2026-07-31T20:49:48.0178585Z [1m[92m   Compiling[0m base64 v0.22.1
build-desktop (ubuntu-22.04)	Build Tauri Desktop	2026-07-31T20:49:48.1685444Z [1m[92m   Compiling[0m dunce v1.0.5
build-desktop (ubuntu-22.04)	Build Tauri Desktop	2026-07-31T20:49:48.2179408Z [1m[92m   Compiling[0m same-file v1.0.6
build-desktop (ubuntu-22.04)	Build Tauri Desktop	2026-07-31T20:49:48.2668553Z [1m[92m   Compiling[0m bytes v1.12.1
build-desktop (ubuntu-22.04)	Build Tauri Desktop	2026-07-31T20:49:48.8639439Z [1m[92m   Compiling[0m http v1.5.0
build-desktop (ubuntu-22.04)	Build Tauri Desktop	2026-07-31T20:49:49.7440384Z [1m[92m   Compiling[0m walkdir v2.5.0
build-desktop (ubuntu-22.04)	Build Tauri Desktop	2026-07-31T20:49:49.9608682Z [1m[92m   Compiling[0m plist v1.10.0
build-desktop (ubuntu-22.04)	Build Tauri Desktop	2026-07-31T20:49:50.7959708Z [1m[92m   Compiling[0m dom_query v0.27.0
build-desktop (ubuntu-22.04)	Build Tauri Desktop	2026-07-31T20:49:51.5558741Z [1m[92m   Compiling[0m cargo_metadata v0.19.2
build-desktop (ubuntu-22.04)	Build Tauri Desktop	2026-07-31T20:49:51.6350188Z [1m[92m   Compiling[0m json-patch v3.0.1
build-desktop (ubuntu-22.04)	Build Tauri Desktop	2026-07-31T20:49:52.2888538Z [1m[92m   Compiling[0m brotli v8.0.4
build-desktop (ubuntu-22.04)	Build Tauri Desktop	2026-07-31T20:49:52.2988357Z [1m[92m   Compiling[0m urlpattern v0.3.0
build-desktop (ubuntu-22.04)	Build Tauri Desktop	2026-07-31T20:49:52.9643752Z [1m[92m   Compiling[0m serde-untagged v0.1.9
build-desktop (ubuntu-22.04)	Build Tauri Desktop	2026-07-31T20:49:53.1438523Z [1m[92m   Compiling[0m infer v0.19.0
build-desktop (ubuntu-22.04)	Build Tauri Desktop	2026-07-31T20:49:53.3918639Z [1m[92m   Compiling[0m ctor v0.8.0
build-desktop (ubuntu-22.04)	Build Tauri Desktop	2026-07-31T20:49:53.4328553Z [1m[92m   Compiling[0m serde_with v3.21.0
build-desktop (ubuntu-22.04)	Build Tauri Desktop	2026-07-31T20:49:54.0308447Z [1m[92m   Compiling[0m glob v0.3.4
build-desktop (ubuntu-22.04)	Build Tauri Desktop	2026-07-31T20:49:55.2764160Z [1m[92m   Compiling[0m tauri-utils v2.9.3
build-desktop (ubuntu-22.04)	Build Tauri Desktop	2026-07-31T20:49:55.5738803Z [1m[92m   Compiling[0m memoffset v0.9.1
build-desktop (ubuntu-22.04)	Build Tauri Desktop	2026-07-31T20:49:55.9256392Z [1m[92m   Compiling[0m cairo-rs v0.18.5
build-desktop (ubuntu-22.04)	Build Tauri Desktop	2026-07-31T20:49:56.2028594Z [1m[92m   Compiling[0m field-offset v0.3.6
build-desktop (ubuntu-22.04)	Build Tauri Desktop	2026-07-31T20:49:56.3138652Z [1m[92m   Compiling[0m toml_edit v0.19.15
build-desktop (ubuntu-22.04)	Build Tauri Desktop	2026-07-31T20:49:57.7838736Z [1m[92m   Compiling[0m gdk-pixbuf v0.18.5
build-desktop (ubuntu-22.04)	Build Tauri Desktop	2026-07-31T20:49:58.9281650Z [1m[92m   Compiling[0m pango v0.18.3
build-desktop (ubuntu-22.04)	Build Tauri Desktop	2026-07-31T20:49:59.1158652Z [1m[92m   Compiling[0m shlex v2.0.1
build-desktop (ubuntu-22.04)	Build Tauri Desktop	2026-07-31T20:49:59.5998405Z [1m[92m   Compiling[0m find-msvc-tools v0.1.9
build-desktop (ubuntu-22.04)	Build Tauri Desktop	2026-07-31T20:49:59.7739133Z [1m[92m   Compiling[0m cc v1.4.0
build-desktop (ubuntu-22.04)	Build Tauri Desktop	2026-07-31T20:50:01.2121170Z [1m[92m   Compiling[0m gdk v0.18.2
build-desktop (ubuntu-22.04)	Build Tauri Desktop	2026-07-31T20:50:03.3258547Z [1m[92m   Compiling[0m proc-macro-crate v1.3.1
build-desktop (ubuntu-22.04)	Build Tauri Desktop	2026-07-31T20:50:06.8674381Z [1m[92m   Compiling[0m javascriptcore-rs-sys v1.1.1
build-desktop (ubuntu-22.04)	Build Tauri Desktop	2026-07-31T20:50:07.0158715Z [1m[92m   Compiling[0m soup3-sys v0.5.0
build-desktop (ubuntu-22.04)	Build Tauri Desktop	2026-07-31T20:50:07.1908576Z [1m[92m   Compiling[0m generic-array v0.14.7
build-desktop (ubuntu-22.04)	Build Tauri Desktop	2026-07-31T20:50:07.2848696Z [1m[92m   Compiling[0m toml_datetime v0.7.5+spec-1.1.0
build-desktop (ubuntu-22.04)	Build Tauri Desktop	2026-07-31T20:50:07.5068646Z [1m[92m   Compiling[0m gtk v0.18.2
build-desktop (ubuntu-22.04)	Build Tauri Desktop	2026-07-31T20:50:07.6228722Z [1m[92m   Compiling[0m option-ext v0.2.0
build-desktop (ubuntu-22.04)	Build Tauri Desktop	2026-07-31T20:50:07.6708407Z [1m[92m   Compiling[0m winnow v0.7.15
build-desktop (ubuntu-22.04)	Build Tauri Desktop	2026-07-31T20:50:08.1265743Z [1m[92m   Compiling[0m dirs-sys v0.5.0
build-desktop (ubuntu-22.04)	Build Tauri Desktop	2026-07-31T20:50:08.9048723Z [1m[92m   Compiling[0m gtk3-macros v0.18.2
build-desktop (ubuntu-22.04)	Build Tauri Desktop	2026-07-31T20:50:09.2548760Z [1m[92m   Compiling[0m toml v0.9.12+spec-1.1.0
build-desktop (ubuntu-22.04)	Build Tauri Desktop	2026-07-31T20:50:09.2767821Z [1m[92m   Compiling[0m embed-resource v3.0.11
build-desktop (ubuntu-22.04)	Build Tauri Desktop	2026-07-31T20:50:09.4939340Z [1m[92m   Compiling[0m atk v0.18.2
build-desktop (ubuntu-22.04)	Build Tauri Desktop	2026-07-31T20:50:10.5690223Z [1m[92m   Compiling[0m time-macros v0.2.32
build-desktop (ubuntu-22.04)	Build Tauri Desktop	2026-07-31T20:50:10.7839519Z [1m[92m   Compiling[0m webkit2gtk-sys v2.0.2
build-desktop (ubuntu-22.04)	Build Tauri Desktop	2026-07-31T20:50:10.9351761Z [1m[92m   Compiling[0m x11 v2.21.0
build-desktop (ubuntu-22.04)	Build Tauri Desktop	2026-07-31T20:50:11.2568602Z [1m[92m   Compiling[0m typenum v1.20.1
build-desktop (ubuntu-22.04)	Build Tauri Desktop	2026-07-31T20:50:11.9913181Z [1m[92m   Compiling[0m crc32fast v1.5.0
build-desktop (ubuntu-22.04)	Build Tauri Desktop	2026-07-31T20:50:12.1388743Z [1m[92m   Compiling[0m num_threads v0.1.7
build-desktop (ubuntu-22.04)	Build Tauri Desktop	2026-07-31T20:50:12.4758771Z [1m[92m   Compiling[0m simd-adler32 v0.3.10
build-desktop (ubuntu-22.04)	Build Tauri Desktop	2026-07-31T20:50:12.8998651Z [1m[92m   Compiling[0m cargo_toml v0.22.3
build-desktop (ubuntu-22.04)	Build Tauri Desktop	2026-07-31T20:50:13.2138530Z [1m[92m   Compiling[0m tauri-winres v0.3.6
build-desktop (ubuntu-22.04)	Build Tauri Desktop	2026-07-31T20:50:16.6748515Z [1m[92m   Compiling[0m dirs v6.0.0
build-desktop (ubuntu-22.04)	Build Tauri Desktop	2026-07-31T20:50:16.8228505Z [1m[92m   Compiling[0m gdkx11-sys v0.18.2
build-desktop (ubuntu-22.04)	Build Tauri Desktop	2026-07-31T20:50:19.3973355Z [1m[92m   Compiling[0m crossbeam-utils v0.8.22
build-desktop (ubuntu-22.04)	Build Tauri Desktop	2026-07-31T20:50:20.4588746Z [1m[92m   Compiling[0m adler2 v2.0.1
build-desktop (ubuntu-22.04)	Build Tauri Desktop	2026-07-31T20:50:20.6788565Z [1m[92m   Compiling[0m bitflags v1.3.2
build-desktop (ubuntu-22.04)	Build Tauri Desktop	2026-07-31T20:50:21.0148951Z [1m[92m   Compiling[0m miniz_oxide v0.8.9
build-desktop (ubuntu-22.04)	Build Tauri Desktop	2026-07-31T20:50:25.8423998Z [1m[92m   Compiling[0m tauri-build v2.6.3
build-desktop (ubuntu-22.04)	Build Tauri Desktop	2026-07-31T20:50:27.1408611Z [1m[92m   Compiling[0m dpi v0.1.2
build-desktop (ubuntu-22.04)	Build Tauri Desktop	2026-07-31T20:50:27.8178709Z [1m[92m   Compiling[0m cookie v0.18.1
build-desktop (ubuntu-22.04)	Build Tauri Desktop	2026-07-31T20:50:27.9231718Z [1m[92m   Compiling[0m x11-dl v2.21.0
build-desktop (ubuntu-22.04)	Build Tauri Desktop	2026-07-31T20:50:28.0459262Z [1m[92m   Compiling[0m libdbus-sys v0.2.7
build-desktop (ubuntu-22.04)	Build Tauri Desktop	2026-07-31T20:50:31.8339442Z [1m[92m   Compiling[0m flate2 v1.1.9
build-desktop (ubuntu-22.04)	Build Tauri Desktop	2026-07-31T20:50:33.6428629Z [1m[92m   Compiling[0m javascriptcore-rs v1.1.2
build-desktop (ubuntu-22.04)	Build Tauri Desktop	2026-07-31T20:50:37.0358410Z [1m[92m   Compiling[0m soup3 v0.5.0
build-desktop (ubuntu-22.04)	Build Tauri Desktop	2026-07-31T20:50:37.1168477Z [1m[92m   Compiling[0m block-buffer v0.10.4
build-desktop (ubuntu-22.04)	Build Tauri Desktop	2026-07-31T20:50:37.1998703Z [1m[92m   Compiling[0m crypto-common v0.1.7
build-desktop (ubuntu-22.04)	Build Tauri Desktop	2026-07-31T20:50:37.2668713Z [1m[92m   Compiling[0m fdeflate v0.3.7
build-desktop (ubuntu-22.04)	Build Tauri Desktop	2026-07-31T20:50:40.3304857Z [1m[92m   Compiling[0m raw-window-handle v0.6.2
build-desktop (ubuntu-22.04)	Build Tauri Desktop	2026-07-31T20:50:41.8728598Z [1m[92m   Compiling[0m png v0.17.16
build-desktop (ubuntu-22.04)	Build Tauri Desktop	2026-07-31T20:50:42.8448647Z [1m[92m   Compiling[0m webkit2gtk v2.0.2
build-desktop (ubuntu-22.04)	Build Tauri Desktop	2026-07-31T20:50:44.5780777Z [1m[92m   Compiling[0m digest v0.10.7
build-desktop (ubuntu-22.04)	Build Tauri Desktop	2026-07-31T20:50:51.0649772Z [1m[92m   Compiling[0m crossbeam-channel v0.5.16
build-desktop (ubuntu-22.04)	Build Tauri Desktop	2026-07-31T20:50:53.3948294Z [1m[92m   Compiling[0m tauri v2.11.5
build-desktop (ubuntu-22.04)	Build Tauri Desktop	2026-07-31T20:50:54.0371250Z [1m[92m   Compiling[0m dlopen2_derive v0.4.3
build-desktop (ubuntu-22.04)	Build Tauri Desktop	2026-07-31T20:50:54.4479025Z [1m[92m   Compiling[0m cpufeatures v0.2.17
build-desktop (ubuntu-22.04)	Build Tauri Desktop	2026-07-31T20:50:54.6808510Z [1m[92m   Compiling[0m wry v0.55.1
build-desktop (ubuntu-22.04)	Build Tauri Desktop	2026-07-31T20:50:55.1328446Z [1m[92m   Compiling[0m tauri-runtime v2.11.3
build-desktop (ubuntu-22.04)	Build Tauri Desktop	2026-07-31T20:50:55.3103143Z [1m[92m   Compiling[0m sha2 v0.10.9
build-desktop (ubuntu-22.04)	Build Tauri Desktop	2026-07-31T20:50:55.6748963Z [1m[92m   Compiling[0m dlopen2 v0.8.2
build-desktop (ubuntu-22.04)	Build Tauri Desktop	2026-07-31T20:50:55.8748584Z [1m[92m   Compiling[0m dbus v0.9.12
build-desktop (ubuntu-22.04)	Build Tauri Desktop	2026-07-31T20:50:56.8048490Z [1m[92m   Compiling[0m ico v0.5.0
build-desktop (ubuntu-22.04)	Build Tauri Desktop	2026-07-31T20:50:57.3998629Z [1m[92m   Compiling[0m gdkx11 v0.18.2
build-desktop (ubuntu-22.04)	Build Tauri Desktop	2026-07-31T20:50:58.9135159Z [1m[92m   Compiling[0m tauri-plugin v2.6.3
build-desktop (ubuntu-22.04)	Build Tauri Desktop	2026-07-31T20:50:59.2078675Z [1m[92m   Compiling[0m gdkwayland-sys v0.18.2
build-desktop (ubuntu-22.04)	Build Tauri Desktop	2026-07-31T20:50:59.3028626Z [1m[92m   Compiling[0m getrandom v0.3.4
build-desktop (ubuntu-22.04)	Build Tauri Desktop	2026-07-31T20:50:59.3498733Z [1m[92m   Compiling[0m unicode-segmentation v1.13.3
build-desktop (ubuntu-22.04)	Build Tauri Desktop	2026-07-31T20:50:59.4921594Z [1m[92m   Compiling[0m tauri-runtime-wry v2.11.4
build-desktop (ubuntu-22.04)	Build Tauri Desktop	2026-07-31T20:50:59.6255642Z [1m[92m   Compiling[0m tao v0.35.3
build-desktop (ubuntu-22.04)	Build Tauri Desktop	2026-07-31T20:50:59.9468580Z [1m[92m   Compiling[0m keyboard-types v0.7.0
build-desktop (ubuntu-22.04)	Build Tauri Desktop	2026-07-31T20:51:02.9878613Z [1m[92m   Compiling[0m tauri-plugin-log v2.9.0
build-desktop (ubuntu-22.04)	Build Tauri Desktop	2026-07-31T20:51:04.6868687Z [1m[92m   Compiling[0m tauri-codegen v2.6.3
build-desktop (ubuntu-22.04)	Build Tauri Desktop	2026-07-31T20:51:06.1899879Z [1m[92m   Compiling[0m serialize-to-javascript-impl v0.1.2
build-desktop (ubuntu-22.04)	Build Tauri Desktop	2026-07-31T20:51:06.4500190Z [1m[92m   Compiling[0m serialize-to-javascript v0.1.2
build-desktop (ubuntu-22.04)	Build Tauri Desktop	2026-07-31T20:51:06.5918457Z [1m[92m   Compiling[0m tauri-macros v2.6.3
build-desktop (ubuntu-22.04)	Build Tauri Desktop	2026-07-31T20:51:08.3843430Z [1m[92m   Compiling[0m muda v0.19.3
build-desktop (ubuntu-22.04)	Build Tauri Desktop	2026-07-31T20:51:09.9178621Z [1m[92m   Compiling[0m tokio v1.53.1
build-desktop (ubuntu-22.04)	Build Tauri Desktop	2026-07-31T20:51:10.0798700Z [1m[92m   Compiling[0m serde_repr v0.1.21
build-desktop (ubuntu-22.04)	Build Tauri Desktop	2026-07-31T20:51:11.3571563Z [1m[92m   Compiling[0m mime v0.3.17
build-desktop (ubuntu-22.04)	Build Tauri Desktop	2026-07-31T20:51:11.8301117Z [1m[92m   Compiling[0m fern v0.7.1
build-desktop (ubuntu-22.04)	Build Tauri Desktop	2026-07-31T20:51:13.6081592Z [1m[92m   Compiling[0m app v0.1.0 (/home/runner/work/BoraPlayer/BoraPlayer/src-tauri)
build-desktop (ubuntu-22.04)	Build Tauri Desktop	2026-07-31T20:51:55.0779850Z [1m[92m    Finished[0m `release` profile [optimized] target(s) in 2m 45s
build-desktop (ubuntu-22.04)	Build Tauri Desktop	2026-07-31T20:51:55.1746555Z        Built application at: /home/runner/work/BoraPlayer/BoraPlayer/src-tauri/target/release/app
build-desktop (ubuntu-22.04)	Build Tauri Desktop	2026-07-31T20:51:55.1889505Z Looking for artifacts in:
build-desktop (ubuntu-22.04)	Build Tauri Desktop	2026-07-31T20:51:55.1890675Z /home/runner/work/BoraPlayer/BoraPlayer/src-tauri/target/release/bundle/deb/bora-player_1.0.0_amd64.deb
build-desktop (ubuntu-22.04)	Build Tauri Desktop	2026-07-31T20:51:55.1891828Z /home/runner/work/BoraPlayer/BoraPlayer/src-tauri/target/release/bundle/rpm/bora-player-1.0.0-1.x86_64.rpm
build-desktop (ubuntu-22.04)	Build Tauri Desktop	2026-07-31T20:51:55.1892811Z /home/runner/work/BoraPlayer/BoraPlayer/src-tauri/target/release/bundle/appimage/bora-player_1.0.0_amd64.AppImage
build-desktop (ubuntu-22.04)	Build Tauri Desktop	2026-07-31T20:51:55.1893844Z /home/runner/work/BoraPlayer/BoraPlayer/src-tauri/target/release/bundle/appimage/bora-player_1.0.0_amd64.AppImage.tar.gz
build-desktop (ubuntu-22.04)	Build Tauri Desktop	2026-07-31T20:51:55.1894925Z /home/runner/work/BoraPlayer/BoraPlayer/src-tauri/target/release/bundle/appimage/bora-player_1.0.0_amd64.AppImage.tar.gz.sig
build-desktop (ubuntu-22.04)	Build Tauri Desktop	2026-07-31T20:51:55.1895955Z No artifacts were found. The action was not configured to upload artifacts, therefore this is not handled as an error.
build-desktop (ubuntu-22.04)	Upload artifacts	﻿2026-07-31T20:51:55.2004260Z Node 20 is being deprecated. This workflow is running with Node 24 by default. If you need to temporarily use Node 20, you can set the ACTIONS_ALLOW_USE_UNSECURE_NODE_VERSION=true environment variable. For more information see: https://github.blog/changelog/2025-09-19-deprecation-of-node-20-on-github-actions-runners/
build-desktop (ubuntu-22.04)	Upload artifacts	2026-07-31T20:51:55.2005548Z ##[group]Run actions/upload-artifact@v4
build-desktop (ubuntu-22.04)	Upload artifacts	2026-07-31T20:51:55.2005829Z with:
build-desktop (ubuntu-22.04)	Upload artifacts	2026-07-31T20:51:55.2006051Z   name: boraplayer-desktop-ubuntu-22.04
build-desktop (ubuntu-22.04)	Upload artifacts	2026-07-31T20:51:55.2007133Z   path: src-tauri/target/release/bundle/deb/*
build-desktop (ubuntu-22.04)	Upload artifacts	src-tauri/target/release/bundle/rpm/*
build-desktop (ubuntu-22.04)	Upload artifacts	src-tauri/target/release/bundle/appimage/*
build-desktop (ubuntu-22.04)	Upload artifacts	src-tauri/target/release/bundle/msi/*
build-desktop (ubuntu-22.04)	Upload artifacts	src-tauri/target/release/bundle/nsis/*
build-desktop (ubuntu-22.04)	Upload artifacts	
build-desktop (ubuntu-22.04)	Upload artifacts	2026-07-31T20:51:55.2008022Z   if-no-files-found: warn
build-desktop (ubuntu-22.04)	Upload artifacts	2026-07-31T20:51:55.2008267Z   compression-level: 6
build-desktop (ubuntu-22.04)	Upload artifacts	2026-07-31T20:51:55.2008488Z   overwrite: false
build-desktop (ubuntu-22.04)	Upload artifacts	2026-07-31T20:51:55.2008716Z   include-hidden-files: false
build-desktop (ubuntu-22.04)	Upload artifacts	2026-07-31T20:51:55.2008970Z env:
build-desktop (ubuntu-22.04)	Upload artifacts	2026-07-31T20:51:55.2009168Z   CARGO_HOME: /home/runner/.cargo
build-desktop (ubuntu-22.04)	Upload artifacts	2026-07-31T20:51:55.2009447Z   CARGO_INCREMENTAL: 0
build-desktop (ubuntu-22.04)	Upload artifacts	2026-07-31T20:51:55.2009668Z   CARGO_TERM_COLOR: always
build-desktop (ubuntu-22.04)	Upload artifacts	2026-07-31T20:51:55.2009894Z ##[endgroup]
build-desktop (ubuntu-22.04)	Upload artifacts	2026-07-31T20:51:55.3754332Z (node:10364) [DEP0040] DeprecationWarning: The `punycode` module is deprecated. Please use a userland alternative instead.
build-desktop (ubuntu-22.04)	Upload artifacts	2026-07-31T20:51:55.3755982Z (Use `node --trace-deprecation ...` to show where the warning was created)
build-desktop (ubuntu-22.04)	Upload artifacts	2026-07-31T20:51:55.3814240Z Multiple search paths detected. Calculating the least common ancestor of all paths
build-desktop (ubuntu-22.04)	Upload artifacts	2026-07-31T20:51:55.3819021Z The least common ancestor is /home/runner/work/BoraPlayer/BoraPlayer/src-tauri/target/release/bundle. This will be the root directory of the artifact
build-desktop (ubuntu-22.04)	Upload artifacts	2026-07-31T20:51:55.3848855Z ##[warning]No files were found with the provided path: src-tauri/target/release/bundle/deb/*
build-desktop (ubuntu-22.04)	Upload artifacts	src-tauri/target/release/bundle/rpm/*
build-desktop (ubuntu-22.04)	Upload artifacts	src-tauri/target/release/bundle/appimage/*
build-desktop (ubuntu-22.04)	Upload artifacts	src-tauri/target/release/bundle/msi/*
build-desktop (ubuntu-22.04)	Upload artifacts	src-tauri/target/release/bundle/nsis/*. No artifacts will be uploaded.
build-desktop (ubuntu-22.04)	Post Setup Node.js	﻿2026-07-31T20:51:55.4009933Z Node 20 is being deprecated. This workflow is running with Node 24 by default. If you need to temporarily use Node 20, you can set the ACTIONS_ALLOW_USE_UNSECURE_NODE_VERSION=true environment variable. For more information see: https://github.blog/changelog/2025-09-19-deprecation-of-node-20-on-github-actions-runners/
build-desktop (ubuntu-22.04)	Post Setup Node.js	2026-07-31T20:51:55.4011224Z Post job cleanup.
build-desktop (ubuntu-22.04)	Post Setup Node.js	2026-07-31T20:51:55.5266674Z (node:10378) [DEP0040] DeprecationWarning: The `punycode` module is deprecated. Please use a userland alternative instead.
build-desktop (ubuntu-22.04)	Post Setup Node.js	2026-07-31T20:51:55.5268484Z (Use `node --trace-deprecation ...` to show where the warning was created)
build-desktop (ubuntu-22.04)	Post Setup Node.js	2026-07-31T20:51:55.5272100Z Cache hit occurred on the primary key node-cache-Linux-x64-npm-c8e80d0812daf71951473a9e7adb664a9c1de07c743d886625b6082795fc50fe, not saving cache.
build-desktop (ubuntu-22.04)	Post Run actions/checkout@v4	﻿2026-07-31T20:51:55.5393542Z Node 20 is being deprecated. This workflow is running with Node 24 by default. If you need to temporarily use Node 20, you can set the ACTIONS_ALLOW_USE_UNSECURE_NODE_VERSION=true environment variable. For more information see: https://github.blog/changelog/2025-09-19-deprecation-of-node-20-on-github-actions-runners/
build-desktop (ubuntu-22.04)	Post Run actions/checkout@v4	2026-07-31T20:51:55.5394830Z Post job cleanup.
build-desktop (ubuntu-22.04)	Post Run actions/checkout@v4	2026-07-31T20:51:55.6256058Z [command]/usr/bin/git version
build-desktop (ubuntu-22.04)	Post Run actions/checkout@v4	2026-07-31T20:51:55.6300772Z git version 2.54.0
build-desktop (ubuntu-22.04)	Post Run actions/checkout@v4	2026-07-31T20:51:55.6345050Z Temporarily overriding HOME='/home/runner/work/_temp/646e01fd-a2d6-48f9-9ac1-e9fafb8b177d' before making global git config changes
build-desktop (ubuntu-22.04)	Post Run actions/checkout@v4	2026-07-31T20:51:55.6346738Z Adding repository directory to the temporary git global config as a safe directory
build-desktop (ubuntu-22.04)	Post Run actions/checkout@v4	2026-07-31T20:51:55.6351151Z [command]/usr/bin/git config --global --add safe.directory /home/runner/work/BoraPlayer/BoraPlayer
build-desktop (ubuntu-22.04)	Post Run actions/checkout@v4	2026-07-31T20:51:55.6390299Z [command]/usr/bin/git config --local --name-only --get-regexp core\.sshCommand
build-desktop (ubuntu-22.04)	Post Run actions/checkout@v4	2026-07-31T20:51:55.6426634Z [command]/usr/bin/git submodule foreach --recursive sh -c "git config --local --name-only --get-regexp 'core\.sshCommand' && git config --local --unset-all 'core.sshCommand' || :"
build-desktop (ubuntu-22.04)	Post Run actions/checkout@v4	2026-07-31T20:51:55.6730076Z [command]/usr/bin/git config --local --name-only --get-regexp http\.https\:\/\/github\.com\/\.extraheader
build-desktop (ubuntu-22.04)	Post Run actions/checkout@v4	2026-07-31T20:51:55.6753427Z http.https://github.com/.extraheader
build-desktop (ubuntu-22.04)	Post Run actions/checkout@v4	2026-07-31T20:51:55.6764826Z [command]/usr/bin/git config --local --unset-all http.https://github.com/.extraheader
build-desktop (ubuntu-22.04)	Post Run actions/checkout@v4	2026-07-31T20:51:55.6801260Z [command]/usr/bin/git submodule foreach --recursive sh -c "git config --local --name-only --get-regexp 'http\.https\:\/\/github\.com\/\.extraheader' && git config --local --unset-all 'http.https://github.com/.extraheader' || :"
build-desktop (ubuntu-22.04)	Post Run actions/checkout@v4	2026-07-31T20:51:55.7140957Z [command]/usr/bin/git config --local --name-only --get-regexp ^includeIf\.gitdir:
build-desktop (ubuntu-22.04)	Post Run actions/checkout@v4	2026-07-31T20:51:55.7190210Z [command]/usr/bin/git submodule foreach --recursive git config --local --show-origin --name-only --get-regexp remote.origin.url
build-desktop (ubuntu-22.04)	Complete job	﻿2026-07-31T20:51:55.7634338Z Cleaning up orphan processes
build-desktop (ubuntu-22.04)	Complete job	2026-07-31T20:51:55.7972632Z ##[warning]Node.js 20 is deprecated. The following actions target Node.js 20 but are being forced to run on Node.js 24: actions/checkout@v4, actions/setup-node@v4, actions/upload-artifact@v4, tauri-apps/tauri-action@v0.5.2. For more information see: https://github.blog/changelog/2025-09-19-deprecation-of-node-20-on-github-actions-runners/
